System	Genes	gpt_4_default Name	gpt_4_default Analysis	gpt_4_default Score
NEST	"UBE2T,AKT3,ROS1,MDC1,CSF1R,HDAC3,CBFB,ETS1,RPS6KB1,KMT2C,SUZ12,FCGR2A,TIGIT,ERBB4,NOTCH3,PRF1,MTA1,INPP4B,ATR,NQO1,BCORL1,SMARCE1,BLM,NCOR2,MAP3K7,SDHD,PPP2R2A,RPS6KB2,PIK3C3,PARK2,PAX5,XPA,PDCD1,HSP90AA1,JAK1,WRN,ERCC4,HLA-DMB,SMARCA4,HDAC2,TCL1A,HLA-DOA,FLT4,FAM46C,HLA-G,ZNF703,CDKN2A,FANCB,DPYD,STK11,TAF1,SGK1,ARAF,HLA-DRB5,ERG,GNAQ,VSIR,STAT3,GATA2,PIK3CA,C8orf34,PNRC1,BAP1,MAFB,PGR,IDH1,BCL2L12,HLA-A,HLA-DRA,TFF1,TRAF7,TP63,RARA,MLLT3,GALNT12,PDPK1,CDKN2C,GLI1,CEBPA,IRS2,TBL1XR1,SEC23B,LEF1,GREM1,IFIT3,RHPN2,ERBB3,BRCA1,NHP2,FANCE,KEL,KRAS,CBLC,KIF1B,NSD2,TSC2,PAK5,BCOR,MTHFR,BCL11B,PTPN11,GPS2,GATA4,MIB1,FBXW7,ENG,PIK3CG,TET1,TOP1,YEATS4,HIST3H3,CTCF,STAT5A,H3F3A,MLH1,MYCN,SMARCB1,PHF6,AURKB,SMARCA1,HLA-DRB1,AURKA,MLH3,FRS2,CD40,SDHA,DOT1L,ARFRP1,FGFR1,KDM6A,BCR,AKT1,P2RY8,PMS2,HLA-DQB2,E2F4,KEAP1,EPHA3,DNMT3A,INSR,ARID2,TERT,PELP1,SLIT2,TCF7L2,MET,ABCB1,ERCC2,ARID5B,FUBP1,HOXB13,PPP6C,RBM10,APOB,EPHA2,MDM2,DAXX,MYC,PTPRD,MAP2K2,SOX2,PML,EGFL7,KIT,ELF3,TOP2A,ZBTB2,ABCC3,PHOX2B,UMPS,NFE2L2,DICER1,ERRFI1,GATA3,GEN1,CKS1B,BRCA2,MKI67,BCL2L1,FOXO3,PTPN13,EP300,PTCH2,MAPK1,CDKN1C,CD22,MST1R,SOX10,HLA-DOB,H3F3C,BRIP1,RHOA,PIM1,XRCC1,PPP1CC,RNF43,IL2RA,NRG1,G6PD,BCL2L2,CTNNA1,TMPRSS2,FYN,RET,SETBP1,PRCC,CDKN2B,MYCL,FANCA,GNAS,HDAC1,IGF2,BTG1,ZFHX3,EPHA7,KLF4,BCLAF1,SMAD4,MUTYH,PRSS2,PDGFRA,FANCF,CIITA,PIK3R2,CUX1,AMER1,JAK2,RUNX1T1,CHD2,RAC1,CHEK2,ETV5,SRSF2,CD70,RAD52,AJUBA,SF1,TAP2,PA2G4,FGF3,ARID1A,CTC1,MED1,MAF,LATS2,TNFAIP3,IL10RA,MTOR,CRLF2,IRF2,SF3B1,SKP1,NOTCH1,ATP7B,SYK,PIAS4,FGF6,BIRC3,TET2,BCAR1,CCNE2,HLA-F,ESR1,CCNE1,FOXP1,HLA-C,FLG,RAD51,EGLN1,BMPR1A,ZNF217,MS4A1,POLE,KMT2B,BCL7A,MST1,RB1,PRKDC,ASNS,CDH2,GPC3,CD79A,SPINK1,ERBB2,HIST1H4E,RAD50,TNFRSF14,HRAS,ARHGAP26,RANBP2,AXIN2,C3orf70,ERCC5,NF2,FGF14,CUL3,NOTCH2,ABL2,CXCR4,IDO1,CEP57,EPCAM,SMAD2,INPPL1,CDK6,VEGFA,MC1R,E2F2,NRIP1,CYP2D6,CDK5,ARID1B,PPP2R1B,MITF,ECT2L,PIK3CB,SMC3,ASXL1,SUFU,HAS3,GSTP1,NF1,BARD1,MYH11,KDM6B,TSHR,NPM1,TUSC3,FGF7,DIS3,CDH1,RECQL4,UPF1,PPP1CB,HNF1B,CD276,HIF1A,FGFR2,TMEM173,MCL1,TFDP1,FOXQ1,NUDT15,CADM2,NCOR1,RXRA,NOTCH4,PLCG2,RINT1,ESR2,FHIT,IL6R,EGF,ETS2,QKI,E2F6,FH,SEMA3C,PLK2,SQSTM1,NTRK1,FGFR3,ETV1,TAP1,KLLN,HLA-DMA,PALB2,MTAP,SMC1A,RSF1,SOCS1,SPTA1,SOD2,JAK3,PAX7,MSH2,ERCC6,FANCM,U2AF1,DKC1,MYD88,RBL2,ANKRD11,CIC,PCBP1,AXL,CTLA4,AR,RIT1,KMT2D,B2M,CCND1,ALK,IL15,WISP3,GPER1,ATIC,ACVR1B,MGA,FGF23,BTK,MEN1,ING1,MSH6,MYB,MAGI2,PRKCZ,TRAF2,PHB2,FDPS,PAK3,PDK1,PRSS8,TRAF3,HLA-DPB1,CTRC,CDC25A,GRM3,PAK1,HLA-E,EXT2,PRKCI,IFIT2,GATA1,TNFRSF9,MPL,PDGFRB,CASR,NRAS,CYP3A5,SDHAF2,SETD2,TGFBR1,STAG2,PIK3R3,FOXL2,PIK3C2B,GNA11,TLR4,FGF9,SH2D1A,RPL5,GSK3B,RAD54L,RPTOR,ALOX12B,FGF2,SOX9,HLA-DQB1,STAG1,EPHB2,FANCI,BCL6,PPP2CB,IFNL3,CBL,CASP8,FGF10,HAVCR2,GLI2,LYN,GLI3,E2F5,KDM5A,FANCL,NSD1,NUP98,RPS6KA4,EBF1,ZRSR2,POLH,NT5C2,CYLD,CBLB,PPP2CA,ZNF471,MYOD1,CBR3,ASXL2,FLCN,SHQ1,DYNC2H1,PREX2,FGF8,CD79B,FOXO1,SH2B3,NKX2-1,TPRX1,NKX3-1,IRF1,MECOM,NUP93,XRCC3,FNTB,ATRX,PTK2,HLA-B,CHEK1,PBRM1,TSC1,CTNNB1,ABL1,PAX8,XPO1,MAX,XPC,POU2F2,LMO1,CFTR,DMD,TGFBR2,IKZF1,E2F1,EZH2,PRPF40B,CCND2,RICTOR,FGF4,PMS1,DNMT3B,MED12,ELOC,TBC1D12,PIK3CD,RAF1,IGF1R,POLD1,KMT2A,EWSR1,DNM2,SLX4,HIST1H2BD,HNF1A,RAD51B,IRF4,HDAC4,RAD51C,MRE11,TMEM127,EPOR,BCL2L11,HIST1H3F,LZTR1,KAT6A,SPEN,ERCC3,TP53,CARD11,SPRED1,RBL1,BRAF,NTRK3,SDHB,TBX3,FLT1,GNA13,AXIN1,HIST1H1C,BCL2,PIK3C2G,ATM,LRP1B,SRC,MDM4,MEF2B,SMAD3,ADGRA2,CDK8,PRDM1,JUN,IFNGR1,CDK12,SLC47A2,BRD4,SCG5,TPMT,DIS3L2,RAD51D,PPP1CA,RAB35,CRKL,GRIN2A,IDH2,LAG3,PARP1,SOX17,DDX3X,E2F3,IFNAR1,KLHL6,DNMT1,ERCC1,SLC26A3,ARHGAP35,KDM5C,NFKBIA,CCDC6,FOXA1,FANCD2,MALT1,TANC1,RPS15,PRKAR1A,HIST1H1E,EPHA5,FAT1,RNF139,FLT3,ZNF750,SDHC,CD19,IKZF3,IFNGR2,IFNAR2,KDR,LATS1,FANCG,HLA-DQA2,WT1,FUS,EMSY,MAP3K1,CDKN1A,GATA6,POT1,NTRK2,IL7R,YAP1,PTEN,PDCD1LG2,C11orf65,CREBBP,PTPN22,NTHL1,TCF3,NCOA3,HGF,FGFR4,HSD3B1,HDAC5,NBN,RAD21,VHL,TNFRSF17,ITPKB,HLA-DPA1,CDKN1B,ZNF620,EGFR,ETV4,HSPH1,MAD2L2,FBXO11,FANCC,MSH3,STAT6,SPOP,TPM1,CHD4,AKT2,HLA-DQA1,RASA1,INPP4A,SNCAIP,EPHB1,EED,CSF3R,CDK4,STAT5B,GID4,CYP1B1,MGMT,ZNRF3,TYMS,IFIT1,SMO,PRSS1,PPP1R15A,PTCH1,RUNX1,MTRR,PIK3R1,ACTA2,PRAME,DDR2,MAP2K1,CALR,DDB2,FGF5,FGF1,INHBA,BUB1B,LDLR,XRCC2,FAS,FGF19,TNF,IRS1,BCL10,GABRA6,WEE1,LMNA,WNT7A,REL,FCGR3A,PALLD,ETV6,CCND3,CDC73,CD274,NEGR1,STAT4,IGF1,IKBKE,PPP2R1A,MAP2K4,APC"	System of unrelated proteins	"The provided list of interacting proteins encompasses a vast array of proteins with diverse functions and roles in cellular processes. These proteins are involved in a multitude of biological pathways, including but not limited to signal transduction, transcriptional regulation, DNA repair, cell cycle control, metabolism, immune response, and apoptosis. Given the extensive range and diversity of proteins listed, it is not feasible to attribute a single, prominent biological process to this system.

1. The proteins listed include various kinases (e.g., AKT3, MAP2K1, MAP2K4), phosphatases (e.g., PPP2R1A, PPP2R1B), and transcription factors (e.g., MYC, GATA2, ETS1), each of which participates in distinct signaling pathways and transcriptional networks.

2. Several proteins are key components of the DNA damage response and repair machinery (e.g., BRCA1, RAD51, ERCC1, MRE11), which are crucial for maintaining genomic stability but do not represent a singular biological process when considered collectively with other proteins in the list.

3. Proteins involved in epigenetic regulation (e.g., HDAC1, HDAC2, HDAC3, EZH2, KMT2A) are present, indicating roles in chromatin remodeling and gene expression control. However, these functions are part of broader cellular processes that cannot be encapsulated as the primary activity of the entire system.

4. Immune system proteins (e.g., CTLA4, PDCD1, HLA-A, HLA-B, HLA-C) suggest involvement in immune response and antigen presentation, yet these are only a subset of the entire protein system.

5. Metabolic enzymes and transporters (e.g., CYP2D6, SLC2A2, INPP4B) are also included, indicating roles in metabolism and nutrient transport, but they do not define the system's overall function.

6. Cell cycle regulators and proteins involved in apoptosis (e.g., CDKN1A, BCL2, TP53) are present, which are essential for cell proliferation and survival, but again, they represent only a fraction of the system's components.

In summary, the proteins listed participate in a wide range of cellular functions and do not converge on a single, predominant biological process. The system appears to be a collection of proteins with varied roles across multiple cellular pathways. Therefore, the most accurate description for this system is a ""System of unrelated proteins,"" reflecting the lack of a unifying biological process among the interacting proteins. The confidence score for this designation is 0.00, indicating that there is no confidence in assigning a specific process name to this diverse group of proteins."	0.0
NEST:1	"AKT3,FH,SQSTM1,BCL2L11,HDAC3,FGFR3,RPS6KB1,BCL2L1,FOXO3,PTPN13,EP300,MAPK1,TP53,ERBB4,BRAF,SOCS1,SDHB,TBX3,SOD2,RHOA,AXIN1,BCL2,BCL2L2,SRC,MDM4,CTNNA1,SMAD3,FYN,RET,NCOR2,ANKRD11,MAP3K7,IFNGR1,PPP2R2A,RIT1,HDAC1,CCND1,PIK3C3,ALK,PARK2,IGF2,HSP90AA1,PPP1CA,RAB35,BCLAF1,KLF4,CRKL,JAK1,SMAD4,ACVR1B,PDGFRA,HDAC2,BTK,PRKCZ,PARP1,TRAF2,NFE2L2,PIK3R2,AMER1,JAK2,RUNX1T1,IFNAR1,PRSS8,RAC1,TRAF3,STK11,CHEK2,ETV5,CTRC,CDC25A,ARAF,PRKCI,CTC1,STAT3,TNFRSF9,NRAS,KDM5C,TNFAIP3,ESR2,TGFBR1,MTOR,PIK3CA,PGR,PIK3R3,PRKAR1A,HLA-A,SKP1,NOTCH1,SYK,RARA,PIAS4,GSK3B,BIRC3,ZNF750,PDPK1,TET2,BCAR1,RPTOR,CEBPA,ALOX12B,FGF2,IRS2,IFNAR2,TBL1XR1,SEC23B,EPHB2,ERBB3,FLG,BCL6,BRCA1,EGLN1,CBL,CASP8,KRAS,BMPR1A,MAP3K1,TSC2,MS4A1,YAP1,PTEN,PTPN11,GPS2,EBF1,RB1,PRKDC,CREBBP,MIB1,TCF3,FBXW7,CDH2,CBLB,NCOA3,ERBB2,ZNF471,FGFR4,HDAC5,STAT5A,HRAS,VHL,AURKB,ITPKB,PREX2,CDKN1B,EGFR,ETV4,AXIN2,FOXO1,NF2,FBXO11,FRS2,NOTCH2,CUL3,SDHA,STAT6,AKT2,CD40,RASA1,EPCAM,ARFRP1,CSF3R,FGFR1,SMAD2,INPPL1,BCR,STAT5B,AKT1,PTK2,KEAP1,TSC1,CTNNB1,ABL1,INSR,NRIP1,PRSS1,PIK3R1,PIK3CB,PRAME,MAP2K1,TCF7L2,CALR,DDB2,FGF5,FGF1,MET,CFTR,BARD1,TGFBR2,LDLR,TUSC3,FGF7,CDH1,RICTOR,FAS,MDM2,TNF,DAXX,TBC1D12,MYC,SOX2,IRS1,ELOC,PIK3CD,MAP2K2,FGFR2,IGF1R,RAF1,MCL1,NCOR1,RXRA,PLCG2,IGF1,RINT1,HDAC4,EGF,MAP2K4,APC"	Regulation of Cell Growth and Survival Signaling Pathways	"1. The proteins AKT3, RPS6KB1, MAPK1, ERBB4, BRAF, FGFR1/3/4, RET, ALK, MET, EGFR, and RAF1 are key components of various growth factor signaling pathways, such as the PI3K/AKT/mTOR, RAS/RAF/MEK/ERK, and FGFR pathways. These pathways are critical for regulating cell growth, proliferation, and survival. They are often activated by ligand binding to receptor tyrosine kinases (RTKs) and can be negatively regulated by tumor suppressor genes like PTEN and TSC2.

2. The BCL-2 family proteins, including BCL2, BCL2L1, BCL2L2, BCL2L11, and MCL1, are central to the regulation of apoptosis. They balance pro-survival and pro-apoptotic signals within the cell, thereby influencing cell fate decisions in response to stress or growth cues.

3. Proteins such as TP53, MDM2, MDM4, and CHEK2 are involved in the DNA damage response and cell cycle control. TP53, commonly known as p53, acts as a tumor suppressor and can induce cell cycle arrest, apoptosis, or senescence in response to genomic stress.

4. Transcription factors and co-regulators like FOXO3, EP300, CREBBP, SMAD2/3/4, STAT3/5A/5B/6, MYC, SOX2, and CEBPA modulate gene expression patterns that are essential for cell differentiation, metabolism, and immune responses. They integrate signals from various pathways to control cellular functions.

5. Proteins such as HDAC1/2/3/4/5, which are histone deacetylases, and KDM5C, a histone demethylase, are involved in chromatin remodeling and epigenetic regulation of gene expression.

6. The ubiquitin-proteasome system is represented by proteins like PARK2, SKP1, FBXW7, and MIB1, which are involved in protein degradation and turnover, thus contributing to the regulation of key signaling molecules and cell cycle progression.

7. Proteins involved in the regulation of the cytoskeleton and cell adhesion, such as RHOA, CTNNA1, CDH1/2, and PTK2, play roles in cell morphology, motility, and interaction with the extracellular matrix, which are important for tissue architecture and metastasis in cancer.

8. Inflammatory and immune response proteins like IFNGR1, TNF, CSF3R, and HLA-A mediate cellular responses to external immune challenges and are involved in inflammation and immune surveillance.

To summarize, the proteins in this system are heavily involved in the regulation of cell growth, proliferation, survival, and apoptosis, with many of them being central to cancer-related signaling pathways. The interplay between these proteins ensures proper cellular responses to growth signals, stress, and environmental cues, which is critical for maintaining cellular homeostasis and preventing uncontrolled cell proliferation."	0.92
NEST:10	"GATA3,CASP8,FUS,HDAC3,EMSY,ZNF217,SPEN,KMT2C,KDM5A,EP300,KMT2B,PALB2,BCL11B,TP53,PTPN11,BCL7A,SMC1A,RSF1,MTA1,ZRSR2,PRKDC,CREBBP,RB1,TOP1,YEATS4,XRCC1,HIST3H3,PPP1CC,CTCF,U2AF1,SMARCE1,PRDM1,PRCC,RAD21,CDK12,PHF6,SMARCB1,KMT2D,BRD4,HDAC1,RANBP2,SMARCA1,WRN,CHD4,BCLAF1,SMARCA4,HDAC2,MEN1,KDM6A,ING1,ATRX,MAGI2,PARP1,DDX3X,DNMT3A,PBRM1,CTNNB1,CHD2,XPO1,TAF1,ARID2,SRSF2,ARID1B,RUNX1,TERT,DNMT1,SF1,SMC3,ARID1A,BARD1,E2F1,EZH2,PRPF40B,STAG2,FUBP1,IRF2,RBM10,UPF1,SF3B1,DNMT3B,MDM2,HIST1H1E,TNF,MYC,SOX2,KMT2A,EWSR1,CDC73,TOP2A,ZBTB2,STAG1"	Chromatin Modification and Transcriptional Regulation	"1. The proteins listed are predominantly involved in chromatin remodeling, histone modification, and transcriptional regulation. These processes are critical for the control of gene expression and are often dysregulated in diseases such as cancer.

2. Several proteins such as HDAC1, HDAC2, HDAC3 (histone deacetylases), EP300, CREBBP (histone acetyltransferases), KMT2A, KMT2B, KMT2C, KMT2D (histone methyltransferases), and KDM5A, KDM6A (histone demethylases) directly modify histones, influencing chromatin structure and gene expression.

3. Proteins like TP53, RB1, MYC, and SOX2 are well-known transcription factors that regulate a wide array of downstream genes, playing key roles in cell cycle regulation, apoptosis, and stem cell maintenance.

4. Cohesin and condensin complex components such as SMC1A, SMC3, RAD21, STAG1, and STAG2 are involved in chromosome organization during cell division and in the regulation of gene expression.

5. Splicing factors such as U2AF1, SF3B1, SRSF2, and PRPF40B are essential for the proper removal of introns from pre-mRNA, which is a prerequisite for the generation of mature and translatable mRNA molecules.

6. DNA repair and replication proteins such as XRCC1, PRKDC, BRCA1 (BARD1), and PARP1 ensure the maintenance of genome integrity, a process that is tightly linked to transcriptional regulation and chromatin structure.

7. Chromatin remodelers like CHD4, SMARCA1, SMARCA4, and ARID1A/B are involved in the repositioning and restructuring of nucleosomes, which allows transcription factors to access DNA and regulate gene expression.

8. Proteins involved in polycomb repressive complex such as EZH2 mediate transcriptional silencing through histone methylation, contributing to the maintenance of cell identity and regulation of developmental pathways.

9. Several proteins in the list, including MEN1, RBM10, and TP53, are tumor suppressors, while others like MYC and TNF have roles in cell proliferation and apoptosis, indicating a connection to cancer biology.

To summarize, the proteins in this system are heavily involved in the regulation of gene expression through chromatin modification, transcription factor activity, mRNA splicing, and DNA repair. These processes are fundamental for cell cycle control, development, differentiation, and the maintenance of genomic stability. The interplay between these proteins ensures precise control of gene expression, which is essential for normal cellular function and prevention of disease states such as cancer."	0.92
NEST:102	"CCND2,CKS1B,HLA-A,CDKN2A,CDKN2B,CDKN1A,CCND1,CDK5,CDKN1B,CDKN1C,TP53,CCND3,CDKN2C,CCNE2,CCNE1,CDK4,CDK6"	Cell Cycle Regulation and Control	"1. CCND1, CCND2, and CCND3 are members of the cyclin D family, which are regulatory subunits for CDK4 and CDK6. These cyclin-CDK complexes are critical for the progression through the G1 phase of the cell cycle and the G1/S transition, by phosphorylating the retinoblastoma protein (RB) and releasing E2F transcription factors that promote the expression of genes required for S phase.

2. CDK4 and CDK6 are serine/threonine kinases that form active complexes with D-type cyclins. These complexes are essential for cell cycle progression from G1 to S phase. Their activity is regulated by the binding of cyclin-dependent kinase inhibitors (CKIs).

3. CDKN1A (p21), CDKN1B (p27), and CDKN1C (p57) are part of the Cip/Kip family of CKIs and can inhibit the activity of cyclin-CDK complexes, leading to cell cycle arrest. They are considered universal inhibitors because they can inhibit multiple cyclin-CDK complexes.

4. CDKN2A (p16), CDKN2B (p15), CDKN2C (p18), and CDKN2D (p19) belong to the INK4 family of CKIs, which specifically inhibit CDK4 and CDK6, preventing their association with D-type cyclins and thus causing G1 cell cycle arrest.

5. TP53, or p53, is a tumor suppressor protein that plays a crucial role in preventing cancer formation. It can induce cell cycle arrest, apoptosis, or senescence in response to DNA damage or other stress signals. p53 can activate the transcription of CDKN1A, enhancing its inhibitory effect on cyclin-CDK complexes.

6. CKS1B is a cofactor for the ubiquitin ligase complex SCF(Skp2), which targets the phosphorylated forms of CDKN1B and CDKN1A for proteasomal degradation, thus promoting cell cycle progression.

7. CDK5 is a unique member of the cyclin-dependent kinase family, primarily involved in neuronal cell cycle processes and not directly implicated in the cell cycle control of proliferating cells. However, its inclusion in this system may suggest non-canonical roles in cell cycle regulation.

8. HLA-A is a major histocompatibility complex (MHC) class I molecule involved in the immune response. Its direct role in cell cycle regulation is not clear, but it may be implicated in immune surveillance of proliferating cells or in presenting antigens derived from aberrant cell cycle proteins.

9. CCNE1 and CCNE2 encode cyclin E1 and E2, respectively, which form complexes with CDK2 and are involved in the transition from G1 to S phase of the cell cycle.

To summarize, the majority of the proteins in this system are directly involved in the regulation of the cell cycle, particularly in the control of the G1/S transition. They include cyclins, cyclin-dependent kinases, and their inhibitors, which work in a tightly regulated manner to ensure proper cell cycle progression or arrest in response to various signals. The presence of TP53 suggests a link to DNA damage response mechanisms and the maintenance of genomic stability. The inclusion of HLA-A and CDK5 may indicate additional regulatory layers or context-dependent roles in cell cycle control."	0.98
NEST:104	"MAPK1,HDAC5,STAT5A,HRAS,MAP2K1,KRAS,BRAF,STAT3,MYC,MAP2K2,HDAC4,RAF1,CDC25A,ARAF"	MAPK/ERK Signaling Pathway Regulation	"1. The MAPK/ERK pathway is a key signal transduction system that connects extracellular signals to the machinery controlling fundamental processes such as growth, proliferation, differentiation, migration, and apoptosis. The proteins MAPK1 (also known as ERK2), HRAS, KRAS, BRAF, MAP2K1 (MEK1), MAP2K2 (MEK2), RAF1, and ARAF are all integral components of this pathway. They function in a kinase cascade where RAF kinases phosphorylate and activate MEK1/2, which in turn phosphorylate and activate ERK1/2 (MAPK1/3), leading to the phosphorylation of various downstream targets including transcription factors and other kinases.

2. MYC is a well-known transcription factor whose expression is regulated by the MAPK/ERK pathway. It is involved in cell cycle progression, apoptosis, and cellular transformation. MYC is a critical downstream effector that mediates many of the biological effects of the MAPK/ERK pathway.

3. STAT3 and STAT5A are part of the signal transducer and activator of transcription (STAT) family, which are phosphorylated and activated by various kinases including those in the MAPK/ERK pathway. They translocate to the nucleus upon activation and induce the transcription of genes involved in cell survival, proliferation, and differentiation.

4. HDAC4 and HDAC5 are members of the histone deacetylase family, which are involved in chromatin remodeling and transcriptional regulation. They can be phosphorylated by MAPK/ERK pathway kinases, which may regulate their localization and activity, thereby influencing gene expression patterns and cellular outcomes.

5. CDC25A is a cell cycle regulator that controls the transition from G1 to S phase and the G2/M transition by activating cyclin-dependent kinases (CDKs). It can be regulated by the MAPK/ERK pathway, linking extracellular signals to cell cycle progression.

The proteins in this system are predominantly involved in the MAPK/ERK signaling pathway, which is a central mechanism for transducing extracellular signals into appropriate cellular responses. The proteins function in a highly integrated and regulated manner to control the pathway's output, affecting a wide range of biological processes. The high confidence score reflects the strong involvement of the majority of these proteins in the MAPK/ERK pathway."	0.95
NEST:105	"HSP90AA1,VHL,TNF,MDM2,CUL3,STK11,ELOC,FBXW7,SKP1"	Protein Quality Control and Degradation Pathway	"1. HSP90AA1 (Heat Shock Protein 90 Alpha Family Class A Member 1) is a molecular chaperone that plays a crucial role in the folding, stabilization, and degradation of many proteins, including signaling kinases and transcription factors. It is involved in protein quality control and assists in the proper folding of nascent and stress-accumulated misfolded proteins.

2. VHL (Von Hippel-Lindau tumor suppressor) is part of the protein complex that targets hypoxia-inducible factors (HIF) for degradation under normoxic conditions. It is a recognition component of the E3 ubiquitin ligase complex, critical for the ubiquitination and subsequent proteasomal degradation of specific protein substrates.

3. TNF (Tumor Necrosis Factor) is a cytokine involved in systemic inflammation and is part of the extrinsic pathway for triggering apoptosis. It can influence the stability of certain proteins by activating signaling cascades that lead to either the activation of survival pathways or the initiation of cell death.

4. MDM2 (Mouse Double Minute 2 homolog) is an E3 ubiquitin-protein ligase that mediates ubiquitination of p53/TP53, leading to its degradation by the proteasome. It is a key regulator of the p53 tumor suppressor pathway.

5. CUL3 (Cullin 3) serves as a scaffold protein for the assembly of multi-subunit ubiquitin ligase complexes, known as Cullin-RING ligases (CRLs). These complexes are responsible for the ubiquitination and subsequent proteasomal degradation of target proteins.

6. STK11 (Serine/Threonine Kinase 11), also known as LKB1, is a kinase that can phosphorylate and activate members of the AMP-activated protein kinase (AMPK) subfamily. It is involved in cellular energy homeostasis and can indirectly influence protein stability through metabolic signaling pathways.

7. ELOC (Elongin C) is part of the E3 ubiquitin-protein ligase complex, which is involved in the ubiquitination and degradation of target proteins. It acts as an adaptor that links target proteins to the ubiquitination machinery.

8. FBXW7 (F-box and WD repeat domain-containing 7) is a component of the SCF (SKP1-CUL1-F-box protein) E3 ubiquitin ligase complex, which mediates the ubiquitination and subsequent degradation of target proteins, including several proto-oncogenes and regulators of cell division.

9. SKP1 (S-phase kinase-associated protein 1) is a core component of the SCF (SKP1-CUL1-F-box protein) E3 ubiquitin ligase complex. It is essential for the ubiquitination of proteins destined for degradation via the 26S proteasome.

In summary, the proteins in this system are primarily involved in the regulation of protein stability and degradation. They function through various ubiquitin ligase complexes and molecular chaperones to maintain protein homeostasis, regulate cell cycle progression, and control cellular responses to stress and damage. The system is integral to the ubiquitin-proteasome pathway and the related processes of protein quality control, with implications for cell survival, proliferation, and apoptosis."	0.92
NEST:107	"BCL6,HDAC5,NCOR2,ANKRD11,AR,HDAC3,RUNX1T1,HDAC1,PML,GPS2,NCOR1,CREBBP,NCOA3,TBL1XR1,HDAC2,HDAC4"	Chromatin remodeling and transcriptional regulation	"1. BCL6, a POZ/zinc-finger transcriptional repressor, is known to interact with corepressors such as NCOR1 and NCOR2 to modulate chromatin structure and suppress gene expression. It plays a significant role in lymphocyte development and is implicated in the formation of lymphomas.

2. HDAC1, HDAC2, HDAC3, HDAC4, and HDAC5 are members of the histone deacetylase family that remove acetyl groups from lysine residues in histones, leading to a more compact chromatin structure and reduced transcriptional activity. These enzymes are often recruited by transcriptional repressors like BCL6 and are involved in a wide array of biological processes, including cell cycle progression, apoptosis, and differentiation.

3. NCOR1 and NCOR2 (SMRT) are nuclear receptor corepressors that associate with HDAC3, among other histone deacetylases, to mediate transcriptional repression. They are involved in diverse developmental and metabolic processes by modulating the activity of various transcription factors.

4. ANKRD11 is a chromatin regulator that can act as a transcriptional coactivator. It is implicated in gene expression regulation during development and is associated with KBG syndrome when mutated.

5. AR (Androgen Receptor) is a nuclear hormone receptor that, upon binding to its ligands, regulates gene expression involved in male sexual development and prostate cancer, among other processes. It interacts with coactivators such as NCOA3 and corepressors like NCOR1 and NCOR2 to modulate transcription.

6. RUNX1T1 (ETO) is a transcriptional corepressor that can interact with histone deacetylases and is involved in hematopoiesis. It is also known for its role in t(8;21) translocation in acute myeloid leukemia.

7. PML is a tumor suppressor protein that forms nuclear bodies involved in various cellular processes, including apoptosis, senescence, and DNA damage response. It can interact with histone deacetylases and other transcriptional regulators to influence gene expression.

8. GPS2 is a component of the NCoR/SMRT transcriptional corepression complex, which is involved in histone deacetylation and gene silencing.

9. CREBBP (CBP) is a histone acetyltransferase that functions as a transcriptional coactivator. It acetylates histones, leading to an open chromatin conformation and active transcription. It interacts with numerous transcription factors and is involved in various cellular processes.

10. NCOA3 (AIB1) is a nuclear receptor coactivator that enhances the transcriptional activities of several nuclear receptors and other transcription factors. It is implicated in the regulation of genes involved in cell growth and survival.

11. TBL1XR1 is a component of the NCoR/SMRT corepressor complex that is essential for its gene-silencing function. It also has roles in Wnt signaling and receptor-mediated gene repression.

12. HDAC4 is a member of the class IIa HDACs, which shuttle between the nucleus and cytoplasm and have roles in muscle development, neuronal survival, and heart development.

To summarize, the proteins in this set are primarily involved in the regulation of gene expression through chromatin remodeling, either by histone modification or by recruitment of coactivators and corepressors to transcription factors. They play critical roles in various biological processes, including development, metabolism, and tumorigenesis. The system is characterized by a complex interplay between activators and repressors of transcription, which is essential for the fine-tuning of gene expression in response to developmental cues and environmental stimuli."	0.92
NEST:108	"CDH1,CTNNA1,FYN,CBL,TCF7L2,CTNNB1,CDH2,SOX2,HDAC1,HDAC2,ERBB2,APC,EGF,EGFR"	Regulation of Cell Adhesion and Signal Transduction in Cancer Progression	"1. CDH1 (E-cadherin) and CDH2 (N-cadherin) are calcium-dependent cell adhesion proteins critical for the establishment and maintenance of epithelial cell layers by regulating cell-cell adhesion. Alterations in their expression are associated with cancer progression and epithelial-mesenchymal transition (EMT), a process where epithelial cells lose their adhesion properties and gain migratory and invasive characteristics.

2. CTNNA1 (alpha-catenin) and CTNNB1 (beta-catenin) are part of the cadherin-catenin complex, linking cadherins to the actin cytoskeleton, which is essential for the integrity of the cell-cell junctions. Beta-catenin also plays a role in the Wnt signaling pathway, where it acts as a transcriptional co-activator of Wnt target genes when not bound to the cadherin complex. Dysregulation of beta-catenin is implicated in the development of various cancers.

3. FYN and CBL are proteins involved in intracellular signaling pathways. FYN is a member of the Src family kinases that play roles in cell growth, differentiation, and survival. CBL is an E3 ubiquitin-protein ligase that can regulate receptor protein tyrosine kinase levels, such as EGFR, by targeting them for degradation, thus modulating signal transduction pathways.

4. TCF7L2 (T-cell factor 7-like 2) is a transcription factor that mediates the Wnt/beta-catenin signaling pathway. It is involved in the regulation of cell proliferation and differentiation, and its dysregulation is associated with cancer.

5. SOX2 is a transcription factor essential for maintaining self-renewal of undifferentiated embryonic stem cells. In the context of cancer, SOX2 has been implicated in the regulation of tumor cell proliferation and differentiation.

6. HDAC1 and HDAC2 (histone deacetylases 1 and 2) are enzymes that remove acetyl groups from histone proteins, leading to a more compact chromatin structure and transcriptional repression. They are involved in the regulation of gene expression and are associated with cancer when their activity is dysregulated.

7. ERBB2 (HER2) and EGFR (Epidermal Growth Factor Receptor) are receptor tyrosine kinases that play key roles in the regulation of cell growth and survival. Overexpression or amplification of these receptors is found in various cancers and is often associated with poor prognosis.

8. EGF (Epidermal Growth Factor) is a growth factor that binds to EGFR, leading to receptor dimerization and activation of downstream signaling pathways that promote cell proliferation.

9. APC (Adenomatous Polyposis Coli) is a tumor suppressor protein that is part of the destruction complex that regulates beta-catenin levels in the Wnt signaling pathway. Mutations in APC are a hallmark of colorectal cancer.

To summarize, the proteins in this system interact in a complex network that regulates cell adhesion, signal transduction, and transcriptional control. These processes are tightly linked to the control of cell proliferation, differentiation, and survival, with significant implications for cancer progression, particularly through mechanisms such as EMT, Wnt signaling, and receptor tyrosine kinase signaling. The interplay between these proteins can have both synergistic and antagonistic effects on cell behavior, and their dysregulation is a common feature in the development and progression of cancer."	0.92
NEST:11	"GPC3,IDH1,CYP1B1,CYP2D6,CYP3A5,MST1,TPMT,APOB,CD276,HNF1A,HNF1B,ATP7B"	Metabolic Regulation and Xenobiotic Detoxification	"1. GPC3 (Glypican 3) is a heparan sulfate proteoglycan that plays a role in the regulation of cell growth and division. It is particularly important in modulating the signaling of growth factors in the liver and has been implicated in the pathogenesis of certain types of cancer.

2. IDH1 (Isocitrate Dehydrogenase 1) is an enzyme that catalyzes the oxidative decarboxylation of isocitrate, producing alpha-ketoglutarate and CO2. This reaction is a key step in the citric acid cycle, which is central to cellular energy production.

3. CYP1B1, CYP2D6, and CYP3A5 are members of the cytochrome P450 family of enzymes. These enzymes are involved in the metabolism of a wide variety of xenobiotics, including drugs, as well as the synthesis and metabolism of endogenous compounds such as steroids, fatty acids, and bile acids. They play a critical role in the detoxification of potentially harmful substances.

4. MST1 (Macrophage Stimulating 1) is a growth factor that regulates macrophage activation and can induce apoptosis. It is involved in various cellular processes, including immune response and inflammation.

5. TPMT (Thiopurine S-methyltransferase) is an enzyme that metabolizes thiopurine drugs, which are used in the treatment of certain types of cancer and autoimmune diseases. Genetic polymorphisms in TPMT can affect drug toxicity and efficacy.

6. APOB (Apolipoprotein B) is the primary apolipoprotein of chylomicrons and low-density lipoproteins (LDL). It is essential for the normal assembly and metabolism of these lipoproteins, which are involved in lipid transport and metabolism.

7. CD276 (Cluster of Differentiation 276) is a member of the immune checkpoint family and is involved in the regulation of T-cell activation. It plays a role in immune response and has been implicated in tumor immune evasion.

8. HNF1A (Hepatocyte Nuclear Factor 1 Alpha) and HNF1B (Hepatocyte Nuclear Factor 1 Beta) are transcription factors that regulate the expression of genes involved in liver development, glucose metabolism, and homeostasis. Mutations in these genes can lead to maturity-onset diabetes of the young (MODY).

9. ATP7B (ATPase Copper Transporting Beta) is a copper-transporting ATPase involved in the export of excess copper out of cells and into bile. It is essential for copper homeostasis and mutations in ATP7B cause Wilson disease, a disorder of copper metabolism.

In summary, the proteins in this system are involved in a broad range of metabolic processes, including energy production, lipid metabolism, drug and xenobiotic detoxification, and copper homeostasis. They also play roles in growth regulation, immune response, and genetic disorders related to metabolism. The interplay between these proteins supports the maintenance of metabolic balance and the body's ability to respond to and process a variety of internal and external substances."	0.88
NEST:110	"CCND2,TP53,CCND3,CKS1B,CDKN2C,CDKN2B,RB1,CDKN2A,CCNE1,CCNE2,CDKN1A,CCND1,CDK4,CDK6,CDKN1B"	Cell Cycle Regulation and Control	"1. The Cyclin D family proteins (CCND1, CCND2, CCND3) are essential for the progression of cells through the G1 phase of the cell cycle. They form complexes with CDK4 and CDK6, which are critical for the phosphorylation and inactivation of the Retinoblastoma protein (RB1), leading to the release of E2F transcription factors and the transcription of genes required for S phase entry.

2. Cyclin E proteins (CCNE1, CCNE2) are expressed in the late G1 phase and prepare the cell for DNA replication in S phase by activating CDK2, which further phosphorylates RB1, promoting the G1/S transition.

3. The INK4 family of cyclin-dependent kinase inhibitors, including CDKN2A (p16^INK4a), CDKN2B (p15^INK4b), and CDKN2C (p18^INK4c), specifically inhibit CDK4 and CDK6, preventing their association with D-type cyclins and thus acting as a brake on cell cycle progression.

4. CDKN1A (p21^Cip1) and CDKN1B (p27^Kip1) are members of the Cip/Kip family of CDK inhibitors that have a broader specificity, capable of inhibiting cyclin-CDK2, -CDK4, and -CDK6 complexes, thereby imposing a block at the G1/S checkpoint, particularly in response to DNA damage.

5. TP53, commonly known as p53, is a tumor suppressor protein that plays a crucial role in preventing cancer formation. It can activate DNA repair proteins, induce growth arrest by upregulating CDKN1A, and initiate apoptosis if DNA damage is irreparable. TP53 is a key player in maintaining genomic stability by preventing the propagation of cells that have sustained DNA damage.

6. CKS1B is a regulatory subunit of the SCF(Skp2) complex, which targets p27^Kip1 for ubiquitination and subsequent degradation, thus promoting cell cycle progression.

7. RB1, when hypophosphorylated, binds to and sequesters E2F transcription factors, preventing them from activating genes required for S phase. Phosphorylation of RB1 by cyclin-CDK complexes releases E2F, allowing the cell cycle to progress.

To summarize, the proteins in this system are intricately involved in the regulation of the cell cycle, particularly the transition from G1 to S phase. They work in a coordinated manner to ensure that cells only proceed to DNA replication when conditions are favorable, and they have mechanisms to halt the cycle if there are issues such as DNA damage. The balance between cyclins, CDKs, and their inhibitors, along with the actions of TP53 and RB1, forms a robust network of checks and balances that govern cell proliferation and prevent uncontrolled cell growth, which could lead to oncogenesis."	0.98
NEST:112	"EP300,AR,CREBBP,CTNNB1,SMAD2,HDAC1,RB1,PML,HDAC2,DAXX,RBL1,CHD4,MYB,REL"	Transcriptional Regulation and Chromatin Remodeling in Cell Cycle and Apoptosis	"1. EP300 and CREBBP are histone acetyltransferases that play a central role in transcription regulation, cell cycle progression, and developmental processes. They acetylate lysine residues in histone and non-histone proteins, thereby regulating gene expression through chromatin remodeling. EP300 and CREBBP can interact with each other and have overlapping as well as distinct sets of target genes.

2. AR (Androgen Receptor) is a steroid hormone receptor that, upon binding to its ligand, translocates to the nucleus and acts as a transcription factor regulating genes involved in male sexual development and prostate cancer progression. It can be co-activated by EP300 and CREBBP, linking hormone signaling to chromatin modification.

3. CTNNB1 (Catenin Beta-1) is a key downstream effector in the Wnt signaling pathway and functions as a transcriptional co-activator for TCF/LEF transcription factors. It is also involved in cell adhesion and can be acetylated by EP300 and CREBBP, which modulates its transcriptional activity and stability.

4. SMAD2 is a transcription factor involved in the TGF-beta signaling pathway, which regulates cell proliferation, differentiation, and apoptosis. It can be directly associated with EP300 and CREBBP, which acetylate SMAD2 and enhance its transcriptional activity.

5. HDAC1 and HDAC2 are histone deacetylases that remove acetyl groups from histone proteins, leading to chromatin condensation and transcriptional repression. They are involved in cell cycle regulation and can interact with transcription factors like MYB to repress gene expression.

6. RB1 (Retinoblastoma protein) and RBL1 (p107) are members of the retinoblastoma family of proteins that regulate cell cycle progression by inhibiting E2F transcription factors. They can recruit histone deacetylases like HDAC1 to repress E2F target genes and can be modified by EP300 and CREBBP.

7. PML (Promyelocytic leukemia protein) is involved in the formation of nuclear bodies and can interact with EP300 and HDACs, playing a role in the regulation of transcription, apoptosis, and cellular senescence.

8. DAXX (Death-domain associated protein) acts as a chaperone for histone deposition and is involved in apoptosis. It can interact with HDAC2 and PML, integrating signals for chromatin remodeling and cell death.

9. CHD4 (Chromodomain Helicase DNA Binding Protein 4) is part of the NuRD (nucleosome remodeling and deacetylase) complex, which has roles in chromatin remodeling, transcriptional regulation, and DNA repair.

10. MYB is a transcription factor that regulates gene expression in hematopoiesis and can be co-repressed by HDAC1, linking it to chromatin modification mechanisms.

11. REL is part of the NF-kappaB family of transcription factors and is involved in the regulation of immune response, inflammation, and apoptosis. It can be regulated by acetylation through EP300 and CREBBP.

To summarize, the proteins in this system are heavily involved in transcriptional regulation through chromatin remodeling, with a focus on acetylation and deacetylation mechanisms that modulate gene expression. These processes are critical for cell cycle control, differentiation, and apoptosis, with multiple proteins acting synergistically or antagonistically to maintain cellular homeostasis."	0.92
NEST:117	"EP300,TP53,MDM2,PARP1,HDAC1,IKZF1,PML,BRCA1,SMARCA4,JUN,CHEK1"	DNA Damage Response and Repair	"1. EP300 (E1A binding protein p300) is a histone acetyltransferase (HAT) that regulates transcription via chromatin remodeling. It acetylates histones, making them less tightly packed and more accessible to transcription factors. EP300 is also involved in the DNA damage response by acetylating non-histone proteins, such as TP53, enhancing their stability and activity.

2. TP53, commonly known as p53, is a tumor suppressor protein that plays a critical role in preventing cancer formation. Upon DNA damage, TP53 induces cell cycle arrest, allowing for DNA repair or, if the damage is irreparable, triggering apoptosis. TP53 is a transcription factor that can activate or repress a wide array of genes involved in these processes.

3. MDM2 is an E3 ubiquitin-protein ligase that negatively regulates the p53 tumor suppressor by targeting it for proteasomal degradation. MDM2 is part of a feedback loop with TP53, where p53 activates the expression of MDM2, which in turn limits the activity of p53.

4. PARP1 (Poly [ADP-ribose] polymerase 1) is involved in the repair of single-strand DNA breaks. It detects DNA damage and signals repair mechanisms by adding ADP-ribose polymers to target proteins, including itself, which facilitates the recruitment of DNA repair complexes.

5. HDAC1 (Histone deacetylase 1) is involved in chromatin remodeling and transcriptional repression. It can deacetylate TP53, affecting its activity. HDAC1 is also implicated in the DNA damage response, as it can modulate the acetylation status of histones and other proteins involved in DNA repair.

6. IKZF1 (Ikaros family zinc finger 1) is a transcription factor that can regulate the expression of genes involved in DNA damage responses and apoptosis. It can interact with TP53 and modulate its transcriptional activity.

7. PML (Promyelocytic leukemia protein) is involved in the formation of nuclear bodies that are associated with transcriptional regulation and the DNA damage response. PML can interact with TP53 and enhance its ability to induce cell cycle arrest and apoptosis in response to DNA damage.

8. BRCA1 (Breast cancer type 1 susceptibility protein) is a critical player in the repair of double-strand DNA breaks through homologous recombination. It is involved in the recognition of DNA damage and the recruitment of repair proteins to the site of damage.

9. SMARCA4 (SWI/SNF-related, matrix-associated, actin-dependent regulator of chromatin, subfamily A, member 4) is part of the SWI/SNF chromatin remodeling complex that facilitates access to DNA for repair proteins.

10. JUN is a component of the AP-1 transcription factor complex, which can be activated in response to DNA damage and is involved in the regulation of genes that control cell proliferation and apoptosis.

11. CHEK1 (Checkpoint kinase 1) is a serine/threonine-protein kinase that plays a key role in cell cycle checkpoint control and coordinates the DNA damage response by halting the cell cycle to allow for repair or, if necessary, to initiate apoptosis.

To summarize, the proteins in this system are primarily involved in the detection, signaling, and repair of DNA damage, as well as the regulation of the cell cycle and apoptosis in response to genotoxic stress. The interplay between these proteins ensures the integrity of the genome and prevents the propagation of damaged DNA, which is crucial for preventing oncogenesis."	0.94
NEST:119	"TP53,RBL1,E2F4,RBL2,RB1,E2F3,MDM2,E2F2,E2F5,E2F1,TFDP1"	Cell Cycle Regulation and Tumor Suppression	"1. TP53, commonly known as p53, is a tumor suppressor protein that plays a critical role in preventing cancer formation. It functions as a transcription factor that regulates the expression of a wide array of genes involved in cell cycle arrest, DNA repair, apoptosis, and senescence. TP53 is activated in response to DNA damage and other cellular stress signals.

2. RB1, along with its related proteins RBL1 (p107) and RBL2 (p130), are members of the retinoblastoma protein family. These proteins are key regulators of the cell cycle, particularly the transition from the G1 to the S phase. They exert their effects by binding to and inhibiting E2F transcription factors, which are essential for the expression of genes required for DNA synthesis.

3. E2F transcription factors, including E2F1, E2F2, E2F3, E2F4, and E2F5, are crucial for the control of the cell cycle and the action of tumor suppressor proteins. They are involved in the regulation of various cellular processes such as DNA replication, DNA repair, and apoptosis. E2F1, E2F2, and E2F3 are generally considered to be the activating E2Fs, while E2F4 and E2F5 are repressive E2Fs under the control of RB1 and its family members.

4. MDM2 is an E3 ubiquitin-protein ligase that regulates the p53 tumor suppressor. It controls the stability of p53 by targeting it for ubiquitination and subsequent proteasomal degradation. MDM2 is itself regulated by p53, creating an autoregulatory feedback loop that is crucial for the control of p53 activity.

5. TFDP1, also known as DP1, forms heterodimers with E2F transcription factors, enhancing their DNA binding and transcriptional activity. The E2F/DP1 complexes are integral to the regulation of genes essential for cell cycle progression, particularly those involved in the G1/S transition.

In summary, the proteins in this system are primarily involved in the regulation of the cell cycle and the maintenance of genomic integrity. They form a complex network that controls the progression of cells through the cell cycle, with a particular focus on the G1/S checkpoint. This system is also crucial for tumor suppression, as it includes proteins that can initiate cell cycle arrest, DNA repair, or apoptosis in response to genotoxic stress. The interplay between these proteins ensures a tightly regulated cell cycle and prevents the uncontrolled cell proliferation characteristic of cancer."	0.98
NEST:12	"TUSC3,KRAS,RAB35,CALR,CFTR,TNF,NRAS,RAC1,TRAF3,ARFRP1,RINT1,PIK3C3,SEC23B,PREX2,EGFR"	Intracellular Signaling and Vesicular Trafficking Regulation	"1. KRAS, NRAS, and RAC1 are small GTPases that play critical roles in signal transduction pathways. KRAS and NRAS are part of the RAS family, which are key players in cell proliferation, differentiation, and survival. Mutations in these proteins are often associated with cancer. RAC1 is involved in the regulation of the actin cytoskeleton, influencing cell shape, motility, and adhesion.

2. EGFR is a receptor tyrosine kinase that, upon binding of its ligands, undergoes autophosphorylation and activates downstream signaling pathways involved in cell proliferation and survival. EGFR signaling is tightly linked with RAS signaling, as activated EGFR can lead to the activation of KRAS and NRAS.

3. PIK3C3 is a class III phosphatidylinositol 3-kinase involved in the regulation of vesicle-mediated transport processes and autophagy. It is part of the signaling pathways that regulate cellular growth and metabolism.

4. RAB35 is a member of the RAB family of small GTPases, which are key regulators of intracellular vesicle trafficking. RAB35 is specifically involved in endocytic recycling and has roles in cytokinesis and cell signaling.

5. CALR is a calcium-binding chaperone that is involved in protein folding within the endoplasmic reticulum and also plays a role in the regulation of calcium homeostasis.

6. CFTR is a chloride channel that regulates ion and water transport across epithelial cell membranes. Mutations in CFTR lead to cystic fibrosis, a disease characterized by mucus accumulation and chronic infections in the lungs.

7. TNF is a cytokine involved in systemic inflammation and is one of the cytokines that make up the acute phase reaction. It is capable of inducing apoptosis, regulating immune cells, and contributing to inflammation.

8. TRAF3 is an adaptor protein that associates with, and mediates signal transduction from, various receptors of the TNF receptor superfamily. It is involved in the regulation of apoptosis and immune responses.

9. ARFRP1, SEC23B, and PREX2 are involved in vesicular trafficking. ARFRP1 is a small GTPase that regulates the trafficking of proteins from the Golgi to the plasma membrane. SEC23B is part of the COPII vesicle coat complex that mediates the export of proteins from the endoplasmic reticulum. PREX2 is a guanine nucleotide exchange factor for RAC1, linking it to signaling pathways that affect cell migration and growth.

10. RINT1 and TUSC3 are involved in the regulation of the endoplasmic reticulum and Golgi apparatus structure and function. RINT1 is important for the maintenance of Golgi structure and may play a role in the tethering of endoplasmic reticulum to Golgi membranes. TUSC3 is a putative tumor suppressor and is thought to be involved in protein folding and trafficking.

In summary, the proteins in this system are predominantly involved in intracellular signaling pathways and the regulation of vesicular trafficking. These processes are crucial for maintaining cellular homeostasis, mediating cell-to-cell communication, and ensuring proper cellular responses to external stimuli. The proteins function in a coordinated manner to regulate cell growth, differentiation, and survival, with implications for diseases such as cancer and cystic fibrosis."	0.85
NEST:121	"STAG2,SMARCA4,SMC3,SMC1A,STAG1,RAD21"	Chromosome Structure and Cohesion	"1. STAG2 and STAG1 are components of the cohesin complex, which is crucial for sister chromatid cohesion during cell division. They are involved in the pairing of sister chromatids between S phase and metaphase and play a role in DNA repair and gene expression regulation.

2. SMARCA4 is an ATPase that forms part of the SWI/SNF chromatin remodeling complex. It facilitates transcriptional activation of certain genes by altering the chromatin structure around those genes, making the DNA more accessible to transcription factors and other proteins necessary for gene expression.

3. SMC3, along with SMC1A, forms the core of the cohesin complex. These proteins are responsible for holding sister chromatids together, ensuring proper chromosome segregation during cell division, and they also have roles in DNA repair and regulation of gene expression.

4. RAD21 is a cohesin complex protein that cleaves cohesin rings to allow for the separation of sister chromatids during anaphase of mitosis. It is also involved in DNA repair and in the regulation of gene expression by mediating long-range chromatin interactions.

To summarize, the proteins in this set are primarily involved in maintaining chromosome structure and ensuring proper chromosome cohesion and segregation during cell division. They also have roles in DNA repair and in the regulation of gene expression through chromatin remodeling and long-range chromatin interactions. The interplay between these proteins is essential for the integrity of the genome and the accurate transmission of genetic information during cell division."	0.98
NEST:123	"EP300,CREBBP,NPM1,TERT,PARP1,HDAC1,RB1,PML,DAXX"	Chromatin remodeling and transcriptional co-regulation	"1. EP300 and CREBBP are histone acetyltransferases that play a central role in transcription regulation, cell cycle progression, and developmental processes. They acetylate lysine residues in histone and non-histone proteins, thereby regulating chromatin structure and transcription factor access to DNA. These proteins also have bromodomains that recognize acetylated lysines, suggesting a role in the reading of epigenetic marks.

2. NPM1, nucleophosmin, is involved in ribosome biogenesis and the stabilization of tumor suppressor proteins. It has roles in chromatin remodeling and is implicated in the regulation of the p53 tumor suppressor pathway. NPM1 also shuttles between the nucleus and cytoplasm, suggesting a role in the transport of pre-ribosomal particles.

3. TERT, the catalytic subunit of telomerase, extends telomeres, but also has roles in gene expression regulation. It can associate with chromatin and modulate the expression of growth-controlling genes, indicating a broader role in chromatin dynamics beyond telomere maintenance.

4. PARP1 is involved in the repair of DNA single-strand breaks and also has roles in transcription regulation through its interaction with chromatin and modulation of chromatin structure. It modifies various nuclear proteins by poly(ADP-ribosyl)ation, which can lead to changes in their function and conformation.

5. HDAC1 is a histone deacetylase that plays a key role in the regulation of eukaryotic gene expression. By removing acetyl groups from histones, it forms a complex with other proteins and represses transcription. HDAC1 is involved in cell cycle progression and differentiation.

6. RB1, the retinoblastoma protein, is a key regulator of cell cycle progression and can repress transcription by recruiting chromatin remodeling factors such as HDACs. It functions as a tumor suppressor by controlling the entry into the S phase.

7. PML is involved in the formation of nuclear bodies and can regulate transcription either by sequestering transcription factors or by recruiting chromatin modifiers to these structures. It is implicated in the control of gene expression and the maintenance of genomic integrity.

8. DAXX is a histone chaperone that can deposit the histone variant H3.3 into chromatin and is involved in transcriptional regulation, apoptosis, and chromatin remodeling. It interacts with several transcription factors and can modulate their activity.

To summarize, the proteins in this set are heavily involved in the regulation of gene expression through chromatin remodeling and the modification of transcription factors and other proteins. They work together to influence chromatin structure, thereby controlling access to DNA and ultimately regulating transcription. This system of proteins has a significant impact on cell cycle progression, development, and the maintenance of genomic stability."	0.92
NEST:125	"MSH3,MLH3,SLX4,MSH6,MLH1,PMS2,MSH2,ERCC1,ERCC4,PMS1"	DNA Mismatch Repair and Excision Repair Pathway Integration	"1. MSH2 and MSH6 form the MutSα complex, which recognizes and binds to base-base mismatches and insertion/deletion loops in DNA. MSH2 can also form a complex with MSH3, known as MutSβ, which primarily targets larger insertion/deletion loops. These initial steps are crucial for the activation of the mismatch repair (MMR) pathway.

2. MLH1 is a central component of the post-replicative DNA MMR system. It forms heterodimers with PMS2, PMS1, and MLH3. The MLH1-PMS2 heterodimer (MutLα) is the predominant form for MMR and interacts with the MutS complexes to coordinate the excision and resynthesis of the mismatched strand.

3. MLH3 also functions in MMR, particularly in the repair of insertion/deletion loops, and is thought to work with MLH1 in a heterodimer similar to MutLα. The MLH1-MLH3 complex (MutLγ) has endonuclease activity that is essential for this repair process.

4. SLX4 serves as a scaffold for multiple structure-specific endonucleases and is involved in the repair of interstrand crosslinks (ICLs) and other complex DNA structures. It interacts with ERCC1 and ERCC4 (also known as XPF), which form a structure-specific endonuclease complex that introduces incisions near the damage to facilitate repair.

5. ERCC1 and ERCC4 (XPF) are also key players in the nucleotide excision repair (NER) pathway, which is responsible for repairing bulky helix-distorting lesions, such as those caused by UV light and certain chemicals.

6. PMS2, while primarily associated with MMR, has been implicated in the repair of double-strand breaks (DSBs) through interactions with proteins involved in homologous recombination, suggesting a potential link between MMR and DSB repair pathways.

To summarize, the proteins in this set are primarily involved in the recognition and repair of DNA mismatches and errors that occur during DNA replication and recombination, as well as in the repair of more complex DNA damage such as interstrand crosslinks. The MMR proteins work in concert to ensure genomic stability by correcting base mismatches and insertion/deletion loops, while the interaction of SLX4 with ERCC1 and ERCC4 integrates the MMR system with the excision repair pathways, highlighting the interplay between different DNA repair mechanisms. This system of proteins is essential for maintaining the integrity of the genome and preventing mutations that could lead to diseases such as cancer."	0.95
NEST:126	"EP300,CREBBP,CTNNB1,TP53,CHEK2,TCF3,HDAC3,KAT6A,HDAC2,KMT2A"	Chromatin remodeling and transcriptional regulation in response to DNA damage	"1. EP300 and CREBBP are histone acetyltransferases that play a central role in the regulation of gene expression through modification of chromatin structure. They acetylate lysine residues in histone and non-histone proteins, which can lead to transcriptional activation. Both proteins are also involved in the cellular response to DNA damage and can acetylate TP53, enhancing its activity.

2. CTNNB1, also known as beta-catenin, is a key component of the Wnt signaling pathway. It acts as a transcriptional coactivator for TCF/LEF transcription factors such as TCF3. Upon Wnt signaling activation, CTNNB1 accumulates in the nucleus and facilitates the transcription of Wnt target genes, which are involved in cell proliferation and differentiation.

3. TP53, commonly known as p53, is a tumor suppressor protein that plays a crucial role in preventing cancer formation. It responds to diverse cellular stresses to regulate target genes that induce cell cycle arrest, apoptosis, senescence, DNA repair, or changes in metabolism. TP53 is a transcription factor that can initiate a program of gene expression leading to these cellular outcomes.

4. CHEK2 is a protein kinase that phosphorylates and activates TP53 in response to DNA damage. It is part of the DNA damage checkpoint pathway, which helps to maintain genomic stability by halting cell cycle progression until damage can be repaired.

5. TCF3 is a transcription factor that, when bound to CTNNB1, activates the transcription of target genes involved in development and cellular differentiation. It is also implicated in the response to DNA damage through its interaction with TP53.

6. HDAC3, HDAC2, and KAT6A are enzymes that modify chromatin structure through the removal or addition of acetyl groups from histones, respectively. HDAC3 and HDAC2 are histone deacetylases that can repress transcription by condensing chromatin, while KAT6A is a histone acetyltransferase that can activate transcription by relaxing chromatin.

7. KMT2A is a histone methyltransferase that specifically methylates 'Lys-4' of histone H3 (H3K4me), a mark associated with transcriptional activation. It is involved in the regulation of gene expression and is also implicated in the response to DNA damage.

In summary, the proteins in this system are primarily involved in the regulation of gene expression through chromatin remodeling, with a significant focus on the response to DNA damage. They work together to modify histones and other proteins, influencing the accessibility of DNA to transcription factors and the machinery of transcription. This system integrates signals from DNA damage checkpoints with transcriptional control to maintain cellular integrity and prevent the propagation of damaged DNA, which is crucial for preventing oncogenesis."	0.92
NEST:127	"MAPK1,TP53,CASP8,FAS,PARP1,DAXX,MAP2K4"	Apoptotic Signaling Pathway	"1. MAPK1, also known as ERK2, is a key protein in the mitogen-activated protein kinase (MAPK) signaling pathway. It is involved in various cellular processes, including proliferation, differentiation, and response to stress. In the context of apoptosis, MAPK1 can either promote or inhibit the process depending on the specific stimuli and cellular context.

2. TP53, commonly known as p53, is a tumor suppressor protein that plays a critical role in preventing cancer formation. It can induce apoptosis in response to DNA damage or other stress signals. TP53 activates the transcription of several pro-apoptotic genes and can initiate the intrinsic apoptotic pathway.

3. CASP8, or caspase-8, is an initiator caspase in the extrinsic apoptotic pathway. It is activated by death receptors such as FAS, leading to the activation of downstream effector caspases and ultimately cell death.

4. FAS, also known as CD95 or APO-1, is a cell surface death receptor that, upon binding to its ligand FASLG, triggers the formation of the death-inducing signaling complex (DISC), leading to the activation of CASP8 and the initiation of apoptosis.

5. PARP1, or poly (ADP-ribose) polymerase 1, is involved in DNA repair and the maintenance of genomic stability. During apoptosis, PARP1 is cleaved by caspases, leading to its inactivation and facilitating the progression of apoptosis.

6. DAXX is a multifunctional protein that can act as a pro-apoptotic regulator. It is involved in the activation of apoptosis signal-regulating kinase 1 (ASK1) and JNK signaling pathways, which can lead to apoptosis.

7. MAP2K4, also known as MKK4 or SEK1, is a kinase that activates the JNK and p38 MAPK pathways. It is involved in stress-induced apoptosis and can be activated by pro-apoptotic signals.

In summary, the proteins in this system are primarily involved in the regulation and execution of apoptosis. They interact through various signaling pathways, including the intrinsic and extrinsic apoptotic pathways, and stress response pathways. The proteins function in a coordinated manner to ensure the proper execution of apoptosis in response to cellular stress or damage, thereby maintaining cellular homeostasis and preventing the propagation of damaged cells."	0.95
NEST:129	"SMARCB1,ARID1A,SMARCE1,SOX2,SMARCA4,PBRM1,ARID1B,ARID2"	Chromatin remodeling and regulation of gene expression	"1. SMARCB1, ARID1A, SMARCE1, SMARCA4, PBRM1, ARID1B, and ARID2 are core components of the SWI/SNF (switch/sucrose non-fermentable) chromatin remodeling complex. This complex facilitates transcriptional activation or repression by altering the chromatin structure, thereby modulating the accessibility of DNA to transcription factors and other DNA-binding proteins. The SWI/SNF complex is involved in a broad range of biological processes, including cell cycle regulation, differentiation, and development.

2. SMARCB1 (also known as SNF5 or BAF47) is a core subunit of the SWI/SNF complex and is essential for its chromatin remodeling activity. Loss of SMARCB1 function is associated with malignant rhabdoid tumors, highlighting its role in tumor suppression and regulation of cell proliferation.

3. ARID1A and ARID1B are DNA-binding subunits of the SWI/SNF complex that recognize AT-rich DNA sequences. They are implicated in the regulation of gene expression during development and are frequently mutated in a variety of cancers, suggesting a role in maintaining genomic stability and preventing oncogenesis.

4. SMARCE1 and SMARCA4 (also known as BRG1) are ATPase subunits that provide energy for chromatin remodeling. SMARCA4 is particularly important for the recruitment of the SWI/SNF complex to target promoters and enhancers. Mutations in SMARCA4 are associated with several cancer types, emphasizing its role in controlling cell growth and differentiation.

5. PBRM1 is another subunit of the SWI/SNF complex that contains bromodomains, which recognize and bind acetylated lysine residues on histone tails. This interaction is crucial for the regulation of gene expression and is involved in the response to DNA damage.

6. ARID2 is a subunit that also binds DNA and is involved in targeting the SWI/SNF complex to specific genomic loci. It plays a role in the regulation of gene expression and is implicated in the suppression of hepatocellular carcinoma.

7. SOX2 is a transcription factor that is not a part of the SWI/SNF complex but interacts with it. SOX2 is critical for maintaining the pluripotency of embryonic stem cells and for the regulation of gene expression during early embryogenesis. Its interaction with the SWI/SNF complex underscores the integration of chromatin remodeling with transcription factor activity in the control of gene expression.

In summary, the proteins in this system are primarily involved in the dynamic regulation of chromatin structure, which is a fundamental process for controlling gene expression. The SWI/SNF complex, with its various subunits, plays a pivotal role in numerous cellular processes by modulating the accessibility of transcriptional machinery to DNA. The interaction with SOX2 highlights the importance of chromatin remodeling in stem cell maintenance and differentiation. The system's components are tightly interconnected, and their collective activity is crucial for proper gene expression regulation, cell cycle control, and prevention of tumorigenesis."	0.95
NEST:13	"HRAS,NHP2,RPL5,RPS15,NPM1,PELP1,DDX3X,PHB2,DIS3,NSD2,DKC1,CHEK2,FOXL2,CTCF,PA2G4,ASNS,SHQ1,XPC"	Ribosome Biogenesis and DNA Damage Response	"1. Several proteins in this system, such as RPL5 and RPS15, are components of the ribosome, the cellular machinery responsible for protein synthesis. RPL5 is a part of the large 60S subunit, while RPS15 is a component of the small 40S subunit. These proteins are essential for the assembly and structural integrity of ribosomes.

2. NHP2, DKC1, and SHQ1 are involved in the processing and assembly of H/ACA box small nucleolar RNAs (snoRNAs), which play a critical role in the modification and processing of ribosomal RNA (rRNA), a key component of the ribosome.

3. NPM1 (nucleophosmin) is implicated in ribosome biogenesis by shuttling pre-ribosomal particles between the nucleus and cytoplasm. It also has roles in chromatin remodeling and regulation of p53, a tumor suppressor protein.

4. Proteins such as DIS3 and NSD2 are involved in RNA processing and modification. DIS3 is an exosome component with ribonuclease activity that is involved in the degradation of various RNA species, a process that is crucial for the maturation of rRNA and the maintenance of RNA homeostasis. NSD2 is a histone methyltransferase that can influence chromatin structure and gene expression, potentially affecting ribosome biogenesis indirectly.

5. Proteins like HRAS and CHEK2 are involved in cell signaling pathways. HRAS is a GTPase that transduces signals for cell growth and differentiation, while CHEK2 is a kinase that plays a critical role in DNA damage response and cell cycle control.

6. PHB2, PELP1, and DDX3X are multifunctional proteins that have roles in various cellular processes, including regulation of transcription, RNA processing, and cellular stress responses. PHB2 is part of the prohibitin complex that regulates mitochondrial function and cellular proliferation. PELP1 is a coactivator for steroid receptors and is involved in chromatin remodeling. DDX3X is an RNA helicase involved in RNA metabolism and stress response.

7. CTCF is a transcriptional regulator with zinc finger motifs that is involved in chromatin organization and insulator activity, influencing the three-dimensional structure of the genome.

8. Proteins like FOXL2 and PA2G4 are involved in transcriptional regulation and cell cycle control. FOXL2 is a transcription factor associated with ovarian development and function, while PA2G4 is involved in the regulation of the cell cycle and growth.

9. ASNS and XPC are involved in amino acid synthesis and DNA repair, respectively. ASNS is involved in the synthesis of asparagine and cellular response to amino acid availability, while XPC is critical for nucleotide excision repair, a pathway that removes DNA damage caused by UV light and chemical mutagens.

To summarize, the majority of the proteins in this system are involved in two main biological processes: ribosome biogenesis and DNA damage response. Ribosome biogenesis is a fundamental cellular process that is tightly linked to cell growth and proliferation, and it is represented by proteins involved in rRNA processing, ribosomal protein assembly, and nucleolar functions. DNA damage response is crucial for maintaining genomic stability, and it is represented by proteins involved in cell cycle checkpoints, DNA repair, and signaling pathways related to cellular stress. The interplay between these processes ensures that cells can grow and divide while safeguarding the integrity of their genetic information."	0.85
NEST:130	"FANCD2,RAD51C,TP53,BRCA1,CHEK1,BLM,WRN,BRCA2,BUB1B,TOP2A,BARD1,RAD51"	DNA Damage Response and Repair	"1. FANCD2 is a key component of the Fanconi anemia (FA) pathway, a DNA repair mechanism that is particularly important for interstrand crosslink repair. It is monoubiquitinated in response to DNA damage, which is a critical step for the FA pathway's activation and function.

2. RAD51C functions in both homologous recombination (HR) repair of DNA double-strand breaks and in the repair of interstrand crosslinks, alongside the FA pathway. It forms a complex with BRCA1 and BRCA2, which are central to the HR repair process.

3. TP53, commonly known as p53, is a tumor suppressor protein that plays a critical role in the cellular response to DNA damage. It can induce cell cycle arrest, apoptosis, or senescence in response to genotoxic stress, thus preventing the propagation of damaged DNA.

4. BRCA1 and BRCA2 are essential for HR repair of DNA double-strand breaks. BRCA1 also has a role in recognizing DNA damage and signaling for repair, while BRCA2 facilitates RAD51 filament formation on DNA, a key step in the HR process.

5. CHEK1 is a checkpoint kinase that mediates cell cycle arrest in response to DNA damage. It is activated by ATR and can phosphorylate downstream effectors to halt cell cycle progression, allowing time for repair mechanisms to correct DNA lesions.

6. BLM and WRN are RecQ helicases involved in DNA repair, replication, recombination, and telomere maintenance. Mutations in these genes can lead to genomic instability syndromes, highlighting their roles in maintaining DNA integrity.

7. BUB1B is a key player in the spindle assembly checkpoint, ensuring proper chromosome segregation. While not directly involved in DNA repair, its role in maintaining chromosomal stability is crucial in the context of DNA damage.

8. TOP2A is a DNA topoisomerase that controls and alters the topologic states of DNA during transcription. It is also a target for certain chemotherapeutic agents that induce DNA damage.

9. BARD1 forms a heterodimer with BRCA1, which is involved in DNA damage repair. The BRCA1-BARD1 complex has E3 ubiquitin ligase activity and is implicated in the response to DNA damage.

10. RAD51 is a central HR protein that forms nucleoprotein filaments necessary for the search for homology and strand pairing during DNA repair.

To summarize, the proteins in this system are primarily involved in the recognition, signaling, and repair of DNA damage, with a strong emphasis on the homologous recombination pathway. They work in concert to maintain genomic stability by repairing DNA double-strand breaks, interstrand crosslinks, and other forms of DNA damage. The interplay between these proteins ensures the integrity of the genome during cell division and in response to genotoxic stress."	0.98
NEST:132	"EGF,EGFR,ERBB4,FRS2,TP53,MYC,FGF5,FGF7,IGF1,IGF2,ERBB3,RB1,FGF1,FGF2"	Growth Factor Signaling and Cell Cycle Regulation	"1. EGF, FGF1, FGF2, FGF5, and FGF7 are growth factors that play crucial roles in cell proliferation, differentiation, and survival. They bind to their respective receptors, such as EGFR, ERBB3, and ERBB4, initiating a cascade of downstream signaling events.

2. EGFR, ERBB3, and ERBB4 are members of the ErbB family of receptor tyrosine kinases. Upon ligand binding, they undergo dimerization and autophosphorylation, which recruits and activates various signaling molecules, including FRS2, a docking protein that further propagates the signal.

3. TP53, also known as p53, is a tumor suppressor protein that regulates the cell cycle and can induce apoptosis. It is a critical checkpoint protein that ensures DNA integrity and prevents the propagation of damaged cells.

4. MYC is a transcription factor that controls the expression of numerous genes involved in cell growth and metabolism. It is often upregulated in cancer and is a key player in cell cycle progression and proliferation.

5. IGF1 and IGF2 are growth factors that stimulate cell growth and survival, primarily through the insulin-like growth factor receptor (IGF1R). They play a significant role in development and are also implicated in cancer biology.

6. RB1 is a tumor suppressor protein that inhibits the cell cycle by preventing the transcription of S-phase-promoting genes. It is a target of phosphorylation by cyclin-dependent kinases, which leads to its inactivation and allows cell cycle progression.

To summarize, the proteins in this system are heavily involved in the regulation of cell growth, proliferation, and survival through growth factor signaling pathways. They interact to form a complex network that integrates external signals with internal cell cycle control mechanisms. The balance between these proteins is critical for normal cellular function, and dysregulation can lead to diseases such as cancer. The system's components work together to ensure that cells respond appropriately to growth signals and maintain genomic integrity through cell cycle checkpoints."	0.92
NEST:133	"EP300,KMT2A,KDM6A,KMT2B,KMT2D,MEN1"	Chromatin Modification and Transcriptional Regulation	"1. EP300 is a histone acetyltransferase (HAT) that plays a critical role in regulating gene expression by modifying chromatin structure. It acetylates lysine residues in histone proteins, leading to an open chromatin conformation and subsequent transcriptional activation. EP300 also acetylates non-histone proteins, influencing various cellular pathways.

2. KMT2A, KMT2B, and KMT2D are members of the lysine (K)-specific methyltransferase 2 family. They are involved in the methylation of histone H3 on lysine 4 (H3K4), a mark associated with transcriptionally active chromatin. These enzymes are critical for the regulation of gene expression during development and cell differentiation.

3. KDM6A is a lysine demethylase that specifically demethylates di- and tri-methylated lysine 27 on histone H3 (H3K27me2/3), a repressive mark, thereby playing a role in gene activation. Its activity is essential for the regulation of developmental genes and maintenance of cellular identity.

4. MEN1 encodes menin, a protein that interacts with various transcription factors and epigenetic regulators, including members of the KMT2 family. Menin is involved in controlling gene expression by serving as a scaffold for the assembly of multiprotein complexes that modify chromatin.

To summarize, the proteins in this set are heavily involved in the epigenetic regulation of gene expression through the modification of histone proteins, affecting chromatin structure and function. They work in concert to establish a dynamic epigenetic landscape that is essential for proper gene expression, development, and cellular differentiation. The interplay between these proteins ensures a balanced chromatin environment, facilitating the transition between transcriptionally active and repressive states."	0.95
NEST:134	"XPC,BRCA1,ATR,ATM,BLM,XPA"	DNA Damage Response and Repair	"1. XPC (Xeroderma Pigmentosum, Complementation Group C) is a DNA damage recognition and repair factor that is crucial for global genome nucleotide excision repair (NER). It recognizes a variety of structurally unrelated DNA lesions and is responsible for initiating the NER pathway, which is essential for repairing bulky DNA adducts caused by UV light and chemical mutagens.

2. BRCA1 (Breast Cancer Type 1 Susceptibility Protein) is a multifunctional protein with a role in homologous recombination (HR), a pathway for repairing double-strand breaks (DSBs) in DNA. BRCA1 is involved in the maintenance of genomic stability and also functions in checkpoint control, ensuring proper cell cycle progression in response to DNA damage.

3. ATR (Ataxia Telangiectasia and Rad3 Related) is a protein kinase that is activated in response to single-strand DNA breaks. It is a key player in the DNA damage checkpoint response and is involved in the phosphorylation of several substrates, including BRCA1, to halt cell cycle progression and facilitate DNA repair.

4. ATM (Ataxia Telangiectasia Mutated) is another protein kinase that is rapidly activated in response to DSBs. ATM phosphorylates a number of key proteins that initiate the DNA damage response (DDR), including the histone variant H2AX, p53, and checkpoint kinases CHK2 and CHK1, leading to cell cycle arrest and DNA repair or apoptosis.

5. BLM (Bloom Syndrome Protein) is a RecQ helicase that helps maintain genomic stability by unwinding DNA structures that can form during DNA replication and repair processes. BLM is involved in the resolution of homologous recombination intermediates and prevents sister chromatid exchanges, thereby suppressing crossover events that can lead to genome rearrangements.

6. XPA (Xeroderma Pigmentosum, Complementation Group A) is another NER protein that is essential for the verification of DNA damage and the recruitment of the NER machinery. It interacts with replication protein A (RPA) and the TFIIH complex to ensure proper excision of DNA lesions.

To summarize, the proteins in this set are primarily involved in the recognition, signaling, and repair of DNA damage. They function in different but interconnected pathways, such as NER and HR, to maintain genomic integrity. The system of proteins works in a coordinated manner to detect DNA lesions, signal the presence of damage, and facilitate the appropriate repair mechanisms. This is critical for preventing mutations that can lead to diseases such as cancer. The high confidence score reflects the strong involvement of these proteins in the DNA damage response and repair processes."	0.98
NEST:137	"RPS6KB1,AKT1,RPTOR,MAPK1,MTOR,PPP2R2A,SQSTM1,RICTOR"	mTOR Signaling Pathway Regulation	"1. RPS6KB1, also known as p70S6 kinase, is a downstream target of the mTOR (mechanistic Target Of Rapamycin) pathway and is activated by signaling through mTOR Complex 1 (mTORC1). It plays a critical role in the control of cell growth and proliferation by phosphorylating the S6 ribosomal protein, which leads to increased translation of mRNAs encoding ribosomal proteins and elongation factors.

2. AKT1 is a serine/threonine kinase that is a central node in signaling pathways regulating cell survival, growth, proliferation, metabolism, and angiogenesis. It is activated by phosphoinositide-dependent kinase-1 (PDK1) in response to growth factor stimulation and subsequently phosphorylates and regulates the activity of a wide range of downstream substrates, including mTOR.

3. RPTOR, also known as Raptor, is an essential component of mTORC1, acting as a scaffold for recruiting mTORC1 substrates. It is involved in the regulation of protein synthesis and cell growth by mediating the assembly of the mTORC1 complex.

4. MAPK1, part of the Mitogen-Activated Protein Kinase (MAPK) pathway, is involved in various cellular processes such as proliferation, differentiation, and stress response. It can interact with mTOR signaling by converging on common downstream targets or by cross-talk, where activation of one pathway can influence the other.

5. MTOR is the catalytic subunit of two distinct complexes, mTORC1 and mTORC2, which regulate different aspects of cell growth and metabolism. mTORC1 is sensitive to rapamycin and regulates protein synthesis and autophagy, while mTORC2 is involved in the control of cell survival and cytoskeletal organization.

6. PPP2R2A is a regulatory subunit of protein phosphatase 2A (PP2A), a serine/threonine phosphatase involved in the negative regulation of cell growth and division. It can dephosphorylate AKT and other components of the mTOR pathway, thus serving as a tumor suppressor by inhibiting the pathway.

7. SQSTM1, also known as p62, is a multifunctional protein that interacts with various signaling molecules and is involved in autophagy, where it serves as a link between LC3 and ubiquitinated substrates. It can modulate mTORC1 signaling by sequestering RPTOR under conditions of cellular stress.

8. RICTOR is an essential component of mTORC2, and it plays a role in the regulation of the actin cytoskeleton, cell survival, and metabolism. It is involved in the phosphorylation and activation of AKT1 at Ser473, a modification that is required for the full activation of AKT1.

To summarize, the proteins in this set are primarily involved in the regulation of the mTOR signaling pathway, which is a central regulator of cell growth, proliferation, metabolism, and survival. The interplay between these proteins modulates the activity of mTORC1 and mTORC2 complexes, influencing various downstream effects in response to nutrients, growth factors, and cellular energy status. The system exhibits a high degree of functional integration, with multiple points of cross-talk and feedback loops ensuring tight control of the pathway's activity."	0.95
NEST:138	"AKT1,HSP90AA1,PTEN,AKT2,AKT3,PDPK1,PIK3CB,PIK3CD,FOXO3,PRKCZ,PRKDC"	PI3K-AKT Signaling Pathway Regulation	"1. AKT1, AKT2, and AKT3 are serine/threonine-specific protein kinases that play key roles in multiple cellular processes such as glucose metabolism, apoptosis, cell proliferation, transcription, and cell migration. They are activated by phosphoinositide-dependent kinase-1 (PDPK1) in response to various growth factors and insulin.

2. PDPK1 is a kinase that phosphorylates and activates AKT kinases. It is a central component of the PI3K-AKT signaling pathway, which is crucial for cell survival and growth.

3. PIK3CB and PIK3CD are catalytic subunits of phosphoinositide 3-kinases (PI3Ks), which phosphorylate the 3' position of the inositol ring of phosphatidylinositol. They are involved in the activation of AKT via the production of phosphatidylinositol (3,4,5)-trisphosphate (PIP3) in response to growth factor signaling.

4. PTEN is a tumor suppressor gene that encodes a phosphatase that dephosphorylates PIP3, thus antagonizing the PI3K-AKT signaling pathway. It is a critical negative regulator of cellular proliferation and survival.

5. HSP90AA1 is a molecular chaperone that assists in the proper folding of proteins, including AKT, and protects them from degradation. It is involved in the stabilization and activation of client proteins.

6. FOXO3 is a transcription factor that is negatively regulated by the PI3K-AKT pathway. When AKT is activated, it phosphorylates FOXO3, leading to its exclusion from the nucleus and inhibition of its transcriptional activity, which includes the regulation of genes involved in apoptosis and cell cycle arrest.

7. PRKCZ (Protein Kinase C Zeta) and PRKDC (Protein Kinase, DNA-Activated, Catalytic Polypeptide) are kinases that can be involved in the PI3K-AKT pathway. PRKCZ can be activated by PIP3 and has been implicated in various cellular processes, including regulation of cell survival. PRKDC is involved in DNA repair and may interact with the PI3K-AKT pathway in the context of the cellular response to DNA damage.

To summarize, the proteins in this set are primarily involved in the PI3K-AKT signaling pathway, which is a critical regulator of cell survival, proliferation, and metabolism. The system includes kinases that activate the pathway, a phosphatase that deactivates it, chaperones that stabilize key components, and transcription factors that are regulated by the pathway. The interplay between these proteins ensures tight regulation of the pathway, with implications for cell fate decisions and responses to external stimuli."	0.95
NEST:14	"CBL,NFE2L2,PAK3,CHEK2,RAC1,PIK3R1,MAPK1,SLIT2,GNAQ,ACTA2,SPRED1,PAK1,CASR,GNA13,RHOA,MYH11,PIK3CA,CDH1,PPP1CB,GNA11,GNAS,TNF,ARHGAP26,LMNA,PREX2,EGFR,PALLD,HSP90AA1,DNM2,TPM1,ESR1,RHPN2,LATS1"	Signal Transduction and Cytoskeletal Regulation in Cancer Progression	"1. Several proteins in this system, including CBL, NFE2L2, PAK3, CHEK2, RAC1, PIK3R1, MAPK1, GNAQ, SPRED1, PAK1, GNA13, RHOA, PIK3CA, PREX2, EGFR, and TNF, are key components of signal transduction pathways. These proteins are involved in various signaling cascades that regulate cell proliferation, survival, migration, and differentiation. Dysregulation of these pathways is often implicated in cancer progression.

2. Proteins such as ACTA2, MYH11, PALLD, DNM2, and TPM1 are associated with the cytoskeleton. They play roles in maintaining cell shape, enabling cellular movement, and mediating intracellular transport. Alterations in cytoskeletal dynamics can contribute to the invasive and metastatic properties of cancer cells.

3. CDH1 (E-cadherin) is a cell adhesion molecule that is crucial for maintaining epithelial integrity. Loss of CDH1 function is commonly associated with epithelial-mesenchymal transition (EMT), a process that enhances the invasive potential of cancer cells.

4. The G protein-coupled receptors (GPCRs) represented by CASR, GNA11, GNAQ, GNAS, and GNA13 are involved in transducing extracellular signals into intracellular responses. GPCRs are implicated in various physiological processes and have been linked to cancer when their signaling becomes aberrant.

5. The presence of tumor necrosis factor (TNF) indicates involvement in inflammatory responses, which can influence tumorigenesis and cancer progression through the tumor microenvironment.

6. ESR1 (estrogen receptor 1) suggests a role in hormone signaling, which is particularly relevant in the context of hormone-responsive cancers such as breast cancer.

7. Proteins like LMNA (lamin A/C) and HSP90AA1 (Heat Shock Protein 90 alpha family class A member 1) are involved in nuclear architecture and chaperone-mediated protein folding, respectively. These proteins can affect cellular processes such as DNA repair and signal transduction.

8. ARHGAP26 and RHPN2 are involved in the regulation of the Rho family of GTPases, which are key regulators of the actin cytoskeleton and cell motility.

9. LATS1 is part of the Hippo signaling pathway, which controls organ size by regulating cell proliferation and apoptosis. Dysregulation of Hippo signaling has been implicated in cancer.

To summarize, the proteins in this system are heavily involved in signal transduction pathways that regulate a wide array of cellular processes, many of which are critical in cancer progression. The system also includes proteins that regulate the cytoskeleton, which is fundamental for cell shape, motility, and division. The interplay between these proteins can influence cancer cell behavior, including proliferation, survival, migration, and invasion."	0.88
NEST:142	"CTNNB1,EGF,EGFR,FYN,CBL,APC,CDH1,HDAC2,CDH2,CTNNA1"	Regulation of Cell Adhesion and Signal Transduction in Epithelial Cells	"1. CTNNB1, or beta-catenin, is a key component of the cadherin protein complex and acts as an intracellular signal transducer in the Wnt signaling pathway. It is involved in the regulation of cell adhesion and gene transcription. Abnormal regulation of CTNNB1 is implicated in the development of various cancers.

2. EGF and its receptor EGFR are central to the epidermal growth factor signaling pathway, which regulates cell growth, survival, proliferation, and differentiation. EGFR is a receptor tyrosine kinase that, upon binding with EGF, undergoes dimerization and autophosphorylation, triggering a cascade of downstream signaling events.

3. FYN is a member of the Src family of protein tyrosine kinases and is involved in the transduction of signals related to cell adhesion, growth, and differentiation. It interacts with components of the cytoskeleton and is implicated in the regulation of cell shape and movement.

4. CBL is an E3 ubiquitin-protein ligase that plays a role in regulating signal transduction through the ubiquitination and subsequent degradation of tyrosine kinases, including EGFR. It acts as a negative regulator of many signaling pathways.

5. APC, or adenomatous polyposis coli, is a tumor suppressor protein that is part of the destruction complex that regulates the levels of CTNNB1. It is involved in cell adhesion, migration, and the regulation of microtubule dynamics.

6. CDH1 and CDH2, also known as E-cadherin and N-cadherin, respectively, are calcium-dependent cell adhesion proteins. They play crucial roles in maintaining epithelial cell layer integrity and facilitating cell-cell adhesion. Their expression and function are critical for epithelial-to-mesenchymal transition (EMT) and vice versa.

7. HDAC2 is a histone deacetylase that modulates chromatin structure and gene expression. It can interact with CTNNB1 and influence the transcription of Wnt target genes, thereby affecting cell proliferation and differentiation.

8. CTNNA1, or alpha-catenin, binds to beta-catenin and is involved in the regulation of cell-cell adhesion and the linkage of the cadherin-catenin complex to the actin cytoskeleton.

In summary, the proteins in this system are primarily involved in the regulation of cell adhesion and signal transduction in epithelial cells. They participate in complex networks that govern cell-cell interactions, cell morphology, and intracellular signaling pathways that are essential for maintaining epithelial tissue architecture and responding to extracellular cues. The interplay between these proteins influences processes such as cell proliferation, differentiation, and migration, which are fundamental to tissue homeostasis and repair, as well as to the development of diseases such as cancer."	0.92
NEST:145	"RPS6KB1,AKT1,RPTOR,MTOR,RICTOR"	mTOR Signaling Pathway Regulation	"1. RPS6KB1, also known as p70S6 kinase, is a downstream effector of the mammalian target of rapamycin (mTOR) pathway. It is involved in the regulation of protein synthesis by phosphorylating the ribosomal protein S6, which leads to increased translation of mRNAs with oligopyrimidine tracts at their transcriptional start sites. This process is critical for cell growth, proliferation, and survival.

2. AKT1 is a serine/threonine kinase that plays a key role in multiple cellular processes such as glucose metabolism, apoptosis, cell proliferation, transcription, and cell migration. AKT1 is activated by phosphoinositide-dependent kinase-1 (PDK1) in response to growth factors and is a central component of the PI3K/AKT/mTOR signaling pathway. It directly phosphorylates and regulates many downstream targets, including mTOR complex 1 (mTORC1).

3. RPTOR, also known as Raptor, is an essential component of mTORC1, where it acts as a scaffold protein that recruits substrate proteins to be phosphorylated by mTOR. It is involved in the regulation of protein synthesis and cell growth in response to nutrient and growth factor signals.

4. MTOR is the catalytic subunit of two distinct complexes, mTORC1 and mTORC2, which regulate different aspects of cell growth and metabolism. mTORC1 is sensitive to rapamycin and regulates protein synthesis, ribosome biogenesis, nutrient transport, and autophagy, while mTORC2 is involved in the control of cell survival, cytoskeletal organization, and lipid metabolism.

5. RICTOR is an essential component of mTORC2 and is involved in its regulation and function. mTORC2 phosphorylates and activates AKT1 at Ser473, a site distinct from the Thr308 site phosphorylated by PDK1. This dual phosphorylation is required for full activation of AKT1 and promotes cell survival and growth.

To summarize, the proteins in this set are integral components of the mTOR signaling pathway, which is a central regulator of cell metabolism, growth, proliferation, and survival. The interplay between these proteins ensures the proper response to cellular energy status, growth factors, and stress signals. The mTOR pathway integrates these signals and modulates various downstream processes, including protein synthesis and autophagy, which are critical for maintaining cellular homeostasis and function."	0.98
NEST:146	"SMAD4,CREBBP,SMAD3,SMAD2,TGFBR1,HDAC1"	TGF-β Signaling Pathway Regulation	"1. SMAD4 is a common-mediator SMAD (co-SMAD) involved in the intracellular signal transduction pathways of the Transforming Growth Factor-beta (TGF-β) superfamily of cytokines. It forms complexes with other SMAD proteins, such as SMAD2 and SMAD3, and translocates to the nucleus where it regulates the transcription of target genes.

2. SMAD3, like SMAD2, is a receptor-regulated SMAD (R-SMAD) that becomes phosphorylated by TGF-β receptors, such as TGFBR1, upon ligand binding. Phosphorylated SMAD2 and SMAD3 can then form heteromeric complexes with SMAD4, which are essential for the propagation of TGF-β signaling.

3. SMAD2 functions similarly to SMAD3, becoming phosphorylated upon activation by TGF-β receptor kinases. It plays a critical role in the TGF-β signaling pathway, controlling a wide range of cellular processes including cell proliferation, differentiation, and apoptosis.

4. TGFBR1, also known as ALK5, is a serine/threonine kinase type I receptor for the TGF-β family of signaling molecules. Upon ligand binding, TGFBR1 phosphorylates R-SMADs, such as SMAD2 and SMAD3, initiating the SMAD signaling cascade.

5. CREBBP (CBP) is a transcriptional coactivator that interacts with SMAD proteins in the nucleus and enhances their transcriptional activity. It possesses histone acetyltransferase activity, which modifies chromatin structure to facilitate transcription of TGF-β target genes.

6. HDAC1 is a histone deacetylase that can associate with SMAD proteins and transcriptional repressors to counteract the effects of CREBBP and other acetyltransferases. It is involved in the regulation of gene expression by modulating chromatin structure, often leading to transcriptional repression.

In summary, the proteins in this system are primarily involved in the regulation of the TGF-β signaling pathway. This pathway is crucial for numerous cellular processes, including cell growth, differentiation, and apoptosis. The interplay between the SMAD proteins, TGFBR1, CREBBP, and HDAC1 reflects a tightly regulated balance of transcriptional activation and repression, ensuring precise control of gene expression in response to TGF-β signals."	0.95
NEST:15	"UBE2T,RAD51C,MRE11,CKS1B,BRCA2,MDC1,HDAC3,MKI67,EP300,CDKN1C,PALB2,TP53,RBL1,MTA1,ATR,BRIP1,MSH2,XRCC1,PPP1CC,FANCM,ATM,MDM4,SMARCE1,BLM,JUN,RBL2,CDKN2B,AR,FANCA,BRD4,HDAC1,CCND1,RAD51D,WRN,PPP1CA,SMARCA4,HDAC2,ING1,MSH6,MYB,PARP1,CDKN2A,CHEK2,TAF1,CDC25A,DNMT1,ARID1A,STAT3,FANCD2,IRF2,HLA-A,TP63,RAD54L,CDKN2C,CCNE2,CCNE1,FANCI,RAD51,FANCG,BRCA1,FANCE,EMSY,CDKN1A,E2F5,KDM5A,FANCL,POLE,BCL11B,RB1,PRKDC,CREBBP,POLH,YEATS4,HIST3H3,RAD50,H3F3A,MLH1,NBN,SMARCB1,AURKB,CDKN1B,AURKA,FANCC,MSH3,MLH3,CHD4,EED,SMAD2,CDK4,XRCC3,CDK6,CHEK1,PMS2,E2F4,DNMT3A,E2F2,CTNNB1,TYMS,CDK5,RUNX1,TERT,XPC,SMC3,BUB1B,BARD1,IKZF1,E2F1,EZH2,NPM1,CCND2,XRCC2,PMS1,DNMT3B,MDM2,TNF,DAXX,MYC,SOX2,HIF1A,REL,PML,POLD1,TFDP1,CCND3,CDC73,TOP2A,ZBTB2,RAD51B"	DNA Damage Response and Cell Cycle Regulation	"1. The proteins UBE2T, RAD51C, MRE11, BRCA2, MDC1, PALB2, BRIP1, MSH2, XRCC1, FANCM, ATM, BLM, RAD51D, WRN, MSH6, PARP1, CHEK2, RAD51, FANCG, BRCA1, FANCE, EMSY, RAD54L, FANCI, MLH1, NBN, MLH3, AURKB, AURKA, FANCC, MSH3, CHD4, SMAD2, XRCC3, CHEK1, PMS2, CTNNB1, BUB1B, BARD1, E2F1, EZH2, XRCC2, PMS1, and RAD51B are involved in the DNA damage response (DDR). They participate in the detection, signaling, and repair of DNA damage. The proteins in this group work together to maintain genomic stability through processes such as homologous recombination repair, mismatch repair, and the activation of cell cycle checkpoints.

2. The proteins CDKN1C, TP53, RBL1, CDKN2B, AR, CDKN1A, E2F5, RB1, CDKN1B, CDK4, CDK6, E2F4, E2F2, CDK5, E2F1, CCND1, CCNE2, CCNE1, CCND2, CCND3, and POLD1 are key regulators of the cell cycle. They are involved in controlling the progression through different phases of the cell cycle and in the decision to enter the cell cycle from a quiescent state. These proteins work together to ensure that cells only divide when conditions are favorable and that damaged DNA is not propagated.

3. Proteins such as HDAC1, HDAC2, HDAC3, EP300, CREBBP, KDM5A, DNMT1, ARID1A, DNMT3A, DNMT3B, EZH2, and MYC are involved in chromatin remodeling and transcriptional regulation. They modify histones and DNA, influencing the accessibility of the chromatin and thereby regulating gene expression patterns critical for the DDR and cell cycle control.

4. Proteins like TP53, MDM2, MDM4, JUN, STAT3, MYB, MYC, SOX2, HIF1A, REL, and PML are transcription factors or regulators that respond to cellular stress and damage signals. They activate or repress the transcription of a wide array of genes involved in cell survival, apoptosis, and cell cycle arrest.

5. The proteins PPP1CC, PPP1CA, PRKDC, ATR, CHEK1, CHEK2, and CDC25A are involved in cell cycle checkpoint control and signal transduction pathways that coordinate the cell cycle with DNA repair mechanisms. They ensure that cells do not proceed through the cell cycle with damaged DNA.

6. Proteins such as SMARCE1, SMARCA4, SMARCB1, ARID1A, and CHD4 are part of the SWI/SNF complex, which is involved in nucleosome remodeling and is crucial for the regulation of gene expression necessary for DNA repair and cell cycle progression.

7. The proteins TAF1, TFDP1, E2F1, E2F2, E2F4, and E2F5 are components of the transcription factor complex that plays a pivotal role in controlling the expression of genes involved in cell cycle progression, particularly the transition from G1 to S phase.

8. Proteins involved in sister chromatid cohesion and segregation during cell division include SMC3, BUB1B, and AURKB. These proteins are essential for proper chromosome alignment and separation to prevent genomic instability.

To summarize, the proteins in this system are highly interconnected and primarily function in the DNA damage response and cell cycle regulation. They work in concert to detect and repair DNA damage, control cell cycle progression, and regulate gene expression to maintain genomic stability and prevent the propagation of damaged DNA. The system ensures that cells respond appropriately to DNA damage and stress, balancing repair and survival against apoptosis when damage is irreparable."	0.98
NEST:150	"CDKN1B,CCND1,TP53,CDK4,CDK6,CDKN1A,CDKN2A,CDKN2B,CDKN2C,CCND2,CCND3,CCNE1,CCNE2"	Cell Cycle Regulation and Control	"1. CDKN1B, CDKN1A, CDKN2A, CDKN2B, and CDKN2C are members of the cyclin-dependent kinase inhibitor (CDKI) family. These proteins play a critical role in regulating the cell cycle by inhibiting cyclin-CDK complexes. CDKN1B (p27^Kip1) and CDKN1A (p21^Cip1) are involved in the inhibition of CDK2 and CDK4/6, leading to cell cycle arrest in G1 phase. CDKN2A (p16^INK4a) specifically binds to CDK4/6, preventing their association with D-type cyclins and thus inhibiting cell cycle progression.

2. CCND1, CCND2, and CCND3 encode D-type cyclins, which are regulatory subunits that bind to CDK4 and CDK6. These cyclin-CDK complexes phosphorylate the retinoblastoma protein (pRb), leading to the release of E2F transcription factors and progression of the cell cycle from G1 to S phase.

3. CDK4 and CDK6 are serine/threonine kinases that, when complexed with D-type cyclins, play a pivotal role in the transition from G1 to S phase by phosphorylating and inactivating pRb.

4. TP53 (p53) is a tumor suppressor protein that responds to diverse cellular stresses to regulate target genes that induce cell cycle arrest, apoptosis, senescence, DNA repair, or changes in metabolism. TP53 is a crucial player in maintaining genomic stability and preventing oncogenesis.

5. CCNE1 and CCNE2 encode E-type cyclins, which form complexes with CDK2 that are important for the G1/S transition and initiation of DNA replication.

The proteins in this system are primarily involved in the regulation of the cell cycle. They interact to control the progression through the G1 phase and the G1/S transition, ensuring that cells only divide when appropriate. The balance between cyclins, CDKs, and CDKI is crucial for proper cell cycle control, and disruption of this balance can lead to uncontrolled cell proliferation and cancer. The system exhibits a high degree of functional integration, with multiple layers of control to maintain cellular homeostasis."	0.98
NEST:153	"CTNNB1,EGF,EGFR,CRKL,ERBB2,PIK3R2,ABL1,SOCS1,CBL,PIK3R1,MET"	Signal Transduction in Cell Growth and Proliferation	"1. CTNNB1, or beta-catenin, is a key component of the Wnt signaling pathway. It acts as a transcriptional co-activator for Wnt target gene expression when translocated to the nucleus. Beta-catenin is also involved in the regulation of cell adhesion through its interaction with E-cadherin. Dysregulation of CTNNB1 is associated with various cancers due to its role in controlling cell proliferation and differentiation.

2. EGF and EGFR form a ligand-receptor pair essential for the initiation of the epidermal growth factor receptor (EGFR) signaling pathway. EGF binding to EGFR triggers receptor dimerization and autophosphorylation, leading to the activation of downstream signaling cascades that regulate cell growth, survival, and differentiation. EGFR can also form heterodimers with other members of the ErbB family, such as ERBB2, enhancing the diversity and specificity of signaling.

3. ERBB2, also known as HER2/neu, is another member of the ErbB receptor tyrosine kinase family. It has no known direct activating ligand and may be in an open conformation ready to interact with other ErbB receptors. ERBB2 is involved in the regulation of cell growth and differentiation and is often overexpressed in breast and other cancers.

4. CRKL, ABL1, and CBL are signaling proteins that interact with receptor tyrosine kinases like EGFR and MET. CRKL is an adaptor protein that mediates signal transduction from activated receptors to downstream pathways. ABL1 is a non-receptor tyrosine kinase that can be activated by growth factor signaling and is involved in various cellular processes, including the regulation of the actin cytoskeleton. CBL is an E3 ubiquitin-protein ligase that negatively regulates signal transduction by promoting receptor degradation.

5. PIK3R1 and PIK3R2 are regulatory subunits of phosphoinositide 3-kinases (PI3Ks), which are activated by receptor tyrosine kinases like EGFR and MET. PI3Ks play a critical role in the AKT/mTOR signaling pathway, which is crucial for cell survival, growth, and metabolism.

6. SOCS1 is a member of the suppressor of cytokine signaling (SOCS) family, which negatively regulates cytokine signaling by inhibiting the JAK/STAT pathway. SOCS1 can also interact with the insulin receptor and has been implicated in the negative regulation of EGFR and other receptor tyrosine kinases.

7. MET is a receptor tyrosine kinase known for its role in the hepatocyte growth factor (HGF) signaling pathway. MET activation leads to a wide range of biological responses including cell growth, motility, and morphogenesis. It is also involved in tissue regeneration and cancer cell proliferation.

In summary, the proteins in this system are primarily involved in the regulation of cell growth, proliferation, and differentiation through various signaling pathways. The system includes ligands, receptors, adaptors, kinases, and regulatory proteins that interact to form a complex network controlling cellular responses to external and internal stimuli. Dysregulation of these pathways is commonly associated with cancer, making this system critical for understanding oncogenic processes."	0.94
NEST:155	"EP300,CTNNB1,TP53,EZH2,HIST3H3"	Chromatin remodeling and transcriptional regulation	"1. EP300 (E1A binding protein p300) is a histone acetyltransferase (HAT) that acetylates lysine residues in histone and non-histone proteins, leading to chromatin relaxation and transcriptional activation. It interacts with numerous transcription factors and co-regulates gene expression, playing a key role in cell proliferation and differentiation.

2. CTNNB1 (Catenin Beta 1), also known as β-catenin, is a dual function protein involved in the regulation and coordination of cell–cell adhesion and gene transcription. In the Wnt signaling pathway, stabilized β-catenin translocates into the nucleus, where it acts as a coactivator for transcription factors such as TCF/LEF, influencing the expression of Wnt target genes.

3. TP53, commonly known as p53, is a tumor suppressor protein that regulates the expression of a wide variety of genes involved in apoptosis, growth arrest, and DNA repair in response to genomic stress. TP53 can influence chromatin structure indirectly through the transcriptional regulation of genes encoding for histone modification enzymes and chromatin remodeling factors.

4. EZH2 (Enhancer of Zeste 2 Polycomb Repressive Complex 2 Subunit) is a histone methyltransferase that is part of the Polycomb-group (PcG) family. It mediates the methylation of histone H3 on lysine 27 (H3K27me), leading to transcriptional repression. EZH2 is involved in the regulation of gene expression during development and cell differentiation, as well as in the maintenance of stem cell identity.

5. HIST3H3 (Histone Cluster 3, H3) represents a variant of the conventional histone H3. Histone H3 variants are essential for the packaging of DNA into chromatin and play a role in the regulation of gene expression. Post-translational modifications of histone H3, such as acetylation by EP300 and methylation by EZH2, are critical for the control of chromatin structure and function.

In summary, the proteins in this system are primarily involved in the modification of chromatin structure and the regulation of transcription. EP300 and EZH2 modify histones to influence chromatin accessibility, while CTNNB1 and TP53 serve as transcriptional regulators that can interact with chromatin remodeling complexes. HIST3H3 provides the substrate for these modifications. The interplay between these proteins is crucial for the control of gene expression patterns that govern cell identity, growth, and response to cellular stress."	0.92
NEST:158	"CTCF,XPC,CASP8,PARP1,HIST1H1E,HIST1H1C"	Chromatin Organization and DNA Damage Response	"1. CTCF (CCCTC-binding factor) is a highly conserved zinc finger protein that plays a critical role in chromatin organization and transcriptional regulation. It functions as an insulator binding protein, blocking the interaction between enhancers and promoters, and is involved in the three-dimensional organization of chromatin by promoting loop formation. CTCF is also implicated in the regulation of imprinted genes and has been associated with various epigenetic processes.

2. XPC (Xeroderma Pigmentosum, Complementation Group C) is a DNA damage recognition protein that is crucial for global genome nucleotide excision repair (NER). It recognizes a variety of structurally unrelated DNA lesions that distort the DNA helix, including UV-induced photoproducts. XPC is essential for the initial damage recognition step in global genome NER and contributes to the protection of the genome from mutagenesis by environmental carcinogens.

3. CASP8 (Caspase-8) is an initiator caspase, primarily involved in the initiation of apoptosis. It is activated by external signals such as Fas ligand and TNF-related apoptosis-inducing ligand (TRAIL). Upon activation, CASP8 can cleave and activate downstream effector caspases, leading to apoptosis. Additionally, CASP8 has been implicated in non-apoptotic functions, including cell differentiation and necroptosis.

4. PARP1 (Poly [ADP-ribose] polymerase 1) is a key enzyme in the base excision repair pathway of DNA lesions. It detects DNA strand breaks and signals the presence of DNA damage by adding ADP-ribose polymers to various nuclear proteins, including itself. This modification is crucial for recruiting DNA repair proteins to the sites of damage and is also involved in the regulation of transcription and chromatin structure.

5. HIST1H1E and HIST1H1C (Histone Cluster 1, H1e and H1c) are members of the linker histone H1 family, which are involved in the higher-order structure of chromatin. They bind to the nucleosome, facilitating the compaction of chromatin into higher-order structures, which is essential for transcriptional regulation, DNA replication, and repair. Histone H1 variants are also involved in the epigenetic regulation of gene expression.

In summary, the proteins in this system are primarily involved in the organization of chromatin structure and the cellular response to DNA damage. CTCF and the histone H1 variants contribute to chromatin architecture and transcriptional regulation, while XPC and PARP1 are central to the DNA damage recognition and repair processes. CASP8, although primarily associated with apoptosis, can also influence DNA repair and cellular responses to genotoxic stress. The interplay between these proteins ensures the maintenance of genomic integrity and the proper regulation of gene expression in response to DNA damage."	0.92
NEST:16	"ARID5B,SOX17,ADGRA2,CBR3,RET,SETBP1,FGF10,FGF19,VEGFA,PREX2,FCGR2A,SH2B3,ERG,VSIR,NOTCH4,EBF1,FLT1,NEGR1,EPCAM,KDR,EGF,FLT4"	Angiogenesis and Vascular Development	"1. VEGFA, FGF10, FGF19, and EGF are growth factors that play crucial roles in angiogenesis and vascular development. VEGFA (Vascular Endothelial Growth Factor A) is a potent mediator of angiogenesis, stimulating the proliferation and migration of endothelial cells. FGF10 and FGF19 (Fibroblast Growth Factors 10 and 19) are involved in the development and repair of various tissues, including the vasculature. EGF (Epidermal Growth Factor) has roles in promoting endothelial cell proliferation and angiogenesis.

2. FLT1 (Fms-related tyrosine kinase 1), KDR (Kinase insert domain receptor), and FLT4 are receptors for VEGFA, mediating its effects on endothelial cells. FLT1 and KDR, also known as VEGFR1 and VEGFR2, are critical for the formation of blood vessels. FLT4, or VEGFR3, is involved in lymphangiogenesis.

3. NOTCH4 is part of the Notch signaling pathway, which is essential for vascular morphogenesis and the regulation of arterial and venous specification. It interacts with other proteins to influence cell fate decisions during vascular development.

4. ERG (ETS-related gene) is a transcription factor implicated in the regulation of endothelial cell differentiation and blood vessel formation. It is essential for maintaining vascular integrity and endothelial homeostasis.

5. EPCAM (Epithelial cell adhesion molecule) is involved in cell signaling, migration, proliferation, and differentiation. It is expressed in endothelial cells and may have a role in angiogenesis.

6. SH2B3 (SH2B adaptor protein 3) and FCGR2A (Fc fragment of IgG receptor IIa) are involved in cellular signaling pathways that can influence vascular development and inflammation.

7. RET is a receptor tyrosine kinase involved in cell growth and differentiation, with roles in the development of the nervous system and possibly in the maintenance of vascular integrity.

8. SOX17 is a transcription factor that plays a role in the development and maintenance of endothelial cells, and it is essential for embryonic vasculature development.

9. ARID5B, SETBP1, ADGRA2, CBR3, PREX2, VSIR, EBF1, NEGR1, and others may have indirect or less characterized roles in vascular development or related processes, but their direct involvement in angiogenesis is not as well established as the aforementioned factors.

To summarize, the proteins in this set are predominantly involved in the processes of angiogenesis and vascular development. They include growth factors, receptors, transcription factors, and signaling molecules that work in concert to regulate endothelial cell proliferation, differentiation, and the formation of blood vessels. The interplay between these proteins ensures the proper development and maintenance of the vascular system."	0.92
NEST:163	"HDAC3,PML,TBL1XR1,ANKRD11,NCOR1,GPS2,NCOR2"	Chromatin remodeling and transcriptional repression complex	"1. HDAC3 (Histone Deacetylase 3) is a member of the class I histone deacetylase family, which is known to modify chromatin structure and repress transcription when tethered to a promoter. HDAC3 activity is dependent on its association with the corepressors NCOR1 or NCOR2, which are necessary for its deacetylase activity.

2. PML (Promyelocytic Leukemia Protein) is involved in the formation of nuclear bodies (PML-NBs) that are implicated in the regulation of transcription and the cellular response to stress. PML can interact with HDACs and has been shown to recruit these enzymes to PML-NBs, suggesting a role in chromatin remodeling and transcriptional regulation.

3. TBL1XR1 (Transducin Beta-Like 1 X-Linked Receptor 1) functions as a component of the NCOR1/NCOR2 transcriptional corepressor complexes. It is involved in the removal of corepressor complexes from chromatin and the exchange with coactivator complexes, thus playing a role in the regulation of transcriptional activation and repression.

4. ANKRD11 (Ankyrin Repeat Domain 11) is a chromatin regulator known to interact with HDAC3 and is implicated in gene silencing. It is associated with the regulation of transcription and chromatin remodeling.

5. NCOR1 (Nuclear Receptor Corepressor 1) and NCOR2 (Nuclear Receptor Corepressor 2, also known as SMRT) are transcriptional corepressor proteins that mediate gene silencing in association with histone deacetylases. They are key components of a complex that includes HDAC3 and are involved in the repression of target gene transcription.

6. GPS2 (G Protein Pathway Suppressor 2) is a component of the transcriptional corepressor complex and interacts with NCOR1 and NCOR2. It is implicated in the regulation of inflammatory responses and may influence chromatin remodeling and transcriptional repression.

To summarize, the proteins in this set form a complex system that is primarily involved in chromatin remodeling and transcriptional repression. They interact to form corepressor complexes that regulate gene expression through histone deacetylation and modulation of chromatin structure. The presence of multiple corepressor proteins (NCOR1, NCOR2, GPS2) and their association with HDAC3 suggest a tightly regulated mechanism for the repression of gene transcription. The involvement of PML in recruiting these complexes to specific nuclear domains and the role of TBL1XR1 in the exchange between corepressor and coactivator complexes further emphasize the dynamic nature of transcriptional regulation by this protein system."	0.92
NEST:165	"TP53,HIST3H3,TAF1,MED1,E2F1"	Regulation of Gene Expression and Cell Cycle Control	"1. TP53, commonly known as p53, is a tumor suppressor protein that plays a critical role in preventing cancer formation. It functions as a transcription factor that regulates the expression of a wide array of genes involved in cell cycle arrest, DNA repair, apoptosis, and senescence. TP53 is activated in response to DNA damage and other cellular stress signals, thereby maintaining genomic stability.

2. HIST3H3 refers to a variant of histone H3, a core component of the nucleosome. Histones are responsible for the packaging of DNA into chromatin and play a key role in the regulation of gene expression. Post-translational modifications of histones, such as methylation and acetylation, can either promote or repress transcriptional activity.

3. TAF1 is a component of the transcription factor IID (TFIID) complex, which is integral to the initiation of gene transcription by RNA polymerase II. TAF1 possesses histone acetyltransferase activity, which modifies histones to facilitate the assembly of the pre-initiation complex and the subsequent transcriptional activation of genes.

4. MED1 is part of the mediator complex, a multi-protein coactivator involved in the transcription of nearly all RNA polymerase II-dependent genes. MED1 interacts with transcription factors and the RNA polymerase II machinery to enhance gene expression. It is particularly important in the regulation of genes involved in cell cycle progression and development.

5. E2F1 is a member of the E2F family of transcription factors, which play a crucial role in controlling the cell cycle by regulating the expression of genes required for DNA synthesis and cell proliferation. E2F1 is activated in late G1 phase to initiate the transcription of S phase genes, and its activity is tightly regulated by interactions with retinoblastoma (Rb) family proteins.

In summary, the proteins in this system are intricately involved in the regulation of gene expression and the control of the cell cycle. TP53 acts as a guardian of the genome, while HIST3H3, TAF1, and MED1 modulate chromatin structure and transcriptional activation. E2F1 is a key player in driving cell cycle progression. The interplay between these proteins ensures proper cell cycle regulation, which is essential for normal cell growth and the prevention of tumorigenesis."	0.92
NEST:168	"AKT1,FOXO3,SMAD4,SMARCB1,EP300,CDKN1B,AR,RARA,VHL,CREBBP"	Regulation of Cell Proliferation and Apoptosis	"1. AKT1 is a serine/threonine kinase that plays a critical role in controlling the balance between cell survival and apoptosis. It is activated by various growth factors and is involved in downstream signaling pathways that lead to cell growth, proliferation, and survival. AKT1 phosphorylates and inactivates components of the apoptotic machinery, thereby promoting cell survival.

2. FOXO3 is a member of the forkhead class of DNA-binding proteins. It is a transcription factor that can trigger apoptosis or cell-cycle arrest under conditions of cellular stress or in the absence of survival factors. AKT1 phosphorylates FOXO3, leading to its exclusion from the nucleus and inhibition of its transcriptional activity, which is a key mechanism in promoting cell survival and proliferation.

3. SMAD4 is a common mediator of signal transduction by TGF-beta (transforming growth factor-beta) superfamily proteins, which are involved in a wide range of cellular processes including cell proliferation, differentiation, and apoptosis. SMAD4 forms complexes with other SMAD proteins and translocates to the nucleus where it acts as a transcription factor.

4. SMARCB1 is part of the SWI/SNF chromatin remodeling complex that is involved in transcriptional regulation of genes that control cell proliferation and differentiation. Mutations in SMARCB1 can lead to dysregulation of these processes and contribute to tumorigenesis.

5. EP300 and CREBBP (CBP) are histone acetyltransferases that regulate transcription via chromatin remodeling. They acetylate histones, leading to an open chromatin structure and transcriptional activation. Both proteins are involved in the cell cycle regulation and apoptosis, and they interact with numerous transcription factors to modulate gene expression.

6. CDKN1B, also known as p27^Kip1, is a cyclin-dependent kinase inhibitor that plays a key role in cell cycle regulation by inhibiting the activity of cyclin-CDK2 or -CDK4 complexes. CDKN1B is a critical regulator of cell proliferation and is involved in G1 phase arrest in response to a variety of inhibitory signals.

7. AR (Androgen Receptor) is a steroid hormone receptor that is activated by binding androgens. It regulates genes involved in the development and maintenance of male phenotype and reproductive system. AR signaling also has significant effects on cell proliferation and survival, particularly in prostate tissue.

8. RARA (Retinoic Acid Receptor Alpha) is a nuclear receptor that regulates gene expression in response to retinoic acid. RARA is involved in cell differentiation and apoptosis and plays a role in the development of multiple organ systems.

9. VHL (Von Hippel-Lindau tumor suppressor) is involved in the degradation of hypoxia-inducible factors (HIFs). Loss of VHL function leads to the accumulation of HIF and upregulation of genes that promote angiogenesis, cell proliferation, and survival, contributing to tumorigenesis.

To summarize, the proteins in this system interact in a complex network that regulates cell proliferation and apoptosis. They are involved in multiple signaling pathways that integrate external and internal signals to control cell cycle progression and programmed cell death. The balance between these processes is crucial for tissue homeostasis and the prevention of diseases such as cancer. The proteins function synergistically and antagonistically to fine-tune cellular responses, ensuring proper cell growth and survival under various physiological conditions."	0.92
NEST:169	"AKT1,PTEN,CTNNB1,EGF,EGFR,NF2"	PI3K/Akt Signaling Pathway Regulation	"1. AKT1 is a serine/threonine kinase that is a critical component of the phosphatidylinositol 3-kinase (PI3K) signaling pathway. It is activated by various growth factors and is involved in a wide range of biological processes including cell proliferation, differentiation, apoptosis, and glucose metabolism. AKT1 phosphorylates and regulates the activity of numerous substrates involved in these processes.

2. PTEN is a tumor suppressor gene that encodes a phosphatase which negatively regulates the PI3K/Akt signaling pathway. It dephosphorylates phosphatidylinositol (3,4,5)-trisphosphate (PIP3), the product of PI3K activity, thereby acting as a direct antagonist to PI3K/Akt signaling. PTEN is crucial for maintaining cellular homeostasis and preventing uncontrolled cell growth.

3. CTNNB1 encodes beta-catenin, a protein that is involved in the regulation of cell-cell adhesion and also functions as a transcriptional co-activator in the Wnt signaling pathway. Beta-catenin's role in this protein system is likely related to its interaction with growth factor signaling and cross-talk with the PI3K/Akt pathway, influencing cell proliferation and survival.

4. EGF is a growth factor that binds to the epidermal growth factor receptor (EGFR), triggering receptor dimerization and activation. This leads to the activation of several downstream signaling cascades, including the PI3K/Akt pathway, which promotes cellular growth, differentiation, and survival.

5. EGFR is the receptor tyrosine kinase that binds to EGF and other ligands, initiating a signaling cascade that results in various cellular responses. Activation of EGFR is known to stimulate the PI3K/Akt pathway among others, linking extracellular signals to intracellular responses.

6. NF2 encodes Merlin, a protein that functions as a tumor suppressor and is involved in cell growth and signaling. Merlin has been shown to interact with components of the PI3K/Akt pathway, potentially influencing its activity and contributing to the regulation of cell proliferation and survival.

In summary, the proteins in this system are primarily involved in the regulation of the PI3K/Akt signaling pathway, which is a central conduit for transducing growth signals from the extracellular environment to the cell's intracellular machinery. This pathway plays a pivotal role in cell growth, survival, and metabolism, and its dysregulation is implicated in various diseases, including cancer. The proteins in this system exhibit a complex interplay, with AKT1 and EGFR promoting the pathway's activation, PTEN and NF2 providing inhibitory controls, and CTNNB1 potentially modulating the pathway's output through cross-talk with other signaling pathways."	0.95
NEST:17	"NHP2,CASP8,DDX3X,FUS,CHEK2,SRSF2,TERT,EP300,XPC,TP53,SF1,PA2G4,ZRSR2,CREBBP,PRPF40B,NPM1,U2AF1,CTCF,RBM10,DKC1,HRAS,UPF1,SF3B1,RPS15,MDM2,TNF,RPL5,EWSR1,CDC73,BCLAF1"	Regulation of Gene Expression and DNA Repair in Cancer Pathogenesis	"1. Several proteins in this system, such as TP53, MDM2, and TNF, are directly involved in the regulation of cell cycle, apoptosis, and the cellular response to stress, which are critical in cancer pathogenesis. TP53, known as the ""guardian of the genome,"" activates DNA repair proteins when DNA has sustained damage and can initiate apoptosis if the damage is irreparable. MDM2 is an E3 ubiquitin-protein ligase that negatively regulates the p53/TP53 tumor suppressor, while TNF is a cytokine involved in systemic inflammation and the acute phase response.

2. Proteins like CHEK2 and CDC73 participate in cell cycle checkpoint control and DNA damage repair mechanisms. CHEK2 is a kinase that phosphorylates BRCA1, allowing for DNA damage repair, and CDC73 is part of the PAF1 complex, which has been implicated in the regulation of transcription and modifications of chromatin structure.

3. The system includes several proteins involved in RNA processing and splicing, such as SRSF2, SF1, ZRSR2, PRPF40B, U2AF1, SF3B1, and RBM10. These proteins are essential for the accurate and efficient splicing of pre-mRNA and are often found mutated in various cancers, which can lead to aberrant gene expression and contribute to tumorigenesis.

4. Proteins like EP300, CREBBP, and NPM1 are involved in chromatin remodeling and transcriptional regulation. EP300 and CREBBP are histone acetyltransferases that regulate transcription via chromatin remodeling, and NPM1 is involved in ribosome biogenesis and the stabilization of tumor suppressor proteins.

5. DNA repair is also a prominent function within this system, with proteins such as XPC, which is involved in nucleotide excision repair, and DDX3X, an ATP-dependent RNA helicase that participates in various aspects of RNA metabolism and has been implicated in DNA damage response pathways.

6. The telomerase reverse transcriptase TERT is included, which maintains telomere ends and is often reactivated in cancer cells to enable limitless replication potential.

7. Proteins such as HRAS are involved in signal transduction pathways that control cell growth and differentiation, and mutations in HRAS are frequently associated with cancer.

8. The system also contains proteins like FUS, EWSR1, and TAF15, which are RNA-binding proteins with diverse roles in RNA processing and have been implicated in the pathogenesis of certain cancers due to their involvement in gene fusions and chromosomal translocations.

9. Ribosomal proteins like RPS15 and RPL5 are essential for protein synthesis and have been linked to cancer when mutated, as they can lead to dysregulation of ribosome biogenesis and p53 signaling pathways.

To summarize, the proteins in this system are heavily involved in the regulation of gene expression, RNA processing, and DNA repair mechanisms. Their interplay is crucial in maintaining cellular homeostasis and preventing tumorigenesis. However, mutations or dysregulation of these proteins can contribute to the development and progression of cancer, making this system particularly relevant to cancer pathogenesis."	0.92
NEST:170	"PPP2R2A,PPP2R1A,PPP2CA,PPP2CB,PPP2R1B"	Protein Phosphatase 2 (PP2A) Complex Regulation and Signaling	"1. PPP2CA and PPP2CB encode the catalytic subunits of protein phosphatase 2A (PP2A), a major serine/threonine phosphatase implicated in the negative control of cell growth and division. PP2A is involved in a variety of cellular processes, including signal transduction, cell cycle regulation, gene expression, and apoptosis. The catalytic subunits are responsible for the dephosphorylation of a multitude of substrates, thereby reversing the action of kinases.

2. PPP2R1A and PPP2R1B encode the scaffolding A subunits of PP2A. These subunits are critical for the assembly of the PP2A holoenzyme, which consists of a scaffolding A subunit, a regulatory B subunit, and a catalytic C subunit. The A subunits serve as the structural backbone that binds both the catalytic C subunits and one of the various regulatory B subunits, determining the substrate specificity and localization of the PP2A holoenzyme.

3. PPP2R2A encodes one of the regulatory B subunits of PP2A. The B subunits are variable and confer substrate specificity to the PP2A holoenzyme. They are involved in targeting the holoenzyme to specific subcellular locations and in modulating the enzyme's activity in response to various signaling pathways.

The proteins in this system are all components of the PP2A holoenzyme complex, which plays a pivotal role in the regulation of numerous signaling pathways by dephosphorylating serine and threonine residues on a wide range of substrates. The interplay between the catalytic C subunits and the scaffolding A subunits, along with the regulatory B subunits, allows for the precise control of PP2A activity and specificity. This system is integral to maintaining cellular homeostasis and is involved in the regulation of processes such as metabolism, cell cycle progression, and apoptosis. The high degree of interaction and the essential role of PP2A in cellular signaling pathways justify the high confidence score."	0.95
NEST:174	"AXIN2,GSK3B,AKT1,PPP1CA,HLA-A,CTNNB1,AXIN1,APC"	Wnt/β-Catenin Signaling Pathway Regulation	"1. AXIN1 and AXIN2 are scaffold proteins that play a critical role in the regulation of the Wnt signaling pathway. They are involved in the formation of the β-catenin destruction complex, which includes GSK3B, APC, and CTNNB1 (β-catenin itself). This complex leads to the phosphorylation and subsequent degradation of β-catenin, preventing it from translocating to the nucleus and activating Wnt target genes.

2. GSK3B (Glycogen synthase kinase 3 beta) is a serine/threonine kinase that is a key component of the β-catenin destruction complex. It phosphorylates β-catenin, marking it for ubiquitination and proteasomal degradation. GSK3B is also involved in other cellular processes, including insulin signaling and glycogen metabolism, but its role in the Wnt/β-catenin pathway is a primary function within this protein system.

3. AKT1 (Protein kinase B) is a serine/threonine kinase that, when activated, can phosphorylate and inhibit GSK3B, leading to stabilization and accumulation of β-catenin in the cytoplasm and its eventual translocation into the nucleus. AKT1 is a critical mediator of various signaling pathways, including those regulating cell survival and growth.

4. PPP1CA (Protein phosphatase 1 catalytic subunit alpha) is a serine/threonine phosphatase that can dephosphorylate various proteins, including those in the Wnt/β-catenin pathway. Its role can be regulatory, ensuring a balance in the phosphorylation status of pathway components.

5. HLA-A is a major histocompatibility complex (MHC) class I molecule involved in the presentation of peptide antigens to the immune system. Its inclusion in this protein system is not directly related to the Wnt/β-catenin signaling pathway, but it may be involved in immune surveillance of cells undergoing Wnt-mediated processes or in presenting antigens from cells affected by Wnt signaling.

6. CTNNB1 (Catenin beta-1) is the central player in the Wnt signaling pathway. When stabilized, it translocates to the nucleus and activates transcription of Wnt target genes, which are involved in cell proliferation, differentiation, and survival.

7. APC (Adenomatous polyposis coli) is a tumor suppressor protein that is a component of the β-catenin destruction complex. Mutations in APC are a hallmark of colorectal cancer and lead to dysregulated β-catenin/Wnt signaling.

In summary, the majority of the proteins in this system are directly involved in the regulation of the Wnt/β-catenin signaling pathway. This pathway is crucial for cell fate determination, proliferation, and migration during embryonic development and in maintaining adult tissue homeostasis. Dysregulation of this pathway is implicated in various diseases, including cancer. The presence of HLA-A suggests a potential link to immune system interactions, but it does not significantly alter the primary function of this protein system. The high confidence score reflects the strong involvement of these proteins in the Wnt/β-catenin signaling pathway, despite the somewhat peripheral role of HLA-A."	0.94
NEST:177	"EP300,CREBBP,TP53,CDKN1A,RBL1"	Regulation of Cell Cycle and Apoptosis	"1. EP300 and CREBBP are closely related transcriptional co-activators that possess histone acetyltransferase (HAT) activity. They are involved in the regulation of gene expression through the remodeling of chromatin by acetylating histones, which leads to transcriptional activation of numerous genes. These proteins are key players in the control of cell growth and division, and they also have roles in DNA repair and apoptosis.

2. TP53, commonly known as p53, is a tumor suppressor protein that plays a critical role in preventing cancer formation. It responds to diverse cellular stresses to regulate target genes that induce cell cycle arrest, apoptosis, senescence, DNA repair, or changes in metabolism. TP53's activity is modulated by post-translational modifications, and it can activate the transcription of CDKN1A.

3. CDKN1A, also known as p21, is a potent cyclin-dependent kinase inhibitor (CKI). It is involved in the regulation of the cell cycle by inhibiting the activity of cyclin-CDK2 or -CDK4 complexes. CDKN1A is a regulatory target of TP53 and is crucial in mediating the cell cycle arrest caused by DNA damage.

4. RBL1, also known as p107, is a member of the retinoblastoma protein family which includes pRb (Rb) and p130. It is involved in the regulation of cell cycle progression and can interact with E2F transcription factors, thereby modulating the expression of genes essential for S phase entry and completion. RBL1 also has roles in the control of differentiation and development.

In summary, the proteins in this system interact to regulate critical cellular processes such as cell cycle progression, apoptosis, and response to DNA damage. EP300 and CREBBP modify chromatin structure to facilitate gene expression, while TP53 acts as a central hub in response to cellular stress, regulating the expression of genes like CDKN1A to induce cell cycle arrest. RBL1 complements this regulation by controlling the E2F-dependent transcription and cell cycle progression. The interplay between these proteins ensures proper cell cycle control and the activation of apoptosis when necessary, thereby maintaining cellular integrity and preventing tumorigenesis."	0.94
NEST:18	"GATA3,HLA-G,CIITA,P2RY8,HLA-DQA2,HLA-DQB2,HLA-B,HLA-DPB1,MS4A1,KLHL6,IL7R,TIGIT,HLA-DMA,CD70,HLA-DRB5,CARD11,TAP2,PRF1,HLA-E,PDCD1LG2,HLA-DOB,PTPN22,TNFRSF9,JAK3,CD79A,IKZF1,TNFRSF14,HLA-DRA,HLA-A,CTLA4,TNFRSF17,B2M,FLT3,HLA-DPA1,CD79B,SH2D1A,IL15,HLA-DRB1,PDCD1,BIRC3,CD40,CXCR4,IDO1,IKZF3,CD19,HLA-DQA1,HLA-F,HLA-DQB1,HLA-DMB,CD274,IRF1,LAG3,STAT4,IRF4,HLA-DOA,PHOX2B,HLA-C"	Immune System Regulation and Antigen Presentation	"1. The majority of the proteins listed, including HLA-G, HLA-B, HLA-E, HLA-A, HLA-C, HLA-DQA1, HLA-DQA2, HLA-DQB1, HLA-DQB2, HLA-DRA, HLA-DRB1, HLA-DRB5, HLA-DPA1, HLA-DPB1, HLA-DMA, HLA-DMB, HLA-DOB, and HLA-DOA, are part of the human leukocyte antigen (HLA) system. This system is crucial for immune function, specifically in the presentation of peptide antigens to T cells. The HLA class I molecules (HLA-A, -B, -C, -E, -F, -G) present endogenous antigens to CD8+ T cells, while HLA class II molecules (HLA-DP, -DQ, -DR, -DM, -DO) present exogenous antigens to CD4+ T cells.

2. Proteins such as CIITA, IRF1, and IRF4 are transcription factors that regulate the expression of HLA class II genes, thus playing a pivotal role in the control of immune responses through the regulation of antigen presentation.

3. CD79A and CD79B are components of the B-cell receptor (BCR) complex, which is essential for B-cell development and antigen recognition. MS4A1 (CD20) and IL7R are also critical for B-cell function, with CD20 being a target for monoclonal antibody therapy in B-cell malignancies and IL7R being involved in the survival and proliferation of lymphoid progenitors.

4. T-cell regulation and co-stimulation are represented by proteins such as PDCD1 (PD-1), CTLA4, CD274 (PD-L1), PDCD1LG2 (PD-L2), TNFRSF9 (4-1BB), TNFRSF14 (HVEM), TNFRSF17 (BCMA), and TIGIT. These proteins are involved in the modulation of T-cell responses, providing checkpoints that can either stimulate or inhibit T-cell activity.

5. Proteins like CD70, CD40, and their receptors are involved in the co-stimulatory signaling necessary for T-cell activation and B-cell-mediated immunity.

6. The presence of proteins such as JAK3, STAT4, and SH2D1A indicates involvement in cytokine signaling pathways that are essential for immune cell development and function.

7. Proteins like PRF1 (perforin) and GATA3 are associated with cytotoxic T-cell and Th2 cell differentiation, respectively, indicating a role in the direction of immune responses.

8. B2M (beta-2-microglobulin) is a component of MHC class I molecules and is essential for their stability and surface expression.

9. The presence of CARD11 suggests a role in lymphocyte activation through the NF-kappaB signaling pathway.

10. PTPN22 is involved in the regulation of T-cell activation and may be implicated in autoimmunity.

11. Proteins such as CXCR4, FLT3, and IL15 are involved in the chemotaxis, survival, and proliferation of hematopoietic and immune cells.

12. IDO1 is an immunoregulatory enzyme that can modulate T-cell responses through tryptophan catabolism.

13. IKZF1 and IKZF3 are transcription factors that play roles in lymphocyte differentiation and function.

To summarize, the proteins in this system are predominantly involved in the regulation of the immune response, with a strong emphasis on antigen presentation and the modulation of T-cell and B-cell activity. The system reflects a complex network of interactions that ensure the proper initiation and regulation of immune responses, including the development of tolerance and the prevention of autoimmunity."	0.98
NEST:182	"CTNNB1,EGFR,ERBB2,APC,HDAC2,CTNNA1,TCF7L2"	Wnt/β-Catenin Signaling Pathway Regulation	"1. CTNNB1, also known as β-Catenin, is a central component of the Wnt signaling pathway. It is involved in the regulation of cell-cell adhesion and gene transcription. In the absence of Wnt signaling, β-Catenin is targeted for degradation by a complex including APC. When Wnt signaling is active, β-Catenin is stabilized and translocates to the nucleus where it acts as a co-activator for TCF/LEF family transcription factors, such as TCF7L2, to regulate gene expression.

2. APC is a tumor suppressor protein that is part of the destruction complex which regulates the stability of β-Catenin. Mutations in APC are associated with colorectal cancer, where dysregulated Wnt signaling leads to increased levels of β-Catenin and uncontrolled cell proliferation.

3. TCF7L2 (Transcription Factor 7-Like 2) is a transcription factor that interacts with β-Catenin to mediate the expression of Wnt target genes. It plays a crucial role in the Wnt signaling pathway and has been implicated in various biological processes including embryonic development and homeostasis.

4. EGFR (Epidermal Growth Factor Receptor) and ERBB2 (also known as HER2) are receptor tyrosine kinases that can cross-talk with the Wnt signaling pathway. Activation of these receptors can lead to phosphorylation of β-Catenin, which may affect its stability and interaction with E-cadherin and the actin cytoskeleton.

5. HDAC2 (Histone Deacetylase 2) is involved in chromatin remodeling and can influence gene expression by deacetylating histones and other proteins. It can modulate Wnt signaling by affecting the acetylation status of β-Catenin and other components of the pathway.

6. CTNNA1 (Catenin Alpha-1) is an adherens junction protein that binds to β-Catenin and is involved in the regulation of cell adhesion and the cytoskeleton. It can influence Wnt signaling by affecting the pool of β-Catenin available for signaling versus cell adhesion.

In summary, the proteins in this system are primarily involved in the regulation of the Wnt/β-Catenin signaling pathway, which is crucial for cell proliferation, differentiation, and gene expression. The interactions between these proteins modulate the stability and activity of β-Catenin, the central mediator of the pathway, and thus have significant implications for development and disease, particularly in the context of cancer where dysregulation of this pathway is common."	0.92
NEST:186	"TP53,MDM4,CHEK2,MDM2,RB1,CDKN1A,ATR,ATM"	Cell Cycle Regulation and DNA Damage Response	"1. TP53, commonly known as p53, is a tumor suppressor protein that plays a critical role in preventing cancer formation. It acts as a transcription factor that regulates the expression of a wide variety of genes involved in cell cycle arrest, DNA repair, apoptosis, and senescence in response to DNA damage or other stress signals. TP53 is a central node in the cellular stress response, coordinating the cell's efforts to maintain genomic stability.

2. MDM2 and MDM4 (also known as MDMX) are negative regulators of TP53. MDM2 is an E3 ubiquitin-protein ligase that mediates ubiquitination and subsequent proteasomal degradation of TP53, thus controlling its levels and activity within the cell. MDM4 does not possess intrinsic E3 ligase activity but can heterodimerize with MDM2 to enhance TP53 degradation. Both proteins are important for fine-tuning the p53 pathway and preventing unnecessary or prolonged p53 activation that could lead to detrimental effects, such as chronic cell cycle arrest or apoptosis.

3. CHEK2 (Checkpoint kinase 2) and its related kinase ATR (ATM and Rad3-related) are involved in the DNA damage checkpoint response. CHEK2 is activated by ATM in response to double-strand breaks and phosphorylates several downstream targets, including TP53, leading to cell cycle arrest and DNA repair. ATR primarily responds to replication stress and single-stranded DNA but also contributes to the response to double-strand breaks and works in concert with ATM to activate the DNA damage response.

4. ATM (Ataxia Telangiectasia Mutated) is a serine/threonine-protein kinase that is rapidly activated in response to DNA double-strand breaks. It phosphorylates a number of key proteins that initiate the activation of the DNA damage checkpoint, leading to cell cycle arrest, DNA repair, or apoptosis. ATM's role is crucial for the early stages of the DNA damage response and for signaling to other effectors in the pathway.

5. RB1 (Retinoblastoma protein) is a negative regulator of the cell cycle and functions by inhibiting the E2F family of transcription factors, which are essential for the progression of the cell cycle from the G1 to the S phase. Phosphorylation of RB1 by cyclin-dependent kinases (CDKs) leads to its inactivation, allowing cell cycle progression.

6. CDKN1A, also known as p21, is a cyclin-dependent kinase inhibitor induced by TP53. It plays a key role in TP53-mediated cell cycle arrest by inhibiting the activity of CDK2 or CDK4 complexes, thereby controlling the cell cycle progression at the G1 checkpoint.

To summarize, the proteins in this set form an integrated network that governs the cell cycle and orchestrates the cellular response to DNA damage. The system ensures that cells do not proliferate with genomic abnormalities that could lead to tumorigenesis. The interplay between these proteins involves both the activation and inhibition of pathways to maintain cellular integrity and prevent uncontrolled cell division."	0.98
NEST:19	"FUBP1,GATA3,RBM10,UPF1,CASP8,DDX3X,PRCC,SF3B1,FUS,TNF,SPEN,BRD4,SRSF2,SF1,EWSR1,CDC73,BCLAF1,ZRSR2,PRKDC,CREBBP,PRPF40B,U2AF1"	RNA Processing and Regulation of Gene Expression	"1. FUBP1, SF3B1, SRSF2, SF1, EWSR1, BCLAF1, ZRSR2, PRKDC, CREBBP, PRPF40B, and U2AF1 are all involved in various aspects of RNA processing, including splicing, polyadenylation, and regulation of gene expression. FUBP1 is a DNA- and RNA-binding protein that regulates MYC expression and is involved in RNA splicing. SF3B1 is a core component of the spliceosome, and mutations in this gene are associated with altered RNA splicing. SRSF2 is a serine/arginine-rich splicing factor that plays a role in splice site selection. SF1 is involved in the assembly of the spliceosome. EWSR1 is implicated in RNA processing and transport. BCLAF1 and ZRSR2 are also associated with RNA splicing, with ZRSR2 being specific to the minor spliceosome. PRKDC is involved in DNA repair and has a role in RNA processing. CREBBP is a transcriptional coactivator that also modulates RNA polymerase II-mediated transcription. PRPF40B and U2AF1 are also components of the spliceosome, with U2AF1 recognizing the 3' splice site during pre-mRNA splicing.

2. RBM10, DDX3X, and UPF1 are involved in RNA metabolism and regulation. RBM10 is an RNA-binding protein that regulates alternative splicing. DDX3X is an RNA helicase involved in mRNA export and translation, as well as the innate immune response. UPF1 is a key factor in nonsense-mediated mRNA decay (NMD), a process that degrades mRNAs containing premature stop codons.

3. GATA3, SPEN, BRD4, and CREBBP are transcription factors or regulators of transcription. GATA3 is a transcription factor critical for T-cell development and differentiation. SPEN is a transcriptional repressor that interacts with histone deacetylases. BRD4 is a member of the BET (bromodomain and extra-terminal domain) family of proteins, which regulates gene expression by modulating chromatin structure. CREBBP, as mentioned earlier, is a transcriptional coactivator with histone acetyltransferase activity.

4. CASP8, FUS, TNF, and CDC73 are involved in apoptosis, DNA repair, inflammation, and cell cycle regulation. CASP8 is an initiator caspase in the apoptosis pathway. FUS is an RNA/DNA-binding protein implicated in DNA repair and the regulation of apoptosis. TNF is a cytokine that plays a role in inflammation and cell survival. CDC73 is a tumor suppressor involved in cell cycle control.

To summarize, the majority of the proteins in this system are involved in RNA processing and regulation of gene expression, with a significant number being components of the spliceosome or associated with RNA splicing. Additionally, several proteins have roles in transcriptional regulation, mRNA transport, and decay. The interplay between these proteins ensures the proper processing of RNA transcripts and the regulation of gene expression, which is critical for cell function and response to environmental cues."	0.95
NEST:193	"TP53,BARD1,BRCA1,BUB1B,RAD51,FANCD2,RAD51C,BLM,BRCA2"	DNA Damage Response and Repair	"1. TP53, known as the tumor suppressor p53, plays a critical role in the cellular response to DNA damage. It acts as a transcription factor that regulates the expression of a wide array of genes involved in cell cycle arrest, DNA repair, apoptosis, and senescence. TP53 is activated in response to various stress signals, including DNA damage, and is a key player in maintaining genomic stability.

2. BARD1 forms a heterodimer with BRCA1, which is essential for BRCA1's tumor suppressor function. The BRCA1-BARD1 complex is involved in the repair of DNA double-strand breaks through homologous recombination (HR) and also plays a role in cell cycle checkpoint control. This complex is crucial for the maintenance of chromosomal integrity.

3. BRCA1, in addition to its interaction with BARD1, is a central component of the homologous recombination repair pathway. It is involved in recognizing DNA damage and recruiting other proteins to the site of damage, including RAD51, which is essential for strand invasion and exchange during HR.

4. BUB1B, also known as BUBR1, is a key player in the mitotic spindle assembly checkpoint (SAC), which ensures proper chromosome segregation during cell division. While not directly involved in DNA repair, its role in maintaining chromosomal stability is complementary to the DNA damage response.

5. RAD51 is a recombinase that catalyzes the exchange of strands between homologous DNA molecules, a critical step in the HR pathway for repairing DNA double-strand breaks. RAD51 forms nucleoprotein filaments on DNA which facilitate the search for homology and strand pairing.

6. FANCD2 is part of the Fanconi anemia (FA) pathway, which is activated in response to interstrand crosslinks (ICLs) in DNA. The FA pathway coordinates with HR to repair ICLs and maintain genomic stability.

7. RAD51C functions similarly to RAD51 and is also involved in the HR repair of DNA double-strand breaks. It forms a complex with XRCC3, another HR repair protein, and is essential for maintaining chromosome stability.

8. BLM, the Bloom syndrome protein, is a RecQ helicase that helps to maintain genomic stability by resolving DNA structures that can arise during DNA replication and repair processes. Mutations in BLM cause Bloom syndrome, characterized by a high frequency of sister chromatid exchanges indicating a defect in DNA repair.

9. BRCA2 is another critical player in the HR repair pathway. It is responsible for regulating and stabilizing RAD51, thus playing a pivotal role in the repair of DNA double-strand breaks and the maintenance of genomic stability.

To summarize, the proteins in this system are primarily involved in the recognition, signaling, and repair of DNA damage, with a strong emphasis on the homologous recombination pathway. They work in concert to maintain genomic stability by repairing DNA damage and ensuring proper chromosome segregation during cell division. The interplay between these proteins is crucial for preventing the accumulation of genetic mutations that could lead to cancer."	0.98
NEST:195	"EGFR,ERBB2,FRS2,KRAS,STAT3,FGFR1"	Receptor Tyrosine Kinase Signaling Pathway	"1. EGFR (Epidermal Growth Factor Receptor) and ERBB2 (also known as HER2) are members of the ERBB family of receptor tyrosine kinases (RTKs). They play critical roles in the regulation of cell growth, survival, proliferation, and differentiation. EGFR is activated by binding of its specific ligands, including EGF and TGF-alpha, leading to homo- or hetero-dimerization with other family members like ERBB2, which does not bind ligands directly but is a preferred dimerization partner for other ERBB family members.

2. FRS2 (FGF Receptor Substrate 2) acts as an adaptor protein that is essential for the signaling by FGF receptors (FGFRs) such as FGFR1. It links FGFRs to downstream signaling pathways, including the MAPK pathway, by recruiting other signaling proteins such as GRB2 and SOS, which facilitate the activation of RAS proteins like KRAS.

3. KRAS (Kirsten Rat Sarcoma Viral Oncogene Homolog) is a small GTPase that transduces signals from RTKs to downstream signaling pathways, including the MAPK/ERK and PI3K/AKT pathways, which are involved in cell proliferation, differentiation, and survival. Mutations in KRAS are common in various cancers and can lead to constitutive activation of these signaling pathways.

4. STAT3 (Signal Transducer and Activator of Transcription 3) is a transcription factor that is activated by various cytokines and growth factors, including those signaling through RTKs. Upon activation, STAT3 dimerizes and translocates to the nucleus where it regulates the expression of genes involved in cell growth and apoptosis.

5. FGFR1 (Fibroblast Growth Factor Receptor 1) is another RTK that binds fibroblast growth factors (FGFs) and is involved in the regulation of cell growth, differentiation, angiogenesis, and wound healing. Upon ligand binding, FGFR1 dimerizes and activates its intrinsic kinase activity, leading to autophosphorylation and subsequent activation of downstream signaling cascades.

To summarize, the proteins in this set are key components of the RTK signaling pathway. They work in concert to transduce extracellular signals into intracellular responses that regulate a variety of cellular processes. The interplay between these proteins is critical for normal cellular function and, when dysregulated, can contribute to the development of diseases, including cancer. The high confidence score reflects the strong involvement of these proteins in the RTK signaling pathway, which is a well-established and central cellular process."	0.95
NEST:196	"SMC3,RAD21,SMC1A,STAG1,STAG2"	Cohesin Complex Assembly and Chromosome Segregation	"1. SMC3 (Structural Maintenance of Chromosomes 3) is a core subunit of the cohesin complex, which is essential for sister chromatid cohesion during the cell cycle. It forms a heterodimer with SMC1A, which is pivotal for the proper loading of cohesin onto DNA and the establishment of cohesion between sister chromatids after DNA replication.

2. RAD21, also known as cleavage and polyadenylation specificity factor subunit 4, is a cohesin complex component that interacts with the SMC3/SMC1A heterodimer. It is crucial for the cohesin complex's DNA binding and its release from chromosomes during anaphase, thereby enabling proper chromosome segregation.

3. SMC1A (Structural Maintenance of Chromosomes 1A) is another core subunit of the cohesin complex. It forms a stable heterodimer with SMC3, which is necessary for the maintenance of sister chromatid cohesion from S phase until the onset of anaphase.

4. STAG1 and STAG2 (also known as SA1 and SA2, respectively) are stromal antigen proteins that are alternative and mutually exclusive subunits of the cohesin complex. They are involved in the regulation of the cohesin complex's association with chromatin and contribute to the specificity of cohesin's functions during different phases of the cell cycle and in different types of DNA repair.

To summarize, the proteins in this set are integral components of the cohesin complex, which is critical for maintaining sister chromatid cohesion, ensuring accurate chromosome segregation during cell division, and facilitating DNA repair. The cohesin complex is also involved in the regulation of gene expression and chromatin structure. The interplay between these proteins ensures the fidelity of cell division and the maintenance of genomic stability."	0.98
NEST:199	"TP53,MDM2,RB1,TFDP1,E2F1,E2F2,E2F4"	Cell Cycle Regulation and Tumor Suppression	"1. TP53, commonly known as p53, is a tumor suppressor protein that plays a critical role in preventing cancer formation. It responds to diverse cellular stresses to regulate target genes that induce cell cycle arrest, apoptosis, senescence, DNA repair, or changes in metabolism. TP53's activity is modulated by various post-translational modifications and by interaction with other proteins.

2. MDM2 is an E3 ubiquitin-protein ligase that interacts with TP53, controlling its stability through ubiquitination and targeting it for proteasomal degradation. This interaction is a key component of the feedback loop that regulates p53 function and thus cell cycle progression and apoptosis.

3. RB1, or retinoblastoma protein, is a negative regulator of the cell cycle and functions as a tumor suppressor. It is phosphorylated in a cell cycle-dependent manner and is inactivated by cyclin-dependent kinase (CDK) during cell cycle progression. RB1 controls the G1/S transition by regulating the activity of E2F transcription factors.

4. TFDP1, also known as DP1, forms heterodimers with E2F transcription factors, which are essential for the proper regulation of the cell cycle. The E2F/DP1 heterodimer regulates the expression of genes required for DNA replication and cell cycle progression.

5. E2F1, E2F2, and E2F4 are members of the E2F family of transcription factors that play a crucial role in controlling the cell cycle and action of tumor suppressor proteins. E2F1 and E2F2 are generally considered to be activators of cell cycle progression, while E2F4 usually serves as a repressor. The activity of E2F factors is tightly regulated by their association with RB1.

To summarize, the proteins in this system are primarily involved in the regulation of the cell cycle and tumor suppression. TP53 acts as a central hub in response to cellular stress, while MDM2 directly regulates TP53's stability. RB1's interaction with E2F transcription factors and TFDP1 is fundamental to controlling the G1/S transition in the cell cycle. The balance between the activities of these proteins is critical for maintaining normal cell proliferation and preventing tumorigenesis. The high level of integration and the essential roles of these proteins in cell cycle control and tumor suppression justify the high confidence score."	0.98
NEST:2	"PLK2,CSF1R,ETS1,FGFR3,TAP1,FCGR2A,TIGIT,HLA-DMA,ERBB4,PRF1,SPTA1,SOCS1,SOD2,JAK3,MYD88,PCBP1,AXL,CTLA4,B2M,CCND1,IL15,PDCD1,HSP90AA1,JAK1,HLA-DMB,FGF23,BTK,HLA-DOA,FLT4,FAM46C,HLA-G,PAK3,DPYD,HLA-DPB1,HLA-DRB5,ERG,GNAQ,PAK1,VSIR,EXT2,IFIT2,GATA1,HLA-E,MPL,PDGFRB,CASR,CYP3A5,TNFRSF9,STAT3,PIK3CA,C8orf34,MAFB,PIK3R3,IDH1,BCL2L12,HLA-DRA,GNA11,HLA-A,TLR4,SH2D1A,GALNT12,IRS2,HLA-DQB1,GREM1,IFIT3,EPHB2,RHPN2,CBL,FGF10,HAVCR2,LYN,KIF1B,PAK5,PTPN11,EBF1,CYLD,ENG,CBLB,PIK3CG,MYOD1,STAT5A,CBR3,PREX2,CD79B,SH2B3,HLA-DRB1,NKX2-1,FRS2,CD40,IRF1,PTK2,AKT1,P2RY8,HLA-B,HLA-DQB2,EPHA3,ABL1,SLIT2,POU2F2,DMD,IKZF1,ARID5B,APOB,EPHA2,PTPRD,PIK3CD,PML,EGFL7,KIT,DNM2,HNF1A,IRF4,ABCC3,PHOX2B,NFE2L2,TMEM127,ERRFI1,GATA3,EPOR,MAPK1,CARD11,SPRED1,CD22,HLA-DOB,NTRK3,FLT1,GNA13,RHOA,IL2RA,SRC,SMAD3,ADGRA2,FYN,RET,SETBP1,PRDM1,IFNGR1,GNAS,TPMT,EPHA7,CRKL,GRIN2A,LAG3,PDGFRA,SOX17,CIITA,PIK3R2,JAK2,IFNAR1,CHEK2,RAC1,KLHL6,CD70,TAP2,TNFAIP3,NFKBIA,IL10RA,FOXA1,IRF2,ATP7B,EPHA5,SYK,FLT3,BIRC3,BCAR1,CD19,IKZF3,HLA-F,ESR1,IFNGR2,IFNAR2,FOXP1,KDR,HLA-C,LATS1,HLA-DQA2,MS4A1,IL7R,MST1,PDCD1LG2,PTPN22,GPC3,CD79A,ERBB2,HGF,TNFRSF14,HRAS,TNFRSF17,ARHGAP26,HLA-DPA1,EGFR,FBXO11,NF2,FANCC,ABL2,CUL3,TPM1,CXCR4,IDO1,HLA-DQA1,STAT6,RASA1,EPCAM,EPHB1,CSF3R,STAT5B,CYP1B1,VEGFA,MC1R,IFIT1,CYP2D6,PIK3R1,ACTA2,MAP2K1,INHBA,MYH11,CDH1,PPP1CB,FAS,FGF19,HNF1B,TNF,CD276,IRS1,LMNA,FCGR3A,TMEM173,PALLD,NOTCH4,CD274,PLCG2,NEGR1,STAT4,IGF1,IKBKE,IL6R,EGF,QKI"	Immune Response Modulation and Signal Transduction	"The proteins listed are involved in a wide array of biological processes, but a significant number of them play critical roles in immune response modulation and signal transduction pathways. These proteins can be grouped based on their functions in immune cell signaling, antigen presentation, and regulation of immune responses.

1. Proteins such as CSF1R, ETS1, FGFR3, JAK1, JAK3, STAT3, STAT5A, STAT5B, STAT6, SYK, BTK, PIK3CA, PIK3CD, PIK3CG, PIK3R1, PIK3R2, PIK3R3, AKT1, MAPK1, and MAP2K1 are involved in signal transduction pathways. These pathways are crucial for the development, differentiation, and function of immune cells. They mediate responses to cytokines, growth factors, and other extracellular signals that regulate immune responses.

2. Antigen presentation is a vital immune process, and proteins such as HLA-A, HLA-B, HLA-C, HLA-DMA, HLA-DMB, HLA-DOA, HLA-DPA1, HLA-DPB1, HLA-DQA1, HLA-DQA2, HLA-DQB1, HLA-DQB2, HLA-DRA, HLA-DRB1, HLA-DRB5, HLA-E, HLA-F, HLA-G, TAP1, and TAP2 are part of the Major Histocompatibility Complex (MHC) class I and II pathways. These proteins are essential for presenting peptides derived from pathogens to T cells, initiating adaptive immune responses.

3. Immune checkpoint proteins such as CTLA4, PDCD1 (PD-1), CD274 (PD-L1), PDCD1LG2 (PD-L2), LAG3, and HAVCR2 (TIM-3) are involved in the negative regulation of immune responses. They play roles in maintaining self-tolerance and modulating the amplitude of immune responses to minimize tissue damage.

4. Cytokines and their receptors, such as IL15, IL2RA, IL6R, IL10RA, IFNGR1, IFNGR2, IFNAR1, IFNAR2, TNFRSF9, TNFRSF14, TNFRSF17, EGFR, ERBB2, ERBB4, PDGFRB, FLT1, FLT3, FLT4, KDR, and CSF3R, are critical for intercellular communication in the immune system. They regulate the growth, differentiation, and activation of immune cells.

5. Proteins like MYD88, TLR4, CD40, and TNFAIP3 are involved in the innate immune response, recognizing pathogen-associated molecular patterns (PAMPs) and initiating signaling cascades that lead to inflammation and the activation of adaptive immunity.

6. Adaptor proteins and kinases such as FYN, LYN, SRC, CRKL, GRIN2A, and RAC1 are involved in the transduction of signals from surface receptors to the nucleus, influencing immune cell activation and function.

7. Proteins like BCL2L12, BIRC3, FAS, and TNF are involved in the regulation of apoptosis, which is crucial for the elimination of harmful or unnecessary cells, including those of the immune system.

To summarize, the proteins in this system are predominantly involved in the modulation of immune responses and signal transduction pathways. They contribute to the regulation of both innate and adaptive immunity, mediating responses to pathogens, and maintaining immune homeostasis. The interplay between these proteins ensures a balanced immune response, capable of defending against infections while preventing autoimmunity."	0.92
NEST:20	"FGF10,CD276,DPYD,TNF,PALLD,ACTA2,FANCC,INHBA,DMD,PDGFRB,ENG,GREM1,FOXA1"	Tissue Development and Remodeling	"1. FGF10 (Fibroblast Growth Factor 10) is a paracrine signaling molecule involved in the development of various tissues, including the lung, limbs, and skin. It plays a critical role in branching morphogenesis, a process essential for the formation of branched organs.

2. CD276 (Cluster of Differentiation 276), also known as B7-H3, is a member of the B7 family of immune regulators. While its role is more established in immune response modulation, it has been implicated in tissue remodeling and angiogenesis, which are critical in wound healing and cancer progression.

3. DPYD (Dihydropyrimidine Dehydrogenase) is an enzyme involved in the catabolism of uracil and thymine, which are pyrimidine bases of nucleic acids. Its role in the system is less direct but may relate to cellular turnover and DNA repair mechanisms during tissue remodeling.

4. TNF (Tumor Necrosis Factor) is a cytokine involved in systemic inflammation and is one of the cytokines that make up the acute phase reaction. It is involved in the regulation of a wide spectrum of biological processes including cell proliferation, differentiation, apoptosis, lipid metabolism, and coagulation.

5. PALLD (Palladin) is a cytoskeletal protein that plays a critical role in organizing the actin cytoskeleton and is involved in cell motility, which is essential during tissue remodeling and development.

6. ACTA2 (Actin, Alpha 2) encodes for alpha-smooth muscle actin, which is a major constituent of the contractile apparatus in smooth muscle cells and myofibroblasts. It is involved in wound healing and tissue remodeling.

7. FANCC (Fanconi Anemia, Complementation Group C) is a protein that plays a role in DNA repair. It is part of the Fanconi anemia (FA) pathway, which is a DNA damage response pathway that is important for maintaining genomic stability.

8. INHBA (Inhibin Beta A) is a member of the TGF-beta superfamily and is involved in cell growth and differentiation, particularly in the context of embryogenesis and reproduction. It also plays a role in tissue remodeling and fibrosis.

9. DMD (Dystrophin) is part of a complex that connects the cytoskeleton of a muscle fiber to the surrounding extracellular matrix through the cell membrane. It is crucial for maintaining the integrity of muscle tissue during contraction and relaxation.

10. PDGFRB (Platelet-Derived Growth Factor Receptor Beta) is a cell surface tyrosine kinase receptor for members of the platelet-derived growth factor family. It is a key regulator of cell proliferation, survival, and migration in the context of development and repair processes.

11. ENG (Endoglin) is a homodimeric membrane glycoprotein that is part of the TGF-beta receptor complex. It is involved in vascular development and remodeling and is particularly important in angiogenesis.

12. GREM1 (Gremlin 1) is a cysteine knot superfamily protein that acts as a bone morphogenetic protein (BMP) antagonist, essential for development and tissue differentiation.

13. FOXA1 (Forkhead Box A1) is a transcription factor that plays an important role in regulating the expression of genes involved in embryonic development and is a pioneer factor in organogenesis.

To summarize, the proteins in this system are involved in various aspects of tissue development and remodeling. They contribute to processes such as cell proliferation, differentiation, migration, and the maintenance of tissue integrity. These proteins interact in a complex network that influences embryonic development, organogenesis, and the body's response to injury and repair."	0.85
NEST:202	"TAP2,HLA-A,B2M,HLA-B,HLA-C,HLA-E,HLA-F,HLA-G"	Antigen Presentation and Immune Response Modulation	"1. TAP2 (Transporter 2, ATP Binding Cassette Subfamily B Member) functions as a part of the peptide transporter complex TAP, which is essential for the transport of antigenic peptides from the cytosol into the endoplasmic reticulum (ER). This process is critical for the subsequent loading of these peptides onto Major Histocompatibility Complex (MHC) class I molecules.

2. HLA-A, HLA-B, and HLA-C are classical MHC class I molecules that present endogenously derived peptides to CD8+ T cells. They are highly polymorphic, allowing for a wide range of antigen presentation and recognition, which is crucial for the adaptive immune response.

3. B2M (Beta-2-Microglobulin) is a non-polymorphic component of MHC class I molecules, which stabilizes the structure of the MHC class I heavy chain on the cell surface. It is essential for the proper expression of MHC class I molecules and their ability to present antigenic peptides.

4. HLA-E, HLA-F, and HLA-G are non-classical MHC class I molecules. HLA-E presents peptides derived from the leader sequences of other MHC class I molecules to CD8+ T cells, playing a role in immune surveillance. HLA-G has immunomodulatory functions, particularly in pregnancy, where it contributes to maternal-fetal tolerance. HLA-F's role is less well-defined but is thought to be involved in immune regulation as well.

5. HLA-E, HLA-F, and HLA-G also interact with NK cell receptors, modulating the activity of Natural Killer (NK) cells, which are critical components of the innate immune system.

In summary, the proteins in this system are primarily involved in the presentation of intracellular antigens to T cells and the modulation of immune responses. They work in concert to ensure that cellular immunity is appropriately activated in response to intracellular pathogens and abnormal endogenous proteins, such as those produced by cancer cells, while also contributing to immune tolerance and regulation."	0.98
NEST:21	"EGFR,TRAF3,CALR,TUSC3,ARFRP1,SEC23B"	Protein Trafficking and ER-to-Golgi Transport Regulation	"1. EGFR (Epidermal Growth Factor Receptor) is a transmembrane receptor tyrosine kinase that is activated by binding of its specific ligands, such as epidermal growth factor (EGF) and transforming growth factor alpha (TGF-alpha). Upon activation, EGFR undergoes a transition from an inactive monomeric form to an active homodimer. EGFR signaling leads to cell proliferation, differentiation, and survival. It is also involved in the regulation of intracellular trafficking and can modulate the endocytic recycling of membrane proteins.

2. TRAF3 (TNF Receptor-Associated Factor 3) is an adapter protein that regulates various signaling pathways, including those emanating from members of the TNF receptor superfamily. It is involved in the regulation of protein trafficking and plays a role in the non-canonical NF-kB pathway, which can influence the immune response and may indirectly affect protein trafficking through modulation of gene expression.

3. CALR (Calreticulin) is a multifunctional protein that resides in the endoplasmic reticulum (ER) and is involved in the quality control of newly synthesized glycoproteins, ensuring proper folding and calcium homeostasis. It also plays a role in the ER stress response and is implicated in the regulation of the immune system through its involvement in antigen processing and presentation.

4. TUSC3 (Tumor Suppressor Candidate 3) is an oligosaccharyltransferase complex subunit, which is involved in N-linked glycosylation in the ER. It is essential for the transfer of sugars to nascent proteins, a critical step in protein folding and stability, and is also implicated in magnesium homeostasis.

5. ARFRP1 (ADP-Ribosylation Factor Related Protein 1) is a small GTPase involved in vesicle trafficking, particularly in the trans-Golgi network. It is implicated in the regulation of vesicle budding and trafficking from the Golgi to the endoplasmic reticulum, as well as in the maintenance of Golgi structure.

6. SEC23B (Sec23 Homolog B) is part of the COPII complex, which is responsible for transporting proteins from the ER to the Golgi apparatus. Mutations in SEC23B are associated with a form of congenital dyserythropoietic anemia, highlighting its role in erythroid differentiation and secretory protein trafficking.

To summarize, the proteins in this set are primarily involved in the regulation of protein trafficking, with a focus on the ER-to-Golgi transport. They are implicated in various aspects of protein processing, including folding, glycosylation, and transport, which are essential for maintaining cellular function and homeostasis. The interplay between these proteins ensures the fidelity of intracellular protein distribution and the response to cellular stress, which is critical for the survival and proper functioning of the cell."	0.89
NEST:210	"CREBBP,ANKRD11,NCOR1,NCOA3,NCOR2"	Chromatin remodeling and transcriptional co-regulation	"1. CREBBP (CREB-binding protein) is a transcriptional coactivator that plays a crucial role in the regulation of gene expression through its histone acetyltransferase (HAT) activity. This activity modifies chromatin structure, leading to an open conformation that is more accessible to the transcriptional machinery. CREBBP also interacts with numerous transcription factors to modulate their activity, thereby influencing various cellular processes including growth, differentiation, and apoptosis.

2. ANKRD11 (Ankyrin Repeat Domain 11) is a chromatin regulator that interacts with histone deacetylase complexes and transcription factors. It is implicated in gene expression regulation and chromatin remodeling. Mutations in ANKRD11 are associated with KBG syndrome, which affects multiple systems and includes developmental delay, indicating its role in gene expression during development.

3. NCOR1 (Nuclear Receptor Co-Repressor 1) and NCOR2 (Nuclear Receptor Co-Repressor 2, also known as SMRT) are components of a co-repressor complex that mediates transcriptional silencing. They are recruited to the promoters of target genes by nuclear hormone receptors and other transcription factors, where they facilitate histone deacetylation and chromatin condensation, leading to repression of transcription.

4. NCOA3 (Nuclear Receptor Coactivator 3, also known as SRC-3 or AIB1) is a steroid receptor coactivator that integrates signals from different signaling pathways. It possesses histone acetyltransferase activity and works in concert with other coactivators and transcription factors to enhance the transcriptional response to hormonal and other stimuli.

In summary, the proteins in this system are primarily involved in the dynamic regulation of chromatin structure and transcription. They act as co-regulators, either coactivating or corepressing gene expression in response to various signals. This system plays a critical role in fine-tuning the transcriptional response to developmental cues, hormonal signals, and other environmental factors. The proteins work together to ensure a balanced chromatin landscape conducive to the precise regulation of gene expression necessary for proper cellular function and homeostasis."	0.92
NEST:212	"MAPK1,HRAS,MAP2K1,KRAS,ARAF,RAF1,BRAF"	MAPK/ERK Signaling Pathway Regulation	"1. MAPK1, also known as ERK2, is a crucial component of the MAPK/ERK pathway, which is involved in the transduction of mitogenic signals from the cell membrane to the nucleus. It is activated by phosphorylation by upstream kinases, including MAP2K1.

2. HRAS and KRAS are small GTPases that function as molecular switches in the MAPK/ERK pathway. They relay signals from activated cell surface receptors to downstream effectors, including the RAF kinase family. Mutations in these proteins are often implicated in the development of various cancers.

3. MAP2K1, also known as MEK1, is a dual-specificity kinase that phosphorylates and activates MAPK1/ERK2. It acts as a pivotal convergence point for multiple signaling pathways and is itself activated by phosphorylation by RAF kinases.

4. ARAF, RAF1, and BRAF are members of the RAF kinase family, which function upstream of MAP2K1. They are activated by RAS proteins and are responsible for the phosphorylation and activation of MAP2K1. These kinases play a significant role in cell division, differentiation, and survival.

To summarize, the proteins in this system are integral components of the MAPK/ERK signaling pathway. They work in a cascade where HRAS and KRAS activate ARAF, RAF1, and BRAF, which in turn phosphorylate MAP2K1, leading to the activation of MAPK1. This pathway is critical for the regulation of cell proliferation, differentiation, and survival, and its dysregulation is a common feature in various cancers. The high level of interaction and the sequential activation of these proteins in the pathway justify the high confidence score."	0.98
NEST:22	"MYOD1,GALNT12,C8orf34,FBXO11,CBL,TPM1"	System of unrelated proteins	"1. MYOD1 is a muscle-specific transcription factor that plays a pivotal role in myogenesis, the process of muscle cell differentiation and development. It is a master regulator of muscle gene expression and is essential for the repair and regeneration of muscle tissue.

2. GALNT12 is an enzyme that catalyzes the initial reaction in O-linked oligosaccharide biosynthesis, which involves the transfer of N-acetyl-D-galactosamine to serine and threonine residues on proteins. This post-translational modification is important for the proper function of mucin-type proteins.

3. C8orf34 is a protein with limited characterization and its biological function is not well understood. It does not have a well-defined role in any specific biological process based on the current knowledge.

4. FBXO11 is an F-box protein that is part of the SCF (SKP1-cullin-F-box) E3 ubiquitin ligase complex, which mediates the ubiquitination and subsequent proteasomal degradation of target proteins. It is involved in various cellular processes, including cell cycle regulation and signal transduction.

5. CBL is an E3 ubiquitin-protein ligase that plays a role in regulating signal transduction pathways. It is involved in the ubiquitination and downregulation of receptor tyrosine kinases, which are important for cellular responses to growth factors, cytokines, and hormones.

6. TPM1 encodes tropomyosin 1, a protein that binds to actin filaments and is involved in the regulation of muscle contraction and cell motility. It is an essential component of the cytoskeleton and plays a role in maintaining cell shape and stability.

In summary, the proteins listed do not share a common biological process or pathway that is prominently represented among them. MYOD1 is specific to muscle cell development, GALNT12 is involved in protein glycosylation, C8orf34's function is unclear, FBXO11 is part of the ubiquitin-proteasome system, CBL is involved in cell signaling, and TPM1 is a cytoskeletal protein. Given the diversity of functions and lack of a unifying biological process, this system of proteins is best described as a ""System of unrelated proteins."""	0.0
NEST:221	"CTNNB1,AMER1,MYC,AXIN1,DAXX"	Wnt/β-Catenin Signaling Pathway Regulation	"1. CTNNB1, also known as β-Catenin, is a central component of the Wnt signaling pathway. It is involved in the regulation of cell-cell adhesion and gene transcription. In the absence of Wnt signaling, β-Catenin is phosphorylated and targeted for degradation. When Wnt signaling is active, β-Catenin accumulates in the cytoplasm and translocates to the nucleus, where it acts as a co-activator for transcription factors such as TCF/LEF, leading to the expression of Wnt target genes.

2. AMER1 (also known as WTX or FAM123B) is a protein that interacts with components of the Wnt signaling pathway, including β-Catenin. It is known to function as a tumor suppressor and is involved in the regulation of the β-Catenin destruction complex, which controls the levels of β-Catenin in the cell.

3. MYC is a well-known proto-oncogene and transcription factor that can be upregulated as a result of Wnt/β-Catenin signaling. MYC regulates the expression of a wide array of genes involved in cell proliferation, growth, and metabolism. It is a downstream effector in the Wnt pathway and contributes to the transcriptional activation of Wnt target genes.

4. AXIN1 is a scaffold protein that plays a critical role in the β-Catenin destruction complex. It interacts with other components such as GSK3β, APC, and β-Catenin itself, facilitating the phosphorylation and subsequent degradation of β-Catenin. AXIN1 is thus a negative regulator of Wnt signaling.

5. DAXX is a multifunctional protein involved in various cellular processes, including apoptosis and gene expression regulation. While not directly a part of the canonical Wnt signaling pathway, DAXX can interact with β-Catenin and influence its transcriptional activity, potentially modulating Wnt signaling outcomes.

In summary, the proteins in this system are primarily involved in the regulation of the Wnt/β-Catenin signaling pathway. This pathway is crucial for numerous cellular processes, including cell proliferation, differentiation, and apoptosis. The proteins CTNNB1, AMER1, MYC, and AXIN1 have direct roles in the pathway, either promoting or inhibiting the signal, while DAXX may modulate the pathway indirectly. The interplay between these proteins ensures tight control of the Wnt/β-Catenin signaling, with implications for development and disease, particularly cancer."	0.95
NEST:23	"PIK3CA,CBL,PPP1CB,TNF,RAC1,ACTA2,PALLD,TPM1,CASR,MYH11,NFE2L2"	Regulation of Cellular Structure and Signal Transduction	"1. PIK3CA is a catalytic subunit of phosphatidylinositol 3-kinase (PI3K), which is involved in the regulation of cell growth, proliferation, differentiation, motility, survival, and intracellular trafficking. PI3K signaling is critical for actin cytoskeleton reorganization and is often activated by growth factors and hormones.

2. CBL is an E3 ubiquitin-protein ligase that plays a pivotal role in regulating signal transduction pathways. It targets tyrosine-phosphorylated proteins for degradation and is involved in the downregulation of receptor tyrosine kinases, thus modulating cell signaling and preventing excessive cellular responses.

3. PPP1CB is a catalytic subunit of protein phosphatase 1 (PP1), which is involved in the regulation of a variety of cellular processes, including muscle contraction, glycogen metabolism, cell division, and protein synthesis. PP1 is essential for cell cycle control and the regulation of signaling pathways through dephosphorylation of key proteins.

4. TNF, or tumor necrosis factor, is a cytokine involved in systemic inflammation and is one of the cytokines that make up the acute phase reaction. It is involved in the regulation of a wide spectrum of biological processes including cell proliferation, differentiation, apoptosis, lipid metabolism, and coagulation.

5. RAC1 is a small GTPase that plays a key role in the reorganization of the actin cytoskeleton. It is involved in various cellular functions such as cell migration, growth, and cell cycle progression. RAC1 is also implicated in the regulation of gene expression and the activation of multiple signaling pathways.

6. ACTA2 (alpha-actin) and MYH11 (myosin heavy chain) are major components of the contractile apparatus in smooth muscle cells. They are involved in various processes including muscle contraction and cell motility.

7. PALLD (palladin) and TPM1 (tropomyosin 1) are actin-binding proteins that are involved in the organization and stabilization of the actin cytoskeleton. They play roles in the maintenance of cell shape, adhesion, and motility.

8. CASR, the calcium-sensing receptor, is involved in the regulation of extracellular calcium homeostasis. It is a G-protein-coupled receptor that plays a crucial role in maintaining calcium balance and modulating parathyroid hormone secretion.

9. NFE2L2, or NRF2, is a transcription factor that plays a critical role in the cellular response to oxidative stress. It regulates the expression of antioxidant proteins that protect against oxidative damage triggered by injury and inflammation.

To summarize, the proteins in this system are involved in the regulation of cellular structure and signal transduction. They contribute to the dynamic remodeling of the cytoskeleton, mediate cellular responses to external stimuli, and maintain cellular homeostasis through various signaling pathways. The interplay between these proteins supports cellular integrity and responsiveness to environmental changes, which is essential for proper cellular function and survival."	0.85
NEST:231	"MSH3,MSH6,MLH1,PMS2,MSH2"	Mismatch Repair Pathway	"1. MSH2 forms a heterodimer with MSH6, known as MutSα, which recognizes and binds to base-base mismatches and insertion-deletion loops in DNA. This complex initiates the mismatch repair (MMR) process by recruiting other MMR proteins to the site of the error.

2. MSH3 can also pair with MSH2 to form the MutSβ complex, which specifically binds to larger insertion-deletion loops that MutSα does not recognize as efficiently. This provides a complementary function to MutSα, enhancing the spectrum of DNA errors that can be corrected.

3. MLH1 is a key component of the MutLα complex, which is formed by MLH1 and PMS2. This complex is recruited to the DNA mismatch site by MutSα or MutSβ and is essential for the excision and resynthesis steps of the MMR process.

4. PMS2, when complexed with MLH1 as part of MutLα, exhibits endonuclease activity that introduces nicks into the daughter strand near the mismatch. This allows for the removal of the error-containing DNA segment and is crucial for the subsequent DNA repair synthesis.

5. The proteins MSH2, MSH6, MSH3, MLH1, and PMS2 work in a coordinated manner to maintain genomic stability by repairing mismatches that occur during DNA replication. Their interaction is critical for the prevention of microsatellite instability and the suppression of mutations that could lead to cancer.

In summary, the proteins in this set are integral components of the mismatch repair pathway, a highly conserved and essential DNA repair mechanism. Their interactions ensure the fidelity of DNA replication by recognizing and repairing mismatches and insertion-deletion loops. The proper functioning of this system is crucial for the prevention of genomic instability and cancer development."	0.98
NEST:239	"CTNNB1,GSK3B,HLA-A,AXIN1,APC"	Wnt Signaling and Cell Proliferation Regulation	"1. CTNNB1, also known as beta-catenin, is a central component of the Wnt signaling pathway. It is involved in the regulation of cell-cell adhesion and gene transcription. In the absence of Wnt signaling, CTNNB1 is phosphorylated by a destruction complex, leading to its degradation. When Wnt signaling is active, CTNNB1 accumulates in the cytoplasm and translocates to the nucleus, where it acts as a coactivator for transcription factors of the TCF/LEF family, influencing the expression of genes involved in cell proliferation and differentiation.

2. GSK3B (Glycogen synthase kinase 3 beta) is a serine/threonine kinase that is a key component of the Wnt pathway. It phosphorylates beta-catenin in the absence of Wnt signaling, marking it for ubiquitination and subsequent proteasomal degradation. GSK3B is also involved in various other cellular processes, including metabolism, neuronal cell development, and apoptosis.

3. AXIN1 functions as a scaffold protein in the beta-catenin destruction complex, which also includes GSK3B, APC, and CK1. It plays a critical role in the regulation of the Wnt signaling pathway by promoting the phosphorylation and degradation of beta-catenin, thereby preventing its accumulation and nuclear translocation.

4. APC (Adenomatous polyposis coli) is a tumor suppressor protein that is part of the destruction complex targeting CTNNB1 for degradation. Mutations in APC are associated with colorectal cancer, highlighting its role in controlling cell proliferation and preventing tumor formation. APC also has roles in cell migration and adhesion, chromosomal stability, and apoptosis.

5. HLA-A is a major histocompatibility complex (MHC) class I molecule involved in the immune response by presenting endogenous antigens to CD8+ T cells. While not directly part of the Wnt signaling pathway, its inclusion in this protein system may suggest a link between Wnt signaling and immune surveillance or a potential role in immune-related aspects of cell proliferation and cancer biology.

In summary, the majority of the proteins in this system (CTNNB1, GSK3B, AXIN1, APC) are directly involved in the Wnt signaling pathway, which plays a crucial role in regulating cell proliferation, differentiation, and apoptosis. The presence of HLA-A suggests a possible intersection of Wnt signaling with immune response mechanisms. The system is characterized by a tightly regulated balance of protein interactions that control the stability and activity of beta-catenin, with implications for both normal cellular function and disease states such as cancer."	0.92
NEST:24	"EPCAM,CDH1,CDH2,ALOX12B,ZNF750,FLG,KLF4,PRSS8"	Epithelial Integrity and Differentiation	"1. EPCAM (Epithelial Cell Adhesion Molecule) is a transmembrane glycoprotein that mediates cell-cell adhesion in epithelial tissues. It is involved in the maintenance of epithelial cell structure, intracellular signaling, and may play a role in the proliferation and differentiation of epithelial cells.

2. CDH1 (E-cadherin) and CDH2 (N-cadherin) are members of the cadherin family, which are calcium-dependent cell adhesion proteins. CDH1 is crucial for the establishment and maintenance of adherens junctions in epithelial cells, contributing to the maintenance of tissue architecture and cell polarity. CDH2 is typically associated with mesenchymal cells but can also be expressed in epithelial cells during certain stages of development or in pathological conditions such as epithelial-mesenchymal transition (EMT).

3. ALOX12B (Arachidonate 12-Lipoxygenase, 12R Type) is an enzyme involved in the metabolism of fatty acids in the skin. It plays a role in the synthesis of hepoxilins, which are involved in the maintenance and regulation of the skin barrier function and in inflammatory responses.

4. ZNF750 is a zinc finger protein that acts as a transcriptional regulator. It is involved in the differentiation of keratinocytes, cells that constitute the majority of the epidermis, and is essential for the development of the skin barrier.

5. FLG (Filaggrin) is a filament-associated protein that binds to keratin fibers in epithelial cells. It is crucial for the formation of the skin barrier, playing a significant role in skin hydration and the maintenance of the skin's protective barrier.

6. KLF4 (Kruppel-Like Factor 4) is a transcription factor that plays a key role in the differentiation of epithelial cells and the maintenance of skin barrier function. It is also involved in the regulation of cell proliferation and has been implicated in the process of wound healing.

7. PRSS8 (Prostasin) is a serine protease that is involved in the regulation of the sodium channels on the cell surface and is implicated in the maintenance of epithelial barrier function and ion transport.

To summarize, the proteins in this set are primarily involved in the maintenance of epithelial cell adhesion, differentiation, and barrier function. They contribute to the structural integrity of epithelial tissues and have roles in the development and maintenance of the skin barrier. The interactions between these proteins suggest a coordinated network that ensures the proper formation and function of epithelial structures, with implications for tissue homeostasis and defense against environmental challenges."	0.92
NEST:25	"HLA-G,CIITA,HLA-B,HAVCR2,CSF1R,LYN,TAP1,HLA-DPB1,FCGR2A,HLA-DMA,TIGIT,HLA-DRB5,TAP2,CD22,HLA-E,PTPN22,IKZF1,FYN,HLA-DRA,HLA-A,CTLA4,B2M,PIK3CD,SYK,HLA-DPA1,FCGR3A,SH2D1A,HLA-DRB1,PDCD1,CD40,KIT,IKZF3,HLA-F,HLA-DQA1,HLA-DQB1,HLA-DMB,BTK,HLA-DOA,HLA-C"	Immune Response Regulation and Antigen Presentation	"1. The Human Leukocyte Antigen (HLA) system, including HLA-A, HLA-B, HLA-C, HLA-E, HLA-F, HLA-G, HLA-DRA, HLA-DRB1, HLA-DRB5, HLA-DQA1, HLA-DQB1, HLA-DPA1, HLA-DPB1, HLA-DMA, HLA-DMB, and HLA-DOA, is central to the immune system's ability to distinguish self from non-self. These proteins present peptide fragments derived from pathogens to T-cells, initiating an immune response or tolerance.

2. TAP1 and TAP2 are involved in the transport of antigen peptides from the cytosol into the endoplasmic reticulum, where they bind to HLA class I molecules, a critical step in antigen processing and presentation to CD8+ T cells.

3. CIITA acts as a master regulator of MHC class II gene expression, coordinating the transcription of HLA-DRA, HLA-DRB1, HLA-DQA1, HLA-DQB1, HLA-DPA1, and HLA-DPB1, which are essential for antigen presentation to CD4+ T cells.

4. Co-stimulatory and co-inhibitory molecules such as CD40, CTLA4, PDCD1 (PD-1), TIGIT, and HAVCR2 (TIM-3) modulate T-cell responses, providing checks and balances to the immune system, preventing overactivation and maintaining self-tolerance.

5. Kinases such as LYN, FYN, SYK, BTK, and PIK3CD, along with phosphatases like PTPN22, are involved in signaling pathways that regulate immune cell activation, differentiation, and effector functions.

6. FCGR2A and FCGR3A are Fc receptors that bind to the constant region of antibodies, mediating various immune responses, including phagocytosis and antibody-dependent cellular cytotoxicity.

7. IKZF1 and IKZF3 are transcription factors that play roles in lymphocyte differentiation and function, influencing the development and maturation of immune cells.

8. SH2D1A and CD22 are involved in the regulation of signal transduction in lymphocytes, affecting B-cell function and immune tolerance.

9. CSF1R and KIT are receptor tyrosine kinases that are crucial for the development and survival of monocytes/macrophages and hematopoietic stem cells, respectively.

10. B2M is a component of MHC class I molecules and is necessary for their proper expression on the cell surface.

To summarize, the proteins in this system are predominantly involved in the regulation of the immune response, particularly through the process of antigen presentation and the subsequent activation or inhibition of T cells. The system includes proteins that are directly involved in presenting antigens to T cells, as well as those that regulate the signaling pathways and functional responses of immune cells. The interplay between these proteins ensures a balanced immune response, capable of defending against pathogens while preventing autoimmunity."	0.98
NEST:254	"PTEN,PDPK1,EGFR,IRS1,IGF1R,INSR"	Insulin and IGF-1 signaling pathways	"1. PTEN (Phosphatase and tensin homolog) is a tumor suppressor gene that encodes a phosphatase involved in the regulation of the PI3K/AKT signaling pathway. It negatively regulates insulin signaling by dephosphorylating phosphatidylinositol (3,4,5)-trisphosphate (PIP3), a second messenger that promotes AKT phosphorylation and activation. PTEN's activity is crucial for controlling cell growth, proliferation, and survival.

2. PDPK1 (3-Phosphoinositide-dependent protein kinase-1) is a kinase that phosphorylates and activates AKT, a central player in the insulin and IGF-1 signaling pathways. PDPK1 is activated by PIP3, which is generated by PI3K activity, and is essential for the propagation of signals downstream of insulin and IGF-1 receptors.

3. EGFR (Epidermal Growth Factor Receptor) is a receptor tyrosine kinase that, while not directly involved in insulin signaling, can cross-talk with insulin signaling pathways. EGFR activation can lead to the phosphorylation of IRS1 and influence metabolic processes. It is primarily involved in cell growth, differentiation, and survival.

4. IRS1 (Insulin Receptor Substrate 1) is a key adaptor protein in the insulin and IGF-1 signaling pathways. Upon phosphorylation by the insulin receptor (INSR) or IGF1R, IRS1 recruits and activates PI3K, leading to the generation of PIP3 and subsequent activation of AKT and downstream signaling events that regulate glucose uptake, metabolism, and anabolic processes.

5. IGF1R (Insulin-like Growth Factor 1 Receptor) is a receptor tyrosine kinase that binds IGF-1 and shares significant structural and functional similarities with INSR. It activates the same IRS1/PI3K/AKT signaling pathway and is involved in growth, development, and metabolic regulation.

6. INSR (Insulin Receptor) is a receptor tyrosine kinase that binds insulin and initiates a cascade of events leading to glucose uptake and metabolism. It phosphorylates IRS1, which then engages the PI3K/AKT pathway, promoting glucose transport, glycogen synthesis, and lipid synthesis, while inhibiting gluconeogenesis.

To summarize, the proteins in this system are primarily involved in the insulin and IGF-1 signaling pathways, which are critical for the regulation of glucose metabolism, cell growth, and survival. The system includes receptors that initiate the signaling cascade (INSR, IGF1R), adaptor proteins that propagate the signal (IRS1), kinases that amplify the signal (PDPK1), and a phosphatase that attenuates the signal (PTEN). The interplay between these proteins ensures proper cellular responses to insulin and IGF-1, with implications for metabolic homeostasis, growth, and development."	0.95
NEST:256	"HRAS,ERBB2,ERBB4,KRAS,FGFR2,FGFR4"	MAPK/ERK Signaling Pathway Regulation	"1. HRAS and KRAS are members of the RAS family of GTPases, which play a critical role in the MAPK/ERK signaling pathway. They act as molecular switches that transmit signals from cell surface receptors to intracellular targets, influencing cell proliferation, differentiation, and survival. Mutations in these proteins are often implicated in oncogenesis due to their role in controlling cell growth.

2. ERBB2 (also known as HER2/neu) and ERBB4 are members of the epidermal growth factor receptor (EGFR) family of receptor tyrosine kinases. They are involved in the activation of several signaling cascades, including the MAPK/ERK pathway, upon ligand binding and receptor dimerization. ERBB2 is notable for its role in the development of certain types of breast cancer when overexpressed or amplified.

3. FGFR2 and FGFR4 are fibroblast growth factor receptors, which are also receptor tyrosine kinases. They bind fibroblast growth factors (FGFs) and are involved in a variety of biological processes including cell growth, angiogenesis, and wound healing. These receptors can activate multiple signaling pathways, including the MAPK/ERK pathway, to mediate their cellular responses.

The proteins in this system are interconnected through the MAPK/ERK signaling pathway, which is a key regulator of fundamental cellular processes. The RAS proteins, upon activation by receptor tyrosine kinases such as ERBB2, ERBB4, FGFR2, and FGFR4, initiate a kinase cascade that leads to the activation of MAPK/ERK. This pathway's proper regulation is crucial for normal cell function, and its dysregulation is a common feature in various cancers. The proteins in this system work in a coordinated manner to regulate the MAPK/ERK signaling pathway, with a significant proportion of the genes directly participating in this process."	0.92
NEST:26	"SF1,EWSR1,RBM10,UPF1,CASP8,SF3B1,CDC73,BCLAF1,ZRSR2,CREBBP,FUS,TNF,SRSF2,PRPF40B,U2AF1"	RNA Splicing and Apoptosis Regulation	"1. SF1, SRSF2, SF3B1, U2AF1, ZRSR2, PRPF40B, and RBM10 are components of the spliceosome or are involved in the regulation of pre-mRNA splicing. SF1 is a splicing factor that recognizes the branch point sequence in pre-mRNA. SRSF2, SF3B1, U2AF1, and ZRSR2 are also essential for the assembly of the spliceosome and the recognition of splice sites. PRPF40B interacts with other splicing factors to modulate splice site selection, while RBM10 is known to regulate alternative splicing.

2. EWSR1, FUS, and TAF15 (not listed but closely related to EWSR1 and FUS) are part of the FET family of RNA-binding proteins. They are implicated in various cellular processes, including gene expression regulation and RNA splicing. Mutations in these genes are often associated with neurodegenerative diseases and cancer.

3. UPF1 is a key factor in nonsense-mediated mRNA decay (NMD), a process that degrades mRNAs containing premature stop codons, thus preventing the translation of potentially harmful truncated proteins.

4. CASP8 is an initiator caspase in the extrinsic pathway of apoptosis. It is activated by external signals and subsequently activates other caspases, leading to programmed cell death.

5. CDC73 is a tumor suppressor that is part of the PAF1 complex, involved in chromatin modifications and transcriptional regulation. It has also been implicated in RNA processing.

6. BCLAF1 and CREBBP are transcriptional regulators. BCLAF1 is involved in apoptosis and gene silencing, while CREBBP has histone acetyltransferase activity and regulates transcription of numerous genes.

7. TNF is a cytokine that plays a role in inflammation and apoptosis. It can activate CASP8, linking it to the apoptotic machinery.

The proteins in this system are primarily involved in the regulation of RNA splicing, a critical step in gene expression, and apoptosis, a vital process for maintaining cellular homeostasis. The interplay between splicing factors ensures the correct removal of introns and joining of exons, which is crucial for the generation of functional mRNA and, consequently, proteins. Additionally, some of these proteins are involved in apoptosis regulation, either through direct participation in the apoptotic pathways or through transcriptional regulation of apoptotic genes. The presence of TNF and CASP8 indicates a connection between the splicing machinery and the extrinsic apoptotic pathway, suggesting a coordinated response to cellular stress or damage. The system reflects a complex network where alterations in RNA splicing can influence cell fate decisions, highlighting the integration of gene expression regulation and cell survival mechanisms."	0.85
NEST:27	"CBL,TPM1,GALNT12,C8orf34,MYOD1"	Diverse Cellular Functions with a Focus on Signal Transduction and Muscle Differentiation	"1. CBL is an E3 ubiquitin-protein ligase that plays a pivotal role in regulating signal transduction pathways. It is involved in the ubiquitination and subsequent proteasomal degradation of target proteins, including receptor tyrosine kinases, which are crucial for various cellular processes such as cell proliferation, differentiation, and migration. CBL's function is essential for the downregulation of activated signaling receptors, thereby preventing excessive or prolonged signaling.

2. TPM1 encodes for tropomyosin 1, a protein that binds to actin filaments and is integral to the structure and function of the cytoskeleton. It is involved in muscle contraction and plays a role in stabilizing actin filament structure. In non-muscle cells, TPM1 is involved in maintaining the integrity of the cytoskeleton, which is essential for cell shape, intracellular transport, and cell division.

3. GALNT12 is a member of the polypeptide N-acetylgalactosaminyltransferase (GalNAc-T) family, which is responsible for the initiation of mucin-type O-linked glycosylation. This post-translational modification is critical for the function of many proteins involved in cellular signaling, adhesion, and molecular trafficking. Aberrant glycosylation can lead to various diseases, including cancer.

4. C8orf34 is a protein-coding gene with currently limited characterization. Without specific information on its function, it is challenging to integrate C8orf34 into the analysis of the biological processes performed by this system of interacting proteins. However, its inclusion suggests it may interact with or be regulated by the other proteins in the system.

5. MYOD1 is a myogenic differentiation 1 protein, a master regulator of muscle differentiation. It functions as a transcription factor that activates the expression of muscle-specific genes during the formation of skeletal muscle cells (myogenesis). MYOD1 is critical for the development and repair of muscle tissue.

To summarize, the proteins in this set are involved in a variety of cellular functions. CBL and GALNT12 are implicated in signal transduction pathways, with CBL focusing on the downregulation of signaling and GALNT12 involved in protein modification that can affect signaling. TPM1 and MYOD1 are more specifically related to muscle cells, with TPM1 contributing to muscle contraction and structural integrity, and MYOD1 being a key factor in muscle differentiation. The function of C8orf34 remains unclear, which reduces the overall confidence in assigning a single, unified biological process to this system. The proteins appear to have roles in signal transduction and muscle differentiation, but due to the potential diversity of functions and the unknown role of C8orf34, the confidence score is moderate."	0.65
NEST:277	"BRCA1,BRIP1,MLH1,PMS2,PMS1"	DNA Repair and Genomic Stability Maintenance	"1. BRCA1 is a critical protein in the maintenance of genomic stability. It functions as a DNA damage sensor and is involved in the repair of double-strand breaks through homologous recombination. BRCA1 also plays a role in cell cycle checkpoint control and the maintenance of chromosomal stability. It forms complexes with other proteins, such as RAD51, to mediate these processes.

2. BRIP1, also known as BACH1, interacts directly with the BRCT domain of BRCA1. It is a helicase that is involved in the repair of DNA damage, particularly in the homologous recombination pathway. Mutations in BRIP1 are associated with an increased risk of breast cancer, similar to mutations in BRCA1.

3. MLH1 is a key component of the mismatch repair (MMR) system, which corrects errors that occur during DNA replication. It forms heterodimers with PMS2, and these complexes are responsible for the recognition and repair of mismatches. Defects in MLH1 are associated with hereditary nonpolyposis colorectal cancer (HNPCC or Lynch syndrome).

4. PMS2 partners with MLH1 in the MMR pathway. The MLH1-PMS2 heterodimer is essential for the repair of base-base mismatches and insertion-deletion loops. PMS2 also has a role in the activation of apoptosis in response to DNA damage.

5. PMS1 is another protein involved in the MMR system, although it is less well characterized than MLH1 and PMS2. It is believed to form heterodimers with MLH1 and participate in the repair of DNA mismatches, contributing to genomic stability.

To summarize, the proteins in this set are primarily involved in the detection and repair of DNA damage, ensuring the integrity of the genome. They are key players in the homologous recombination and mismatch repair pathways, which are crucial for preventing genomic instability and the development of cancer. The interplay between these proteins highlights a tightly regulated system that maintains DNA integrity and promotes cellular survival in the face of genotoxic stress."	0.98
NEST:29	"TMEM127,SOX17,ADGRA2,ETS1,VEGFA,EGFL7,SH2B3,ERG,VSIR,NOTCH4,FLT1,ENG,KDR,FLT4"	Angiogenesis and Vascular Development Regulation	"1. TMEM127 is a tumor suppressor gene that has been implicated in the regulation of mTOR signaling, which is known to influence angiogenesis indirectly through the modulation of hypoxia-inducible factors and cell growth.

2. SOX17 is a transcription factor that plays a critical role in the formation and maintenance of endothelial cells, which are essential for the development of the vascular system. It is also involved in the regulation of embryonic development and has been shown to regulate hematopoietic stem cell function.

3. ADGRA2, also known as GPR124, is an adhesion G protein-coupled receptor that is essential for CNS angiogenesis, particularly in the forebrain and neural tube, by promoting endothelial cell adhesion and migration.

4. ETS1 is a transcription factor that is involved in the regulation of various genes associated with angiogenesis, including those encoding matrix metalloproteinases and vascular endothelial growth factor receptors. It is crucial for endothelial cell development and function.

5. VEGFA is a major growth factor for endothelial cells. It promotes angiogenesis, vascular permeability, and plays a central role in the regulation of vasculogenesis.

6. EGFL7 is an endothelial cell-derived factor that regulates vascular tube formation and is involved in endothelial cell migration and blood vessel formation.

7. SH2B3, also known as LNK, is an adaptor protein that negatively regulates cytokine signaling in hematopoietic cells and may influence vascular remodeling and endothelial function.

8. ERG is an ETS-family transcription factor that is essential for the development and maintenance of endothelial cell integrity and function. It is also involved in angiogenesis and vascular development.

9. VSIR, also known as VISTA, is an immune checkpoint regulator that may influence angiogenesis through its effects on immune cell infiltration and function within the tumor microenvironment.

10. NOTCH4 is a member of the Notch receptor family, which plays a significant role in vascular development and angiogenesis through its regulation of endothelial cell fate and function.

11. FLT1, also known as VEGFR1, is a receptor for VEGFA and is involved in the regulation of angiogenesis and vascular development.

12. ENG, also known as endoglin, is a co-receptor for several members of the TGF-beta superfamily of ligands and is involved in angiogenesis and cardiovascular development.

13. KDR, also known as VEGFR2, is the primary receptor for VEGFA and is essential for endothelial cell proliferation, migration, and new blood vessel formation.

14. FLT4, also known as VEGFR3, is a receptor for VEGFC and VEGFD and is involved in the regulation of lymphangiogenesis and angiogenesis.

To summarize, the proteins in this set are predominantly involved in the regulation of angiogenesis and vascular development. They include growth factors, receptors, transcription factors, and other regulatory proteins that work together to ensure proper formation and maintenance of blood vessels. These proteins interact in a complex network that promotes endothelial cell proliferation, migration, and differentiation, which are essential for the development of a functional vascular system. The system also includes proteins that regulate these processes to prevent aberrant vascular growth, ensuring a balanced and controlled development of the vascular system."	0.92
NEST:293	"TP53,E2F1,RBL1,E2F4,RBL2"	Cell Cycle Regulation and Apoptosis	"1. TP53, commonly known as p53, is a tumor suppressor protein that plays a critical role in preventing cancer formation. It functions as a transcription factor that regulates the expression of a wide array of genes involved in cell cycle arrest, DNA repair, apoptosis, and senescence. TP53 is activated in response to DNA damage and other cellular stress signals.

2. E2F1 is a member of the E2F family of transcription factors, which are pivotal in controlling the cell cycle by regulating the expression of genes required for DNA replication and cell cycle progression. E2F1 is typically involved in the transition from the G1 to S phase of the cell cycle.

3. RBL1 (p107) and RBL2 (p130) are members of the retinoblastoma protein family, which also includes RB1 (pRb). These proteins are key regulators of the cell cycle and are known to interact with E2F transcription factors. They function to inhibit the cell cycle in the G1 phase by binding to and repressing E2F activity.

4. E2F4 is another member of the E2F transcription factor family. It is often associated with RBL1 and RBL2 in the formation of repressive complexes that control the transition from the G1 to S phase of the cell cycle, particularly under conditions where the cell needs to exit the cell cycle, such as in differentiation or response to DNA damage.

The proteins TP53, E2F1, RBL1, E2F4, and RBL2 form a network that is fundamentally involved in the regulation of the cell cycle and the induction of apoptosis. TP53 acts as a sensor and effector that can halt the cell cycle and initiate apoptosis in response to genotoxic stress. The E2F family members, particularly E2F1, are crucial for the progression of the cell cycle but are kept in check by the retinoblastoma-like proteins RBL1 and RBL2, which prevent inappropriate cell cycle entry. The interaction between these proteins ensures a balance between cell proliferation and cell death, which is essential for maintaining genomic integrity and preventing oncogenesis. The high confidence score reflects the strong and well-established connections between these proteins in the regulation of the cell cycle and apoptosis."	0.95
NEST:3	"UBE2T,E2F6,MDC1,HDAC3,RPS6KB1,KMT2C,SUZ12,PALB2,SMC1A,MTA1,RSF1,SOCS1,ATR,MSH2,ERCC6,FANCM,U2AF1,BCORL1,SMARCE1,BLM,DKC1,RBL2,NCOR2,CIC,ANKRD11,MAP3K7,AR,PCBP1,PPP2R2A,KMT2D,CCND1,PIK3C3,PARK2,XPA,HSP90AA1,WRN,ACVR1B,ATIC,MGA,ERCC4,SMARCA4,HDAC2,MEN1,ING1,MSH6,MYB,MAGI2,PRKCZ,PHB2,CDKN2A,FANCB,STK11,TAF1,CDC25A,ARAF,GATA1,STAT3,SETD2,TGFBR1,STAG2,PNRC1,BAP1,FOXL2,BCL2L12,HLA-A,TRAF7,TP63,RARA,MLLT3,RPL5,RAD54L,CDKN2C,RPTOR,TBL1XR1,LEF1,STAG1,FANCI,BCL6,BRCA1,NHP2,FANCE,PPP2CB,CASP8,KRAS,NSD2,TSC2,BCOR,E2F5,KDM5A,FANCL,NSD1,NUP98,BCL11B,PTPN11,GPS2,ZRSR2,POLH,MIB1,FBXW7,PPP2CA,TOP1,YEATS4,HIST3H3,CTCF,H3F3A,MLH1,MYCN,ASXL2,SMARCB1,PHF6,AURKB,SHQ1,SMARCA1,AURKA,MLH3,FRS2,NKX3-1,DOT1L,MECOM,NUP93,XRCC3,KDM6A,ATRX,CHEK1,AKT1,PMS2,E2F4,DNMT3A,PBRM1,TSC1,ABL1,CTNNB1,ARID2,XPO1,MAX,TERT,XPC,PELP1,ERCC2,IKZF1,E2F1,EZH2,PRPF40B,CCND2,FUBP1,PPP6C,RBM10,RICTOR,PMS1,DNMT3B,MDM2,DAXX,ELOC,MYC,MED12,SOX2,RAF1,PML,POLD1,KMT2A,EWSR1,SLX4,HIST1H2BD,TOP2A,ZBTB2,RAD51B,HDAC4,UMPS,RAD51C,MRE11,GEN1,GATA3,DICER1,CKS1B,HIST1H3F,BRCA2,MKI67,KAT6A,SPEN,FOXO3,EP300,ERCC3,CDKN1C,TP53,RBL1,H3F3C,BRAF,BRIP1,RHOA,HIST1H1C,XRCC1,ATM,PPP1CC,MDM4,CDK8,SMAD3,JUN,PRDM1,PRCC,CDKN2B,MYCL,FANCA,CDK12,BRD4,HDAC1,RAD51D,BTG1,PPP1CA,RAB35,BCLAF1,CRKL,MUTYH,SMAD4,FANCF,PARP1,DDX3X,CUX1,AMER1,E2F3,RUNX1T1,CHD2,CHEK2,SRSF2,RAD52,DNMT1,SF1,PA2G4,TAP2,ARID1A,ERCC1,CTC1,MED1,KDM5C,CCDC6,MTOR,FANCD2,IRF2,SF3B1,RPS15,SKP1,HIST1H1E,PIAS4,TET2,CCNE2,CCNE1,ESR1,RAD51,LATS1,FANCG,EGLN1,WT1,FUS,EMSY,ZNF217,CDKN1A,POT1,POLE,KMT2B,BCL7A,RB1,CREBBP,PRKDC,ASNS,NCOA3,TCF3,HIST1H4E,RAD50,HDAC5,HRAS,NBN,RAD21,VHL,RANBP2,CDKN1B,AXIN2,HSPH1,MAD2L2,ERCC5,MSH3,FANCC,NF2,CUL3,CEP57,CHD4,EED,SMAD2,CDK4,CDK6,GID4,MGMT,E2F2,TYMS,CDK5,ARID1B,PPP1R15A,RUNX1,PPP2R1B,SMC3,ASXL1,DDB2,GSTP1,NF1,INHBA,BUB1B,BARD1,NPM1,DIS3,XRCC2,RECQL4,UPF1,PPP1CB,TNF,WEE1,HIF1A,LMNA,REL,TFDP1,CCND3,NCOR1,CDC73,RXRA,RINT1,PPP2R1A"	Genome Integrity and Regulation	"The system of interacting proteins provided is involved in a complex network of biological processes that are primarily centered around the maintenance of genome integrity, regulation of gene expression, and cell cycle control. These proteins can be grouped based on their functions and interactions, which include DNA repair, chromatin remodeling, transcriptional regulation, cell cycle checkpoints, and signal transduction pathways.

1. DNA Repair and Maintenance of Genome Integrity: Proteins such as MSH2, MSH6, MLH1, MLH3, PMS2, BRCA1, BRCA2, RAD51, RAD51B, RAD51C, RAD51D, XRCC1, XRCC2, XRCC3, ERCC1, ERCC2, ERCC4, ERCC5, ERCC6, XPA, XPC, DDB2, GEN1, MRE11, and RECQL4 are involved in various DNA repair pathways, including mismatch repair (MMR), homologous recombination (HR), nucleotide excision repair (NER), and base excision repair (BER). These proteins work synergistically to detect and repair DNA damage, thus preserving genomic stability.

2. Chromatin Remodeling and Epigenetic Regulation: Proteins such as HDAC1, HDAC2, HDAC3, HDAC4, HDAC5, KMT2A, KMT2B, KMT2C, KMT2D, EZH2, SMARCA1, SMARCA4, SMARCB1, SMARCE1, CHD2, CHD4, ARID1A, ARID1B, ARID2, BRD4, and CREBBP are involved in modifying chromatin structure and histones, which in turn regulates gene expression. These proteins are essential for the dynamic regulation of chromatin accessibility and the epigenetic landscape of the cell.

3. Transcriptional Regulation: Proteins such as MYC, MAX, E2F1, E2F2, E2F3, E2F4, E2F5, E2F6, TP53, RB1, RBL1, RBL2, BRCA1, MTA1, MEN1, MYB, GATA1, GATA3, SOX2, TCF3, and STAT3 are transcription factors or co-factors that control the expression of genes involved in cell growth, differentiation, and apoptosis. They are critical for the proper execution of cellular programs and can act as oncogenes or tumor suppressors.

4. Cell Cycle Control and Signal Transduction: Proteins such as CDK4, CDK6, CDK8, CDK12, CCND1, CCND2, CCND3, CCNE1, CCNE2, CDKN1A, CDKN1B, CDKN1C, CDKN2A, CDKN2B, CDKN2C, TP53, ATM, ATR, CHEK1, CHEK2, and WEE1 are involved in the regulation of the cell cycle. They ensure that cells only divide when conditions are favorable and that damaged DNA is repaired before cell division. Proteins like AKT1, RAF1, KRAS, HRAS, MAP3K7, and TGFBR1 are part of signaling pathways that convey extracellular signals to the nucleus, influencing cell proliferation, survival, and metabolism.

5. Additional Processes: Some proteins in the system are involved in other processes such as RNA processing (U2AF1, SF1, SF3B1, PRPF40B), protein degradation (UBE2T, FBXW7), and response to stress (HSP90AA1, HIF1A).

In summary, the most prominent biological process performed by this system is the maintenance of genome integrity and regulation of gene expression. The proteins in this system work together to ensure that DNA is accurately replicated and repaired, that the chromatin environment is conducive to the correct expression of genes, and that the cell cycle progresses in a controlled manner. The high confidence score reflects the significant proportion of genes in the system that contribute to these processes."	0.92
NEST:30	"RAD51C,BRCA1,CHEK1,PMS2,CKS1B,BRCA2,MKI67,CDKN1A,TERT,POLE,TP53,RB1,BUB1B,BRIP1,MSH2,BARD1,FANCD2,XRCC2,MLH1,BLM,PMS1,AURKB,POLD1,CDKN1B,AURKA,MSH3,MLH3,WRN,CCNE1,TOP2A,RAD51,MSH6"	DNA Damage Response and Repair	"1. RAD51C, BRCA1, BRCA2, BARD1, and RAD51 are central to the homologous recombination repair (HRR) pathway, a critical mechanism for repairing double-strand DNA breaks. BRCA1 and BRCA2 facilitate RAD51-mediated strand invasion, a key step in HRR. BARD1 forms a heterodimer with BRCA1, which is essential for its stability and function in DNA repair.

2. CHEK1, TP53, and RB1 are involved in cell cycle checkpoint control. CHEK1 is a kinase that phosphorylates downstream proteins to induce cell cycle arrest in response to DNA damage. TP53, the tumor suppressor protein, can induce cell cycle arrest, apoptosis, or senescence in response to genotoxic stress. RB1 regulates the cell cycle by controlling the transition from G1 to S phase.

3. PMS2, MLH1, MSH2, MSH3, MSH6, MLH3, and PMS1 are part of the mismatch repair (MMR) system, which corrects base mismatches and insertion-deletion loops during DNA replication. Defects in MMR can lead to microsatellite instability and are associated with various cancers.

4. FANCD2 is a key player in the Fanconi anemia (FA) pathway, which is responsible for repairing interstrand DNA crosslinks. The FA pathway coordinates with HRR to maintain genome stability.

5. XRCC2 and BLM are involved in the repair of DNA crosslinks and maintenance of genomic stability. BLM, in particular, helps resolve DNA replication forks and Holliday junctions, preventing genomic instability.

6. CDKN1A (p21) and CDKN1B (p27) are cyclin-dependent kinase inhibitors that regulate cell cycle progression. CDKN1A is a transcriptional target of TP53 and can induce cell cycle arrest following DNA damage.

7. AURKA and AURKB are serine/threonine kinases that play roles in mitotic spindle assembly and chromosome segregation. Their proper function is crucial for maintaining chromosomal stability during cell division.

8. TERT, the catalytic subunit of telomerase, is involved in maintaining telomere ends, which is essential for chromosome stability and cellular immortality.

9. POLE and POLD1 are subunits of DNA polymerase epsilon and delta, respectively, and are involved in high-fidelity DNA replication and repair.

10. MKI67 is a nuclear protein associated with cellular proliferation and is widely used as a marker for cell proliferation.

11. BUB1B is a key component of the spindle assembly checkpoint, ensuring proper chromosome segregation.

12. WRN and TOP2A are involved in DNA metabolism; WRN has helicase and exonuclease activities, and TOP2A is a DNA topoisomerase that resolves topological stress during DNA replication and transcription.

To summarize, the proteins in this system are predominantly involved in the detection, signaling, and repair of DNA damage, as well as the maintenance of genomic stability through various repair pathways, cell cycle checkpoints, and chromosome segregation mechanisms. The interplay between these proteins ensures the integrity of the genome during cell division and in response to DNA damage, which is crucial for preventing genomic instability and oncogenesis."	0.98
NEST:31	"PALLD,ACTA2,FANCC,FGF10,PDGFRB,CD276,TNF,GREM1"	"Regulation of Cell Structure, Proliferation, and Repair Mechanisms"	"1. PALLD (Palladin) and ACTA2 (Actin, alpha 2) are cytoskeletal proteins that play a crucial role in maintaining cell structure and integrity. PALLD is involved in the organization of actin filament structures and is critical for the proper assembly and function of the actin cytoskeleton. ACTA2 is a major component of the contractile apparatus in muscle cells and also contributes to the cytoskeletal structure in non-muscle cells. Together, these proteins are essential for cellular morphology, motility, and the maintenance of tissue architecture.

2. FANCC (Fanconi anemia, complementation group C) is a protein that functions in the DNA repair pathway, particularly in the repair of DNA interstrand crosslinks. It is part of a multi-protein complex that is essential for maintaining genomic stability and preventing DNA damage-induced apoptosis. FANCC's role in DNA repair is critical for the proper proliferation and survival of cells, especially during development and in response to genotoxic stress.

3. FGF10 (Fibroblast Growth Factor 10) and PDGFRB (Platelet-Derived Growth Factor Receptor Beta) are signaling molecules involved in cell proliferation, differentiation, and tissue repair. FGF10 is a paracrine signaling molecule that stimulates the proliferation and differentiation of various cell types, including those in the lung, limb, and skin. PDGFRB is a cell surface tyrosine kinase receptor that mediates cellular responses to PDGF, which include cell proliferation, migration, and survival, particularly in connective tissue cells and vascular smooth muscle cells.

4. CD276 (Cluster of Differentiation 276) is a cell surface protein that can modulate immune responses and has been implicated in the regulation of tumor immunity. It is involved in the costimulatory signal essential for T-cell proliferation and production of cytokines.

5. TNF (Tumor Necrosis Factor) is a cytokine involved in systemic inflammation and is one of the cytokines that make up the acute phase reaction. It is involved in the regulation of a wide spectrum of biological processes including cell proliferation, differentiation, apoptosis, lipid metabolism, and coagulation.

6. GREM1 (Gremlin 1) is a developmental protein that acts as a bone morphogenetic protein (BMP) antagonist, essential for regulating embryonic development and tissue differentiation. It is involved in various processes including limb bud formation and renal development. GREM1 also plays a role in tissue repair and fibrosis by modulating cellular proliferation and differentiation.

In summary, the proteins in this system are involved in maintaining and regulating cell structure, proliferation, and repair mechanisms. They contribute to the integrity of the cytoskeleton, mediate growth factor signaling for cell growth and tissue repair, participate in DNA repair processes, modulate immune responses, and are involved in the regulation of inflammation and tissue development. The interplay between these proteins supports cellular and tissue homeostasis, particularly in response to injury and during development."	0.85
NEST:32	"SKP1,VHL,MDM2,TNF,RIT1,ELOC,AURKB,STK11,CCND1,ETV5,PARK2,ETV4,TP53,FBXO11,PRAME,NF2,HSP90AA1,CUL3,DDB2,TET2,FBXW7"	Ubiquitin-mediated proteolysis and cell cycle regulation	"1. SKP1, CUL3, and FBXW7 are components of the SCF (SKP1-CUL1-F-box protein) E3 ubiquitin ligase complex, which targets proteins for ubiquitination and subsequent proteasomal degradation. FBXO11 and FBXW7, as F-box proteins, confer substrate specificity to the SCF complex. This process is critical for the regulation of the cell cycle, signal transduction, and other cellular processes.

2. VHL is part of the VBC (VHL-ELOC-elongin B-CUL2) ubiquitin ligase complex that targets hypoxia-inducible factor (HIF) for degradation under normoxic conditions, thus playing a key role in cellular response to oxygen levels and contributing to cell cycle control.

3. MDM2 is an E3 ubiquitin ligase that ubiquitinates TP53/p53, leading to its degradation. TP53 is a crucial tumor suppressor protein that regulates the cell cycle, apoptosis, and genomic stability. The MDM2-TP53 interaction is a central node in the regulation of cell proliferation and survival.

4. TNF is a cytokine involved in systemic inflammation and the acute phase response. It can activate NF-κB signaling, which is tightly linked to the ubiquitin-proteasome system and can influence cell survival and proliferation.

5. RIT1, STK11, and NF2 are involved in various signaling pathways that regulate cell growth, proliferation, and differentiation. Mutations in these proteins are associated with tumorigenesis.

6. AURKB is a kinase that plays a crucial role in mitosis, particularly in chromosome segregation and cytokinesis. It is regulated by ubiquitination and is essential for proper cell cycle progression.

7. CCND1, ETV5, and ETV4 are involved in cell cycle regulation and transcriptional regulation. CCND1 (cyclin D1) in particular is a key regulator of the G1/S phase transition in the cell cycle.

8. PARK2 (Parkin) is an E3 ubiquitin ligase that has a role in targeting damaged mitochondria for degradation, thus contributing to cellular homeostasis and potentially influencing cell survival and proliferation.

9. PRAME is an antigen preferentially expressed in tumors and can modulate retinoic acid signaling, which is involved in cell differentiation and proliferation.

10. HSP90AA1 is a molecular chaperone that assists in the proper folding of proteins, many of which are involved in cell signaling and the cell cycle. It is also a target for ubiquitination and proteasomal degradation.

11. DDB2 and TET2 are involved in DNA repair and epigenetic regulation, respectively. Their activities can influence cell cycle progression and genomic stability.

To summarize, the proteins in this system are heavily involved in the regulation of the ubiquitin-proteasome system, which is essential for the targeted degradation of proteins that regulate the cell cycle, DNA repair, and various signaling pathways. The interplay between these proteins ensures proper cell cycle progression, genomic stability, and response to cellular stress, which are critical for maintaining cellular homeostasis and preventing tumorigenesis."	0.92
NEST:33	"HRAS,TNF,RPL5,NPM1,DKC1,CHEK2,XPC,TERT,FUS,SF3B1,RHOA,CDC73"	Regulation of Cell Proliferation and Genome Stability	"1. HRAS is a GTPase involved in signal transduction pathways that regulate cell proliferation, differentiation, and survival. Mutations in HRAS can lead to uncontrolled cell growth and contribute to the development of cancer.

2. TNF, or tumor necrosis factor, is a cytokine that plays a role in inflammation, apoptosis, and cell proliferation. It can induce cell death in tumor cells but also has the potential to promote cancer progression under certain conditions.

3. RPL5 is a component of the 60S ribosomal subunit and is involved in protein synthesis. It also has extra-ribosomal functions, including the regulation of the p53 tumor suppressor pathway, which is crucial for maintaining genome stability and preventing tumorigenesis.

4. NPM1, nucleophosmin, is implicated in ribosome biogenesis and also functions in the regulation of the p53 tumor suppressor and the ARF tumor suppressor pathway. It is frequently mutated in acute myeloid leukemia.

5. DKC1 is involved in ribosome biogenesis and telomere maintenance. Mutations in DKC1 are associated with dyskeratosis congenita, a disorder characterized by premature aging and increased risk of cancer.

6. CHEK2 is a checkpoint kinase that responds to DNA damage by halting the cell cycle and promoting DNA repair or apoptosis. It is a key player in the DNA damage response pathway and acts as a tumor suppressor.

7. XPC is involved in nucleotide excision repair, a critical DNA repair mechanism that removes a wide range of DNA lesions, including those induced by UV radiation. Defects in XPC can lead to xeroderma pigmentosum, a condition with a high risk of skin cancer.

8. TERT, the catalytic subunit of telomerase, is responsible for maintaining telomere length, which is essential for chromosome stability and cellular immortality. Telomerase activity is often upregulated in cancer cells.

9. FUS is an RNA-binding protein involved in RNA splicing and may also play a role in DNA repair. Mutations in FUS are linked to neurodegenerative diseases and it has been implicated in cancer.

10. SF3B1 is a component of the spliceosome, which is responsible for pre-mRNA splicing. Mutations in SF3B1 are associated with myelodysplastic syndromes and other hematological malignancies.

11. RHOA is a small GTPase that regulates the actin cytoskeleton, cell shape, and motility. It is also involved in cell cycle progression and has been implicated in oncogenesis.

12. CDC73 is a tumor suppressor that is part of the PAF1 complex, involved in histone modification and gene transcription regulation. Mutations in CDC73 can lead to hyperparathyroidism-jaw tumor syndrome and an increased risk of parathyroid carcinoma.

To summarize, the proteins in this system are involved in a variety of processes that regulate cell proliferation, survival, and genome stability. They participate in signaling pathways that control cell growth, DNA repair mechanisms that maintain genomic integrity, and the regulation of telomere length, which is crucial for chromosome stability. The interplay between these proteins can have synergistic or antagonistic effects on cell proliferation and tumor suppression, highlighting their collective role in maintaining cellular homeostasis and preventing oncogenesis."	0.89
NEST:34	"IRF2,PARP1,PRDM1,DNMT3B,DNMT3A,HDAC3,EMSY,ZNF217,PHF6,BRD4,HDAC1,KDM5A,RUNX1,TERT,SMARCA1,PALB2,BCL11B,TP53,DNMT1,MTA1,CHD4,RB1,CREBBP,ZBTB2,BARD1,HDAC2,E2F1,HIST3H3,EZH2,ING1"	Chromatin remodeling and transcriptional regulation in cancer	"1. The proteins IRF2, PRDM1, RUNX1, TP53, E2F1, and CREBBP are transcription factors or co-factors that play roles in gene expression regulation. TP53, also known as p53, is a tumor suppressor that regulates the cell cycle and thus functions as a cancer suppressor. RUNX1 is involved in hematopoietic development and has been implicated in leukemia. E2F1 is a key regulator of cell cycle progression and apoptosis. CREBBP has histone acetyltransferase activity and is involved in the transcriptional coactivation of many different transcription factors.

2. PARP1, DNMT1, DNMT3A, DNMT3B, and TERT are involved in DNA modification and repair. PARP1 is a DNA-binding enzyme that is involved in DNA repair and programmed cell death. DNMT1, DNMT3A, and DNMT3B are DNA methyltransferases that add methyl groups to cytosine residues in DNA, affecting gene expression. TERT is the catalytic subunit of the enzyme telomerase and is involved in maintaining telomere length, which is often upregulated in cancer cells to enable limitless replication.

3. HDAC1, HDAC2, HDAC3, and EZH2 are involved in chromatin remodeling. HDACs remove acetyl groups from histone proteins, leading to a closed chromatin conformation and reduced transcriptional activity. EZH2 is a component of the polycomb repressive complex 2 (PRC2) and mediates the methylation of histone H3 on lysine 27 (H3K27me3), which is associated with gene silencing.

4. BRD4, CHD4, SMARCA1, and MTA1 are components of chromatin remodeling complexes that regulate transcription. BRD4 is a member of the BET protein family that recognizes acetylated histones and plays a role in regulating gene expression. CHD4 is part of the NuRD (nucleosome remodeling and deacetylase) complex, which has roles in chromatin structure and transcription. SMARCA1 is a component of the SWI/SNF chromatin remodeling complex that regulates gene expression by altering chromatin structure.

5. BCL11B, BARD1, PALB2, and TP53 are involved in DNA damage response and repair. BCL11B is a transcription factor that can also function as a tumor suppressor. BARD1 forms a heterodimer with BRCA1, playing a role in DNA repair. PALB2 is a partner and localizer of BRCA2 and is essential for homologous recombination repair of DNA double-strand breaks.

6. EMSY, ZNF217, PHF6, ING1, and RB1 are additional regulatory proteins that interact with chromatin or influence transcription. EMSY is a BRCA2-interacting transcriptional repressor. ZNF217 is a zinc finger protein that can promote oncogenesis by altering chromatin structure and gene expression. PHF6 is a plant homeodomain (PHD) finger protein implicated in leukemia. ING1 is a tumor suppressor that can affect chromatin structure and gene expression. RB1 is a well-known tumor suppressor that regulates the cell cycle by inhibiting E2F transcription factors.

To summarize, the proteins in this system are heavily involved in the regulation of gene expression through chromatin remodeling, DNA modification, and transcription factor activity. Many of these proteins have been implicated in the development and progression of cancer through their roles in controlling cell cycle progression, apoptosis, DNA repair, and maintaining genomic stability. The interplay between these proteins can lead to either the suppression or promotion of tumorigenesis, depending on the context and the state of cellular regulation."	0.92
NEST:35	"SF3B1,CDC73,RBM10,SF1,ZRSR2,PRPF40B"	Pre-mRNA Splicing Regulation	"1. SF3B1 (Splicing Factor 3b Subunit 1) is a core component of the U2 small nuclear ribonucleoprotein (snRNP) complex, which is essential for the splicing of pre-mRNA. It plays a critical role in recognizing the branch point sequence in pre-mRNA, a key step in spliceosome assembly and splicing catalysis.

2. CDC73 (Cell Division Cycle 73) is a component of the PAF1 complex, which has been implicated in various stages of transcription elongation. It also interacts with RNA polymerase II and histone modification enzymes, linking transcriptional regulation to RNA processing events, including splicing.

3. RBM10 (RNA Binding Motif Protein 10) is involved in the regulation of alternative splicing and mRNA export. It has been shown to influence exon inclusion or exclusion in target pre-mRNAs, affecting the diversity of mRNA isoforms produced from a single gene.

4. SF1 (Splicing Factor 1) is a key factor in the early stages of spliceosome assembly. It recognizes and binds to the branch point sequence in pre-mRNA, facilitating the recruitment of other splicing factors, including U2 snRNP, to form the spliceosome.

5. ZRSR2 (Zinc Finger CCCH-Type, RNA Binding Motif and Serine/Arginine Rich 2) is a component of the minor U12-type spliceosome, which is responsible for the removal of a subset of introns from eukaryotic pre-mRNAs. It is involved in the recognition of the 3' splice site during the splicing of U12-type introns.

6. PRPF40B (Pre-mRNA Processing Factor 40 Homolog B) is associated with the spliceosome and is thought to play a role in the regulation of splicing, although its precise function is less well characterized compared to the other proteins listed.

To summarize, the proteins in this set are predominantly involved in the regulation of pre-mRNA splicing, a fundamental process in gene expression that ensures the correct removal of introns and joining of exons to produce mature mRNA. The proteins function at various stages of spliceosome assembly and splicing catalysis, with some influencing alternative splicing decisions. Their interactions suggest a tightly coordinated system that contributes to the fidelity and regulation of gene expression at the RNA level."	0.95
NEST:36	"IRF2,TAP2,IFIT2,TNF,IFIT1,TAP1,IFIT3,PML"	Antiviral Response and Immune Regulation	"1. IRF2 (Interferon Regulatory Factor 2) is a transcriptional regulator that plays a critical role in the immune response to viral infection. It competes with IRF1 in binding to interferon-stimulated response elements (ISRE) in the promoters of interferon-inducible genes, acting as a transcriptional repressor for interferon-inducible genes and as a transcriptional activator for cell growth-regulated genes.

2. TAP1 (Transporter 1, ATP-binding Cassette Sub-family B) and TAP2 (Transporter 2, ATP-binding Cassette Sub-family B) are components of the peptide transporter involved in the processing and presentation of antigenic peptides to MHC class I molecules. They work in concert to transport intracellular peptides into the endoplasmic reticulum, where they can be loaded onto MHC class I molecules for presentation to cytotoxic T cells.

3. IFIT1 (Interferon-Induced Protein with Tetratricopeptide Repeats 1), IFIT2, and IFIT3 are part of the IFIT family of proteins that are rapidly induced following viral infection. They play a role in the innate immune response to viral infection, particularly by binding to viral RNA and inhibiting viral replication and translation. These proteins can recognize viral RNA lacking 2'-O-methylation, a common feature of cellular mRNA, and act as a host defense mechanism.

4. TNF (Tumor Necrosis Factor) is a cytokine involved in systemic inflammation and is a member of a group of cytokines that stimulate the acute phase reaction. It is produced chiefly by activated macrophages and can induce cell death of certain tumor cell lines. It plays a role in the regulation of immune cells and can also induce fever, apoptotic cell death, sepsis, cachexia, inflammation, and inhibit tumorigenesis and viral replication.

5. PML (Promyelocytic Leukemia Protein) is involved in the formation of nuclear bodies (PML-NBs) that are implicated in the regulation of various cellular processes including apoptosis, DNA repair, and antiviral responses. PML can act as a transcriptional coactivator or corepressor and is also involved in the cellular response to viral infection.

In summary, the proteins in this system are primarily involved in the cellular response to viral infection and the regulation of the immune system. They function in the recognition and response to viral pathogens, the presentation of viral antigens to the immune system, and the regulation of immune and inflammatory responses. The interplay between these proteins enhances the body's ability to detect and respond to viral infections, mediating both innate and adaptive immune responses."	0.95
NEST:38	"STAT5B,PTK2,AKT1,CBL,KRAS,JAK2,IFNAR1,ABL1,TSC2,ARAF,PIK3R1,MAPK1,TP53,ERBB4,PTPN11,MAP2K1,BRAF,STAT3,NRAS,CBLB,ERBB2,SRC,STAT5A,FYN,HRAS,RET,HLA-A,INPPL1,IFNGR1,TNF,IRS1,MAP2K2,SYK,RAF1,CDKN1B,EGFR,GSK3B,BCAR1,STAT6,FRS2,FGFR1,JAK1,CRKL,RASA1,PLCG2,IFNAR2,PDGFRA,CSF3R,BTK,EPHB2,EGF,ERBB3,BCR"	Signal Transduction and Cell Cycle Regulation	"1. The proteins STAT5B, STAT3, STAT5A, and STAT6 are part of the Signal Transducer and Activator of Transcription (STAT) family, which are critical for mediating the effects of cytokines and growth factors. Upon activation by Janus kinases (JAKs) like JAK1 and JAK2, STAT proteins dimerize and translocate to the nucleus to regulate gene expression.

2. The protein tyrosine kinases (PTKs) such as PTK2 (FAK), ABL1, SRC, FYN, and SYK are involved in signal transduction pathways that regulate a variety of cellular processes including cell growth, differentiation, and survival. They are activated by extracellular signals and can initiate multiple downstream pathways.

3. The RAS/MAPK pathway is represented by KRAS, NRAS, HRAS, BRAF, ARAF, RAF1, MAPK1, MAP2K1, and MAP2K2. This pathway is crucial for cell proliferation and differentiation. Mutations in these proteins are often implicated in cancer.

4. The PI3K/AKT/mTOR pathway includes AKT1, PIK3R1, and TSC2. This pathway is involved in cell growth, survival, and metabolism. AKT1 is a serine/threonine kinase that, when activated, can inhibit apoptosis and stimulate protein synthesis via mTOR.

5. The tumor suppressor TP53 (p53) is a transcription factor that regulates the cell cycle and can induce apoptosis in response to DNA damage. CDKN1B (p27) is a cyclin-dependent kinase inhibitor that plays a role in cell cycle regulation by inhibiting the transition from G1 to S phase.

6. The receptor tyrosine kinases (RTKs) such as EGFR, ERBB2, ERBB3, ERBB4, FGFR1, PDGFRA, and EPHB2 are involved in cell signaling pathways that control cell proliferation and survival. They can activate several downstream pathways, including RAS/MAPK and PI3K/AKT.

7. Adaptor proteins like GRB2, CRKL, BCAR1, and FRS2 link RTKs to downstream signaling molecules, facilitating signal transduction.

8. The ubiquitin ligases CBL and CBLB regulate RTKs by mediating their ubiquitination and subsequent degradation, thus modulating signal strength and duration.

9. The immune system is represented by proteins such as HLA-A, IFNAR1, IFNAR2, IFNGR1, and TNF, which are involved in antigen presentation and response to cytokines.

10. Proteins like IRS1, INPPL1, and PLCG2 are involved in metabolic signaling pathways, linking extracellular signals to the regulation of metabolism.

11. BTK and SYK are tyrosine kinases involved in B-cell receptor signaling, which is crucial for B-cell development and function.

12. The cell adhesion molecule BCAR1 (p130Cas) is involved in integrin signaling and can affect cell motility and survival.

To summarize, the proteins in this system are heavily involved in signal transduction pathways that regulate cell proliferation, differentiation, survival, and metabolism. They are interconnected through various signaling cascades, such as the RAS/MAPK, PI3K/AKT/mTOR, and JAK/STAT pathways, and are regulated by RTKs and cytokine receptors. The system also includes proteins that regulate the cell cycle and apoptosis, ensuring proper cell division and response to cellular stress. The integration of these pathways allows for a coordinated cellular response to external and internal stimuli, which is essential for maintaining cellular homeostasis and function."	0.94
NEST:39	"CASP8,BCLAF1,SPEN,U2AF1,SRSF2,RBM10,SF1"	Regulation of Apoptosis and RNA Splicing	"1. CASP8, or Caspase-8, is a crucial initiator protease in the extrinsic pathway of apoptosis. It is activated upon engagement of death receptors on the cell surface, leading to a cascade of downstream caspase activations that result in programmed cell death. This protein is also implicated in non-apoptotic functions, such as cell differentiation and proliferation.

2. BCLAF1, BCL2-associated transcription factor 1, is known to interact with members of the BCL2 family and is involved in the regulation of apoptosis. It also has roles in the regulation of gene expression through its influence on RNA splicing and mRNA export.

3. SPEN, also known as Split Ends, is a transcriptional repressor that can interact with RNA and is implicated in RNA processing. It has roles in developmental processes and can influence alternative splicing, a key aspect of post-transcriptional gene regulation.

4. U2AF1 (U2 small nuclear RNA auxiliary factor 1) is a component of the U2 snRNP complex, which is essential for the pre-mRNA splicing process. Mutations in U2AF1 are associated with various hematological malignancies, highlighting its role in the accurate and regulated splicing of pre-mRNA.

5. SRSF2, or Serine/Arginine-Rich Splicing Factor 2, is a splicing factor that plays a part in splice site selection and spliceosome assembly. It is involved in the regulation of alternative splicing and has been implicated in the pathogenesis of myelodysplastic syndromes when mutated.

6. RBM10 is an RNA-binding protein that regulates alternative splicing and is involved in the regulation of apoptosis. Mutations in RBM10 are associated with TARP syndrome and are implicated in lung and other cancers.

7. SF1, Splicing Factor 1, is involved in the recognition of the branch point sequence during pre-mRNA splicing. It is a key component of the early spliceosome assembly and is essential for the accurate splicing of precursor mRNAs.

To summarize, the proteins in this set are involved in two main biological processes: the regulation of apoptosis and RNA splicing. CASP8 and BCLAF1 are more directly involved in the apoptotic pathways, while BCLAF1, SPEN, U2AF1, SRSF2, RBM10, and SF1 are all implicated in various aspects of RNA splicing. These processes are interconnected, as the regulation of apoptosis can be influenced by alternative splicing of pre-mRNAs, which can result in the production of protein variants with different pro- or anti-apoptotic functions. The proteins in this system show a functional integration where the regulation of gene expression at the RNA level has implications for cell survival and programmed cell death."	0.88
NEST:4	"E2F6,HDAC3,KMT2C,PALB2,SMC1A,RSF1,MTA1,ATR,ERCC6,U2AF1,BCORL1,SMARCE1,DKC1,NCOR2,ANKRD11,MAP3K7,PCBP1,AR,PPP2R2A,KMT2D,XPA,HSP90AA1,WRN,ATIC,MGA,SMARCA4,HDAC2,MEN1,ING1,MAGI2,MYB,PRKCZ,PHB2,TAF1,GATA1,SETD2,STAG2,PNRC1,BAP1,FOXL2,RARA,MLLT3,RPL5,TBL1XR1,STAG1,BCL6,NHP2,PPP2CB,CASP8,NSD2,BCOR,KDM5A,NSD1,NUP98,BCL11B,PTPN11,GPS2,ZRSR2,FBXW7,PPP2CA,TOP1,YEATS4,HIST3H3,CTCF,H3F3A,MYCN,ASXL2,SMARCB1,PHF6,SHQ1,SMARCA1,DOT1L,NUP93,KDM6A,ATRX,DNMT3A,PBRM1,CTNNB1,ARID2,XPO1,MAX,TERT,XPC,PELP1,ERCC2,E2F1,PRPF40B,EZH2,FUBP1,RBM10,DNMT3B,MDM2,DAXX,ELOC,MYC,MED12,SOX2,RAF1,PML,KMT2A,EWSR1,SLX4,TOP2A,ZBTB2,HDAC4,UMPS,GATA3,KAT6A,SPEN,EP300,ERCC3,TP53,RBL1,H3F3C,RHOA,HIST1H1C,XRCC1,ATM,PPP1CC,MDM4,CDK8,PRDM1,PRCC,MYCL,CDK12,BRD4,HDAC1,PPP1CA,BCLAF1,PARP1,DDX3X,CUX1,RUNX1T1,CHD2,CHEK2,SRSF2,DNMT1,SF1,PA2G4,ARID1A,MED1,CCDC6,FANCD2,IRF2,SF3B1,RPS15,SKP1,HIST1H1E,PIAS4,ESR1,LATS1,WT1,FUS,EMSY,ZNF217,CDKN1A,POT1,KMT2B,BCL7A,RB1,CREBBP,PRKDC,ASNS,NCOA3,TCF3,RAD50,HDAC5,HRAS,RAD21,VHL,RANBP2,ERCC5,MSH3,CUL3,CHD4,EED,SMAD2,ARID1B,RUNX1,SMC3,ASXL1,GSTP1,NF1,BARD1,NPM1,DIS3,UPF1,TNF,REL,TFDP1,NCOR1,RXRA,CDC73,PPP2R1A"	Chromatin remodeling and transcriptional regulation	"The system of interacting proteins provided is involved in a complex network of biological processes primarily centered around chromatin remodeling, transcriptional regulation, and DNA repair. These processes are critical for the control of gene expression and the maintenance of genomic integrity.

1. Chromatin remodeling is facilitated by proteins such as SMARCA4, SMARCB1, SMARCE1, ARID1A, ARID1B, ARID2, BAP1, CHD2, CHD4, and ING1, which are components of the SWI/SNF complex. This complex alters chromatin structure to regulate gene accessibility for transcription factors and the transcriptional machinery.

2. Transcriptional regulation is a prominent theme, with several transcription factors (TFs) and co-regulators including MYC, MAX, E2F1, E2F6, GATA1, GATA3, TCF3, MYB, MYCN, TP53, and RB1. These TFs bind to specific DNA sequences and recruit co-regulators such as EP300, CREBBP, MED1, and MED12 to modulate gene expression.

3. Histone modification plays a significant role in this system, with proteins like KMT2A, KMT2B, KMT2C, KMT2D (lysine methyltransferases), EZH2 (a component of the PRC2 complex), HDAC1, HDAC2, HDAC3, HDAC4, HDAC5 (histone deacetylases), and SETD2 (histone methyltransferase) altering histone marks to influence chromatin states.

4. DNA repair and genomic stability are maintained by proteins such as BRCA1-associated protein (BAP1), ERCC2, ERCC3, ERCC5, ERCC6, XPA, XPC, RAD50, RAD21, BRD4, ATM, CHEK2, and TP53. These proteins are involved in various DNA repair pathways, including nucleotide excision repair, homologous recombination, and non-homologous end joining.

5. Several proteins in the system, such as ATR, ATRX, WRN, BLM, and TOP1, TOP2A, are involved in DNA replication and repair, contributing to the maintenance of genomic stability during cell division.

6. RNA processing is represented by proteins like U2AF1, PRPF40B, SF1, SF3B1, SRSF2, and ZRSR2, which are involved in splicing and other post-transcriptional modifications.

7. Cell cycle regulation is evident through the presence of proteins like CDKN1A, RB1, and cyclin-dependent kinases (CDK8, CDK12), which control the progression of cells through the cell cycle.

8. Signal transduction pathways are also represented by proteins such as RAF1, MAP3K7, PRKCZ, and RHOA, which can influence various cellular responses including proliferation, differentiation, and apoptosis.

To summarize, the majority of the proteins in this system are functionally integrated into the regulation of chromatin structure and transcription, with a significant number also involved in DNA repair and cell cycle control. The interplay between these proteins ensures precise control over gene expression and the preservation of genomic integrity, which are essential for normal cellular function and prevention of diseases such as cancer."	0.92
NEST:40	"PIK3CA,ACTA2,PALLD,CBL,PPP1CB,TPM1,TNF,MYH11"	Regulation of Actin Cytoskeleton and Cell Signaling	"1. PIK3CA is a catalytic subunit of phosphatidylinositol 3-kinase (PI3K), which is involved in the regulation of the actin cytoskeleton and plays a crucial role in cell proliferation, survival, and motility. PI3K signaling is activated by various cell-surface receptors and leads to the production of PIP3, a second messenger that recruits and activates downstream effectors like AKT.

2. ACTA2 (alpha-actin-2) is a major constituent of the contractile apparatus in smooth muscle cells and a component of the cytoskeleton in non-muscle cells. It interacts with myosin to generate contractile force and is involved in maintaining the structural integrity of cells and tissues.

3. PALLD (palladin) is a cytoskeletal protein that cross-links actin filaments and is involved in the organization of the actin cytoskeleton. It plays a role in cell adhesion, motility, and morphology.

4. CBL is an E3 ubiquitin-protein ligase that participates in cell signaling pathways. It is involved in the regulation of signaling through receptor tyrosine kinases and can modulate the actin cytoskeleton by affecting downstream signaling pathways.

5. PPP1CB is a catalytic subunit of protein phosphatase 1 (PP1), which is involved in the regulation of a variety of cellular processes including cell division, glycogen metabolism, muscle contractility, and protein synthesis. PP1 also plays a role in the regulation of actin cytoskeleton dynamics by dephosphorylating various cytoskeletal proteins.

6. TPM1 (tropomyosin 1) binds to actin filaments and stabilizes them, playing a role in the regulation of muscle contraction and the cytoskeleton structure in non-muscle cells.

7. TNF (tumor necrosis factor) is a cytokine involved in systemic inflammation and is a member of a group of cytokines that stimulate the acute phase reaction. It can influence cell signaling pathways that intersect with those regulating the actin cytoskeleton.

8. MYH11 (myosin heavy chain 11) is a smooth muscle myosin, which interacts with actin filaments to produce contractile force. It is a key component in the function of smooth muscle cells and the maintenance of vascular tone.

In summary, the proteins in this system are involved in the regulation of the actin cytoskeleton, which is fundamental for cell shape, motility, and division, as well as in cell signaling pathways that influence these processes. The system includes proteins that directly bind and regulate actin filaments (ACTA2, PALLD, TPM1, MYH11), proteins that modulate the cytoskeleton through signaling pathways (PIK3CA, CBL, TNF), and a protein that regulates the phosphorylation state of cytoskeletal components (PPP1CB). The interplay between these proteins suggests a coordinated regulation of the actin cytoskeleton and related cell signaling, which is critical for maintaining cellular functions and responses to external stimuli."	0.85
NEST:42	"TERT,CDC73,PTPN11,SETD2,PPP1CC,DNMT3A,KMT2A,CHD2"	Chromatin Modification and Signal Transduction in Cell Proliferation and Maintenance	"1. TERT, the catalytic subunit of telomerase, is involved in the maintenance of telomere length, which is crucial for chromosome stability and cellular immortality. Telomerase activity is tightly regulated and is typically reactivated in cancer cells, contributing to their unchecked proliferation.

2. CDC73 (also known as parafibromin) is a tumor suppressor protein that is part of the PAF1 complex, involved in chromatin remodeling and transcriptional regulation. Loss of CDC73 function is associated with hyperparathyroidism-jaw tumor syndrome and an increased risk of parathyroid carcinoma.

3. PTPN11 encodes the protein tyrosine phosphatase, SHP-2, which is involved in signal transduction pathways that regulate a variety of cellular processes including cell growth, differentiation, mitotic cycle, and oncogenic transformation. Mutations in PTPN11 are implicated in Noonan syndrome and various leukemias.

4. SETD2 is a histone methyltransferase that specifically trimethylates 'Lys-36' of histone H3 (H3K36me3), a mark associated with active transcriptional elongation. It plays a role in DNA repair and is frequently mutated in clear cell renal cell carcinoma.

5. PPP1CC, a catalytic subunit of protein phosphatase 1 (PP1), is involved in the regulation of glycogen metabolism, muscle contractility, and cell division. It is essential for controlling the cell cycle by dephosphorylating key proteins involved in cell cycle progression.

6. DNMT3A is a DNA methyltransferase that adds methyl groups to cytosine residues in DNA, which is essential for epigenetic gene regulation and development. Mutations in DNMT3A are associated with hematological malignancies.

7. KMT2A, also known as MLL, is a histone methyltransferase that primarily methylates 'Lys-4' of histone H3 (H3K4me3), a mark that signifies active gene transcription. KMT2A rearrangements are a common cause of acute leukemias.

8. CHD2 is a chromodomain helicase DNA-binding protein that plays a role in chromatin remodeling and is important for neuronal development and function. Mutations in CHD2 are associated with a range of neurodevelopmental disorders including epilepsy.

To summarize, the proteins in this system are heavily involved in the regulation of chromatin structure and function, which in turn influences gene expression, cell cycle progression, and signal transduction pathways. These processes are critical for cell proliferation, differentiation, and maintenance. The interplay between these proteins suggests a coordinated regulation of epigenetic modifications and signaling pathways that are essential for normal development and are often dysregulated in diseases such as cancer and developmental disorders."	0.91
NEST:43	"TAP2,TNF,TAP1,IFIT1,IFIT2,IFIT3,PML"	Antigen Processing and Interferon-Induced Antiviral Response	"1. TAP1 (Transporter 1, ATP-binding cassette sub-family B member) and TAP2 (Transporter 2, ATP-binding cassette sub-family B member) are integral components of the antigen processing pathway. They form a heterodimeric complex that transports antigenic peptides from the cytosol into the endoplasmic reticulum, where these peptides are loaded onto major histocompatibility complex (MHC) class I molecules. This process is crucial for the presentation of intracellular antigens to CD8+ T cells, a key step in the cellular immune response.

2. TNF (Tumor Necrosis Factor) is a cytokine involved in systemic inflammation and is a member of a group of cytokines that stimulate the acute phase reaction. It is produced by activated macrophages, CD4+ lymphocytes, and NK cells. TNF plays a role in the regulation of immune cells, induces apoptosis, and can inhibit tumorigenesis and viral replication. It also influences cell survival, proliferation, differentiation, and effector functions, often acting synergistically with other cytokines.

3. IFIT1 (Interferon-induced protein with tetratricopeptide repeats 1), IFIT2, and IFIT3 are part of a family of proteins induced by interferons, particularly in response to viral infection. These proteins are involved in the antiviral response, mediating the effects of interferons, and contribute to the innate immune response. They can inhibit viral replication by binding to viral RNA, preventing translation, and modulating the host immune response.

4. PML (Promyelocytic leukemia protein) is involved in the formation of nuclear bodies (PML-NBs) that are implicated in the regulation of various cellular processes including apoptosis, DNA repair, and antiviral responses. PML can interact with a variety of proteins, including those involved in antiviral defense, and is upregulated by interferons. PML-NBs are thought to sequester viral particles and proteins, thereby inhibiting viral replication and promoting the degradation of viral components.

To summarize, the proteins in this set are primarily involved in the immune response to pathogens, particularly viruses. TAP1 and TAP2 are central to antigen presentation and the activation of cytotoxic T cells, while TNF is a key mediator of inflammation and immune regulation. IFIT1, IFIT2, and IFIT3 are part of the interferon-induced antiviral defense mechanism, and PML supports this response at the nuclear level. Collectively, these proteins contribute to a coordinated antiviral state that limits viral replication and promotes the destruction of infected cells."	0.92
NEST:44	"GATA3,DAXX,XPO1,NUP93,RANBP2,TERT,NUP98"	Nuclear Transport and Telomere Maintenance	"1. GATA3 is a transcription factor that plays a crucial role in the development of the immune system, particularly in T-cell development and differentiation. It is also involved in the regulation of gene expression in various tissues, including epithelial cells. GATA3 is known to be associated with chromatin remodeling and transcriptional control, which can indirectly influence nuclear transport mechanisms.

2. DAXX is a multifunctional protein involved in apoptosis, transcription, and chromatin remodeling. It acts as a chaperone for specific histones, thereby influencing the structure of chromatin and gene expression. DAXX also interacts with nuclear pore components, suggesting a role in nuclear-cytoplasmic transport.

3. XPO1, also known as CRM1, is a key nuclear export receptor that mediates the nuclear export of proteins and RNA molecules. It recognizes cargo proteins bearing a nuclear export signal (NES) and transports them through the nuclear pore complex (NPC) to the cytoplasm.

4. NUP93 is a component of the NPC, which is essential for nucleocytoplasmic transport. It is involved in the assembly and structural integrity of the NPC, thereby playing a critical role in the regulation of molecular trafficking between the nucleus and cytoplasm.

5. RANBP2, also known as NUP358, is a large component of the cytoplasmic filaments of the NPC. It has multiple roles, including the regulation of RAN GTPase cycle, which is crucial for the directionality of nuclear transport. RANBP2 also has SUMO E3 ligase activity and is involved in the post-translational modification of proteins.

6. TERT, the catalytic subunit of telomerase, is responsible for the maintenance of telomeres, the protective ends of chromosomes. While its primary function is in the nucleus, TERT can shuttle between the nucleus and cytoplasm, and its nuclear import is regulated by interactions with nuclear transport receptors.

7. NUP98 is another component of the NPC and is involved in nucleocytoplasmic transport. It also has roles in gene regulation and chromatin organization. NUP98 can be cleaved to generate a transcriptional activator that associates with chromatin regulatory complexes.

To summarize, the proteins in this set are predominantly involved in the regulation of nuclear transport, which is essential for maintaining cellular function and homeostasis. The system includes nuclear pore complex components (NUP93, RANBP2, NUP98), a nuclear export receptor (XPO1), and proteins that interact with the nuclear transport machinery (DAXX, GATA3). Additionally, TERT's role in telomere maintenance, while not directly related to nuclear transport, is a critical nuclear function that can be influenced by nuclear-cytoplasmic shuttling. The interplay between these proteins ensures the proper exchange of molecules between the nucleus and cytoplasm, as well as the maintenance of chromosomal integrity through telomere elongation."	0.85
NEST:45	"DICER1,PNRC1,CDK8,BTG1,ESR1,MED1,FBXW7,MED12,RARA"	Regulation of Gene Expression via RNA Interference and Transcriptional Control	"1. DICER1 is an endoribonuclease central to the RNA interference (RNAi) pathway, which processes precursor microRNAs into mature microRNAs. These small RNA molecules can post-transcriptionally regulate gene expression by binding to complementary sequences on target messenger RNAs, leading to their degradation or translational repression.

2. PNRC1 (Proline-rich nuclear receptor coactivator 1) functions as a coactivator for steroid receptors and nuclear receptors, enhancing their transcriptional activities. It interacts with components of the transcription machinery and may influence transcriptional regulation through its association with these receptors.

3. CDK8 is a cyclin-dependent kinase that associates with the Mediator complex, a multi-protein complex required for transcriptional activation. CDK8 can phosphorylate transcription factors and other proteins, modulating their activity and thus influencing transcriptional regulation.

4. BTG1 (B-cell translocation gene 1) is involved in the regulation of the cell cycle and has been implicated in the control of mRNA stability and translation. It can act as an anti-proliferative protein and is part of the APRO family, which influences various cellular processes including differentiation and apoptosis.

5. ESR1 (Estrogen Receptor 1) is a nuclear hormone receptor that, upon binding estrogen, can regulate gene expression by interacting with specific DNA sequences known as estrogen response elements. ESR1 is involved in a wide range of biological processes, including cell proliferation, differentiation, and metabolism.

6. MED1 is a component of the Mediator complex, which is pivotal for the transcriptional regulation of nearly all RNA polymerase II-dependent genes. MED1 interacts with nuclear receptors and other transcription factors to facilitate the assembly of the transcriptional machinery at promoter regions.

7. FBXW7 is an F-box protein that is part of the SCF (SKP1-CUL1-F-box protein) E3 ubiquitin ligase complex, which targets proteins for proteasomal degradation. It is involved in the regulation of protein stability, including that of several transcription factors and regulators of cell division.

8. MED12 is another component of the Mediator complex and is involved in the regulation of transcription. Mutations in MED12 are associated with a variety of human diseases, highlighting its role in gene expression and its importance in maintaining normal cellular function.

9. RARA (Retinoic Acid Receptor Alpha) is a nuclear receptor that regulates gene expression upon binding its ligand, retinoic acid. It is involved in cell differentiation, apoptosis, and the regulation of multiple signaling pathways.

To summarize, the proteins in this set are involved in the regulation of gene expression through various mechanisms, including RNA interference, transcriptional coactivation, cell cycle control, mRNA stability, and ubiquitin-mediated protein degradation. The system reflects a complex interplay between transcription factors, coactivators, and other regulatory proteins that collectively contribute to precise gene expression patterns essential for cellular function and response to environmental cues."	0.92
NEST:47	"IFNGR1,TP53,PTPN13,MS4A1,CASP8,BCL2,BCL2L1,BCL2L11,TBX3,BCL2L2,MCL1,FAS,PARP1"	Apoptosis and Cell Survival Regulation	"1. The proteins IFNGR1, TP53, PTPN13, CASP8, BCL2, BCL2L1, BCL2L11, TBX3, BCL2L2, MCL1, FAS, and PARP1 are all involved in the regulation of apoptosis and cell survival. These proteins interact in a complex network that balances cell death and survival, ensuring proper development, maintenance, and stress response in multicellular organisms.

2. IFNGR1 is a component of the receptor for interferon gamma, a cytokine that can induce apoptosis in certain cell types, often through the activation of TP53, a key tumor suppressor protein that responds to diverse cellular stresses by regulating target genes that induce cell cycle arrest, apoptosis, senescence, DNA repair, or changes in metabolism.

3. PTPN13 is a protein tyrosine phosphatase that can negatively regulate apoptosis by dephosphorylating and inactivating components of the apoptotic machinery, such as FAS receptor signaling.

4. CASP8 is an initiator caspase that plays a central role in the execution-phase of cell apoptosis, and it is activated by FAS (also known as CD95), a death receptor involved in the extrinsic apoptosis signaling pathway.

5. The BCL-2 family proteins, including BCL2, BCL2L1 (also known as Bcl-xL), BCL2L11 (also known as Bim), BCL2L2 (also known as Bcl-w), and MCL1, are critical regulators of the intrinsic apoptotic pathway. They govern mitochondrial outer membrane permeabilization and can be pro-apoptotic (BCL2L11) or anti-apoptotic (BCL2, BCL2L1, BCL2L2, MCL1).

6. TBX3 is a transcription factor that can contribute to cell survival by repressing genes that promote apoptosis and has been implicated in cancer development.

7. PARP1 is involved in the DNA damage response and can either facilitate DNA repair and cell survival or, when excessively activated, contribute to cell death via a form of programmed necrosis known as parthanatos.

To summarize, the proteins in this system are predominantly involved in the intricate balance of cell death and survival, with multiple members of the BCL-2 family acting as key regulators of the intrinsic pathway of apoptosis, while proteins like FAS and CASP8 are central to the extrinsic pathway. TP53 acts as a crucial upstream regulator that can tip the balance towards apoptosis in response to cellular stress. The overall interplay of these proteins ensures that cells can respond appropriately to developmental cues, stress, and damage, thereby maintaining tissue homeostasis and preventing the development of diseases such as cancer."	0.95
NEST:48	"PPP1CB,NFE2L2,TPM1,PIK3CA,MYH11"	Regulation of Cellular Structure and Reactive Oxygen Species (ROS) Detoxification	"1. PPP1CB is a catalytic subunit of protein phosphatase 1 (PP1), a serine/threonine-specific protein phosphatase involved in the regulation of a variety of cellular processes, including cell division, glycogen metabolism, muscle contractility, and protein synthesis. PP1 interacts with various regulatory subunits to target specific substrates and is implicated in the negative control of cell growth and division.

2. NFE2L2, also known as NRF2, is a transcription factor that plays a pivotal role in cellular defense against oxidative stress. It regulates the expression of antioxidant proteins that protect against oxidative damage triggered by injury and inflammation. This protein is critical for the upregulation of genes involved in the detoxification and elimination of reactive oxidants through the antioxidant response element (ARE) pathway.

3. TPM1 encodes tropomyosin 1, a protein that binds to actin filaments and is involved in the regulation of the contraction of muscle and non-muscle cells. It is important for maintaining the stability and integrity of the cytoskeleton, which is essential for cell shape, division, and intracellular transport.

4. PIK3CA encodes the p110α catalytic subunit of phosphoinositide 3-kinase (PI3K), which is involved in the PI3K/AKT signaling pathway. This pathway is crucial for many cellular functions, including cell growth, proliferation, differentiation, motility, survival, and intracellular trafficking. PI3KCA mutations are often implicated in various cancers due to their role in promoting cell survival and proliferation.

5. MYH11 encodes the smooth muscle myosin heavy chain, which is a contractile protein found in smooth muscle cells. It plays a role in the contractility of smooth muscle tissue and is involved in maintaining vascular tone and blood pressure.

To summarize, the proteins in this set are involved in the regulation of cellular structure and response to oxidative stress. PPP1CB and MYH11 are involved in the regulation of muscle contractility and cellular structure, while NFE2L2 plays a critical role in the cellular response to oxidative stress by regulating the expression of antioxidant proteins. TPM1 contributes to the stability of the cytoskeleton, and PIK3CA is involved in a variety of cellular processes, including growth and survival, which can indirectly influence the cellular response to oxidative stress and structural integrity. The interplay between these proteins suggests a system that integrates structural cellular components with signaling pathways that respond to environmental stress, particularly oxidative stress."	0.85
NEST:49	"SH2B3,ERG,VSIR,NOTCH4,FLT1,VEGFA,KDR,FLT4"	Angiogenesis and Vascular Signaling	"1. SH2B3, also known as LNK, is an adaptor protein that negatively regulates cytokine signaling in hematopoietic cells. It is involved in the regulation of angiogenesis and acts as a negative feedback modulator of vascular endothelial growth factor (VEGF) signaling, which is crucial for blood vessel formation.

2. ERG is an ETS-related gene that encodes a transcription factor implicated in the development and maintenance of blood vessels. It is essential for endothelial cell differentiation and function, and it plays a role in the regulation of angiogenesis and vascular stability.

3. VSIR, also known as VISTA, is an immune checkpoint regulator that may be involved in the suppression of T-cell activation. Its role in angiogenesis is less clear, but it may influence the immune environment of the vascular system and contribute to the regulation of inflammation within vascular tissues.

4. NOTCH4 is a member of the Notch receptor family, which is involved in cell fate determination. In the context of vascular biology, Notch signaling is critical for the regulation of angiogenesis, arterial-venous differentiation, and the maintenance of vascular homeostasis.

5. FLT1, VEGFA, KDR, and FLT4 are all components of the VEGF signaling pathway. FLT1 (VEGFR1) and KDR (VEGFR2) are tyrosine kinase receptors for VEGFA, which is a major growth factor for endothelial cells and a potent mediator of angiogenesis. FLT4 (VEGFR3) is primarily involved in lymphangiogenesis but also contributes to blood vessel formation. These receptors and their ligand VEGFA are central to the process of new blood vessel formation from pre-existing vasculature, a process known as angiogenesis.

6. The interplay between these proteins suggests a system that is primarily involved in the formation and maintenance of blood vessels. The VEGF pathway, modulated by SH2B3 and influenced by NOTCH signaling and transcription factors like ERG, orchestrates the proliferation, migration, and differentiation of endothelial cells. This system is likely to be involved in both physiological and pathological angiogenesis, with implications for tissue growth, wound healing, and tumor progression.

To summarize, the proteins in this system are interconnected in their roles in angiogenesis and vascular signaling. They contribute to the formation of new blood vessels and the regulation of vascular stability and function. The system reflects a balance between positive and negative regulation of endothelial cell behavior and vascular growth, with potential cross-talk between angiogenic signals and the immune system."	0.92
NEST:5	"ERRFI1,CBL,PLK2,FGF10,CSF1R,PAK5,FCGR2A,MAPK1,SPRED1,EBF1,FLT1,GNA13,CBLB,RHOA,GPC3,ENG,IL2RA,ADGRA2,CBR3,RET,SETBP1,GNAS,ARHGAP26,PREX2,QKI,EGFR,SH2B3,NF2,FANCC,ABL2,CUL3,HSP90AA1,TPM1,FGF23,PDGFRA,EPCAM,FLT4,SOX17,PAK3,VEGFA,DPYD,ABL1,CHEK2,RAC1,PIK3R1,SLIT2,GNAQ,ACTA2,ERG,PAK1,VSIR,EXT2,INHBA,CASR,DMD,LATS1,RHPN2,PDGFRB,MYH11,FOXA1,PIK3CA,ARID5B,CDH1,PPP1CB,BCL2L12,GNA11,FGF19,TNF,CD276,LMNA,PALLD,NOTCH4,DNM2,ESR1,NEGR1,FOXP1,KDR,GREM1,EGF,NFE2L2"	Signal Transduction and Cellular Communication in Cancer Progression	"1. The proteins ERRFI1, CBL, CBLB, and SH2B3 are involved in the regulation of receptor tyrosine kinases (RTKs) and downstream signaling pathways. ERRFI1 negatively regulates EGFR signaling, while CBL and CBLB are E3 ubiquitin-protein ligases that target activated RTKs for degradation, thus attenuating signaling. SH2B3 acts as a negative regulator of cytokine signaling and is involved in hematopoiesis.

2. MAPK1, also known as ERK2, is a central component of the MAP kinase signal transduction pathway, which is involved in various cellular processes including proliferation, differentiation, and survival. It is often dysregulated in cancer.

3. FGF10, FGF23, and FGF19 are members of the fibroblast growth factor family and play roles in cell growth, embryonic development, and tissue repair. They signal through FGF receptors, such as FGFR2 (not listed), to activate downstream pathways like MAPK.

4. CSF1R, FLT1 (VEGFR1), PDGFRA, PDGFRB, and KDR (VEGFR2) are RTKs that mediate critical signaling for cell proliferation, migration, and survival, particularly in the context of angiogenesis and the tumor microenvironment.

5. GNA13, GNAQ, and GNA11 are G-protein subunits that transduce signals from G-protein-coupled receptors (GPCRs) to downstream effectors, influencing cell migration and growth.

6. RHOA, RAC1, and CDC42 (not listed) are small GTPases involved in actin cytoskeleton organization, cell shape, and motility, which are crucial for cancer cell invasion and metastasis.

7. The serine/threonine kinases PLK2, PAK1, PAK3, PAK5, and CHEK2 are involved in cell cycle regulation and response to DNA damage. Dysregulation of these kinases can contribute to genomic instability in cancer cells.

8. EPCAM, CDH1, and ENG are cell adhesion molecules implicated in cell-cell interactions and signaling. Their altered expression is associated with cancer progression and metastasis.

9. The transcription factors EBF1, FOXA1, SOX17, and ESR1 play roles in cell type-specific gene expression and are involved in developmental processes and hormone responses. Their dysregulation can contribute to oncogenesis.

10. TNF, VEGFA, and INHBA are growth factors and cytokines that modulate the tumor microenvironment, influencing inflammation, angiogenesis, and immune responses.

11. The tumor suppressors NF2, LATS1, and PTEN (not listed) are involved in the Hippo and PI3K/AKT pathways, respectively, which regulate cell proliferation and apoptosis. Mutations or loss of these proteins can lead to uncontrolled cell growth.

12. PIK3CA and PIK3R1 are components of the PI3K pathway, which is frequently activated in cancer and promotes cell growth and survival.

13. The DNA repair proteins ABL1, ABL2, and CHEK2 are crucial for maintaining genomic stability. Their dysfunction can lead to cancer development.

14. BCL2L12 is a member of the BCL-2 protein family and is involved in apoptosis regulation. Its overexpression can contribute to cancer cell survival.

15. The NOTCH signaling pathway, represented by NOTCH4, is involved in cell fate determination and can contribute to cancer when dysregulated.

16. EGF, EGFR, and NFE2L2 are involved in cell proliferation and survival. EGFR is a common target in cancer therapy, and NFE2L2 regulates the cellular antioxidant response, which can influence cancer progression.

To summarize, the proteins in this system are heavily involved in signal transduction pathways that regulate cell proliferation, survival, migration, and communication. Many of these proteins are implicated in the development and progression of cancer through their roles in modulating the tumor microenvironment, angiogenesis, and response to cellular stress. The interplay between these proteins can lead to synergistic effects that promote oncogenesis and tumor progression."	0.85
NEST:50	"RAD51C,BRCA1,CHEK1,E2F4,CKS1B,BRCA2,CDKN2A,CTNNB1,CDKN1A,CDK5,TERT,EP300,CDKN1C,TP53,RBL1,RB1,CREBBP,BUB1B,MSH2,BARD1,E2F1,CCND2,FANCD2,BLM,RBL2,CDKN2B,HLA-A,MYC,HDAC1,CCND1,CDKN1B,CCND3,WRN,CDKN2C,CCNE2,CCNE1,TOP2A,CDK4,RAD51,CDK6,MSH6"	Cell Cycle Regulation and DNA Damage Response	"1. RAD51, RAD51C, BRCA1, BRCA2, BARD1, MSH2, MSH6, BLM, and WRN are involved in DNA repair mechanisms. RAD51 and RAD51C play critical roles in homologous recombination repair of DNA double-strand breaks. BRCA1 and BRCA2 are tumor suppressors that also facilitate homologous recombination, with BARD1 forming a heterodimer with BRCA1. MSH2 and MSH6 are part of the mismatch repair system, while BLM and WRN helicases resolve DNA secondary structures, which is crucial for maintaining genomic stability.

2. CHEK1, TP53, and CDKN1A (p21) are central to the DNA damage response. CHEK1 is a checkpoint kinase that mediates cell cycle arrest in response to DNA damage. TP53 is a tumor suppressor that regulates the expression of CDKN1A and other genes in response to genomic stress, leading to cell cycle arrest or apoptosis.

3. CDK4, CDK5, CDK6, CCND1, CCND2, CCND3, CCNE1, CCNE2, and CDKN1B (p27) are directly involved in cell cycle progression. Cyclin-dependent kinases (CDKs) 4 and 6, when complexed with D-type cyclins (CCND1, CCND2, CCND3), drive the cell past the G1/S checkpoint, while E-type cyclins (CCNE1, CCNE2) partner with CDK2 to promote S phase entry. CDKN1B and other CDK inhibitors (CDKN1A, CDKN1C, CDKN2A, CDKN2B, CDKN2C) negatively regulate these CDK-cyclin complexes, thus controlling cell cycle progression.

4. E2F1, E2F4, and their regulatory partners RB1 (pRb), RBL1 (p107), and RBL2 (p130) are key players in the transition from G1 to S phase of the cell cycle. The E2F family of transcription factors are regulated by their association with retinoblastoma protein (pRb) and its relatives, which in turn are regulated by CDK-cyclin complexes.

5. TERT, the catalytic subunit of telomerase, is involved in maintaining telomere length, which is crucial for chromosomal stability and cell longevity.

6. EP300, CREBBP, and HDAC1 are involved in chromatin remodeling and transcriptional regulation. EP300 and CREBBP are histone acetyltransferases that modify chromatin structure to regulate gene expression, while HDAC1 is a histone deacetylase that has the opposite effect.

7. BUB1B and TOP2A are involved in mitotic progression and chromosome segregation. BUB1B is a key component of the spindle assembly checkpoint, ensuring proper chromosome alignment before separation, and TOP2A is a topoisomerase that resolves DNA tangles during replication and segregation.

8. MYC is a transcription factor that controls the expression of numerous genes involved in cell growth, metabolism, and apoptosis. It is often dysregulated in cancer.

9. HLA-A is part of the major histocompatibility complex (MHC) and is involved in the immune response, which is less directly related to the cell cycle and DNA repair but can be implicated in immune surveillance of cancer cells.

To summarize, the proteins in this system are predominantly involved in the regulation of the cell cycle and the DNA damage response. They work in concert to ensure proper cell division, maintain genomic integrity, and prevent the propagation of damaged DNA, which is crucial for preventing oncogenesis. The high confidence score reflects the strong interconnectivity and the shared functional focus of these proteins on cell cycle control and DNA repair mechanisms."	0.98
NEST:51	"TNF,FGF10,FANCC,PALLD,ACTA2,PDGFRB"	Tissue Repair and Fibrosis	"1. TNF, or Tumor Necrosis Factor, is a cytokine involved in systemic inflammation and is one of the cytokines that make up the acute phase reaction. It is produced chiefly by activated macrophages, although it can be produced by other cell types as well. TNF plays a role in the regulation of immune cells, induces fever, apoptotic cell death, cachexia, inflammation, and inhibits tumorigenesis and viral replication. Dysregulated production of TNF has been implicated in a variety of human diseases including Alzheimer's disease, cancer, major depression, Psoriasis and inflammatory bowel disease (IBD).

2. FGF10, or Fibroblast Growth Factor 10, is involved in embryonic development, cell growth, morphogenesis, and tissue repair. It is a paracrine signaling molecule that has been shown to stimulate the proliferation and differentiation of many cells and tissues, including the lung, limb, and skin. It is also implicated in wound healing processes.

3. FANCC, part of the Fanconi anemia (FA) core complex, is crucial for the repair of DNA damage, particularly DNA interstrand crosslinks. The FA pathway is important for maintaining genomic stability. Mutations in FANCC can lead to Fanconi anemia, a condition characterized by bone marrow failure, cancer predisposition, and cellular sensitivity to DNA crosslinking agents.

4. PALLD, or Palladin, is a cytoskeletal protein involved in the organization of actin filaments and is important for normal cell adhesion and motility. It is implicated in the cellular changes that occur during wound healing and in response to tissue injury.

5. ACTA2, or alpha-smooth muscle actin, is found in smooth muscle tissue and is a marker for myofibroblasts, which are cells that play a key role in wound healing and fibrosis. Myofibroblasts are responsible for the contraction of the wound and the synthesis of extracellular matrix components.

6. PDGFRB, or Platelet-Derived Growth Factor Receptor Beta, is a cell surface tyrosine kinase receptor for members of the platelet-derived growth factor family. It plays a role in the regulation of cell proliferation, differentiation, and angiogenesis. PDGFRB signaling is important for the development and maintenance of blood vessels and is also involved in the fibrotic process.

In summary, the proteins in this system are involved in the response to tissue injury and repair, with a particular focus on the inflammatory response, cell proliferation, differentiation, and the fibrotic process. The interplay between these proteins suggests a coordinated response to tissue damage, leading to the repair of the tissue or, in the case of dysregulation, to pathological fibrosis. The presence of TNF and FGF10 indicates a role in inflammation and tissue regeneration, while FANCC's involvement in DNA repair suggests a protective mechanism against genomic instability during cellular proliferation. PALLD and ACTA2 are indicative of cytoskeletal remodeling and myofibroblast activity, which are essential for wound contraction and extracellular matrix deposition. PDGFRB's role in cell proliferation and angiogenesis further supports the involvement of this protein system in tissue repair mechanisms."	0.88
NEST:52	"PTEN,AKT2,AKT3,PIK3CB,PIK3CD,FOXO3,SMAD4,RARA,CCND1,PIK3R3,PIK3R2,ACVR1B,EGLN1,TGFBR1,TGFBR2,PIK3R1,SOD2,EBF1,IRS2,PIK3CA,IGF1R,INSR,ALK,BMPR1A,FOXO1"	PI3K/AKT Signaling and Cell Cycle Regulation	"1. The PI3K/AKT pathway is a critical signaling cascade that regulates a wide array of cellular processes including metabolism, growth, proliferation, survival, and angiogenesis. The proteins PIK3CA, PIK3CB, PIK3CD, PIK3R1, PIK3R2, and PIK3R3 are catalytic and regulatory subunits of phosphoinositide 3-kinases (PI3Ks), which phosphorylate the 3' hydroxyl group of the inositol ring of phosphatidylinositol. This action produces a second messenger that activates AKT2 and AKT3, serine/threonine-specific protein kinases that play key roles in the PI3K/AKT signaling pathway.

2. PTEN is a tumor suppressor gene that negatively regulates the PI3K/AKT pathway by dephosphorylating phosphatidylinositol (3,4,5)-trisphosphate (PIP3), countering the activity of PI3Ks and thereby modulating cell survival and proliferation signals.

3. FOXO1 and FOXO3 are transcription factors downstream of the PI3K/AKT pathway. AKT phosphorylation leads to the exclusion of FOXO proteins from the nucleus, inhibiting their transcriptional activity, which is involved in cell cycle arrest, apoptosis, and DNA repair.

4. SMAD4, ACVR1B, TGFBR1, and TGFBR2 are part of the TGF-β signaling pathway, which is known to interact with the PI3K/AKT pathway. TGF-β signaling is involved in cell growth, differentiation, and apoptosis, and it can have both tumor-suppressing and tumor-promoting effects depending on the context.

5. RARA and CCND1 are involved in cell cycle regulation. RARA, a retinoic acid receptor, is implicated in the regulation of gene expression during cell differentiation. CCND1 encodes cyclin D1, a regulatory subunit that drives the cell cycle's G1/S transition by activating cyclin-dependent kinases.

6. The insulin/IGF signaling pathway is represented by IRS2, IGF1R, and INSR. These proteins are involved in metabolic regulation and growth, and they interface with the PI3K/AKT pathway, influencing cellular proliferation and survival.

7. ALK, BMPR1A, and ACVR1B are receptors involved in developmental processes and growth factor signaling, which can also modulate the PI3K/AKT pathway.

8. EGLN1 and SOD2 are involved in cellular responses to hypoxia and oxidative stress, respectively. EGLN1 is a prolyl hydroxylase that regulates the stability of hypoxia-inducible factors, while SOD2 is an antioxidant enzyme that converts superoxide radicals into less toxic molecules.

9. EBF1 is a transcription factor involved in the differentiation of various cell types, including B cells and adipocytes, and may intersect with PI3K/AKT signaling in these contexts.

To summarize, the majority of the proteins in this system are involved in the PI3K/AKT signaling pathway, which is a central conduit for transducing growth signals to promote cell survival, proliferation, and metabolism. This pathway is tightly regulated by both positive and negative feedback mechanisms and interacts with other signaling pathways, including insulin/IGF and TGF-β, to modulate a wide range of cellular processes. The system also includes proteins that regulate the cell cycle, differentiation, and responses to environmental stress, which can be influenced by or have an impact on PI3K/AKT signaling."	0.92
NEST:53	"PPP6C,AKT1,PPP2CB,PPP2R1B,BRAF,PPP2R2A,MYC,PPP2CA,CCDC6,RAF1,PPP2R1A,ARAF"	Regulation of Cell Growth and Survival Signaling Pathways	"1. The protein serine/threonine phosphatase family, including PPP6C, PPP2CB, PPP2R1B, PPP2R2A, PPP2CA, and PPP2R1A, plays a critical role in the negative regulation of cell growth and division. These phosphatases are involved in the dephosphorylation of a variety of substrates, thereby modulating signaling pathways that control cell cycle progression, apoptosis, and other growth-related processes.

2. AKT1 is a serine/threonine kinase that is a central node in the PI3K/AKT/mTOR pathway, which is crucial for cell survival, growth, proliferation, and metabolism. AKT1 is activated by phosphorylation and regulates a variety of downstream targets to promote cell survival and inhibit apoptotic processes.

3. The RAF kinases, including BRAF, RAF1, and ARAF, are part of the MAPK/ERK pathway, which is another key regulator of cell growth, differentiation, and survival. These kinases are activated by RAS signaling and lead to the activation of MEK and ERK, which ultimately results in the transcription of genes necessary for cell cycle progression and division.

4. MYC is a well-known proto-oncogene and transcription factor that regulates the expression of numerous genes involved in cell growth, metabolism, and apoptosis. MYC is a downstream effector of multiple signaling pathways, including those regulated by the aforementioned phosphatases and kinases, and it plays a pivotal role in cell cycle entry and progression.

5. CCDC6 is a coiled-coil domain-containing protein that has been implicated in the regulation of the RET kinase and is involved in DNA damage response and apoptosis. It can interact with PPP2CA, suggesting a role in the modulation of phosphatase activity and, consequently, cell growth signaling pathways.

To summarize, the proteins in this set are interconnected through their roles in regulating key signaling pathways that govern cell growth, survival, and proliferation. The phosphatases act as negative regulators, while AKT1, RAF kinases, and MYC are positive effectors of these processes. CCDC6 appears to modulate these pathways through its interaction with phosphatases. Collectively, these proteins form a complex network that ensures the proper balance between cell growth and death, which is essential for tissue homeostasis and the prevention of tumorigenesis."	0.92
NEST:54	"PALLD,ACTA2,TPM1,MYH11,CASR"	Cytoskeletal Dynamics and Smooth Muscle Contraction	"1. PALLD, or Palladin, is a cytoskeletal protein that interacts with actin filaments and is involved in maintaining the integrity and organization of the actin cytoskeleton. It plays a role in cell adhesion, morphology, and motility, and is particularly important in the structure and function of stress fibers in non-muscle as well as smooth muscle cells.

2. ACTA2, or alpha-actin-2, is a major constituent of the contractile apparatus in smooth muscle cells. It forms part of the thin filament that interacts with myosin to produce contractile force. ACTA2 is critical for vascular contractility and blood pressure regulation.

3. TPM1, or Tropomyosin alpha-1 chain, is a component of the thin filament in muscle cells and functions as a regulator of muscle contraction. It binds along the length of actin filaments and, in conjunction with troponin, modulates the access of myosin to actin binding sites, thereby controlling the contraction of muscle fibers.

4. MYH11, or Myosin heavy chain 11, is a smooth muscle-specific myosin that interacts with actin filaments as part of the thick filament. It is essential for smooth muscle contraction and plays a key role in bodily functions that involve smooth muscle tissues, such as peristalsis in the gastrointestinal tract and vasoconstriction in blood vessels.

5. CASR, or Calcium-sensing receptor, is a G-protein-coupled receptor that detects the level of calcium ions in the extracellular fluid. While it is broadly expressed and has various functions, in the context of smooth muscle cells, it can influence muscle contraction by modulating intracellular calcium levels, which is a key second messenger in muscle contraction signaling pathways.

In summary, the proteins in this set are primarily involved in the structure and regulation of the actin cytoskeleton and the contraction of smooth muscle cells. They work in concert to ensure proper muscle function, with PALLD supporting the structural integrity of actin filaments, ACTA2 and TPM1 directly participating in the contractile machinery, MYH11 providing motor activity for contraction, and CASR regulating the intracellular calcium levels that are crucial for muscle contraction. The interplay between these proteins is essential for the physiological control of smooth muscle tone and contractility, which is vital for various functions including blood flow regulation and movement through the gastrointestinal tract."	0.92
NEST:55	"CREBBP,TP53,PARP1,HDAC1,HDAC2,PALB2,EZH2,RUNX1,E2F1,ZBTB2,IRF2,MTA1,BCL11B,CHD4,DNMT1,ING1"	Chromatin remodeling and gene expression regulation	"1. CREBBP (CREB-binding protein) is a transcriptional coactivator that plays a pivotal role in regulating gene expression by modifying chromatin structure. It possesses histone acetyltransferase (HAT) activity, which leads to the relaxation of chromatin and subsequent transcriptional activation of various genes, including TP53.

2. TP53, commonly known as p53, is a tumor suppressor protein that regulates the expression of a wide array of genes involved in cell cycle arrest, apoptosis, and DNA repair. It is a transcription factor that can also influence chromatin remodeling indirectly through interaction with other chromatin modifiers.

3. PARP1 (Poly [ADP-ribose] polymerase 1) is involved in the repair of DNA single-strand breaks and also has a role in chromatin structure modulation through ADP-ribosylation of histones and chromatin-associated proteins, which can influence gene expression patterns.

4. HDAC1 and HDAC2 (Histone deacetylases 1 and 2) are enzymes that remove acetyl groups from histones, leading to chromatin condensation and transcriptional repression. They are often part of larger protein complexes that regulate gene expression.

5. PALB2 (Partner and localizer of BRCA2) plays a role in DNA repair through homologous recombination and has been shown to interact with chromatin remodeling factors, influencing gene expression indirectly through DNA repair pathways.

6. EZH2 (Enhancer of zeste homolog 2) is a histone methyltransferase that is part of the Polycomb repressive complex 2 (PRC2), which trimethylates histone H3 on lysine 27 (H3K27me3), leading to transcriptional repression of target genes.

7. RUNX1 is a transcription factor that plays a critical role in hematopoiesis and can also influence chromatin structure through recruitment of chromatin remodeling complexes to its target genes.

8. E2F1 is a transcription factor involved in cell cycle regulation and can interact with chromatin remodeling enzymes to regulate the expression of genes necessary for cell cycle progression.

9. ZBTB2 is a zinc finger and BTB domain-containing protein that can bind DNA and potentially recruit chromatin modifiers, although its precise role in chromatin remodeling is less clear.

10. IRF2 (Interferon regulatory factor 2) is a transcription factor that can repress or activate gene expression in response to interferons and has been implicated in chromatin remodeling through its interaction with histone deacetylases.

11. MTA1 (Metastasis-associated protein 1) is part of the NuRD (nucleosome remodeling and deacetylase) complex, which has roles in chromatin remodeling and transcriptional repression.

12. BCL11B is a transcription factor that can recruit chromatin remodeling complexes to its target genes, influencing gene expression in T-cell development and function.

13. CHD4 is a component of the NuRD complex and has ATP-dependent chromatin remodeling activity, which is important for regulating gene expression and maintaining genomic stability.

14. DNMT1 (DNA methyltransferase 1) maintains DNA methylation patterns, which is a key epigenetic mark that influences chromatin structure and gene expression.

15. ING1 (Inhibitor of growth protein 1) is a tumor suppressor that can interact with histone acetyltransferases and deacetylases, modulating chromatin structure and gene expression.

To summarize, the proteins in this system are heavily involved in the regulation of gene expression through various chromatin remodeling mechanisms. These include histone modification (acetylation, deacetylation, methylation), DNA methylation, and ATP-dependent chromatin remodeling. The interplay between these proteins ensures precise control over gene expression, which is critical for processes such as cell cycle regulation, development, and response to DNA damage."	0.97
NEST:57	"TNF,MYC,DKC1,TERT,HDAC1,YEATS4,KDM5A,UPF1,KAT6A,MAX,MYCL,MYCN,HDAC2,PALB2"	Regulation of Gene Expression and Chromatin Remodeling	"1. TNF, or tumor necrosis factor, is a cytokine involved in systemic inflammation and is a member of a group of cytokines that stimulate the acute phase reaction. It can influence cellular processes by activating NF-κB, a transcription factor that regulates the expression of a wide variety of genes, including those involved in cell proliferation, survival, and differentiation.

2. MYC, MAX, MYCL, and MYCN are members of the MYC family of transcription factors that play crucial roles in cell cycle progression, apoptosis, and cellular transformation. MYC forms a heterodimer with MAX to activate gene expression, while MYCL and MYCN have similar functions but with different tissue-specific expression patterns.

3. DKC1 and TERT are involved in the maintenance of telomeres. DKC1 is a component of the H/ACA small nucleolar ribonucleoprotein (snoRNP) complex, which is involved in the pseudouridylation of rRNA molecules and is also implicated in telomerase RNA stabilization. TERT is the catalytic subunit of telomerase, which adds telomeric repeats to the ends of chromosomes, providing a mechanism for maintaining telomere length and genomic stability.

4. HDAC1 and HDAC2 are histone deacetylases that play a key role in the regulation of gene expression through the removal of acetyl groups from histone proteins, leading to chromatin condensation and transcriptional repression.

5. YEATS4, KDM5A, and KAT6A are involved in chromatin modification and remodeling. YEATS4 is a histone acetyltransferase-associated protein that may play a role in chromatin organization and transcriptional regulation. KDM5A is a histone demethylase that specifically demethylates 'Lys-4' of histone H3, thereby playing a central role in histone code. KAT6A is a histone acetyltransferase that acetylates lysine residues in histone proteins, leading to transcriptional activation.

6. UPF1 and PALB2 are involved in RNA processing and DNA repair, respectively. UPF1 is a key regulator of nonsense-mediated mRNA decay, a process that eliminates mRNA transcripts containing premature stop codons. PALB2 interacts with BRCA2 and is essential for homologous recombination repair of DNA double-strand breaks.

To summarize, the proteins in this system are heavily involved in the regulation of gene expression and chromatin remodeling. They interact in various ways to influence transcription, DNA repair, RNA processing, and telomere maintenance. The system reflects a complex interplay between transcription factors, chromatin modifiers, and other proteins that collectively contribute to the dynamic regulation of the genome and its functional output."	0.92
NEST:59	"CHEK1,BUB1B,RAD51,AURKB,TOP2A,AURKA,MKI67"	Cell Cycle Progression and Genomic Stability	"1. CHEK1 (Checkpoint kinase 1) is a serine/threonine-specific protein kinase that plays a key role in cell cycle control by monitoring and repairing DNA damage. It is essential for the G2/M checkpoint, ensuring that damaged DNA is repaired before cell division proceeds.

2. BUB1B (BUB1 Mitotic Checkpoint Serine/Threonine Kinase B) is a kinase involved in the spindle checkpoint during mitosis. It ensures proper chromosome segregation by delaying the onset of anaphase until all chromosomes are properly attached to the spindle apparatus.

3. RAD51 is a key protein in homologous recombination, a process critical for repair of DNA double-strand breaks and interstrand crosslinks, as well as for the recovery of stalled or broken DNA replication forks. This function is vital for maintaining genomic stability.

4. AURKB (Aurora Kinase B) is a member of the serine/threonine kinase family and is crucial for chromosome alignment, segregation, and cytokinesis during mitosis. It works closely with other proteins to ensure accurate chromosome segregation and prevent aneuploidy.

5. TOP2A (DNA Topoisomerase II Alpha) is an enzyme that alters the topologic states of DNA during transcription. It is essential for DNA replication, chromosome condensation, and segregation during the cell cycle.

6. AURKA (Aurora Kinase A) is another serine/threonine kinase that plays a role in cell cycle regulation, particularly in the entry into mitosis and the formation of the mitotic spindle. It is also involved in the regulation of centrosome duplication and separation.

7. MKI67 (Marker Of Proliferation Ki-67) is a nuclear protein associated with cellular proliferation. It is present during all active phases of the cell cycle (G1, S, G2, and M), but is absent in resting (G0) cells. MKI67 is often used as a marker to determine the growth fraction of a given cell population.

In summary, the proteins in this system are primarily involved in the regulation of the cell cycle and the maintenance of genomic stability. They work in concert to ensure that DNA damage is repaired, chromosomes are accurately replicated and segregated, and that the cell cycle progresses in a controlled manner. The interplay between these proteins is crucial for preventing genomic instability, which can lead to cancer and other diseases."	0.95
NEST:6	"E2F6,GATA3,HDAC3,KMT2C,SPEN,KAT6A,EP300,ERCC3,PALB2,TP53,SMC1A,RBL1,RSF1,MTA1,ATR,ERCC6,XRCC1,ATM,PPP1CC,U2AF1,BCORL1,CDK8,SMARCE1,DKC1,MAP3K7,ANKRD11,PRDM1,PRCC,MYCL,AR,CDK12,KMT2D,BRD4,HDAC1,XPA,WRN,PPP1CA,BCLAF1,MGA,SMARCA4,HDAC2,MEN1,ING1,MAGI2,MYB,PARP1,DDX3X,CUX1,CHD2,TAF1,SRSF2,DNMT1,SF1,ARID1A,GATA1,MED1,SETD2,FANCD2,STAG2,BAP1,IRF2,SF3B1,HIST1H1E,RARA,MLLT3,ESR1,TBL1XR1,STAG1,LATS1,BCL6,WT1,CASP8,FUS,EMSY,ZNF217,BCOR,KDM5A,NSD1,NUP98,KMT2B,BCL11B,PTPN11,BCL7A,ZRSR2,PRKDC,CREBBP,RB1,FBXW7,TOP1,YEATS4,HIST3H3,CTCF,HDAC5,MYCN,ASXL2,RAD21,SMARCB1,PHF6,RANBP2,SMARCA1,ERCC5,MSH3,CHD4,DOT1L,EED,SMAD2,KDM6A,ATRX,DNMT3A,PBRM1,CTNNB1,ARID2,XPO1,MAX,ARID1B,RUNX1,TERT,SMC3,ASXL1,NF1,ERCC2,BARD1,E2F1,EZH2,PRPF40B,NPM1,FUBP1,RBM10,UPF1,DNMT3B,MDM2,TNF,MYC,DAXX,MED12,SOX2,REL,PML,KMT2A,TFDP1,EWSR1,NCOR1,CDC73,TOP2A,ZBTB2,PPP2R1A"	Chromatin Modification and Transcriptional Regulation	"1. The proteins E2F6, TP53, MYC, ESR1, and AR are transcription factors that regulate gene expression by binding to specific DNA sequences. E2F6 is involved in cell cycle regulation, TP53 in DNA damage response and apoptosis, MYC in cell growth and proliferation, ESR1 in estrogen signaling, and AR in androgen signaling. These factors are critical for the control of numerous genes and cellular processes.

2. Proteins such as HDAC1, HDAC2, HDAC3, HDAC5, KMT2A, KMT2B, KMT2C, KMT2D, EZH2, and CREBBP are involved in chromatin remodeling and histone modification. Histone deacetylases (HDACs) remove acetyl groups from histones, leading to chromatin condensation and transcriptional repression, while histone methyltransferases (KMTs) and the polycomb repressive complex 2 component EZH2 add methyl groups, which can either activate or repress transcription depending on the context. CREBBP is a histone acetyltransferase that promotes transcriptional activation by acetylating histones.

3. The proteins BRD4, EP300, and P300/CBP-associated factor (PCAF) are bromodomain-containing proteins that recognize acetylated lysine residues on histone tails, linking histone acetylation to transcriptional activation. EP300 also has histone acetyltransferase activity, further promoting gene expression.

4. The SWI/SNF complex members SMARCA1, SMARCA4, SMARCB1, SMARCE1, and ARID1A/B are involved in nucleosome remodeling, which is essential for transcriptional regulation by allowing or restricting access to DNA.

5. Cohesin complex proteins such as SMC1A, SMC3, RAD21, and STAG1/2 are involved in sister chromatid cohesion and have been implicated in the regulation of gene expression by mediating chromatin looping and enhancer-promoter interactions.

6. DNA repair proteins such as ERCC2, ERCC3, ERCC5, ERCC6, XRCC1, ATM, ATR, BRCA1, BRCA2, and PALB2 are involved in maintaining genomic stability. While their primary role is in DNA repair, they can also influence transcriptional regulation through their interactions with chromatin and transcription factors.

7. Splicing factors such as U2AF1, SF1, SF3B1, SRSF2, and ZRSR2 are involved in RNA processing, which is closely linked to transcriptional regulation. Aberrant splicing can lead to altered gene expression patterns.

8. The Mediator complex subunit MED1 and the transcriptional co-repressors NCOR1 and SMRT are critical for the regulation of transcription by serving as interfaces between DNA-bound transcription factors and the RNA polymerase II machinery.

9. Proteins involved in polycomb repressive complex such as EED, as well as those involved in trithorax group proteins like MLLT3, regulate gene expression through histone modification and chromatin compaction.

To summarize, the proteins in this system are heavily involved in the regulation of gene expression through chromatin modification and transcriptional regulation. They work in concert to control the accessibility of DNA to the transcriptional machinery, modulate the structure of chromatin, and ensure proper gene expression patterns necessary for cell cycle progression, development, and response to cellular stress. The interplay between these proteins is crucial for the maintenance of cellular identity and function."	0.95
NEST:60	"BCL6,HDAC5,PGR,NCOR2,ANKRD11,HDAC3,RUNX1T1,NRIP1,RARA,GPS2,NCOR1,RXRA,CEBPA,CREBBP,NCOA3,TBL1XR1,ESR2"	Transcriptional Regulation and Chromatin Remodeling in Hormone Signaling	"1. BCL6, a transcriptional repressor, is known to interact with corepressors such as NCOR1 and NCOR2, which in turn recruit histone deacetylases like HDAC3 and HDAC5. This complex can modulate chromatin structure and repress gene transcription, often in a hormone-responsive manner.

2. PGR (Progesterone Receptor) and ESR2 (Estrogen Receptor Beta) are nuclear hormone receptors that, upon binding their respective ligands, can interact with coactivators (NCOA3) and corepressors (NCOR1, NCOR2) to regulate gene expression. These receptors can also heterodimerize with RXRA (Retinoid X Receptor Alpha) to modulate transcription in a ligand-dependent fashion.

3. RARA (Retinoic Acid Receptor Alpha) is another nuclear receptor that, upon binding retinoic acid, forms heterodimers with RXRA and regulates gene expression. It can interact with corepressors like NCOR1 and NCOR2 in the absence of ligand and with coactivators such as NCOA3 in its presence.

4. The transcriptional coactivator CREBBP (CREB Binding Protein) possesses histone acetyltransferase activity and can interact with various transcription factors, including nuclear receptors, to enhance transcription. It can also recruit other coactivators like NCOA3, integrating signals from different pathways.

5. CEBPA (CCAAT/Enhancer Binding Protein Alpha) is a transcription factor that can interact with coactivators and corepressors to regulate gene expression involved in differentiation and metabolism.

6. RUNX1T1, ANKRD11, NRIP1, GPS2, and TBL1XR1 are additional transcriptional regulators that can interact with nuclear receptors and other transcription factors to modulate gene expression, often in a context-dependent manner.

To summarize, the proteins in this system are primarily involved in the regulation of gene expression through hormone signaling pathways. They function through a dynamic interplay of transcription factors, coactivators, and corepressors, which modulate chromatin structure and transcriptional responses. This system is crucial for the integration of hormonal signals and the regulation of diverse biological processes, including development, metabolism, and cellular differentiation."	0.92
NEST:61	"VHL,NF2,MDM2,CUL3,STK11,ELOC,DDB2,TET2"	Regulation of Cellular Response to Hypoxia and Genomic Stability	"1. VHL (von Hippel-Lindau tumor suppressor) is a part of the protein complex that targets hypoxia-inducible factors (HIFs) for degradation under normoxic conditions. It is crucial for cellular response to oxygen levels and has roles in the prevention of tumor formation. Mutations in VHL are associated with the development of highly vascular tumors due to the accumulation of HIFs and the subsequent expression of angiogenic factors.

2. NF2 (Neurofibromin 2) acts as a tumor suppressor by inhibiting the activity of mTORC1 and is involved in cell adhesion, motility, and maintenance of the actin cytoskeleton. NF2 mutations can lead to neurofibromatosis type 2, characterized by the development of benign tumors in the nervous system.

3. MDM2 is an E3 ubiquitin-protein ligase that regulates the p53 tumor suppressor. It controls the cell cycle and apoptosis by targeting p53 for proteasomal degradation. Overexpression of MDM2 can lead to decreased p53 activity, contributing to tumorigenesis.

4. CUL3 (Cullin 3) serves as a scaffold protein for the assembly of Cullin-RING ubiquitin ligase (CRL) complexes that are involved in the ubiquitination and subsequent proteasomal degradation of target proteins. It is implicated in various cellular processes, including cell cycle control and signal transduction.

5. STK11 (Serine/threonine kinase 11), also known as LKB1, is a kinase that activates AMP-activated protein kinase (AMPK) and related kinases. It is involved in cellular energy homeostasis and is a tumor suppressor. Mutations in STK11 are associated with Peutz-Jeghers syndrome and an increased risk of developing certain cancers.

6. ELOC (Elongin C) is part of the Elongin complex that activates transcription elongation by RNA polymerase II. It is also involved in the ubiquitin-proteasome pathway by forming a complex with CUL2 and VHL, contributing to the regulation of HIFs.

7. DDB2 (Damage-specific DNA binding protein 2) is involved in nucleotide excision repair (NER) of UV-induced DNA damage. It recognizes and binds to damaged DNA and is part of the E3 ubiquitin ligase complex, targeting proteins for degradation in response to DNA damage.

8. TET2 (Tet methylcytosine dioxygenase 2) is involved in DNA demethylation and plays a role in epigenetic regulation. It is implicated in hematopoiesis and is frequently mutated in myeloid malignancies.

In summary, the proteins in this system are involved in the regulation of cellular responses to hypoxia, genomic stability, and tumor suppression. They interact in pathways that control the cell cycle, DNA repair, and epigenetic modifications, which are critical for maintaining cellular homeostasis and preventing oncogenesis. The system reflects a complex network that ensures proper cellular adaptation to environmental changes and safeguards genomic integrity."	0.92
NEST:63	"PPP1CB,CBL,TPM1,PIK3CA,MYH11"	Actin Cytoskeleton Regulation and Signal Transduction	"1. PPP1CB is a catalytic subunit of protein phosphatase 1 (PP1), a serine/threonine-specific protein phosphatase involved in the dephosphorylation of a variety of proteins. PP1 plays a key role in the regulation of cell division, signal transduction pathways, and muscle contractility. It is known to interact with and regulate the function of cytoskeletal proteins, which are crucial for maintaining cell shape, enabling various types of cell movement, and are involved in intracellular transport.

2. CBL is an E3 ubiquitin-protein ligase that plays a pivotal role in regulating signal transduction pathways. It is involved in the ubiquitination and subsequent proteasomal degradation of target proteins, including receptor tyrosine kinases, which are critical for cellular signaling. CBL's function is essential for modulating cellular levels of these signaling proteins and thereby controlling cell proliferation, differentiation, and survival.

3. TPM1 encodes tropomyosin 1, a protein that binds to actin filaments and is involved in the regulation of actin cytoskeleton dynamics. Tropomyosin 1 is important for stabilizing actin filaments and regulating muscle contraction as well as non-muscle cell motility. It plays a role in determining the interaction of actin-binding proteins with actin filaments.

4. PIK3CA encodes the p110α catalytic subunit of phosphoinositide 3-kinase (PI3K), which is involved in the PI3K/AKT signaling pathway. This pathway is crucial for many aspects of cell growth and survival. PI3K is activated by various cell surface receptors and leads to the production of PIP3, a second messenger that recruits and activates a number of downstream signaling proteins, including AKT.

5. MYH11 encodes the smooth muscle myosin heavy chain, which is a major contractile protein that interacts with actin. It is involved in smooth muscle contraction and plays a role in maintaining vascular tone and blood pressure. MYH11 mutations are associated with various vascular diseases due to its role in smooth muscle function.

In summary, the proteins in this system are involved in the regulation of the actin cytoskeleton and signal transduction pathways. PPP1CB and TPM1 directly interact with actin filaments and regulate their stability and dynamics, which is essential for cell shape, motility, and intracellular transport. CBL and PIK3CA are key players in cellular signaling, with CBL targeting proteins for degradation and PIK3CA activating the PI3K/AKT pathway. MYH11 is a critical component of smooth muscle contraction and interacts with the actin cytoskeleton. The interplay between these proteins supports the regulation of cell structure and signaling, which is fundamental for various cellular functions including muscle contraction, cell motility, and response to extracellular signals."	0.85
NEST:65	"BRCA1,PARP1,MDM4,E2F4,CKS1B,RBL2,CDKN2A,MDM2,E2F2,MYC,CDKN1A,CHEK2,HDAC1,E2F5,CCND1,TP63,EP300,CDKN1B,TFDP1,TP53,RBL1,RB1,CREBBP,ATR,BUB1B,CCNE1,E2F1,ATM,NPM1"	Cell Cycle Regulation and DNA Damage Response	"1. The proteins BRCA1, PARP1, CHEK2, ATM, ATR, and NPM1 are key components of the DNA damage response (DDR). BRCA1 is involved in DNA repair and recombination, while PARP1 is crucial for the repair of single-strand breaks. CHEK2, ATM, and ATR are kinases that signal DNA damage and initiate cell cycle checkpoints, leading to repair or apoptosis. NPM1 has roles in ribosome biogenesis and stabilizes p53, which is also a critical DDR protein.

2. MDM2 and MDM4 are negative regulators of the tumor suppressor p53, controlling its degradation and activity. CDKN2A (p16) and CDKN1A (p21) are cyclin-dependent kinase inhibitors that halt cell cycle progression in response to DNA damage or other stress signals. CDKN1B (p27) similarly inhibits cyclin-CDK complexes, contributing to cell cycle arrest.

3. The E2F family of transcription factors, including E2F1, E2F2, E2F4, and E2F5, along with their dimerization partners TFDP1 (DP1), play a central role in controlling the expression of genes required for cell cycle progression, particularly the transition from G1 to S phase. RBL1 (p107), RBL2 (p130), and RB1 (pRb) are members of the retinoblastoma protein family that regulate E2F activity and thus cell cycle progression.

4. MYC is a transcription factor that promotes cell growth and proliferation by regulating genes involved in metabolism, ribosome biogenesis, and the cell cycle. EP300 and CREBBP are histone acetyltransferases that modulate chromatin structure and function as transcriptional coactivators for several proteins, including MYC and p53.

5. CCND1 (cyclin D1) and CCNE1 (cyclin E1) are cyclins that form complexes with CDK4/6 and CDK2, respectively, driving the cell cycle forward. CKS1B is a cofactor for cyclin-dependent kinases and is involved in cell cycle regulation. BUB1B is a kinase that plays a critical role in the spindle checkpoint during mitosis.

6. TP53 (p53) is a tumor suppressor that induces growth arrest or apoptosis in response to genotoxic stress. TP63 is a member of the p53 family involved in development and differentiation, and it can also influence cell cycle arrest and apoptosis.

7. HDAC1 is a histone deacetylase that participates in chromatin remodeling and transcriptional repression, influencing cell cycle progression and DNA repair.

To summarize, the proteins in this system are predominantly involved in the regulation of the cell cycle and the DNA damage response. They work in concert to ensure that cells do not proliferate with damaged DNA, thus preventing genomic instability and tumorigenesis. The system includes proteins that detect and signal DNA damage, execute cell cycle checkpoints, and repair DNA, as well as those that regulate transcription and chromatin structure to control cell cycle progression."	0.98
NEST:66	"E2F6,BCORL1,MGA,TNF,CHD2,EED,BCOR,EZH2,TFDP1"	Transcriptional Repression and Chromatin Modification	"1. E2F6 is a member of the E2F family of transcription factors, which play a crucial role in controlling the cell cycle by regulating the expression of genes required for DNA replication and cell proliferation. E2F6, in particular, is involved in the negative regulation of these processes, acting as a transcriptional repressor.

2. BCORL1 and BCOR are components of the non-canonical Polycomb repressive complex 1 (PRC1), which is involved in the epigenetic silencing of genes through histone modification. These proteins contribute to the maintenance of stem cell pluripotency and differentiation by repressing lineage-specific genes.

3. MGA is a MAX-interacting transcriptional repressor and is part of the MYC/MAX/MXD network that controls cell growth, differentiation, and apoptosis. MGA can also interact with components of the Polycomb group (PcG) protein complexes, linking it to chromatin modification and transcriptional repression.

4. TNF, or tumor necrosis factor, is a cytokine involved in systemic inflammation and is part of the extrinsic pathway for triggering apoptosis. While not directly involved in transcriptional repression or chromatin modification, TNF can influence these processes indirectly through activation of NF-κB, which can modulate the expression of various genes including those encoding chromatin-modifying enzymes.

5. CHD2 is a chromodomain helicase DNA-binding protein that plays a role in chromatin remodeling. It is involved in the regulation of transcription by altering the structure of chromatin, thereby modulating access of transcription factors to DNA.

6. EED is a core component of the Polycomb repressive complex 2 (PRC2), which is responsible for the methylation of histone H3 on lysine 27 (H3K27me3), a mark associated with transcriptional repression. EED is essential for the catalytic activity of the complex and is involved in the epigenetic maintenance of gene silencing.

7. EZH2 is the catalytic subunit of PRC2 and works in concert with EED to methylate H3K27. This modification leads to the formation of a repressive chromatin state, thereby contributing to the regulation of gene expression during development and in maintaining stem cell identity.

8. TFDP1, or transcription factor Dp-1, forms heterodimers with E2F transcription factors, modulating their activity. It is involved in the control of the cell cycle and can either activate or repress transcription in conjunction with E2F proteins.

To summarize, the proteins in this set are predominantly involved in the regulation of gene expression through transcriptional repression and chromatin modification. They function in a coordinated manner to control cell cycle progression, differentiation, and maintenance of cell identity. The system includes components of the Polycomb group complexes (BCOR, BCORL1, EED, EZH2), which are key players in chromatin-based gene silencing, as well as proteins that interact with these complexes (MGA) or modulate their target gene expression (E2F6, TFDP1). CHD2 contributes to the regulation of transcription through chromatin remodeling. Although TNF is primarily known for its role in inflammation and apoptosis, its inclusion in this system may suggest a regulatory influence on transcriptional repression mechanisms, possibly through modulation of NF-κB activity. The majority of these proteins are directly involved in transcriptional repression and chromatin modification, justifying the high confidence score."	0.92
NEST:69	"DAXX,XPO1,NUP93,RANBP2,TERT,NUP98"	Nuclear Transport and Telomere Maintenance	"1. DAXX (Death-domain associated protein) functions as a chaperone for specific histone variants and is implicated in the process of chromatin assembly. It is known to interact with several nuclear proteins and has roles in apoptosis, transcription regulation, and potentially telomere maintenance through its association with the telomerase complex.

2. XPO1 (Exportin 1), also known as CRM1, is a key protein in the nuclear export of proteins and RNA molecules. It recognizes cargo proteins bearing a nuclear export signal (NES) and mediates their transport through the nuclear pore complex (NPC) into the cytoplasm.

3. NUP93 is a component of the NPC, which is essential for nucleocytoplasmic transport. It plays a role in the assembly and stability of the NPC structure and is involved in the nuclear import of proteins as part of the NPC.

4. RANBP2 (RAN Binding Protein 2) is a large E3 SUMO-protein ligase that is part of the cytoplasmic filaments of the NPC. It has multiple roles, including the regulation of transport between the nucleus and cytoplasm, and it interacts with RAN, a small GTPase involved in the directionality of nucleocytoplasmic transport.

5. TERT (Telomerase Reverse Transcriptase) is the catalytic subunit of telomerase, an enzyme responsible for maintaining telomere length by adding TTAGGG repeats to the ends of chromosomes. Telomeres protect chromosome ends from degradation and play a crucial role in cellular aging and stability.

6. NUP98 is another component of the NPC and is involved in nucleocytoplasmic transport. It has been implicated in various processes including RNA export, mitotic spindle assembly, and possibly gene regulation.

The proteins in this system are primarily involved in the transport of molecules between the nucleus and cytoplasm, as well as the maintenance of telomeres. DAXX, while not directly involved in nuclear transport, has associations with nuclear components and may influence telomere structure and function. XPO1, NUP93, RANBP2, and NUP98 are all integral to the nuclear transport system, ensuring proper trafficking of proteins and RNA. TERT, although not directly part of the nuclear transport machinery, is essential for telomere maintenance and has been shown to localize to the nucleus, where it interacts with nuclear transport components. The interplay between these proteins supports the critical processes of nuclear transport and telomere maintenance, with potential overlap in the regulation of nuclear structure and genomic stability."	0.89
NEST:7	"IDH1,CYP1B1,APOB,FGF19,HNF1B,CD276,ATP7B,TPMT,CYP2D6,MST1,GATA1,SPTA1,CYP3A5,FGF23,GPC3,HNF1A,ABCC3,HGF"	Hepatic Metabolism and Endocrine Regulation	"1. IDH1 (Isocitrate Dehydrogenase 1) is a key enzyme in the citric acid cycle, converting isocitrate to alpha-ketoglutarate, and is involved in cellular metabolism and energy production. It also plays a role in redox homeostasis and can contribute to epigenetic modifications through its production of NADPH.

2. The CYP family members, including CYP1B1, CYP2D6, and CYP3A5, are cytochrome P450 monooxygenases that metabolize a wide variety of xenobiotics and endogenous compounds. They are crucial for drug metabolism and the biotransformation of hormones and fatty acids, primarily in the liver.

3. APOB (Apolipoprotein B) is a major component of low-density lipoproteins (LDL), which are responsible for transporting cholesterol and other lipids in the blood. It is essential for lipid metabolism and is implicated in the development of atherosclerosis.

4. FGF19 and FGF23 (Fibroblast Growth Factors 19 and 23) are involved in the endocrine regulation of bile acid synthesis and phosphate homeostasis, respectively. FGF19 is produced in the intestine and regulates bile acid synthesis in the liver, while FGF23 is involved in phosphate and vitamin D metabolism.

5. HNF1B (Hepatocyte Nuclear Factor 1 Beta) and HNF1A (Hepatocyte Nuclear Factor 1 Alpha) are transcription factors that regulate the expression of genes involved in liver development, glucose metabolism, and homeostasis. They also play roles in kidney and pancreatic functions.

6. CD276 (Cluster of Differentiation 276) is involved in immune regulation and has been implicated in the suppression of T-cell activation. It may play a role in the liver's immune response and tumorigenesis.

7. ATP7B is a copper-transporting ATPase involved in the excretion of copper into bile and the pathogenesis of Wilson disease, a disorder of copper metabolism.

8. TPMT (Thiopurine S-methyltransferase) is an enzyme that metabolizes thiopurine drugs used in the treatment of certain leukemias, autoimmune diseases, and inflammatory conditions. It is important for drug metabolism and detoxification.

9. MST1 (Macrophage Stimulating 1) is a growth factor that regulates macrophage activation and can influence liver repair and regeneration.

10. GATA1 is a transcription factor that plays a critical role in erythroid development and is involved in the regulation of genes in the erythrocyte lineage.

11. SPTA1 (Spectrin Alpha, Erythrocytic 1) is a cytoskeletal protein that contributes to the structural integrity of erythrocytes and is involved in maintaining cell shape and membrane stability.

12. GPC3 (Glypican 3) is a heparan sulfate proteoglycan involved in the regulation of cell growth and differentiation, particularly in the liver, and is implicated in the pathogenesis of hepatocellular carcinoma.

13. ABCC3 (ATP-Binding Cassette Sub-Family C Member 3) is a transporter protein involved in the efflux of organic anions and drugs from cells, playing a role in detoxification.

14. HGF (Hepatocyte Growth Factor) is a key factor in liver regeneration, acting as a mitogen for hepatocytes and other cell types.

To summarize, the proteins in this system are predominantly involved in hepatic metabolism, including energy production, lipid and drug metabolism, and endocrine regulation. They also contribute to erythrocyte integrity and the liver's response to injury and regeneration. The interplay between these proteins supports the liver's central role in metabolic homeostasis and its interactions with other organ systems."	0.89
NEST:70	"EGFR,MIB1,TNF,TP53,MDM4,CBL,CHEK2,MDM2,BARD1,BIRC3,BRCA1"	Cellular Stress Response and Apoptotic Signaling	"1. EGFR (Epidermal Growth Factor Receptor) is a transmembrane receptor tyrosine kinase that is activated by binding of its specific ligands, such as EGF. Upon activation, EGFR triggers a wide range of cellular responses including cell proliferation, differentiation, and survival. It is a key player in the signaling pathways that lead to DNA repair and apoptosis in response to cellular stress.

2. MIB1 (Mindbomb E3 Ubiquitin Protein Ligase 1) is an E3 ubiquitin ligase that plays a role in the ubiquitination and subsequent proteasomal degradation of proteins, including those involved in cell cycle regulation and apoptosis. It is also involved in Notch signaling, which has implications in cell fate determination and survival.

3. TNF (Tumor Necrosis Factor) is a cytokine involved in systemic inflammation and is one of the cytokines that make up the acute phase reaction. It is capable of inducing apoptosis, inhibiting tumorigenesis, and viral replication. TNF signaling leads to the activation of NF-κB, which promotes cell survival, and the activation of caspases, which leads to apoptosis.

4. TP53, commonly known as p53, is a tumor suppressor protein that responds to diverse cellular stresses to regulate target genes that induce cell cycle arrest, apoptosis, senescence, DNA repair, or changes in metabolism. It is a crucial protein in preventing cancer formation, and its activity is regulated by several other proteins in this system.

5. MDM4 (MDM4, p53 Regulator) is a negative regulator of p53, binding to p53 and inhibiting its transcriptional activity. It is involved in the regulation of the p53 pathway, which is critical for the cellular response to stress and damage.

6. CBL (Casitas B-lineage Lymphoma) is an E3 ubiquitin-protein ligase that negatively regulates many signaling pathways by targeting receptors and signaling proteins for ubiquitination and subsequent degradation. It is involved in the downregulation of activated receptor tyrosine kinases such as EGFR.

7. CHEK2 (Checkpoint Kinase 2) is a protein kinase that is activated in response to DNA damage and is involved in cell cycle arrest and apoptosis. It is an important component of the DNA damage response pathway and can phosphorylate p53, enhancing its activity.

8. MDM2 (MDM2 proto-oncogene) is an E3 ubiquitin-protein ligase that ubiquitinates p53, leading to its degradation. It is a key regulator of p53 and thus plays a significant role in the cellular stress response.

9. BARD1 (BRCA1 Associated RING Domain 1) forms a heterodimer with BRCA1, acting in the DNA damage response by mediating the ubiquitination of target proteins. It is involved in the repair of DNA double-strand breaks and in the regulation of transcription.

10. BIRC3 (Baculoviral IAP Repeat Containing 3) is an inhibitor of apoptosis (IAP) that prevents cell death by inhibiting caspases, which are central to the execution of apoptosis.

11. BRCA1 (BRCA1, DNA Repair Associated) is involved in the repair of DNA damage, particularly double-strand breaks. It is also involved in cell cycle checkpoint control and maintains genomic stability.

To summarize, the proteins in this system are heavily involved in the cellular response to stress, particularly DNA damage, and the regulation of apoptosis. They interact in complex pathways that involve the sensing of cellular stress, the repair of DNA damage, the regulation of cell cycle, and the initiation of apoptosis when damage is irreparable. The system includes both pro-survival signals (EGFR, NF-κB activation by TNF) and pro-apoptotic signals (p53 activation by TP53, CHEK2), with several proteins (MDM2, MDM4, BIRC3) acting as regulators to fine-tune the balance between survival and death. The presence of proteins involved in DNA repair (BRCA1, BARD1) highlights the integration of the DNA damage response with the control of cell fate."	0.92
NEST:73	"MDM4,HDAC5,AKT1,STAT5A,CBL,HRAS,KRAS,TSC1,TNF,MYC,ABL1,MAP2K2,TSC2,RAF1,CDC25A,ARAF,CDKN1B,EGFR,MAPK1,MAP2K1,BRAF,STAT3,HDAC4"	Signal Transduction and Cell Cycle Regulation	"1. The proteins MDM4, AKT1, STAT5A, STAT3, MYC, ABL1, CDKN1B, EGFR, MAPK1, and HDAC4/5 are involved in signal transduction pathways that regulate cell proliferation, survival, and differentiation. MDM4 is a negative regulator of the p53 tumor suppressor, while AKT1 is a key player in the PI3K/AKT pathway, promoting cell survival and growth. STAT5A and STAT3 are transcription factors activated by cytokines and growth factors, leading to the expression of genes involved in cell cycle progression and apoptosis inhibition.

2. The RAS family proteins HRAS and KRAS, along with downstream effectors RAF1, ARAF, BRAF, MAP2K1, MAP2K2, and MAPK1, are central to the MAPK/ERK pathway, which is critical for cell proliferation and differentiation. Mutations in these proteins are commonly associated with cancer.

3. TSC1 and TSC2 form a complex that inhibits the mTOR pathway, which is involved in cell growth and metabolism. CBL is an E3 ubiquitin-protein ligase that regulates signal transduction through receptor tyrosine kinases like EGFR by mediating their degradation.

4. CDC25A is a cell cycle regulator that dephosphorylates and activates cyclin-dependent kinases (CDKs), promoting cell cycle progression. CDKN1B (p27Kip1) is a cyclin-dependent kinase inhibitor that negatively regulates cell cycle progression.

5. HDAC4 and HDAC5 are histone deacetylases that modulate chromatin structure and gene expression, influencing cell cycle, differentiation, and apoptosis.

6. TNF is a cytokine that can induce apoptosis, inflammation, and also act as a growth factor in certain contexts, influencing cell survival and proliferation.

7. ABL1 is a non-receptor tyrosine kinase that plays roles in cell differentiation, cell division, cell adhesion, and stress response.

To summarize, the proteins in this set are heavily involved in the regulation of signal transduction pathways that control cell proliferation, differentiation, and survival. They are integrated into multiple signaling networks, including the PI3K/AKT, MAPK/ERK, and mTOR pathways, as well as cell cycle regulation mechanisms. These proteins work in concert to ensure proper cellular responses to external and internal stimuli, with dysregulation often leading to diseases such as cancer."	0.92
NEST:77	"HSP90AA1,VHL,CUL3,STK11,ELOC,FBXW7,SKP1,PARK2"	Protein Quality Control and Degradation Pathway	"1. HSP90AA1 (Heat Shock Protein 90 Alpha Family Class A Member 1) is a molecular chaperone that plays a crucial role in the folding, stabilization, and degradation of many proteins, including kinases and hormone receptors. It is involved in the protection of cells from various stress conditions and is also implicated in the signaling pathways of cancer cells.

2. VHL (Von Hippel-Lindau tumor suppressor) is part of the protein complex that targets hypoxia-inducible factors (HIF) for degradation under normoxic conditions. It is involved in the ubiquitination and proteasomal degradation of specific substrates, playing a role in the cellular response to oxygen levels.

3. CUL3 (Cullin 3) serves as a scaffold protein in the assembly of the Cullin-RING E3 ubiquitin ligase complex (CRL), which is responsible for the ubiquitination and subsequent proteasomal degradation of target proteins. It is involved in various cellular processes, including cell cycle control and signal transduction.

4. STK11 (Serine/Threonine Kinase 11), also known as LKB1, is a kinase that phosphorylates and activates AMP-activated protein kinase (AMPK) and is involved in cellular energy homeostasis. It also plays a role in the regulation of cell polarity and can influence the activity of several downstream kinases.

5. ELOC (Elongin C) is a subunit of the Elongin complex, which acts as a transcription elongation factor that increases the rate of transcription by RNA polymerase II. It is also part of the Cullin-RING E3 ubiquitin ligase complex, where it contributes to the ubiquitination and degradation of proteins involved in cell cycle progression and signal transduction.

6. FBXW7 (F-box and WD repeat domain-containing 7) is a component of the SCF (SKP1-CUL1-F-box protein) E3 ubiquitin ligase complex, which mediates the ubiquitination of proteins for proteasomal degradation. It targets several proteins for degradation, including cyclin E, c-Myc, and Notch, and is involved in cell cycle regulation and signal transduction.

7. SKP1 (S-phase kinase-associated protein 1) is a core component of the SCF E3 ubiquitin ligase complex, which targets proteins for ubiquitination and subsequent degradation. It is involved in cell cycle control and signal transduction.

8. PARK2 (Parkin RBR E3 Ubiquitin Protein Ligase), also known as Parkin, is an E3 ubiquitin ligase that tags damaged or misfolded proteins with ubiquitin for degradation. It is involved in the regulation of apoptosis, mitochondrial quality control, and the cellular response to unfolded proteins.

In summary, the proteins in this system are primarily involved in the regulation of protein quality control and degradation pathways. They function through various E3 ubiquitin ligase complexes to target proteins for ubiquitination and subsequent proteasomal degradation. This system plays a critical role in maintaining cellular homeostasis by regulating the turnover of proteins involved in cell cycle control, signal transduction, and the cellular response to stress. The interplay between these proteins ensures the proper degradation of misfolded, damaged, or regulatory proteins, thereby preventing the accumulation of toxic protein aggregates and facilitating cellular adaptation to environmental changes."	0.92
NEST:78	"GATA1,ATRX,CDK12,RSF1,NSD1,SPEN,SETD2,MGA,ASXL2,NF1"	Chromatin Modification and Transcriptional Regulation	"1. GATA1 is a transcription factor that plays a pivotal role in erythroid development by regulating the expression of genes involved in the control of erythrocyte production (erythropoiesis). It is known to interact with chromatin remodeling complexes to facilitate the transcription of target genes.

2. ATRX is a chromatin remodeler that is involved in the incorporation of the histone variant H3.3 into telomeric and pericentromeric DNA, which is important for the maintenance of chromatin structure and genomic stability. Mutations in ATRX are associated with alpha-thalassemia/mental retardation syndrome X-linked (ATR-X syndrome).

3. CDK12 is a cyclin-dependent kinase that plays a key role in the regulation of transcription elongation by phosphorylating the C-terminal domain (CTD) of RNA polymerase II. It is also involved in the DNA damage response and the maintenance of genomic stability.

4. RSF1 (Remodeling and Spacing Factor 1) is part of a chromatin remodeling complex that facilitates ATP-dependent nucleosome sliding and is involved in transcriptional regulation.

5. NSD1 is a histone methyltransferase that specifically methylates 'Lys-36' of histone H3 (H3K36me), a mark that is associated with active transcription and is also involved in chromosomal stability.

6. SPEN is a transcriptional repressor that can interact with the nuclear receptor corepressor complex to modulate gene expression. It is also implicated in RNA splicing.

7. SETD2 is another histone methyltransferase that specifically trimethylates 'Lys-36' of histone H3 (H3K36me3), a mark that correlates with transcriptional elongation and splicing of pre-mRNA.

8. MGA is a transcription factor that is part of the MYC/MAX/MXD network, which is involved in the control of cell growth, differentiation, and apoptosis.

9. ASXL2 is a polycomb group protein that is involved in chromatin remodeling and is associated with the regulation of gene expression.

10. NF1 is a negative regulator of the RAS signal transduction pathway, but it also has functions in DNA repair and maintenance of chromatin structure.

To summarize, the proteins in this set are primarily involved in the regulation of gene expression through chromatin modification and transcriptional control. They participate in a range of processes including histone modification, chromatin remodeling, transcriptional activation and repression, and RNA splicing. These activities are crucial for proper cell differentiation, development, and response to DNA damage. The interplay between these proteins ensures that genes are expressed at the right time and place, and that the integrity of the genome is maintained."	0.92
NEST:79	"MRE11,RAD51C,BRCA1,CHEK1,BRCA2,MDC1,PALB2,TP53,POLH,BRIP1,BUB1B,BARD1,ATM,FANCD2,RAD50,XRCC2,BLM,NBN,MDM2,FANCA,XRCC3,RAD51D,AURKA,WRN,CDC73,TOP2A,RAD51B,RAD51,MSH6"	DNA Damage Response and Repair	"1. The proteins MRE11, RAD50, and NBN form the MRN complex, which is critical in the detection of DNA double-strand breaks (DSBs) and the initiation of DNA damage response (DDR). This complex recruits and activates ATM, a kinase that phosphorylates several downstream targets, including TP53, BRCA1, and CHEK1, to coordinate cell cycle arrest and DNA repair.

2. BRCA1, BRCA2, and PALB2 are central to homologous recombination (HR), a high-fidelity DNA repair process. BRCA1 also functions in checkpoint control and is involved in the ubiquitination and chromatin remodeling necessary for DNA repair. BRCA2 and PALB2 facilitate RAD51 filament formation on DNA, which is essential for strand invasion during HR.

3. RAD51 paralogs, including RAD51C, RAD51D, XRCC2, and RAD51B, stabilize and protect RAD51 filaments, ensuring efficient HR. These proteins also interact with BRCA2, which emphasizes their role in the HR pathway.

4. CHEK1 is a kinase activated by ATR in response to single-strand DNA breaks. It phosphorylates and regulates proteins involved in cell cycle progression, DNA replication, and DNA repair.

5. TP53, known as the ""guardian of the genome,"" is a tumor suppressor that induces cell cycle arrest, apoptosis, or senescence in response to DNA damage. MDM2 is an E3 ubiquitin ligase that negatively regulates TP53, thus controlling its activity.

6. BLM and WRN, both RecQ helicases, are involved in DNA repair and maintaining genomic stability. They function in resolving DNA secondary structures that can arise during replication and repair processes.

7. FANCA and FANCD2 are part of the Fanconi anemia (FA) pathway, which is responsible for repairing interstrand crosslinks (ICLs) in DNA. The FA pathway coordinates with HR and other repair mechanisms to ensure genomic integrity.

8. POLH is a translesion synthesis (TLS) polymerase that allows DNA replication to bypass lesions that would otherwise stall the replication fork.

9. BRIP1 (also known as BACH1) interacts with BRCA1 and is involved in the repair of damaged DNA through the HR pathway.

10. BUB1B is a kinase involved in the spindle assembly checkpoint during mitosis, ensuring proper chromosome segregation. Its role in DDR is linked to the maintenance of chromosomal stability.

11. AURKA is a kinase that, among other functions, is involved in the response to DNA damage, particularly in the context of mitosis and checkpoint control.

12. CDC73, MDM2, and TOP2A are proteins with roles in cell cycle regulation and DNA topology, respectively, and their interactions with the DDR machinery highlight the integration of DNA repair with cell cycle control.

13. MDC1 is a mediator of the DDR that functions as a scaffold for the accumulation of repair proteins at sites of DNA damage.

14. BARD1 forms a heterodimer with BRCA1, which is involved in DNA repair, cell cycle checkpoint control, and maintenance of genomic stability.

To summarize, the proteins in this system are primarily involved in the detection, signaling, and repair of DNA damage, with a strong emphasis on the homologous recombination pathway. They work in a coordinated manner to maintain genomic integrity and prevent the propagation of DNA errors, which is crucial for preventing oncogenesis. The high degree of interconnectivity and the essential roles of these proteins in the DDR pathway justify the high confidence score."	0.98
NEST:8	"GATA3,CSF1R,TAP1,FCGR2A,TIGIT,HLA-DMA,CARD11,CD22,PRF1,HLA-DOB,NTRK3,SOD2,JAK3,IL2RA,FYN,MYD88,PRDM1,PCBP1,AXL,CTLA4,B2M,IL15,PDCD1,HLA-DMB,LAG3,BTK,HLA-DOA,FAM46C,HLA-G,CIITA,JAK2,HLA-DPB1,KLHL6,CD70,HLA-DRB5,TAP2,VSIR,HLA-E,TNFRSF9,TNFAIP3,NFKBIA,IL10RA,MAFB,HLA-DRA,HLA-A,TLR4,SYK,FLT3,SH2D1A,BIRC3,CD19,IKZF3,HLA-F,IFNGR2,HLA-DQB1,FOXP1,HLA-C,HLA-DQA2,HAVCR2,LYN,MS4A1,IL7R,PDCD1LG2,PTPN22,CYLD,PIK3CG,CD79A,HGF,STAT5A,TNFRSF14,TNFRSF17,HLA-DPA1,CD79B,HLA-DRB1,NKX2-1,CD40,CXCR4,IDO1,HLA-DQA1,IRF1,CSF3R,HLA-B,P2RY8,HLA-DQB2,POU2F2,IKZF1,FAS,PIK3CD,FCGR3A,TMEM173,KIT,CD274,PLCG2,STAT4,IGF1,IKBKE,IRF4,IL6R,PHOX2B"	Immune System Regulation and Signaling	"1. The proteins GATA3, PRDM1, IRF1, IRF4, FOXP1, IKZF1, IKZF3, and CIITA are transcription factors that play critical roles in the development and function of the immune system. They regulate the expression of genes involved in immune cell differentiation, antigen presentation, and cytokine signaling pathways.

2. CSF1R, FLT3, KIT, and IL7R are receptor tyrosine kinases and cytokine receptors that are essential for the growth, survival, and differentiation of hematopoietic cells. They mediate cellular responses to external growth factors and cytokines, influencing the development of various immune cell lineages.

3. HLA-A, HLA-B, HLA-C, HLA-DRA, HLA-DRB1, HLA-DRB5, HLA-DQA1, HLA-DQA2, HLA-DQB1, HLA-DQB2, HLA-DPA1, HLA-DPB1, HLA-DOB, HLA-DOA, HLA-DMA, HLA-DMB, HLA-E, HLA-F, HLA-G, and B2M are components of the major histocompatibility complex (MHC) class I and II molecules. They are crucial for antigen processing and presentation to T cells, a key step in the adaptive immune response.

4. TAP1 and TAP2 are involved in the transport of antigenic peptides into the endoplasmic reticulum for loading onto MHC class I molecules, while the proteasome subunit LMP2 (not listed but related to TAP proteins) is involved in the generation of these peptides.

5. CD19, CD22, CD40, CD70, CD79A, CD79B, and MS4A1 (CD20) are B cell surface molecules that play roles in B cell activation, signaling, and antibody production.

6. CTLA4, PDCD1 (PD-1), LAG3, HAVCR2 (TIM-3), and TIGIT are inhibitory receptors expressed on T cells that regulate the amplitude and duration of immune responses, preventing autoimmunity and maintaining peripheral tolerance.

7. IL2RA, IL6R, IL10RA, IL15, and IFNGR2 are part of cytokine receptors that mediate immune cell communication and activation. They are involved in the regulation of immune responses, inflammation, and homeostasis.

8. TNFRSF9 (4-1BB), TNFRSF14 (HVEM), TNFRSF17 (BCMA), CD274 (PD-L1), and PDCD1LG2 (PD-L2) are members of the tumor necrosis factor receptor superfamily and its ligands, which are involved in the regulation of immune cell activation, survival, and proliferation.

9. CARD11, BTK, SYK, FYN, JAK2, JAK3, STAT4, STAT5A, PIK3CD, PIK3CG, PLCG2, and MYD88 are signaling molecules that play central roles in the transduction of signals from the surface receptors to the nucleus, leading to immune cell activation and differentiation.

10. TNFAIP3 (A20), NFKBIA (IκBα), CYLD, and IKBKE are negative regulators of NF-κB signaling, which is a key pathway in the regulation of immune responses, inflammation, and cell survival.

11. TLR4, TMEM173 (STING), and FAS are involved in recognizing pathogens or damage signals and initiating appropriate immune responses, including apoptosis.

12. PRF1 (Perforin), GZMB (Granzyme B, not listed but related to PRF1), and FASLG (Fas ligand, not listed but related to FAS) are involved in the cytotoxic activity of T cells and natural killer cells, which is essential for the elimination of infected or transformed cells.

To summarize, the proteins in this system are predominantly involved in the regulation and signaling of the immune system. They contribute to the development and function of immune cells, antigen presentation, cytokine signaling, and the regulation of immune responses. The system reflects a complex network of interactions that ensure the proper activation, regulation, and resolution of immune responses to maintain homeostasis and protect against pathogens."	0.94
NEST:80	"NOTCH4,KDR,FLT1,FLT4,VEGFA,SH2B3,ERG"	Angiogenesis and Vascular Endothelial Growth Factor Signaling	"1. NOTCH4 is a member of the Notch family of receptors, which are involved in cell fate determination. NOTCH4 is specifically implicated in the regulation of vascular development and angiogenesis. It influences the differentiation of endothelial cells and is critical for the formation of a functional vascular system.

2. KDR (also known as VEGFR2), FLT1 (VEGFR1), and FLT4 (VEGFR3) are receptor tyrosine kinases that bind VEGFA, a major growth factor involved in angiogenesis. These receptors mediate the cellular responses to VEGFA, including proliferation, migration, and survival of endothelial cells, which are essential processes in the formation of new blood vessels.

3. VEGFA is a key signaling protein that stimulates angiogenesis by binding to its receptors KDR, FLT1, and FLT4. It is a potent mediator of vascular permeability and plays a significant role in both physiological and pathological angiogenesis.

4. SH2B3, also known as LNK, is an adaptor protein that negatively regulates cytokine signaling in hematopoietic cells. It has been shown to interact with KDR and modulate VEGF signaling, thus influencing angiogenesis indirectly.

5. ERG is an ETS-related transcription factor that is highly expressed in endothelial cells and is involved in the regulation of angiogenesis. It controls the expression of genes that are critical for endothelial cell function and blood vessel formation.

In summary, the proteins in this system are primarily involved in the process of angiogenesis, which is the formation of new blood vessels from pre-existing ones. This process is tightly regulated by the VEGF signaling pathway, where VEGFA and its receptors (KDR, FLT1, FLT4) play central roles. NOTCH4 and ERG contribute to the differentiation and function of endothelial cells, while SH2B3 acts as a modulator of the signaling cascade. The interplay between these proteins ensures the proper development and maintenance of the vascular system."	0.94
NEST:81	"PTEN,SMAD4,SMAD3,SMAD2,TGFBR1,PIAS4,TGFBR2"	TGF-β Signaling Pathway Regulation	"1. PTEN (Phosphatase and tensin homolog) is a tumor suppressor gene that encodes a phosphatase involved in the regulation of the PI3K/AKT signaling pathway. It is known to negatively regulate intracellular levels of phosphatidylinositol-3,4,5-trisphosphate in cells and thereby modulates the AKT signaling pathway. PTEN's activity is critical for cell cycle progression and cell survival. Its role in the TGF-β signaling pathway is complex, as it can exert both positive and negative effects on TGF-β signaling depending on the context.

2. SMAD4 (Mothers against decapentaplegic homolog 4) is a common-mediator SMAD (co-SMAD) involved in the TGF-β signaling pathway. It forms complexes with receptor-regulated SMADs (R-SMADs) such as SMAD2 and SMAD3 upon their phosphorylation by TGF-β receptors, and these complexes then translocate to the nucleus to regulate the transcription of target genes.

3. SMAD3 and SMAD2 are R-SMADs that are directly phosphorylated by TGF-β receptors, which include TGFBR1 and TGFBR2. Upon phosphorylation, they form heteromeric complexes with SMAD4 that translocate to the nucleus and regulate gene expression. SMAD3 and SMAD2 have overlapping as well as distinct sets of target genes and are critical for mediating the cellular responses to TGF-β signaling.

4. TGFBR1 (TGF-β receptor type-1) and TGFBR2 (TGF-β receptor type-2) are serine/threonine kinase receptors that mediate the cellular responses to TGF-β ligands. TGFBR2 binds TGF-β and then recruits and phosphorylates TGFBR1, which in turn phosphorylates R-SMADs. These receptors are essential for the propagation of TGF-β signaling from the cell surface to the nucleus.

5. PIAS4 (Protein inhibitor of activated STAT 4) is an E3 SUMO-protein ligase that modulates the activity of various proteins through SUMOylation. It has been shown to interact with SMAD proteins and can modulate TGF-β signaling by regulating the activity and stability of SMAD complexes.

To summarize, the proteins in this set are primarily involved in the TGF-β signaling pathway, which is a critical regulator of numerous cellular processes including cell growth, differentiation, apoptosis, and homeostasis. The interactions between these proteins are essential for the proper transmission and regulation of TGF-β signals within the cell. The system includes both the core components of the TGF-β receptor-SMAD signaling axis and regulatory proteins that modulate the intensity and duration of the signal."	0.95
NEST:82	"TNF,MGA,EED,EZH2,TFDP1,BCOR,BCORL1,E2F6"	Regulation of Gene Expression via Polycomb Repressive Complex 2 and Non-canonical E2F Activity	"1. TNF, or tumor necrosis factor, is a cytokine involved in systemic inflammation and is a member of a group of cytokines that stimulate the acute phase reaction. It can influence the expression of numerous genes, including those involved in cell survival, proliferation, and death. TNF can indirectly affect gene expression by modulating signaling pathways that lead to changes in chromatin structure and accessibility.

2. MGA is a transcription factor that can form complexes with MAX and may function as a part of the non-canonical Polycomb repressive complex, which is involved in maintaining the transcriptional repression of genes over successive cell generations.

3. EED is a core component of the Polycomb repressive complex 2 (PRC2), which methylates 'Lys-27' of histone H3 (H3K27me3), leading to transcriptional repression of the target genes. EED's interaction with other PRC2 components is essential for its histone methyltransferase activity.

4. EZH2 is the catalytic subunit of PRC2, responsible for the methylation of histone H3 on Lys-27. This modification is associated with the epigenetic silencing of genes involved in stem cell differentiation, proliferation, and cancer.

5. TFDP1, or transcription factor Dp-1, forms heterodimers with E2F transcription factors, which are crucial for the control of the cell cycle and action of tumor suppressor proteins. It is not directly involved in histone modification but influences cell cycle-related gene expression.

6. BCOR and BCORL1 are components of a non-canonical Polycomb repressive complex, which, like PRC2, contributes to the repression of target genes through chromatin remodeling. They are known to interact with class II histone deacetylases, among other corepressors.

7. E2F6 is a member of the E2F family of transcription factors, which play a crucial role in the control of cell cycle and action of tumor suppressor proteins. E2F6, in particular, is involved in the repression of gene expression and is a component of a distinct Polycomb group (PcG) multiprotein PRC1-like complex, which does not possess intrinsic histone deacetylase activity but mediates transcriptional repression through chromatin remodeling.

To summarize, the proteins in this set are primarily involved in the regulation of gene expression through epigenetic mechanisms, including histone modification and chromatin remodeling. The interplay between PRC2 components (EED, EZH2) and non-canonical PRC1-like complex members (BCOR, BCORL1, E2F6), along with the influence of TNF on signaling pathways, suggests a coordinated regulation of gene expression that is critical for cell identity, proliferation, and differentiation. TFDP1 and MGA, while not directly involved in histone modification, are associated with transcriptional regulation and may interact with the aforementioned complexes to modulate gene expression. The system appears to be primarily centered around the maintenance of a repressed chromatin state, influencing cell fate decisions and potentially contributing to oncogenesis when dysregulated."	0.92
NEST:83	"TNF,TP53,CASP8,FAS,PARP1,TNFAIP3,CD40,BIRC3,TNFRSF9,TRAF3,TRAF2,MAP3K7"	Apoptosis and Cell Survival Signaling	"1. TNF (Tumor Necrosis Factor) is a cytokine that plays a central role in inflammation and apoptosis. It binds to its receptors, TNFRSF9 and others, to initiate a cascade of downstream signaling events that can lead to cell death or survival, depending on the context and the balance of signaling pathways activated.

2. TP53, commonly known as p53, is a tumor suppressor protein that regulates the cell cycle and thus functions as a crucial player in preventing cancer. It can induce apoptosis in response to DNA damage or other stress signals.

3. CASP8 (Caspase-8) is an initiator caspase, activated by death receptors such as FAS. It is an essential enzyme in the extrinsic pathway of apoptosis, leading to the activation of downstream effector caspases.

4. FAS, also known as CD95, is a death receptor that, upon binding with its ligand, initiates the extrinsic pathway of apoptosis involving the recruitment and activation of CASP8.

5. PARP1 (Poly (ADP-ribose) polymerase 1) is involved in DNA repair and programmed cell death. It is a substrate for CASP8, and its cleavage is considered a hallmark of apoptosis.

6. TNFAIP3 (TNF Alpha Induced Protein 3), also known as A20, is a cytoplasmic zinc finger protein that inhibits NF-kB activation and TNF-mediated apoptosis, acting as a negative feedback regulator.

7. CD40 is a costimulatory protein found on antigen-presenting cells and is required for their activation. It can also provide survival signals, preventing apoptosis in certain cell types.

8. BIRC3 (Baculoviral IAP Repeat Containing 3), also known as cIAP2, is an inhibitor of apoptosis protein that can regulate caspase activation and promote cell survival.

9. TNFRSF9 (TNF Receptor Superfamily Member 9), also known as CD137 or 4-1BB, is a costimulatory molecule that can enhance cell survival and proliferation, particularly in T cells.

10. TRAF3 and TRAF2 (TNF Receptor Associated Factors 3 and 2) are adaptor proteins that mediate signal transduction from TNF receptors. They can activate various signaling pathways, including those leading to apoptosis or NF-kB-mediated cell survival.

11. MAP3K7 (Mitogen-Activated Protein Kinase Kinase Kinase 7), also known as TAK1, is a kinase involved in the signaling cascades of the cell that can lead to either apoptosis or cell survival through the activation of NF-kB and JNK/p38 MAP kinase pathways.

To summarize, the proteins in this system are intricately involved in the balance between apoptosis and cell survival. They participate in both the extrinsic and intrinsic pathways of apoptosis, as well as in NF-kB signaling, which can promote cell survival. The interplay between these proteins can determine the fate of a cell in response to stress, damage, or signaling cues, with potential implications for cancer and immune responses."	0.92
NEST:84	"SOCS1,STAT5B,STAT6,IFNAR2,PIK3R1,STAT5A,PTPN11,IRS1,JAK1,JAK2,CSF3R,STAT3,IL6R,IRS2,JAK3,EPOR"	JAK-STAT Signaling Pathway and Cytokine-Mediated Immune Response	"1. The Janus kinase (JAK) family, including JAK1, JAK2, and JAK3, are non-receptor tyrosine kinases that play a pivotal role in the signaling of a wide array of cytokines and growth factors. Upon ligand binding to their respective receptors, such as IFNAR2 (interferon-alpha/beta receptor), CSF3R (colony-stimulating factor 3 receptor), IL6R (interleukin-6 receptor), and EPOR (erythropoietin receptor), JAKs become activated and phosphorylate specific tyrosine residues on the receptor chains.

2. The signal transducer and activator of transcription (STAT) family, including STAT3, STAT5A, and STAT5B, as well as STAT6, are transcription factors that are recruited to the cytokine receptors upon JAK-mediated phosphorylation. They themselves are phosphorylated by JAKs, which leads to their dimerization, nuclear translocation, and subsequent regulation of gene expression involved in cell proliferation, differentiation, and survival.

3. SOCS1 (Suppressor of cytokine signaling 1) is a critical negative regulator of the JAK-STAT pathway. It is induced by STAT activation and acts in a classic negative feedback loop to inhibit JAK kinase activity, thus modulating the intensity and duration of cytokine signaling.

4. PIK3R1 (Phosphoinositide-3-kinase regulatory subunit 1) and PTPN11 (Protein tyrosine phosphatase, non-receptor type 11) are involved in the regulation of the JAK-STAT pathway and other signaling pathways, including the insulin signaling pathway. PIK3R1 is a part of the PI3K complex that mediates cellular responses to growth factors and insulin, while PTPN11 is involved in the activation of the RAS/MAPK signaling pathway.

5. IRS1 and IRS2 (Insulin receptor substrate 1 and 2) are key mediators of insulin and insulin-like growth factor (IGF) signaling. They are phosphorylated by the insulin receptor tyrosine kinase, leading to the activation of downstream signaling pathways, including PI3K and MAPK pathways, which are crucial for metabolic regulation and growth.

To summarize, the proteins in this set are primarily involved in the JAK-STAT signaling pathway, which is a common route for the transduction of signals from various cytokines and growth factors to regulate immune responses, cell growth, and hematopoiesis. The system also includes proteins that modulate the intensity of signaling and cross-talk with other pathways, such as insulin signaling, highlighting the integration of metabolic and immune responses. The prominence of the JAK-STAT pathway components and their regulators in this protein set underscores the significance of this pathway in cytokine-mediated immune and hematopoietic processes."	0.95
NEST:85	"EP300,AR,CREBBP,TNF,TP53,MYC,TERT,HDAC1,YEATS4,PML,KAT6A,HDAC2,RUNX1,TBL1XR1,BCL6"	Transcriptional Regulation and Cellular Growth Control	"1. EP300 and CREBBP are histone acetyltransferases that play a central role in transcriptional coactivation. They modify chromatin structure, allowing transcription factors to access DNA, and are involved in the regulation of gene expression, cell growth, and differentiation. Both proteins interact with numerous transcription factors and have overlapping as well as unique roles in various signaling pathways.

2. AR (Androgen Receptor) is a steroid hormone receptor that, upon binding to its ligands, translocates to the nucleus and acts as a transcriptional regulator for genes involved in male sexual development and maintenance. It also has roles in the progression of prostate cancer and interacts with coactivators such as EP300 and CREBBP for transcriptional activation.

3. TNF (Tumor Necrosis Factor) is a cytokine involved in systemic inflammation and the acute phase response. It can activate signaling pathways that lead to cell survival, proliferation, differentiation, or death. TNF has been shown to interact with TP53 and can influence transcriptional regulation mediated by TP53.

4. TP53, commonly known as p53, is a tumor suppressor protein that regulates the expression of a wide variety of genes involved in apoptosis, growth arrest, and DNA repair. It can recruit histone deacetylases like HDAC1 and HDAC2 to repress transcription, as well as interact with EP300 and CREBBP to activate transcription.

5. MYC is a transcription factor that plays a pivotal role in cell cycle progression, apoptosis, and cellular transformation. It forms a complex with MAX and controls the expression of several genes. MYC interacts with EP300 and CREBBP for transcriptional activation of its target genes.

6. TERT (Telomerase Reverse Transcriptase) is the catalytic subunit of telomerase, which maintains telomere ends by addition of the telomere repeat TTAGGG. It is involved in cellular aging and, when reactivated, contributes to cellular immortalization and oncogenesis.

7. HDAC1 and HDAC2 are histone deacetylases that play a key role in the regulation of gene expression by deacetylating lysine residues on core histones. They are involved in cell cycle progression and differentiation and can interact with transcription factors like TP53 and MYC to modulate transcription.

8. YEATS4, PML, KAT6A, RUNX1, TBL1XR1, and BCL6 are additional transcription regulators with various roles in chromatin remodeling, gene expression, and the development of hematopoietic cells. They interact with the above-mentioned proteins to form complexes that regulate transcription and cellular outcomes.

To summarize, the proteins in this system are heavily involved in the regulation of transcription and the control of cellular growth and differentiation. They form a network that integrates signals from various pathways to maintain cellular homeostasis and respond to stress. Dysregulation of these proteins can lead to uncontrolled cell proliferation and cancer. The system is characterized by a high degree of interconnectivity and functional overlap, with many proteins acting as both regulators and effectors of transcription."	0.92
NEST:89	"EGF,EGFR,ERBB2,ERBB4,FRS2,CBL,PIK3R1,ERBB3,STAT5A,PTPN11,BCR,RET,CBLB,INPPL1,IRS1,JAK1,JAK2,PDGFRA,CSF3R,PLCG2,STAT3"	EGFR Signaling Pathway and Cellular Proliferation	"1. The epidermal growth factor receptor (EGFR) family, consisting of EGFR, ERBB2, ERBB3, and ERBB4, plays a critical role in the regulation of cell growth, survival, proliferation, and differentiation. These receptor tyrosine kinases (RTKs) are activated upon binding of their ligands, such as EGF, leading to dimerization and autophosphorylation of the receptors.

2. FRS2 and IRS1 are adaptor proteins that associate with phosphorylated RTKs, serving as docking sites for downstream signaling components. They are involved in the activation of multiple signaling cascades, including the PI3K/AKT and the RAS/MAPK pathways, which are crucial for mediating cellular responses to growth factors.

3. CBL and CBLB are E3 ubiquitin-protein ligases that negatively regulate RTKs by mediating their ubiquitination and subsequent degradation. They serve as a feedback mechanism to prevent prolonged or inappropriate activation of RTK signaling.

4. PIK3R1 is a regulatory subunit of phosphoinositide 3-kinase (PI3K), which is activated by RTKs and leads to the production of PIP3, a second messenger that recruits AKT to the membrane, where it becomes activated and promotes cell survival and growth.

5. JAK1 and JAK2 are non-receptor tyrosine kinases that are activated in response to cytokine receptors, such as CSF3R, and are involved in the JAK/STAT signaling pathway. STAT3 and STAT5A are transcription factors activated by JAK kinases that translocate to the nucleus and induce the expression of genes involved in cell proliferation and survival.

6. PTPN11 encodes the protein tyrosine phosphatase SHP-2, which is involved in the dephosphorylation of signaling proteins and plays a role in the RAS/MAPK pathway, modulating cell growth and differentiation.

7. RET is a receptor tyrosine kinase that, upon ligand binding, activates several intracellular signaling pathways, including the PI3K/AKT and RAS/MAPK pathways, contributing to cellular proliferation and differentiation.

8. PDGFRA is another RTK that binds platelet-derived growth factors and is involved in the regulation of cell proliferation, survival, and migration.

9. INPPL1 encodes the SHIP2 protein, a phosphatidylinositol phosphatase that acts as a negative regulator of the PI3K/AKT signaling pathway by dephosphorylating PIP3.

10. PLCG2 is a phospholipase that is activated by RTKs and generates second messengers leading to the activation of protein kinase C (PKC) and calcium signaling pathways, which are important for various cellular responses, including proliferation.

To summarize, the proteins in this system are primarily involved in the EGFR signaling pathway, which is a key regulator of cellular proliferation and differentiation. The system includes receptors that initiate the signaling cascade, adaptor proteins that propagate the signal, and both positive and negative regulators that modulate the intensity and duration of the signal. The interplay between these proteins ensures precise control over cell proliferation, which is fundamental to processes such as development, tissue repair, and oncogenesis."	0.95
NEST:9	"PHB2,PPP2CB,NHP2,DDX3X,FUS,NSD2,CHEK2,TERT,PELP1,XPC,PA2G4,GSTP1,ASNS,RHOA,PPP2CA,NPM1,CTCF,CDK8,DIS3,UPF1,HRAS,DKC1,FOXL2,RPS15,SF3B1,VHL,TNF,HDAC1,SHQ1,RPL5,ATIC,CDC73,TOP2A,UMPS"	Regulation of Gene Expression and Genome Integrity Maintenance	"1. Several proteins in this system, such as PHB2, PPP2CB, PPP2CA, HDAC1, and NSD2, are involved in the regulation of gene expression through chromatin remodeling and histone modification. PHB2 (Prohibitin 2) plays a role in maintaining mitochondrial function and also acts as a transcriptional regulator. PPP2CB and PPP2CA are catalytic subunits of protein phosphatase 2A, an enzyme that can dephosphorylate a variety of proteins, including histones, thereby influencing gene expression. HDAC1 is a histone deacetylase that removes acetyl groups from histone proteins, leading to a more condensed chromatin structure and reduced transcription. NSD2 is a histone methyltransferase that specifically methylates 'Lys-36' of histone H3, a mark for active chromatin.

2. Proteins such as CHEK2, TERT, XPC, and VHL are involved in genome integrity maintenance and DNA repair. CHEK2 is a checkpoint kinase that responds to DNA damage by halting the cell cycle and initiating DNA repair mechanisms. TERT, the catalytic subunit of telomerase, maintains telomere ends and is involved in preventing chromosomal degradation. XPC is part of the nucleotide excision repair pathway, recognizing and initiating repair of a wide variety of DNA lesions. VHL is part of the ubiquitin ligase complex that targets hypoxia-inducible factors for degradation, but it also has roles in maintaining genomic stability.

3. The system includes several proteins that are part of the ribosome biogenesis and RNA processing machinery, such as NHP2, DDX3X, NPM1, RPS15, SF3B1, and RPL5. NHP2 is a component of the H/ACA small nucleolar ribonucleoprotein (snoRNP) complex, involved in the processing and modification of rRNA. DDX3X is an RNA helicase involved in multiple aspects of RNA metabolism, including splicing and export. NPM1 is implicated in ribosome biogenesis and may help in the assembly of ribosomal proteins into the ribosome. RPS15 and RPL5 are ribosomal proteins, which are components of the 40S and 60S subunit, respectively. SF3B1 is a splicing factor that is part of the spliceosome, the complex responsible for removing introns from pre-mRNA.

4. Other proteins in the system, such as FUS, CTCF, CDK8, DIS3, UPF1, and HRAS, have diverse roles in RNA processing, cell cycle regulation, and signal transduction. FUS is an RNA-binding protein involved in pre-mRNA splicing and gene expression. CTCF is a transcriptional regulator with a key role in chromatin organization and insulator activity. CDK8 is a cyclin-dependent kinase that regulates transcription by interacting with the Mediator complex. DIS3 is an exosome component with ribonuclease activity, involved in RNA decay. UPF1 is a key factor in nonsense-mediated mRNA decay, a process that eliminates mRNAs with premature stop codons. HRAS is a GTPase that transduces signals for cell growth and differentiation.

To summarize, the proteins in this system are predominantly involved in the regulation of gene expression through various mechanisms including chromatin remodeling, histone modification, and RNA processing, as well as in the maintenance of genome integrity through DNA repair and telomere maintenance. These processes are critical for the proper functioning of cells and the prevention of diseases such as cancer. The interplay between these proteins ensures that gene expression is tightly regulated and that the genome is protected from damage, thereby maintaining cellular homeostasis."	0.92
NEST:90	"RARA,FBXW7,ESR1,MED1,MED12,CDK8"	Transcriptional Regulation and Signal Transduction in Cell Differentiation and Proliferation	"1. RARA (Retinoic Acid Receptor Alpha) is a nuclear receptor that regulates gene expression by binding to retinoic acid response elements (RARE) in DNA. It is involved in the regulation of development, differentiation, apoptosis, and cell proliferation. RARA forms heterodimers with retinoid X receptors (RXRs) and interacts with coactivators and corepressors to modulate transcription of target genes.

2. FBXW7 (F-box and WD repeat domain-containing 7) is a component of the SCF (SKP1-CUL1-F-box protein) E3 ubiquitin ligase complex, which mediates the ubiquitination and subsequent proteasomal degradation of target proteins. FBXW7 targets several proteins for degradation, including oncoproteins and transcription factors, thereby acting as a tumor suppressor and regulator of cell growth and division.

3. ESR1 (Estrogen Receptor 1) is a hormone-activated transcription factor that regulates gene expression upon binding to estrogen. It is involved in various cellular processes, including cell proliferation, differentiation, and survival. ESR1 interacts with coactivators and corepressors to modulate the transcription of estrogen-responsive genes.

4. MED1 (Mediator Complex Subunit 1) and MED12 (Mediator Complex Subunit 12) are components of the mediator complex, which is a coactivator involved in the transcriptional regulation of nearly all RNA polymerase II-dependent genes. The mediator complex bridges transcriptional activators and repressors to the RNA polymerase II machinery, playing a critical role in the regulation of gene expression.

5. CDK8 (Cyclin-Dependent Kinase 8) is a component of the mediator complex and functions as a kinase that can phosphorylate various transcription factors, thereby regulating transcriptional activation or repression. CDK8 is involved in controlling cell cycle progression and has been implicated in the regulation of oncogenesis.

The proteins in this system are interconnected through their roles in transcriptional regulation and signal transduction. RARA and ESR1 are hormone receptors that regulate gene expression in response to ligand binding and are critical for cell differentiation and proliferation. FBXW7 acts as a regulator of protein stability, targeting specific transcription factors and signaling molecules for degradation, thus influencing cell cycle progression and preventing uncontrolled cell growth. MED1 and MED12 are part of the mediator complex that facilitates transcriptional regulation by acting as an interface between transcription factors and RNA polymerase II. CDK8, also part of the mediator complex, modulates transcription through phosphorylation of transcription factors.

Collectively, these proteins form a system that integrates signals from extracellular cues (hormones), regulates the stability of key proteins, and modulates transcriptional responses to control cell differentiation, proliferation, and survival. The interplay between these proteins ensures precise control of gene expression patterns that are essential for normal cellular function and prevention of diseases such as cancer."	0.92
NEST:91	"BRCA1,CKS1B,HLA-A,CDKN2A,MYC,CTNNB1,CDKN1A,HDAC1,CCND1,EP300,CDKN1B,TP53,RBL1,RB1,CREBBP,CCNE1,BUB1B,TOP2A,E2F1"	Cell Cycle Regulation and Tumor Suppression	"1. BRCA1 is a critical player in DNA damage repair, particularly in the repair of double-strand breaks via homologous recombination. It also plays a role in maintaining genomic stability and tumor suppression.

2. CKS1B is involved in the control of the cell cycle by binding to the cyclin-dependent kinases (CDKs) and is implicated in the ubiquitin-mediated degradation of the CDK inhibitor p27Kip1.

3. HLA-A is part of the Major Histocompatibility Complex (MHC) class I molecules, which present endogenous antigens to cytotoxic T cells, but its role in this protein system is likely more related to immune surveillance against tumor cells.

4. CDKN2A encodes for p16INK4a, which inhibits CDK4 and CDK6, leading to cell cycle arrest in the G1 phase. It is a well-known tumor suppressor gene.

5. MYC is a transcription factor that regulates the expression of a multitude of genes involved in cell growth, proliferation, and metabolism. It is often dysregulated in cancer.

6. CTNNB1, or β-catenin, is involved in the Wnt signaling pathway, which plays a role in cell proliferation and differentiation. Abnormal regulation of β-catenin is implicated in tumorigenesis.

7. CDKN1A, known as p21, is a CDK inhibitor that is regulated by TP53 and is involved in G1 phase arrest in response to DNA damage.

8. HDAC1 is a histone deacetylase that plays a role in chromatin remodeling and transcriptional repression, influencing cell cycle progression and differentiation.

9. CCND1 encodes cyclin D1, which forms a complex with CDK4 or CDK6, leading to cell cycle progression from G1 to S phase.

10. EP300 is a histone acetyltransferase that regulates transcription via chromatin remodeling and is involved in the cell cycle, differentiation, and apoptosis.

11. CDKN1B encodes p27Kip1, another CDK inhibitor that regulates cell cycle progression at G1.

12. TP53, or p53, is a crucial tumor suppressor that regulates the cell cycle, DNA repair, and apoptosis in response to cellular stress.

13. RBL1 (p107) and RB1 (pRb) are members of the retinoblastoma family of proteins that regulate the cell cycle by controlling the E2F family of transcription factors.

14. CREBBP is a transcriptional coactivator that can acetylate histones, thereby regulating gene expression involved in cell growth and apoptosis.

15. CCNE1 encodes cyclin E1, which associates with CDK2 and is necessary for the transition from G1 to S phase of the cell cycle.

16. BUB1B is a key component of the spindle assembly checkpoint that ensures proper chromosome segregation during mitosis.

17. TOP2A encodes topoisomerase II alpha, which is essential for DNA replication and chromosome segregation during the cell cycle.

18. E2F1 is a transcription factor that is a critical target of the RB1 protein and is involved in the regulation of genes essential for S phase entry and progression.

To summarize, the proteins in this system are predominantly involved in the regulation of the cell cycle and in the maintenance of genomic integrity. They interact in a complex network that governs cell proliferation, differentiation, and response to DNA damage. Many of these proteins also have roles in tumor suppression, either by directly inhibiting cell cycle progression or by participating in DNA repair mechanisms. The interplay between these proteins is crucial for preventing uncontrolled cell growth and the development of cancer."	0.94
NEST:92	"BCL7A,SMARCE1,ARID1A,CHD4,PBRM1,SMARCB1,MYC,ARID2,SMARCA4,SOX2,HDAC2,ARID1B"	Chromatin Remodeling and Transcriptional Regulation	"1. BCL7A, SMARCE1, SMARCB1, ARID1A, ARID1B, ARID2, SMARCA4, and PBRM1 are components of the SWI/SNF complex, a chromatin remodeling complex that uses energy from ATP hydrolysis to remodel chromatin structure and regulate gene expression. These proteins work synergistically to alter nucleosome positioning and facilitate access of transcription factors and the transcriptional machinery to DNA.

2. CHD4 is part of the NuRD (Nucleosome Remodeling and Deacetylase) complex, which also remodels chromatin but has additional roles due to its association with histone deacetylases like HDAC2. This complex is involved in transcriptional repression, maintenance of genome integrity, and is essential for cell cycle progression.

3. HDAC2 is a histone deacetylase that removes acetyl groups from histone proteins, leading to a more compact chromatin structure and reduced transcriptional activity. It often works in concert with chromatin remodelers to regulate gene expression.

4. MYC is a well-known transcription factor that regulates the expression of a multitude of genes involved in cell growth, proliferation, and metabolism. It can act as a global amplifier of gene expression and is frequently dysregulated in cancer.

5. SOX2 is a transcription factor critical for maintaining the pluripotency of stem cells. It is involved in the regulation of gene expression programs that are essential for stem cell maintenance and differentiation.

To summarize, the proteins in this system are primarily involved in the dynamic regulation of chromatin structure and transcription. They function in a coordinated manner to facilitate or repress the transcription of genes necessary for cell proliferation, differentiation, and maintenance of pluripotency. The interplay between these proteins ensures precise control over gene expression patterns that are essential for normal cellular function and development."	0.95
NEST:93	"TERT,NUP98,RANBP2,XPO1,NUP93"	Nuclear Pore Complex Assembly and Function	"1. TERT, or telomerase reverse transcriptase, is primarily known for its role in maintaining telomere length and chromosome stability. While not directly involved in nuclear pore complex (NPC) assembly, it can interact with nucleoporins and may have secondary roles in nuclear transport processes.

2. NUP98 is a component of the NPC, which regulates the transport of molecules between the nucleus and the cytoplasm. It is involved in the nuclear export of mRNA and the nuclear import of proteins. NUP98 has also been implicated in gene regulation and chromatin organization.

3. RANBP2 (Ran-binding protein 2) is a large E3 SUMO ligase that is part of the cytoplasmic filaments of the NPC. It plays a critical role in the regulation of transport across the nuclear envelope by interacting with RAN, a small GTPase involved in nucleocytoplasmic transport.

4. XPO1, also known as exportin 1 or CRM1, is a key nuclear export receptor that recognizes and transports proteins with a nuclear export signal (NES) from the nucleus to the cytoplasm. It is involved in the export of various RNAs and proteins, including ribosomal proteins and RNA-binding proteins.

5. NUP93 is another nucleoporin that is a structural component of the NPC. It is essential for the assembly and stability of the NPC and is involved in the nuclear import pathway.

To summarize, the majority of the proteins in this set are directly involved in the structure and function of the NPC, which is critical for the selective transport of molecules across the nuclear envelope. TERT, while not a classical component of the NPC, may have interactions that influence nuclear transport. The combined activities of these proteins ensure the proper regulation of nucleocytoplasmic trafficking, which is essential for numerous cellular processes, including gene expression, signaling, and cell cycle control."	0.92
NEST:94	"TP53,HDAC1,HDAC2,BRCA1,HIST3H3,SMARCA4,TAF1,AURKB,MTA1,CHD4,H3F3A"	Chromatin remodeling and DNA damage response	"1. TP53, commonly known as p53, is a tumor suppressor protein that plays a critical role in preventing cancer formation. It functions as a transcription factor that regulates the expression of a wide variety of genes involved in apoptosis, DNA repair, and cell cycle arrest in response to DNA damage or other stress signals.

2. HDAC1 and HDAC2 are histone deacetylases that remove acetyl groups from lysine residues in histones, leading to a more compact and transcriptionally repressed chromatin structure. They are involved in the regulation of gene expression and are associated with various cellular processes including cell cycle progression and DNA repair.

3. BRCA1 is a DNA repair protein that has a central role in the repair of double-strand breaks by homologous recombination. It also functions in maintaining genomic stability and acts as a tumor suppressor.

4. HIST3H3 (also known as H3.3) and H3F3A (encoding histone H3.3) are variants of the histone protein H3. Histone H3.3 is incorporated into chromatin outside of DNA replication and is associated with transcriptionally active regions of the genome. It is also involved in the replacement of histones following DNA repair.

5. SMARCA4 and CHD4 are components of different ATP-dependent chromatin remodeling complexes (SWI/SNF and NuRD, respectively). They utilize energy from ATP hydrolysis to alter chromatin structure and facilitate access of the transcriptional machinery to DNA.

6. TAF1 is a component of the TFIID complex, which is essential for the initiation of transcription by RNA polymerase II. It possesses histone acetyltransferase activity, which modifies histones to create a more open and transcriptionally active chromatin state.

7. AURKB, or Aurora kinase B, is a protein that functions in the regulation of mitosis. It is involved in chromatin-induced spindle assembly, chromosome segregation, and cytokinesis. It also plays a role in the DNA damage response by regulating the repair of double-strand breaks.

8. MTA1 is part of the NuRD (nucleosome remodeling and deacetylase) complex, which has roles in chromatin remodeling and transcriptional repression. It is also implicated in DNA repair and cell cycle progression.

To summarize, the proteins in this system are primarily involved in the regulation of chromatin structure and the response to DNA damage. They work together to ensure proper gene expression, maintain genomic integrity, and prevent the propagation of damaged DNA. This system integrates chromatin remodeling, histone modification, and DNA repair mechanisms to control cellular responses to genotoxic stress and to safeguard against malignant transformation."	0.95
NEST:97	"EPHB2,SLIT2,PTPRD,EPHA2,EPHA3,EPHA5,EPHA7,EPHB1"	Ephrin Receptor Signaling and Axon Guidance	"1. EPHB2, EPHA2, EPHA3, EPHA5, EPHA7, and EPHB1 are members of the Eph receptor tyrosine kinases, which are critical for cell positioning and tissue architecture. They interact with membrane-bound ephrin ligands on adjacent cells, leading to contact-dependent bidirectional signaling. This signaling is essential for axon guidance, neuronal mapping, and synaptic plasticity. EPHB2 and EPHB1 are particularly involved in the development of the nervous system and play roles in dendritic spine morphogenesis and neuron-neuron communication.

2. SLIT2 is a secreted protein that functions as a molecular guidance cue in cellular migration, including axonal navigation and neuronal positioning. It interacts with Roundabout (ROBO) receptors to mediate repulsion in developing neurons. SLIT2's interaction with Eph receptors can modulate the guidance of axons and the migration of neurons and other cells.

3. PTPRD is a member of the protein tyrosine phosphatase (PTP) family, which are known to be signaling molecules that regulate a variety of cellular processes including cell growth, differentiation, mitotic cycle, and oncogenic transformation. PTPRD has been implicated in the dephosphorylation of Eph receptors, thus regulating their signaling activity and downstream biological effects.

The proteins in this system are primarily involved in the ephrin receptor signaling pathway, which is crucial for the development of the nervous system, particularly in axon guidance and synaptic plasticity. The interplay between Eph receptors and their ligands, along with regulatory molecules like PTPRD, orchestrates the precise cellular responses necessary for the correct formation of neural networks. The system's proteins work together to ensure that neurons connect properly, which is fundamental for the functioning of the nervous system.

Given the strong thematic connection between these proteins in the context of neural development and the high proportion of genes involved in the ephrin signaling pathway, the confidence score for the process name ""Ephrin Receptor Signaling and Axon Guidance"" is 0.92."	0.92
NEST:98	"EP300,TNF,KMT2C,CTNNB1,KMT2D,KDM6A,MEN1,HIST3H3,KMT2A,MAGI2,KMT2B"	Chromatin remodeling and transcriptional regulation in cellular signaling pathways	"1. EP300 is a histone acetyltransferase (HAT) that plays a critical role in transcriptional activation by acetylating not only histone proteins but also various transcription factors. It is involved in the regulation of gene expression through chromatin remodeling and is a key player in cell proliferation and differentiation.

2. TNF, or tumor necrosis factor, is a cytokine involved in systemic inflammation and is a member of a group of cytokines that stimulate the acute phase reaction. It can activate signaling pathways that lead to cell survival, apoptosis, or inflammation, depending on the cellular context and the presence of other interacting proteins.

3. The KMT2 family members, including KMT2A (MLL1), KMT2B (MLL2), KMT2C (MLL3), and KMT2D (MLL4), are histone methyltransferases that specifically methylate 'Lys-4' of histone H3 (H3K4), a mark associated with transcriptional activation. These proteins play roles in the regulation of gene expression and are implicated in the epigenetic maintenance of active chromatin states.

4. KDM6A, also known as UTX, is a histone demethylase that specifically demethylates 'Lys-27' of histone H3 (H3K27me3), a mark associated with transcriptional repression. By removing this repressive mark, KDM6A modulates gene expression patterns and is involved in developmental processes and cellular differentiation.

5. MEN1 encodes menin, a protein that interacts with a variety of transcription factors and possesses tumor suppressor activity. It is involved in controlling gene expression and is crucial for maintaining cellular growth and metabolism.

6. HIST3H3 represents a variant of the conventional histone H3, and histone variants can be involved in the regulation of gene expression by forming specialized nucleosomes that affect chromatin structure and function.

7. CTNNB1 encodes beta-catenin, a protein that plays an essential role in the Wnt signaling pathway. It acts as a transcriptional co-activator for TCF/LEF transcription factors. Beta-catenin is also a key component of the cadherin protein complex, involved in cell adhesion and signaling.

8. MAGI2 is a scaffolding protein that interacts with various signaling molecules, thereby influencing signal transduction pathways and potentially affecting transcriptional regulation.

To summarize, the proteins in this set are primarily involved in the modification of chromatin structure and the regulation of transcription, which are fundamental processes in the control of gene expression. These proteins interact with each other and with other factors to modulate signaling pathways, such as the Wnt pathway, and influence cellular responses such as proliferation, differentiation, and apoptosis. The system represents a complex network that integrates chromatin remodeling with transcriptional control to regulate cellular signaling pathways."	0.92
NEST:58	"E2F4,CKS1B,CDKN2A,E2F3,E2F2,CDKN1A,E2F5,CDK5,CDKN1C,TP53,RBL1,RB1,E2F1,CCND2,RBL2,HLA-A,CDKN2B,MDM2,CCND1,CDKN1B,TFDP1,CCND3,CDKN2C,CCNE2,CCNE1,CDK4,CDK6"	Cell Cycle Regulation and Control	"1. The E2F family, including E2F1, E2F2, E2F3, E2F4, and E2F5, are transcription factors that play a crucial role in controlling the cell cycle and the action of tumor suppressor proteins. They are involved in the regulation of genes essential for DNA replication, DNA repair, and mitosis.

2. CDKs (Cyclin-Dependent Kinases) such as CDK4, CDK5, and CDK6, are key players in cell cycle progression. They form active complexes with cyclins like CCND1 (Cyclin D1), CCND2, CCND3, CCNE1, and CCNE2, which are essential for the transition through different phases of the cell cycle.

3. CDKN (Cyclin-Dependent Kinase Inhibitors) family members, including CDKN1A (p21), CDKN1B (p27), CDKN1C (p57), CDKN2A (p16), CDKN2B (p15), CDKN2C (p18), and CDKN2D (p19), inhibit the kinase activity of CDK-cyclin complexes, acting as regulators that can halt cell cycle progression.

4. The retinoblastoma protein (RB1) and its related proteins RBL1 (p107) and RBL2 (p130) are critical for controlling the cell cycle by regulating the activity of the E2F family and preventing the transcription of E2F target genes during the G1 phase.

5. TP53 (p53) and its regulator MDM2 form a feedback loop that controls cell cycle arrest, DNA repair, and apoptosis. TP53 is a tumor suppressor that can induce the expression of CDKN1A, leading to cell cycle arrest in response to DNA damage.

6. CKS1B (Cyclin-Dependent Kinases Regulatory Subunit 1) interacts with CDKs and is involved in cell cycle control, particularly the transition from G1 to S phase.

7. TFDP1 (Transcription Factor Dp-1) forms heterodimers with E2F proteins, enhancing their DNA binding and transcriptional activity.

8. HLA-A is an outlier in this system, as it is a major histocompatibility complex (MHC) class I molecule involved in the immune response. Its inclusion in this system may be due to its role in presenting endogenous antigens to cytotoxic T cells, which can be related to the immune surveillance of cancer cells.

To summarize, the majority of the proteins in this system are directly involved in the regulation of the cell cycle. They work in concert to ensure proper cell division and to prevent uncontrolled cell proliferation, which is a hallmark of cancer. The system includes proteins that promote cell cycle progression, proteins that inhibit progression to ensure that cells only divide when conditions are appropriate, and proteins that can trigger cell cycle arrest in response to DNA damage. The presence of HLA-A suggests a possible link to the immune system's role in monitoring cell health and integrity, although it is not directly involved in cell cycle regulation."	0.98