drug,system,semi_partial_pearson,semi_partial_spearman,p_pearson,p_spearman,p_bonferroni_pearson,p_bonferroni_spearman,q_fdr_pearson,q_fdr_spearman,q_fdr_pearson_all,q_fdr_spearman_all
Daporinad,Cell,-0.16235931949964408,-0.08529269855289032,2.2587082151304116e-06,0.012979787720823088,0.0002958907761820839,1.0,2.0268798141334643e-05,0.030363431989782582,2.1261612659790462e-05,0.031020653276025312
Daporinad,Signaling pathways,0.2486852587023236,0.2393171055070868,4.3920422854171193e-13,3.1108449149996886e-12,5.753575393896426e-11,4.075206838649592e-10,1.9178584646321422e-11,1.358402279549864e-10,2.3014301575585704e-11,1.0404783417828745e-10
Daporinad,Chromatin binding,0.06762607593748904,0.12473247632420904,0.04889131496895205,0.00027863360991475794,1.0,0.03650100289883329,0.09704185243837453,0.001351888996253085,0.09583185427829503,0.0010788473763201957
Daporinad,CDK holoenzyme complex II,0.042897055310254666,0.08621471407695007,0.21155317358460968,0.011996508239829895,1.0,1.0,0.29799425526434264,0.029651746781466343,0.31433042426749186,0.02919274141333219
Daporinad,MAPK and MAP2K activation,-0.04651430899966685,0.08144001176309383,0.17548184494117436,0.01763736859969134,1.0,1.0,0.25944903044332124,0.037266053009025246,0.2705843151568011,0.040357996271782805
Daporinad,Ubiquitin regulation of p53 activity,-0.1557022291665896,-0.14883538776320715,5.7632339434121604e-06,1.4540986838840197e-05,0.000754983646586993,0.0019048692758880659,4.194353592149961e-05,0.00011205113387576859,4.8448148444085116e-05,8.42916925958989e-05
Daporinad,HDACs deacetylate histones,0.040869814388862044,0.028470976104750155,0.23394317623313565,0.4065480732985245,1.0,1.0,0.32259532722674494,0.49773642618791314,0.3411490473455373,0.505612002551646
Daporinad,EMT,-0.009073941498055264,0.008939531200653808,0.7915115675170106,0.7941165168620727,1.0,1.0,0.8265327249859119,0.8669105309077627,0.8487422811301095,0.8383822461431688
Daporinad,Metabolic pathways,0.025796916930773104,0.07257102981538831,0.4524933068293555,0.03445023771275224,1.0,1.0,0.5465467462645389,0.06540552377348614,0.5658866176099816,0.0690762419444471
Daporinad,CDK holoenzyme complex I,0.030514448139202066,0.07004708412785916,0.3741843247878136,0.04122784973188098,1.0,1.0,0.46683949092574845,0.07334181740469284,0.48921244680793796,0.07995532834339239
Daporinad,Transcription factor (TF) binding,0.1408406552424318,0.1198757254538842,4.097510954914618e-05,0.0004778016624011894,0.00536773935093815,0.06259201777455581,0.000214709574037526,0.001956000555454869,0.00026078085915488987,0.001730654869342557
Daporinad,Regulation of TP53 Activity,-0.01000769883207409,0.018209552579881445,0.7706353467158749,0.5953946443679281,1.0,1.0,0.8265327249859119,0.6723853311396429,0.8336478868608248,0.6699787981004889
Daporinad,Regulation of E2F transcription via DREAM complex,0.14808151262619182,0.14590713946031922,1.611989965111249e-05,2.1255024514443832e-05,0.0021117068542957362,0.002784408211392142,8.798778559565568e-05,0.00015468934507734122,0.0001162407442731598,0.00011723824047966914
Daporinad,Protein Transport,-0.06669583726338627,0.02321650760680882,0.052066336803259894,0.4984670172948351,1.0,1.0,0.10044562893490161,0.5882808942848955,0.10117216496257671,0.5887228784278594
Daporinad,Extended cohesin complex,0.06952174094555617,0.08207021658405715,0.04289309768714378,0.016779487822505823,1.0,1.0,0.09211468519698089,0.03603463778275841,0.08644608918485899,0.038507087382451316
Daporinad,PML body,0.11470522618120406,0.08553827756162985,0.0008356217532201615,0.012683296490835216,0.10946644967184116,1.0,0.003531175795865844,0.030363431989782582,0.003385560299129108,0.030486455785310337
Daporinad,Extended mismatch repair complex,-0.10117547216652313,-0.07386317245462501,0.003210770972421617,0.031449057564361116,0.42061099738723184,1.0,0.01136786479424951,0.062421614256534946,0.010406870038446973,0.0645403635655035
Daporinad,Regulation of beta catenin transcriptional activity,0.044192613721213324,0.10320038708785512,0.19808065485504422,0.0026375724646383603,1.0,0.3455219928676252,0.28831739762234215,0.008427365679698175,0.2985453398198749,0.007927846872679736
Daporinad,Fas,-0.07207499495256438,-0.07980705204314144,0.0357946279433452,0.020098250947557572,1.0,1.0,0.08084648725134864,0.0411386074082819,0.07482600415816311,0.04475134630249363
Daporinad,BAF (SWI/SNF) complex,-0.07765766593504514,0.006762811721375881,0.023706801354494766,0.843394085304296,1.0,1.0,0.062111819548776294,0.9056116817611704,0.05440451347338069,0.8774424236256475
Daporinad,Ribosome biogenesis,0.1944191822527689,0.184409894969934,1.4928341451891924e-08,7.744035146473038e-08,1.955612730197842e-06,1.014468604187968e-05,2.1729030335531579e-07,9.222441856254254e-07,3.008634969535142e-07,8.857598182264388e-07
Daporinad,Homologous recombination,0.12527871616963318,0.17366487541647727,0.00026360116416768165,4.193543499120267e-07,0.034531752505966296,5.4935419838475497e-05,0.00127895379651727,3.662361322565033e-06,0.0012711074542073482,3.788649644032793e-06
Daporinad,Cell Proliferation,-0.0017844887160498406,0.04736154733533928,0.9584943505974528,0.16748582148673985,1.0,1.0,0.9688925344064921,0.24110596279959254,0.9720987865414167,0.24908960395189694
Daporinad,Histone methyltransferase subcomplex,-0.0009967428425282738,-0.010156913711991298,0.9767848219651423,0.7677090566883145,1.0,1.0,0.9767848219651423,0.8451250960182285,0.9830382459213851,0.8165477374119627
Daporinad,RPA complex associated proteins,-0.13014742279945676,-0.09330477233308607,0.0001502771164243466,0.00657292224752859,0.019686302251589405,0.8610528144262453,0.0007571654712149772,0.017572506416862147,0.0007927370034197076,0.017078733509280897
Daporinad,mTOR regulation of autophagy/ribosome biogenesis,-0.12142297340601547,-0.07001394424889495,0.00040544862648750346,0.04142972891562802,0.05311377006986295,1.0,0.0018315093127538949,0.07334181740469284,0.0018528059326696378,0.0801076677187789
Daporinad,PIK3/AKT signaling,-0.051589544913660336,-0.04097506668643466,0.1329385090100439,0.23278862828188163,1.0,1.0,0.20488170212136175,0.31117663576455606,0.21836921229236048,0.32537764625553617
Daporinad,Locomotion,0.23603282028040573,0.23628457210158565,6.225908677492953e-12,5.808464820233894e-12,8.155940367515768e-10,7.609088914506401e-10,2.038985091878942e-10,1.8778529842222725e-10,2.645169848924033e-10,1.8261813394815362e-10
Daporinad,Regulation of adherens junction stability,0.14848111882321943,0.16044991879899204,1.529199527872116e-05,2.940099177450861e-06,0.002003251381512472,0.0003851529922460628,8.709788615271617e-05,2.4072062015378926e-05,0.00011180937943325425,2.0725721555841944e-05
Daporinad,mTOR regulation of mRNA translation,-0.07045536457309778,-0.05122294897538226,0.040161788503638274,0.13576195876242947,1.0,1.0,0.08768657156627689,0.2092331364456266,0.08188629251325469,0.21109574596888142
Daporinad,SMAD-TGFbeta signaling,-0.1877142580715177,-0.19543447363208238,4.570865952402414e-08,1.2474407284912559e-08,5.987834397647163e-06,1.6341473543235452e-06,5.443485816042876e-07,1.8157192825817168e-07,7.983779196862883e-07,1.705197239294134e-07
Daporinad,Cellular response to DNA damage,-0.060196036094024415,-0.09682568907280392,0.0795542511706937,0.0047976226649455445,1.0,0.6284885691078663,0.13895475871147833,0.014604910934077248,0.14434600473279244,0.013112648017875997
Daporinad,G1 to S cell cycle control,-0.07356709361459149,-0.060566753481360404,0.03213638588947809,0.07773602949254332,1.0,1.0,0.07385730792143211,0.12572123288300216,0.06820289950437712,0.13458264136814768
Daporinad,EGFR/PI3K signaling,-0.05873507134167421,-0.03873896507733819,0.0871313891283767,0.2592940473343779,1.0,1.0,0.14448369589642213,0.3363120811960743,0.1542461077813155,0.3529093007875688
Daporinad,H3 acetylation and H3K4 methylation crosstalk,0.11502241948037954,0.1446975729581714,0.0008082444683565893,2.486258450451473e-05,0.10588002535471319,0.0032569985700914295,0.0035293341784904397,0.00017142097737323314,0.003291607005846006,0.00013204048257127416
Daporinad,Histone modifications in DNA damage response,0.07439150145290173,0.14166716033720783,0.03026680719178687,3.663178466073447e-05,1.0,0.004798763790556215,0.07209003167498328,0.00022851256145505787,0.06526669534360625,0.00018292981509633745
Daporinad,NeST:16,0.20897998099400325,0.25034313013093523,1.1542873323833192e-09,3.013145288832675e-13,1.512116405422148e-07,3.947220328370804e-11,1.890145506777685e-08,1.973610164185402e-11,2.9266769137202866e-08,1.1841660985112412e-11
Daporinad,NeST:163,0.10351128390518136,0.10865865802541717,0.002572384429261332,0.0015449112464436254,0.33698236023323447,0.20238337328411493,0.00962806743523527,0.005469820899570673,0.008677657345061832,0.004976640326658564
Daporinad,Transcription coactivator activity,0.15717939862825445,0.0893996205816039,4.6994320412885315e-06,0.009186521342359422,0.0006156255974087976,1.0,3.621327043581162e-05,0.02359675089900165,4.059069873025039e-05,0.02281392030045657
Daporinad,Foxo signaling,-0.2825914292178651,-0.23529145043392286,2.220446049250313e-16,7.1673778023750856e-12,2.90878432451791e-14,9.389264921111362e-10,1.454392162258955e-14,1.8778529842222725e-10,2.053259523189113e-14,2.0900725998403273e-10
Daporinad,Neg Regulation EGFR,-0.025662940339237817,-0.020188253466339012,0.4547602697926316,0.5567883777988221,1.0,1.0,0.5465467462645389,0.6420994781261712,0.5681252275956171,0.6412244175089731
Daporinad,RNA processing 1,0.052045713994660604,0.10419321565517331,0.12957992124878803,0.00239723922621371,1.0,0.314038338633996,0.20208297242370515,0.0078509584658499,0.21352163124014129,0.007275019427814579
Daporinad,Phosphatase 2A catalytic subunit,0.16209978321904078,0.17786910675960227,2.3459201832221055e-06,2.1900362789928352e-07,0.0003073155440020958,2.868947525480614e-05,2.0268798141334643e-05,2.0492482324861527e-06,2.195111028586399e-05,2.19282613412531e-06
Daporinad,Wnt/beta-catenin,-0.07145391068174385,-0.06917188649884555,0.03741892828926807,0.04393907621096371,1.0,1.0,0.08308270518464606,0.07674691978181662,0.07750007282046036,0.08413182436496341
Daporinad,p53 regulation of cell cycle,0.0754567003471275,0.13230652140939256,0.027977264371383814,0.00011570516227776828,1.0,0.015157376258387645,0.06955973231585369,0.0006315573440994852,0.062206873538635576,0.0005024544616040103
Daporinad,Regulation of immune responses,-0.025282243830822344,-0.0029790816726552767,0.461478323481038,0.9312603658427105,1.0,1.0,0.5495787306910543,0.9605914009873628,0.5739271554685061,0.9469219243885776
Daporinad,Regulation of beta catenin transcription,0.12226293672749318,0.12402573323325584,0.0003696762735860837,0.00030173561787338876,0.04842759183977696,0.03952736594141393,0.0017295568514206058,0.001411691640764783,0.0017041967802854062,0.0011568985153584564
Daporinad,MDM2-p53 pathway,0.04908452923290943,0.08703748582432395,0.1528559624169492,0.011205725768375308,1.0,1.0,0.2328387334490738,0.02822980914725318,0.24344113399401027,0.027344236634882176
Daporinad,RNA metabolism,0.07560544819276484,0.09654081507786333,0.02766973707413256,0.004906943703104627,1.0,0.6428096251067061,0.06955973231585369,0.014604910934077248,0.06178526517121646,0.013299509484966334
Daporinad,Resolution of D-loop structures,0.0026546606553579603,0.025849252142258205,0.9384270219783333,0.451086922694782,1.0,1.0,0.9604214053059504,0.5372035170274222,0.9566843570362775,0.5471639958325787
Daporinad,NeST:195,0.008924018734398607,0.020050379064233185,0.7949856744139305,0.5587735916517826,1.0,1.0,0.8265327249859119,0.6420994781261712,0.8507266713265479,0.6422830421199612
Daporinad,Cohesin,0.05900947695333557,0.08466175121105399,0.08569088156930338,0.01362487790713418,1.0,1.0,0.14398961909762933,0.0313133158918347,0.15245959669160752,0.0322564880572514
Daporinad,Oncogene induced senescence,0.11330119777531508,0.13909951269625206,0.0009674503776502252,5.057500976834994e-05,0.1267359994721795,0.006625326279653843,0.0039604999835056096,0.0003011511945297201,0.003850207578901656,0.00023732512046521228
Daporinad,Cytoplasm/extracellular space,0.23011515687418746,0.23113335308503988,2.0554447033305223e-11,1.64834812466097e-11,2.6926325613629842e-09,2.1593360433058706e-09,5.385265122725968e-10,3.5988934055097843e-10,7.514323427059491e-10,4.318672086611741e-10
Daporinad,Extracellular matrix organization,0.19172708074505246,0.22027910480315746,2.3507899182817482e-08,1.3809442478418532e-10,3.07953479294909e-06,1.8090369646728277e-08,3.07953479294909e-07,2.5843385209611824e-09,4.3461484903995964e-07,2.85637415474657e-09
Daporinad,MHC class I including non-classical MHCs,0.03091290133371679,0.04176716059773907,0.36797777928601727,0.22347305674039042,1.0,1.0,0.46351047198527173,0.3049476086769911,0.48325903846083473,0.31563310439882636
Daporinad,Endoplasmic Reticulum protein processing,0.06785647899618523,0.05837360084276119,0.04812661300928189,0.08891584270005581,1.0,1.0,0.09699363544947581,0.14204848041106477,0.09456879456323891,0.14965278878424812
Daporinad,Regulation of androgen receptor signaling pathway,0.04745774309374651,0.05047988122831457,0.16692996349178113,0.14124385816927276,1.0,1.0,0.25135431284394627,0.21515052814156665,0.2603312525883729,0.21789533370176328
Daporinad,RAS-RAF-MAPK,-0.0016551406599895,-0.019073426858755318,0.9614964081896487,0.5787989161154383,1.0,1.0,0.9688925344064921,0.6593274609662818,0.9732597254823745,0.6566137649750254
Daporinad,Structural constituent of muscle,0.01620264106161554,0.045889968665130655,0.637046918629089,0.18107395118050862,1.0,1.0,0.7320451433369356,0.250441856100526,0.7341919032880704,0.2647890709355903
Daporinad,Beta-catenin,-0.019039370193139612,0.00047100248378117033,0.5791743172830293,0.9886281369974108,1.0,1.0,0.677427103250686,0.9886281369974108,0.6852408127554769,0.9905184393626066
Daporinad,Actin filament-based process,0.03263721815594966,0.041359829278819274,0.34186412304111213,0.22801886175982,1.0,1.0,0.4540131185302043,0.3079429988715095,0.4576965163877819,0.3197552637702382
Daporinad,MutS homologs,0.09591455546043968,0.11721128700117069,0.005215075671801239,0.0006371687328265985,0.6831749130059623,0.0834691040002844,0.017517305461691342,0.002454973647067188,0.015585739460212068,0.0022458054887968897
Daporinad,Beta-catenin destruction complex,-0.017626531378705027,0.04036580877009966,0.6076419727723132,0.23938760547347426,1.0,1.0,0.7044344994086109,0.3167654173436882,0.7101384366909377,0.3318494848362447
Daporinad,Epithelial differentiation,-0.03231534267310719,-0.038151591986734276,0.34657489964137733,0.26659022971935054,1.0,1.0,0.4540131185302043,0.34238549111014627,0.46249214111735576,0.36034380147791834
Daporinad,Lymphocyte activation,-0.009288422295047208,-0.0048118381275186785,0.7867025261063936,0.8889338619541576,1.0,1.0,0.8265327249859119,0.9316026873279571,0.8470523089309936,0.9132314093995099
Daporinad,PI3-K/Akt,-0.02697162938595718,0.0023466297490499274,0.4320912668628254,0.9450722910886178,1.0,1.0,0.5339995845191521,0.9672224229110072,0.5455802984002903,0.957868240871249
Daporinad,MAPK signaling,-0.07537256484401997,-0.06703811599006487,0.028142487120154547,0.050877940643872854,1.0,1.0,0.06955973231585369,0.0865585743421733,0.06239772884750768,0.0946510327717966
Daporinad,RNA processing 2,0.06850001792792382,0.08408891589754286,0.04604377519017322,0.014273105482494941,1.0,1.0,0.09531730426435608,0.032237531348393744,0.09127467162541274,0.033388871753693525
Daporinad,Contractile fiber,0.03092744801514633,-0.0014443496481940988,0.36775241096721256,0.9668594607193108,1.0,1.0,0.46351047198527173,0.9742968411863825,0.48325903846083473,0.974623947646982
Daporinad,MutL alpha/beta complex,0.06134883671016821,0.09421697876561279,0.07398376124189299,0.006044103347487173,1.0,0.7917775385208197,0.13097125300929705,0.016960762355392137,0.13507836547300323,0.015888512478678656
Daporinad,NeST:29,0.06440121757389364,0.08214228018878593,0.06070825995649298,0.01668376259873572,1.0,1.0,0.11045530630973029,0.03603463778275841,0.11442851876691483,0.0384558281601357
Daporinad,RBL-TP53 complex,0.10227868797812009,0.12827277676671728,0.002893844101884646,0.00018583279417572207,0.37909357734688864,0.02434409603701959,0.010530377148524684,0.000936311386039215,0.009497125110986772,0.0007627393014209793
Daporinad,Regulation of cellular homeostasis,0.2931134455620567,0.31193191474394877,0.0,0.0,0.0,0.0,0.0,0.0,0.0,0.0
Daporinad,Mismatch and excision repair,0.07406268250719644,0.08320172069442311,0.031005330267777076,0.01533080495947492,1.0,1.0,0.07253032616212138,0.034039583893071435,0.06631344106251097,0.035650925142447595
Daporinad,Extracellular matrix,-0.08394022818571413,-0.06253656365736472,0.014492147109987474,0.06855170481127248,1.0,1.0,0.04218825047574131,0.11367434595286956,0.036218847785215114,0.12067556546844384
Daporinad,Ubiquitin/Proteasome System,-0.0576979219328187,-0.04586923670075505,0.09285603906507789,0.1816181399202288,1.0,1.0,0.15205176396906503,0.250441856100526,0.1621885482336694,0.2653380259801112
Daporinad,Ribosome abundance control,0.2108989230594035,0.20708058134499352,8.130578432741231e-10,1.6048173900884422e-09,1.0651057746891013e-07,2.1023107810158592e-07,1.775176291148502e-08,2.627888476269824e-08,2.1302115493782027e-08,2.7062507469020388e-08
Daporinad,Epigenetic modification,0.0964871922797708,0.11805692057542437,0.004952338527801192,0.000581898261194036,0.6487563471419562,0.07622867221641871,0.01707253545110411,0.0023099597641339006,0.014857015583403577,0.0020742495841202372
Daporinad,Spliceosomal complex,-0.013172519872228589,0.033591146024789936,0.7011865160080522,0.3275054635147283,1.0,1.0,0.774410943031034,0.4125309203887443,0.7867703091824826,0.42513508558641855
Daporinad,Interferon signaling,0.15068222079368052,0.18351685729994496,1.1411055262477987e-05,8.94359368786013e-08,0.0014948482393846163,1.171610773109677e-05,7.474241196923082e-05,9.763423109247309e-07,8.707853821657959e-05,1.0032596962556463e-06
Daporinad,Transmembrane tyrosine kinase signaling,-0.043478669236277724,-0.03323088662121494,0.2053751715853196,0.3332476898873158,1.0,1.0,0.29564997228216333,0.4157661654784606,0.30776908458734265,0.4308103359398523
Daporinad,Regulation of mRNA processing,0.02195345578760383,0.02744139275421753,0.522612131625509,0.42371749024782623,1.0,1.0,0.6167764796661412,0.5139536224302337,0.6305036614852649,0.5222387620856003
Daporinad,Nucleus,-0.055471769698321495,-0.027003754859664775,0.10616262670887955,0.4317642042422647,1.0,1.0,0.16960126949833196,0.5189092729884099,0.18199307435807924,0.5298464707797347
Daporinad,Actin filaments,0.110778355513858,0.11072780967822222,0.0012538100464996038,0.0012536089274564066,0.1642491160914481,0.16422276949678927,0.004977245942165094,0.004692079128479693,0.00480729120267653,0.004157538468273146
Daporinad,Transcription elongation,0.012798406194484123,0.03935318615950863,0.7093840699520921,0.25137424479251136,1.0,1.0,0.774410943031034,0.32930026067818985,0.7899863170820476,0.3457853292051876
Daporinad,Type I interferon signaling pathway,-0.10935278234150264,-0.10972954898451721,0.0014477023361187946,0.0013922712044760477,0.1896490060315621,0.18238752778636225,0.005577911942104767,0.00506632021628784,0.005431475113075764,0.004531367149971733
Daporinad,Nuclear transport,-0.026613398183153524,-0.017826783069840195,0.4382305826852373,0.6038854444416337,1.0,1.0,0.5365252928202439,0.6761452412124276,0.5511187807849544,0.6761452412124275
Daporinad,Mediator/CCR-NOT complex,-0.06667501419253911,-0.02930566726613829,0.05213971578300236,0.3935270432337794,1.0,1.0,0.10044562893490161,0.4863400251285387,0.10118967063071568,0.4929278979788855
Daporinad,Apoptosis Regulation,-0.06464356443979004,-0.06479040760732174,0.05972578775884063,0.059156994638064786,1.0,1.0,0.11019828445645244,0.09935341407162163,0.113255655436547,0.10701357372961777
Daporinad,Actin cytoskeleton,0.06864414481037082,0.0676166960703304,0.045587855981621184,0.04878955796537987,1.0,1.0,0.09531730426435608,0.08409779070348372,0.09059938002921429,0.09141500014490721
Daporinad,NeST:49,0.05402462352378237,0.12237637943402813,0.11562710404295284,0.0003628111656812649,1.0,0.047528262704245705,0.18249579071839545,0.0015842754234748567,0.1952371724549107,0.0013579503629784486
Daporinad,Cell motility,-0.014317236363172996,0.04793145164540427,0.6766351561472661,0.1624344103612565,1.0,1.0,0.7576000466264261,0.23643230841471777,0.7685480241788312,0.24295613043567574
Daporinad,Checkpoint-regulated DNA repair,0.0651956542537466,0.07118476288548496,0.05759705637412882,0.038044449457798946,1.0,1.0,0.10778877692872679,0.07119746969959517,0.10988176288850789,0.07522751515428923
Daporinad,ECM-cytoskeleton assembly,0.0934457680722671,0.14277397493650104,0.006497925217570977,3.1824370182453876e-05,0.851228203501798,0.004168992493901458,0.020267338178614237,0.0002084496246950729,0.018471498086838293,0.00016322214066238235
Daporinad,INSR-FOXO,-0.14912461505995794,-0.13798627850736694,1.403445663217262e-05,5.8331867514027635e-05,0.0018385138188146133,0.00764147464433762,8.356880994611878e-05,0.0003322380280146791,0.00010357824331349934,0.000270494677675668
Daporinad,Integrator-PP2A complex,-0.18486658539948403,-0.18220097353279463,7.27248492538024e-08,1.1109174180568004e-07,9.526955252248115e-06,1.4553018176544086e-05,7.939129376873429e-07,1.1194629366572373e-06,1.178592402339973e-06,1.1880014837995172e-06
Daporinad,Cell-extracellular matrix interactions,0.08352095791931949,0.048172047948285376,0.014995969697739087,0.1603366994811668,1.0,1.0,0.04270591370443088,0.23600120934868374,0.037007322393792536,0.2405050492217502
Daporinad,Histone deacetylase binding,0.031050804834897413,0.03658737406760506,0.36584472966841686,0.28622446315968575,1.0,1.0,0.46351047198527173,0.3640330550865906,0.4820686630668494,0.3807786469339881
Daporinad,Histone acetyltransferase complex,-0.013061311661857077,0.0904977894127759,0.7035888801656927,0.0083636179486819,1.0,1.0,0.774410943031034,0.02191267902554658,0.7883404986603485,0.02100256775611493
Daporinad,Cyclin D associated events in G1,-0.07963797883830906,-0.022148547651154902,0.020366614860590326,0.5191032841386991,1.0,1.0,0.054449521361986386,0.6071654484122284,0.0477855500908179,0.6067140242870148
Daporinad,Chromosome centrometric region,0.056645954887721756,0.09720294829636646,0.0989956269745993,0.004620433096310661,1.0,0.6052767356166966,0.1601040386873149,0.014411350848016586,0.17138890485029748,0.012698113334616012
Daporinad,Transcription,-0.08245047735726138,0.049477380103029656,0.016330755954512055,0.14931121977898054,1.0,1.0,0.04551763893704423,0.2248249401269707,0.039739858143177945,0.22854648246597606
Daporinad,Nuclear receptor signaling,-0.06402024271223962,-0.06173067448984053,0.06222932549269289,0.07219527180885477,1.0,1.0,0.11167180328140777,0.11821975758699968,0.11673567980252174,0.1258214714894897
Daporinad,Culin-RIng uniqutin ligase complex,-0.0798885309904631,-0.08099016135418222,0.019974750801339702,0.018325419265998732,1.0,1.0,0.054449521361986386,0.03810523688644181,0.04693618573947087,0.04150945113278099
Daporinad,Actin and actin-associated proteins,-0.04292142156729539,-0.012773440028372114,0.2112427594474493,0.7101900815535473,1.0,1.0,0.29799425526434264,0.7884313617247009,0.31433042426749186,0.7682598843821341
Daporinad,Mitosis,0.03956713507281882,0.046434334165168394,0.24918872255048963,0.17595508680960004,1.0,1.0,0.33653322323829016,0.24785071367803876,0.3559807053824826,0.25850597800438435
Daporinad,PcG protein complex,0.06833601531652438,0.07036195205806513,0.04656723261770068,0.04032498888749503,1.0,1.0,0.09531730426435608,0.07334181740469284,0.09208011279877418,0.07855127946857768
Daporinad,Protein nuclear transport,-0.00949619914292329,0.09629584180983601,0.7820515426342536,0.0050169541376601234,1.0,0.6572209920334762,0.8265327249859119,0.014604910934077248,0.8437783287721665,0.013574271780381607
Daporinad,Metabolism,0.03963512022579383,0.04652716881431873,0.24837629251070625,0.1750930069148695,1.0,1.0,0.33653322323829016,0.24785071367803876,0.35563745071080055,0.25796270559529044
Daporinad,Regulation of nuclear protein ubiquitiation,-0.03248515853979007,-0.003994576666623516,0.34404683437236194,0.9077762665775861,1.0,1.0,0.4540131185302043,0.9437991342989189,0.45950860121780196,0.9302635534941105
Daporinad,EGFR-MAPK signaling,0.05900130176562084,0.04864689004658097,0.0857342770199625,0.1562568278262626,1.0,1.0,0.14398961909762933,0.23260959596864092,0.15245959669160752,0.23528326948552183
Daporinad,Ubiquitin regulation of mitophagy,-0.15188612450660507,-0.12996257841350156,9.700211581975537e-06,0.00015327483568117195,0.0012707277172387954,0.020079003474233525,6.688040617046291e-05,0.0008031601389693411,7.586434132768927e-05,0.0006459733021201134
Daporinad,NeST:78,0.15030761925190944,0.10669369377511045,1.199731731271747e-05,0.0018780655296222193,0.0015716485679659886,0.24602658438051073,7.484040799838041e-05,0.006474383799487124,9.067203276726857e-05,0.00586409613934546
Daporinad,Homologous recombination (HR) and Fanconi Anemia repair,0.041731199613597156,0.054137851442578835,0.22423244745090676,0.11462457695796124,1.0,1.0,0.31249415549009346,0.17875975692253482,0.32851202925706,0.18424318504899292
Daporinad,Immune system,0.09026101778343856,0.09390316599664741,0.008569165481294272,0.006214630481365058,1.0,0.8141165930588226,0.026106062280222084,0.016960762355392137,0.023386680792698948,0.01622823773539181
Daporinad,NeST:80,0.04643467081558724,0.07049886899904523,0.1762668985454625,0.03993765176106212,1.0,1.0,0.25944903044332124,0.07334181740469284,0.2713923256743066,0.07819096753535303
Daporinad,TGF-beta/Smad signaling,-0.07477101174745333,-0.07272113627187597,0.029422854049577563,0.03416890583948273,1.0,1.0,0.07137766445360483,0.06540552377348614,0.0641507996753619,0.06877531367434937
Daporinad,Extended PRC1 complex,0.0155982123703118,0.004940098838321209,0.6496649254912539,0.8851432772182861,1.0,1.0,0.7400530890378632,0.9316026873279571,0.7432847619157577,0.9112280496313987
Daporinad,TNFR/Traf signaling,-0.059848246921958934,-0.07302701579151381,0.08130760331064679,0.0334214100342205,1.0,1.0,0.14014863202229907,0.06534633902213262,0.14640956747346706,0.06770419661571472
Daporinad,Lymphoid JAK/STAT signaling,0.06550315027820015,0.07510150187059082,0.056428956962101484,0.0286344456189096,1.0,1.0,0.1071332371309463,0.05770942117041781,0.10791523156255904,0.05993788084277748
Daporinad,Positive regulators of transcription,0.2096607597004583,0.189329349773983,1.0197003241785296e-09,3.461860043074694e-08,1.3358074246738738e-07,4.535036656427849e-06,1.890145506777685e-08,4.5350366564278486e-07,2.627817884604342e-08,4.3190825299312847e-07
Daporinad,RTK-JAK-STAT signaling,0.014792826536684942,0.0562492290850311,0.6666349719559816,0.10116022725568885,1.0,1.0,0.7528377700537379,0.15966252735536432,0.7588343055139777,0.16598259389568162
Daporinad,Nucleolus,-0.16171893761493542,-0.09401520848838138,2.4755783989416358e-06,0.0061731695707114564,0.0003243007702613543,0.8086852137632008,2.0268798141334643e-05,0.016960762355392137,2.2757948790270477e-05,0.01614679295367456
Daporinad,Mediator complex,0.16189816063841342,0.12290796575904074,2.414605307476947e-06,0.0003419658461407682,0.00031631329527948004,0.04479752584444063,2.0268798141334643e-05,0.0015447422704979528,2.232799731384565e-05,0.0012953501448994883
Daporinad,G1/S phase,-0.031242527278707553,-0.008097180350259798,0.362818342515542,0.8139245821357679,1.0,1.0,0.46351047198527173,0.8811910765271537,0.47928607935666556,0.853562003413894
Daporinad,Polybromo- and BAF containing complex,0.08769189746232561,0.121525782693939,0.010650704808387923,0.0003986534045181678,1.0,0.05222359599187998,0.03171005295224586,0.0016846321287703218,0.028045071957765184,0.0014763758876481874
Daporinad,Nuclear pore,0.09390151169878767,0.1062017932367584,0.006241632928923657,0.0019712111815810562,0.8176539136889991,0.25822866478711837,0.019942778382658514,0.006621247815054317,0.01780734476273682,0.006111921060050139
Daporinad,p53 regulation,-0.010621776387002135,-0.006340884005294369,0.7569952646114249,0.8538569711173014,1.0,1.0,0.8195568567280715,0.9093923838728982,0.8252403300757003,0.8853978618709748
Daporinad,Cell projection morphogenesis,0.005518849056208333,-0.0015731574796399067,0.8723560991761268,0.963868148574565,1.0,1.0,0.8998318818273433,0.9742968411863825,0.9063739510276744,0.9737793891768741
Daporinad,Histone methyltransferase complex,0.09529911422493569,0.08535301860381163,0.005511436529893388,0.012877361747136273,0.7219981854160338,1.0,0.018049954635400843,0.030363431989782582,0.01619435182241571,0.03085855589405217
Tamoxifen,Cell,0.11548518065608356,0.12718259366028395,0.00015958864871445932,3.2431545083477786e-05,0.02090611298159417,0.00424853240593559,0.0009955291895997224,0.0001699412962374236,0.000827964870558185,0.0001654517385316871
Tamoxifen,Signaling pathways,0.045489824125749416,0.039823987085895095,0.13694238605298636,0.19326574114354766,1.0,1.0,0.2135649115826335,0.2782177152725796,0.22308127551843995,0.2797548297215994
Tamoxifen,Chromatin binding,0.04572052882793377,0.0757356231880161,0.13496226761684715,0.01334229820164512,1.0,1.0,0.21301273563622863,0.034956821288310215,0.22123116235003515,0.03182715140058593
Tamoxifen,CDK holoenzyme complex II,0.18867673177740374,0.19885647342699528,6.892904025335156e-10,8.147926777724024e-11,9.029704273189054e-08,1.0673784078818471e-08,4.514852136594527e-08,2.668446019704618e-09,1.9009903733029587e-08,1.8040198443073473e-09
Tamoxifen,MAPK and MAP2K activation,0.014326109118267467,-0.008499916406942904,0.6394774528595306,0.7808969403929324,1.0,1.0,0.7221685027982631,0.8385040917333947,0.735914023349328,0.8275045794684577
Tamoxifen,Ubiquitin regulation of p53 activity,-0.07982865384609096,-0.0955469058924375,0.009059502411627784,0.001792168197655375,1.0,0.23477403389285412,0.020820961682863855,0.0063452441592663274,0.02456621318374622,0.005623330153122255
Tamoxifen,HDACs deacetylate histones,0.03723967598701306,0.07252797134870315,0.2233951423310443,0.01780349221131594,1.0,1.0,0.3086228440975109,0.04066986518375627,0.3278965114326813,0.040560999646650234
Tamoxifen,EMT,-0.0345610295403835,0.04500709457348941,0.2585384032514422,0.1414663471803299,1.0,1.0,0.3455972533259074,0.23165114350779023,0.36614627919933973,0.2180246056543908
Tamoxifen,Metabolic pathways,0.007323978052013677,0.04176934090737613,0.8107126647489862,0.17239484106944314,1.0,1.0,0.8634419437570503,0.250930268667745,0.86177260119997,0.2547036561665081
Tamoxifen,CDK holoenzyme complex I,0.1625009494198418,0.14829399512880348,1.0798057559213703e-07,1.2625321836878811e-06,1.414545540256995e-05,0.00016539171606311243,2.405536333904834e-06,1.181369400450803e-05,1.6321679310657635e-06,9.923502963786745e-06
Tamoxifen,Transcription factor (TF) binding,0.005957802108576876,0.03622243525982821,0.8455166839778414,0.2366953592345158,1.0,1.0,0.8861014848087777,0.33340959204001686,0.8890650349251952,0.328987714161502
Tamoxifen,Regulation of TP53 Activity,-0.026171265322983746,-0.005427130155455169,0.3922393466425791,0.8589288871377669,1.0,1.0,0.4847486265111119,0.9001574737203797,0.5074899201005221,0.8883132964345852
Tamoxifen,Regulation of E2F transcription via DREAM complex,0.24283995245564113,0.23627987166120917,1.9984014443252818e-15,1.1546319456101628e-14,2.617905892066119e-13,1.5125678487493133e-12,2.617905892066119e-13,1.5125678487493133e-12,1.745270594710746e-13,5.672129432809925e-13
Tamoxifen,Protein Transport,-0.03406445865223853,-0.004290480081771569,0.26544314074811126,0.8881904124089535,1.0,1.0,0.3512429438182078,0.9234360636950231,0.37457506037345684,0.9132314093995099
Tamoxifen,Extended cohesin complex,0.07751466132723518,0.08980343227925268,0.011268124652508149,0.003344004685784885,1.0,0.4380646138378199,0.025019056431840127,0.010951615345945498,0.029326973433349023,0.009645459387254751
Tamoxifen,PML body,0.08425493008863195,0.07181587164122619,0.005875789798658326,0.018955249412693442,0.7697284636242407,1.0,0.01603600965883835,0.04208707920445493,0.016917109090642653,0.04269004595523509
Tamoxifen,Extended mismatch repair complex,-0.09490878455938044,-0.007281727899713604,0.00191686304877825,0.8116155539121177,0.25110905938995076,1.0,0.0066081331418408095,0.864403557418597,0.0066962415837320205,0.8522776558115224
Tamoxifen,Regulation of beta catenin transcriptional activity,0.04514140403606246,0.11278703415482276,0.13997523106327958,0.00022846390490238733,1.0,0.02992877154221274,0.21572653257987795,0.0010320266049038875,0.22731514796640032,0.0009023750213732484
Tamoxifen,Fas,-0.16133246803403287,-0.1485592693141532,1.3316980229660658e-07,1.2037976111489712e-06,1.744524410085546e-05,0.00015769748706051523,2.405536333904834e-06,1.181369400450803e-05,1.956475973927715e-06,9.557423458213044e-06
Tamoxifen,BAF (SWI/SNF) complex,0.06959043595876233,0.08042662017291115,0.022893763836983272,0.008594104180300377,1.0,1.0,0.046860672853825135,0.023454742658736445,0.05300294072420869,0.02151263020928693
Tamoxifen,Ribosome biogenesis,-0.03995330520625146,-0.003384388647007372,0.19150367891709918,0.9116281755700832,1.0,1.0,0.27874424375711104,0.9403408740132354,0.2903025875194599,0.9315773619147701
Tamoxifen,Homologous recombination,0.0829585890307831,0.1354123821704617,0.006682778362642416,9.661336187294367e-06,0.8754439655061566,0.001265635040535562,0.017203220953753564,6.0268335263598194e-05,0.01886804878798778,5.909579955808072e-05
Tamoxifen,Cell Proliferation,-0.06146290191094223,0.022903625837525414,0.04449859987620797,0.45442701072257075,1.0,1.0,0.08327595119690348,0.5596596907622668,0.08899719975241593,0.5498029847314925
Tamoxifen,Histone methyltransferase subcomplex,0.11398084394265262,0.07523286488651046,0.00019417873883975645,0.013968577804709836,0.025437414788008095,1.0,0.0011562461267276406,0.035880072400333106,0.0009807227385972496,0.03287216213922734
Tamoxifen,RPA complex associated proteins,-0.1364350285956888,-0.04776726458660888,8.178779512535428e-06,0.11844609485848268,0.001071420116142141,1.0,8.928500967851176e-05,0.20151218735663934,6.559714996788619e-05,0.1892248588592833
Tamoxifen,mTOR regulation of autophagy/ribosome biogenesis,-0.0730455403419766,-0.0732032004814725,0.016938582055008977,0.016732887428133836,1.0,1.0,0.03578958466461574,0.03914300451938451,0.04071475686616837,0.038507087382451316
Tamoxifen,PIK3/AKT signaling,-0.048861313072325586,0.03297324035267919,0.11018193327994452,0.2814311559943241,1.0,1.0,0.18270675012243967,0.3922072493112389,0.18785900121049107,0.37556008253232387
Tamoxifen,Locomotion,-0.1380276622265357,-0.12923231941946672,6.406240371736871e-06,2.4059588683567057e-05,0.0008392174886975301,0.0031518061175472845,7.629249897250274e-05,0.00013132525489780353,5.300320981247559e-05,0.00012908420959238025
Tamoxifen,Regulation of adherens junction stability,0.08743554223353463,0.12029959007199044,0.0042549042499229195,8.46772783451577e-05,0.5573924567399025,0.011092723463215659,0.0123864990386645,0.000396168695114845,0.013115116629174176,0.00038250770562812616
Tamoxifen,mTOR regulation of mRNA translation,-0.05911627932180401,0.011367024800530706,0.0532799889029254,0.7105915215595566,1.0,1.0,0.09830533163779194,0.7822478094479153,0.10327514495116982,0.7682598843821341
Tamoxifen,SMAD-TGFbeta signaling,-0.09508792845302746,-0.02166645349028992,0.0018792728040650797,0.47869279057072855,0.24618473733252544,1.0,0.0066081331418408095,0.5700979822942047,0.0066089862371147765,0.5712577239733397
Tamoxifen,Cellular response to DNA damage,-0.1689221336090275,-0.1617616190492353,3.3409454092137025e-08,1.2472104082839053e-07,4.37663848606995e-06,1.633845634851916e-05,1.0941596215174876e-06,1.815384038724351e-06,5.968143390095387e-07,1.2898781327778285e-06
Tamoxifen,G1 to S cell cycle control,0.08156625826455732,0.16299019087452787,0.007659271588858152,1.0050672938355376e-07,1.0,1.3166381549245543e-05,0.018709185609812808,1.6457976936556928e-06,0.021310398119796486,1.09263421464579e-06
Tamoxifen,EGFR/PI3K signaling,-0.03671814421896214,0.0682650609355061,0.2299934810741031,0.025722461686861875,1.0,1.0,0.31384527104903653,0.05434907227385331,0.336325350928828,0.05471679265459657
Tamoxifen,H3 acetylation and H3K4 methylation crosstalk,0.132900251642978,0.0963912165847254,1.3926946569320364e-05,0.0016355946442203617,0.0018244300005809677,0.21426289839286738,0.00012162866670539785,0.006121797096939068,0.0001032696226743944,0.005231916982175907
Tamoxifen,Histone modifications in DNA damage response,-0.028246678713310366,0.043800366898462,0.35579073204161116,0.1524534601844063,1.0,1.0,0.4481594797831833,0.24355369858728323,0.47238431652822027,0.23175789970953797
Tamoxifen,NeST:16,-0.08235008365097174,-0.04377944353300625,0.007097503800074234,0.1524258735993167,0.9297729978097247,1.0,0.017880249957879322,0.24355369858728323,0.01985280422369519,0.23175789970953797
Tamoxifen,NeST:163,0.03526849731227031,0.05648959460514139,0.24886714534205412,0.06495355763779065,1.0,1.0,0.3360989282454545,0.11546048249818712,0.3559773907895442,0.11524491264854052
Tamoxifen,Transcription coactivator activity,0.10118965339834746,0.14032256512232197,0.0009386902596473234,4.5382916045166866e-06,0.12296842401379937,0.0005945162001916859,0.003966723355283851,3.3028677788427e-05,0.0037452311882375444,2.9975606732353913e-05
Tamoxifen,Foxo signaling,-0.08129676995895868,-0.04186263904092484,0.007865299235061185,0.1711938527781658,1.0,1.0,0.018733712723509367,0.250930268667745,0.02180643809085747,0.25364442654785735
Tamoxifen,Neg Regulation EGFR,-0.037210063290675645,0.01187280014162454,0.22381045946002698,0.6983198356184037,1.0,1.0,0.3086228440975109,0.7752533768306007,0.3281996662977261,0.759169281875609
Tamoxifen,RNA processing 1,0.007731608284782467,0.08711081260704276,0.8003968591732016,0.004424187649179512,1.0,0.579568582042516,0.8594425291122082,0.013709050655502332,0.8541913527632539,0.012244406662870057
Tamoxifen,Phosphatase 2A catalytic subunit,-0.08294014844070174,-0.05863272124897798,0.0066974371652017695,0.05531538016806059,0.8773642686414318,1.0,0.017203220953753564,0.10351878288594196,0.01886804878798778,0.10134706016805506
Tamoxifen,Wnt/beta-catenin,-0.04259215228882454,-0.06087630159728492,0.16379635025213224,0.046623279349242264,1.0,1.0,0.24950374282592236,0.08981837639339318,0.2574780045270925,0.08819710606138247
Tamoxifen,p53 regulation of cell cycle,0.008356990035793396,0.05660916928778103,0.7846385104733518,0.06438779892887703,1.0,1.0,0.8494846683637114,0.11546048249818712,0.8454090051159074,0.11437019199570021
Tamoxifen,Regulation of immune responses,-0.006029506643825864,-0.042554035681048076,0.8437784263971084,0.16423414299275385,1.0,1.0,0.8861014848087777,0.2472950888741466,0.888425777827364,0.24494883565902187
Tamoxifen,Regulation of beta catenin transcription,0.06610992499849307,0.07239958064129283,0.030663415510605807,0.018006505195861555,1.0,1.0,0.05907216811602001,0.04066986518375627,0.06585094150638296,0.04084957943480724
Tamoxifen,MDM2-p53 pathway,0.05868600287498882,0.13547893336189726,0.05502219375591055,9.564481659563029e-06,1.0,0.0012529470974027568,0.10010982475033726,6.0268335263598194e-05,0.10586889667599925,5.8731895190754224e-05
Tamoxifen,RNA metabolism,0.022412968310780535,0.021689561270772175,0.4636708679558481,0.4787082294073475,1.0,1.0,0.5521898518383282,0.5700979822942047,0.5757429734807213,0.5712577239733397
Tamoxifen,Resolution of D-loop structures,0.05511133010536835,0.052245364368875113,0.07157167240095696,0.08784349963656002,1.0,1.0,0.12670120384493733,0.15141445332091266,0.130978660086501,0.1483243624368124
Tamoxifen,NeST:195,0.13576481940063298,0.1564130151855292,9.051986147312618e-06,3.206678946821029e-07,0.001185810185297953,4.200749420335548e-05,9.121616809984253e-05,3.818863109395952e-06,7.114861111787719e-05,2.9478943300600336e-06
Tamoxifen,Cohesin,-0.04002250843234265,0.019374051955919583,0.1907355615401607,0.5269194466473692,1.0,1.0,0.27874424375711104,0.6163075670607622,0.2895952396011923,0.6134243453067311
Tamoxifen,Oncogene induced senescence,0.11561918103832078,0.16360400170139483,0.00015680662312655969,8.998703382445683e-08,0.02054166762957932,1.1788301431003845e-05,0.0009955291895997224,1.6457976936556928e-06,0.0008195310040736743,1.0032596962556463e-06
Tamoxifen,Cytoplasm/extracellular space,-0.0484228460012658,-0.05640930021064667,0.11341211988539146,0.06522195194554081,1.0,1.0,0.18571234631232852,0.11546048249818712,0.19211622032309847,0.11559065215151089
Tamoxifen,Extracellular matrix organization,-0.0675761943691189,-0.07332533199086173,0.027158841926610222,0.016551769500650737,1.0,1.0,0.05310161630426775,0.03914300451938451,0.06090399359291194,0.03820760889136998
Tamoxifen,MHC class I including non-classical MHCs,0.0503788720391966,0.025632753647869017,0.09953474058757639,0.4024591249914411,1.0,1.0,0.16716732073041676,0.5168837781752822,0.17156646074963824,0.5017174817498377
Tamoxifen,Endoplasmic Reticulum protein processing,0.0008891381839439895,0.046858342228334994,0.9767604424717558,0.12580709910447263,1.0,1.0,0.9842739843369231,0.21069429279018656,0.9830382459213851,0.19856301183958933
Tamoxifen,Regulation of androgen receptor signaling pathway,0.008961451969720117,0.05711231941260982,0.7694906779203892,0.062051574641664775,1.0,1.0,0.8470863765342099,0.11448952504307164,0.8336478868608248,0.1113491211601691
Tamoxifen,RAS-RAF-MAPK,0.02903879994891997,0.09095592181077426,0.34239892065650857,0.0029599327557210398,1.0,0.3877511909994562,0.43547823889322934,0.010203978710512006,0.4576965163877819,0.008704102774712183
Tamoxifen,Structural constituent of muscle,0.009899843239314912,0.02534683037338975,0.7461498112496758,0.4077305215728153,1.0,1.0,0.8283527565568435,0.5185698866605709,0.8173850197104463,0.50588190995459
Tamoxifen,Beta-catenin,-0.11171536749799134,-0.06604001383038374,0.00025991970725747215,0.030893147751264838,0.03404948165072885,1.0,0.0014804122456838632,0.06281573458006191,0.0012610919129899575,0.06398422696309397
Tamoxifen,Actin filament-based process,0.05776942628008113,0.08478384245998828,0.058927344331131115,0.005602577214171678,1.0,0.7339376150564898,0.1057463302380572,0.0159551655447063,0.1121474398166321,0.014827022526393733
Tamoxifen,MutS homologs,0.11004866253557873,0.1246686650145926,0.00032077734050472984,4.6305074267394275e-05,0.04202183160611961,0.00606596472902865,0.0017509096502549837,0.00022466536033439443,0.0014996634914049643,0.0002197828956306229
Tamoxifen,Beta-catenin destruction complex,0.002904591585312603,0.022583898005842134,0.9242970253261433,0.46075337032495534,1.0,1.0,0.9534087426592502,0.5596596907622668,0.9465764975978485,0.5557999687570099
Tamoxifen,Epithelial differentiation,-0.10949915624052066,-0.046679984251641084,0.0003438214311604071,0.12705991702614305,0.04504060748201333,1.0,0.0018016242992805332,0.21069429279018656,0.0015943577869739231,0.1997381895650969
Tamoxifen,Lymphocyte activation,0.0014081410963869359,-0.006809257541086777,0.9632317380975124,0.8236110107788366,1.0,1.0,0.9815492850677104,0.870105180742158,0.9743888624770203,0.8614214963036134
Tamoxifen,PI3-K/Akt,-0.09724837876592468,-0.01732900848544833,0.0014762668592527284,0.5709400853491227,0.19339095856210742,1.0,0.005687969369473748,0.6560802735152199,0.005525455958917355,0.6505666629442416
Tamoxifen,MAPK signaling,-0.10786504081176983,-0.028400809105366704,0.00042124604880422467,0.35316280783859266,0.05518323239335343,1.0,0.0020304854020396106,0.4626432782685564,0.0019028700825294287,0.45135929587176227
Tamoxifen,RNA processing 2,0.050379588556646704,0.13569039061381352,0.09952992664874505,9.262857604719343e-06,1.0,0.001213434346218234,0.16716732073041676,6.0268335263598194e-05,0.17156646074963824,5.710279276321101e-05
Tamoxifen,Contractile fiber,0.008463020319076552,-0.010031054202365138,0.7819753011257162,0.7427718671062113,1.0,1.0,0.8494846683637114,0.810859288257614,0.8437783287721665,0.7959354976761855
Tamoxifen,MutL alpha/beta complex,0.10761948787540913,0.12596353334616064,0.00043399687982526025,3.8575882617131185e-05,0.05685359125710909,0.005053440622844185,0.0020304854020396106,0.0001943631008786225,0.0019437125216105672,0.00018891366814370787
Tamoxifen,NeST:29,-0.011315549160467706,0.014780834481314448,0.7114712019707317,0.6293667929297286,1.0,1.0,0.7966045081894517,0.710750429946504,0.7915305941245506,0.6986316934383695
Tamoxifen,RBL-TP53 complex,0.09648259380299731,0.10744008110997494,0.0016083053155331317,0.0004472005370956822,0.21068799633484026,0.05858327035953437,0.006019657038138293,0.0018897829148236892,0.0059209741358737305,0.0016386928771897726
Tamoxifen,Regulation of cellular homeostasis,0.0033069883026182567,0.03054682544621146,0.9138544251737744,0.3183668834483906,1.0,1.0,0.9501184896647972,0.4344381430389497,0.9383273392378663,0.4160205659026351
Tamoxifen,Mismatch and excision repair,-0.0805711407318389,-0.04184336612870059,0.008436687383292174,0.17139097296814643,1.0,1.0,0.019735822271629906,0.250930268667745,0.023145676381387953,0.2536973724161264
Tamoxifen,Extracellular matrix,0.16077720793335262,0.1946914992534174,1.4690298222319598e-07,1.9947954399412993e-10,1.9244290671238673e-05,2.613182026323102e-08,2.405536333904834e-06,5.226364052646204e-09,2.0436414872111865e-06,4.02028004049708e-09
Tamoxifen,Ubiquitin/Proteasome System,-0.04235129174846099,0.012221591468301823,0.1661926049299769,0.6899025521304285,1.0,1.0,0.25024403730835604,0.7724549942656934,0.25943870402177127,0.7520990374126446
Tamoxifen,Ribosome abundance control,-0.03384849530101481,0.02968741976039955,0.2684853546941821,0.33217817588095544,1.0,1.0,0.35171581464937857,0.44403409224903223,0.37748392419650084,0.42978114607807566
Tamoxifen,Epigenetic modification,-0.046945282071281444,-0.030215715146990927,0.12484904402437458,0.3232606605993462,1.0,1.0,0.19945396057552525,0.4365685210156119,0.20724677635302727,0.42041997626581734
Tamoxifen,Spliceosomal complex,0.13003977272485634,0.21550925852799177,2.123517917285156e-05,1.894706613825292e-12,0.0027818084716435543,2.4820656641111327e-10,0.00017386302947772214,1.2410328320555664e-10,0.00014836311848765623,6.769269993030362e-11
Tamoxifen,Interferon signaling,-0.05180345846494815,-0.0369293139215243,0.0903480908793568,0.2273680155094,1.0,1.0,0.15573157769994395,0.32375228295360214,0.15868960766742893,0.3191272503399793
Tamoxifen,Transmembrane tyrosine kinase signaling,-0.09211563237164291,0.01661157018519358,0.0025995830169478484,0.5875133033981124,0.34054537522016814,1.0,0.008108223219527814,0.6692542847404584,0.00873193269795303,0.6634848512513165
Tamoxifen,Regulation of mRNA processing,0.0987739531382976,0.1083656703897474,0.0012409000412387794,0.0003989390873859744,0.1625579054022801,0.052261020447562645,0.004925997133402428,0.0017420340149187548,0.004769425097377412,0.0014763758876481874
Tamoxifen,Nucleus,-0.13375652598868698,-0.0666273178094402,1.2261770391264193e-05,0.029432979829520534,0.0016062919212556093,1.0,0.00011473513723254352,0.06120191043916175,9.222728734481967e-05,0.061445742751668364
Tamoxifen,Actin filaments,0.02544865220265373,0.10637077050905515,0.4053738416533985,0.0005097209219142584,1.0,0.06677344077076786,0.4962988154821982,0.0020866700240864955,0.5210528855921034,0.0018378011221312253
Tamoxifen,Transcription elongation,0.09420689600380885,0.17326967618145855,0.0020700322782962743,1.4986455409982113e-08,0.27117422845681194,1.963225658707657e-06,0.006902320883324825,3.2720427645127614e-07,0.007151847783476359,1.9965006698721935e-07
Tamoxifen,Type I interferon signaling pathway,0.10713493374606049,0.14086561265702963,0.0004606431709395231,4.168122297310006e-06,0.06034425539307753,0.0005460240209476108,0.0020808363928647424,3.2119060055741815e-05,0.0020455679794263567,2.7882077665409916e-05
Tamoxifen,Nuclear transport,0.07752021439942904,0.1443039602734251,0.011262287558895245,2.415013451440018e-06,1.0,0.00031636676213864234,0.025019056431840127,1.9772922633665146e-05,0.029326973433349023,1.733516504869273e-05
Tamoxifen,Mediator/CCR-NOT complex,-0.09586471836677642,-0.028501066898175477,0.0017239828221700115,0.35146667959012023,0.2258417497042715,1.0,0.0062733819362297645,0.4626432782685564,0.006169126584136365,0.45025890754466186
Tamoxifen,Apoptosis Regulation,-0.10577698847720593,-0.05323178938046635,0.000543924122827999,0.08187675180578546,0.07125406009046786,1.0,0.0023751353363489288,0.14301139315410527,0.002329833027481238,0.14020724819029928
Tamoxifen,Actin cytoskeleton,0.08490017663416202,0.08512402346913954,0.005507812579733207,0.005414271010415472,0.7215234479450501,0.7092695023644269,0.015685292346631522,0.015761544496987263,0.01619435182241571,0.014401411215521357
Tamoxifen,NeST:49,0.021104448262672045,0.09034747896343434,0.4901716615635867,0.0031573728830165404,1.0,0.4136158476751668,0.5733257827216952,0.010605534555773507,0.6015221326916146,0.009191463281670373
Tamoxifen,Cell motility,-0.16210217104272012,-0.13243774766142086,1.160607960848381e-07,1.5033823241195066e-05,1.5203964287113791e-05,0.0019694308445965536,2.405536333904834e-06,8.562742802593711e-05,1.7212035042015614e-06,8.593880049148598e-05
Tamoxifen,Checkpoint-regulated DNA repair,-0.09404679171957221,-0.06593209589160756,0.0021075788956717023,0.031168112577893314,0.276092835332993,1.0,0.006902320883324825,0.06281573458006191,0.007249702459509663,0.06429957082998464
Tamoxifen,ECM-cytoskeleton assembly,0.11755542798044481,0.14969780013978787,0.00012137271321455145,1.001027240432606e-06,0.01589982543110624,0.00013113456849667138,0.0008646401890911534,1.0927880708055948e-05,0.0006671255425638982,8.11141660804153e-06
Tamoxifen,INSR-FOXO,-0.06880550191721148,-0.042888319749186055,0.024485957547933923,0.16094660515369208,1.0,1.0,0.049348622135066834,0.2472950888741466,0.05602900329745579,0.2411897648251706
Tamoxifen,Integrator-PP2A complex,0.06558199297280683,0.06996021597399528,0.03202058023247223,0.0222676739960197,1.0,1.0,0.060792695803679166,0.04861775489130968,0.06820289950437712,0.0488648411282008
Tamoxifen,Cell-extracellular matrix interactions,0.04000815296570975,0.08694530175047634,0.190852842383483,0.004499917390737407,1.0,0.5894891781866003,0.27874424375711104,0.013709050655502332,0.2895952396011923,0.012432109206044295
Tamoxifen,Histone deacetylase binding,-0.054588618336182206,0.0003698763192538234,0.0743229011534845,0.9906674924617624,1.0,1.0,0.12981733401475293,0.9906674924617623,0.13554013992259586,0.9912980892106241
Tamoxifen,Histone acetyltransferase complex,0.0012802809896977681,-0.0009580227184550328,0.9665637997995011,0.9747142698283429,1.0,1.0,0.9815492850677104,0.9822120719039455,0.9752492254716404,0.9815828521269411
Tamoxifen,Cyclin D associated events in G1,-0.1401022517215903,-0.06922775124929806,4.6421290267328885e-06,0.023659417894141832,0.0006081189025020084,1.0,6.081189025020084e-05,0.05080956957594394,4.031727530400056e-05,0.05115901640934107
Tamoxifen,Chromosome centrometric region,0.06800756466680616,0.10226542204967629,0.026185231307250367,0.0008334483623109179,1.0,0.10918173546273024,0.051973716685603,0.003211227513609713,0.05897304242836329,0.0028482191859842674
Tamoxifen,Transcription,0.04791008691342627,0.07416014586739936,0.11725484935816866,0.015392244393419352,1.0,1.0,0.1896343859990135,0.038044981425244054,0.197138634428921,0.03574092789727507
Tamoxifen,Nuclear receptor signaling,0.0004037513408621918,0.04349713482868297,0.9894190149413971,0.15531388804849877,1.0,1.0,0.9894190149413971,0.24513396788377517,0.9906794213298574,0.23431231479101736
Tamoxifen,Culin-RIng uniqutin ligase complex,-0.08832932466602304,-0.079389689134967,0.003880506192844635,0.009467705037930152,0.5083463112626472,1.0,0.011553325255969254,0.02531161959120102,0.01207951630723122,0.023401308678657546
Tamoxifen,Actin and actin-associated proteins,0.14600500975855507,0.13359565415038488,1.8109870121296723e-06,1.2697726419208522e-05,0.00023723929858898707,0.0016634021609163163,2.6359922065443007e-05,7.560918913255983e-05,1.725376717010815e-05,7.448069377237237e-05
Tamoxifen,Mitosis,-0.021235391469072735,0.001293217775819314,0.4875609679248618,0.9666024969474956,1.0,1.0,0.5733257827216952,0.9815885821714878,0.5992539809053032,0.974623947646982
Tamoxifen,PcG protein complex,0.11730992077514645,0.10453280566486406,0.00012540582895215202,0.0006365702896597991,0.016428163592731915,0.08339070794543368,0.0008646401890911534,0.0025269911498616267,0.0006797860796992517,0.0022458054887968897
Tamoxifen,Protein nuclear transport,0.03871331933053101,0.0879774180464174,0.20561049532025644,0.004046202549913502,1.0,0.5300525340386688,0.2927714661625391,0.012928110586308996,0.3078282844223268,0.011395205189865878
Tamoxifen,Metabolism,-0.0930340049053839,-0.08385314452053082,0.002353813880663358,0.006133756725607897,0.3083496183668999,0.8035221310546345,0.00752072239919268,0.017096215554353925,0.00799178276544881,0.01607044262109269
Tamoxifen,Regulation of nuclear protein ubiquitiation,-0.0711840459513905,0.02048951418340432,0.019955698719955617,0.5033892181278015,1.0,1.0,0.041495183052606126,0.5940899781508288,0.04693618573947087,0.5923112656413951
Tamoxifen,EGFR-MAPK signaling,-0.08149923190709647,-0.059617334223696326,0.007712183381144211,0.05134728514735376,1.0,1.0,0.018709185609812808,0.09748542542468613,0.021419703666358127,0.09541126743692684
Tamoxifen,Ubiquitin regulation of mitophagy,-0.10829409709017165,-0.08544349661566278,0.00039947576485155345,0.005230027681923488,0.0523313251955535,0.6851336263319769,0.002012743276752058,0.015571218780272204,0.0018361868489667895,0.014030040129665057
Tamoxifen,NeST:78,0.01945081455833642,0.04315761012359797,0.5247939718998607,0.15856481695045943,1.0,1.0,0.608389471848511,0.247285607387026,0.6321036392025654,0.2383020002352985
Tamoxifen,Homologous recombination (HR) and Fanconi Anemia repair,-0.031636938408858714,-0.03056731780601175,0.301017316114796,0.31766432424132907,1.0,1.0,0.3866006706964537,0.4344381430389497,0.4126712579680062,0.41544785167002435
Tamoxifen,Immune system,-0.17076900229749153,-0.14602203697631802,2.3648523361785578e-08,1.8231513230215768e-06,3.0979565603939108e-06,0.00023883282331582656,1.0326521867979703e-06,1.5922188221055103e-05,4.3461484903995964e-07,1.3518839055612824e-05
Tamoxifen,NeST:80,0.024353292814996794,0.019033283211783616,0.4258859995109694,0.5342181712846661,1.0,1.0,0.5165839438512685,0.6193148711353208,0.5416608343294854,0.6188584858212934
Tamoxifen,TGF-beta/Smad signaling,-0.08379774030797214,-0.002908773913335621,0.0061520904649927655,0.9239630109811721,0.8059238509140523,1.0,0.01644742552885821,0.9456183940510433,0.01764796753826392,0.9407188168797943
Tamoxifen,Extended PRC1 complex,0.03269796787037705,0.07430262733945768,0.2850398151532061,0.01519607462978323,1.0,1.0,0.3697051067828713,0.038044981425244054,0.39653326497419467,0.03538996936002849
Tamoxifen,TNFR/Traf signaling,0.01674151775675852,0.07389901992987293,0.5841058673774626,0.015757557153695423,1.0,1.0,0.671209373916207,0.038226666428409266,0.6898680867899107,0.036535221011223015
Tamoxifen,Lymphoid JAK/STAT signaling,-0.027060217330493207,-0.02755729185530817,0.376358308030061,0.3676375081924337,1.0,1.0,0.46955179382798085,0.4768367680515724,0.4902485976899489,0.4660694861923433
Tamoxifen,Positive regulators of transcription,0.12878115894399828,0.15841231328302371,2.5498323842798598e-05,2.2643931196775213e-07,0.0033402804234066164,2.966354986777553e-05,0.00019648708372980097,2.966354986777553e-06,0.00017277312534861808,2.224766240083165e-06
Tamoxifen,RTK-JAK-STAT signaling,-0.023949894801168367,0.008960416563047765,0.4336626884983792,0.7699665866272227,1.0,1.0,0.521190937553098,0.8336001888278197,0.5466862440412606,0.8183823354820785
Tamoxifen,Nucleolus,-0.015845921539356083,0.0647447830622418,0.6044626133411592,0.034400914094647295,1.0,1.0,0.6885617595451466,0.0678447225531727,0.7075318154670903,0.06906543672641832
Tamoxifen,Mediator complex,0.08461447628501295,0.0957046833490834,0.005668099241050495,0.0017657064946705603,0.7425210005776148,0.2313075508018434,0.015798319161225847,0.0063452441592663274,0.01654126676188252,0.005562506231707657
Tamoxifen,G1/S phase,-0.038933346298118295,-0.022819589530294688,0.20308975913124883,0.4556137746344673,1.0,1.0,0.2923599829252044,0.5596596907622668,0.30492559823717585,0.5505187192354978
Tamoxifen,Polybromo- and BAF containing complex,0.037572345198138374,0.02400527629286942,0.2192871879416014,0.43300801401714173,1.0,1.0,0.3086228440975109,0.5454235561177458,0.32246909208998825,0.5305445035346429
Tamoxifen,Nuclear pore,0.09880263506004712,0.20124243257534866,0.0012368370652171556,4.838818234986775e-11,0.1620256555434474,6.338851887832675e-09,0.004925997133402428,2.112950629277558e-09,0.004765460457160218,1.1525185250604864e-09
Tamoxifen,p53 regulation,-0.07316327693617138,-0.04262701277498314,0.016761984999364543,0.16351216322784956,1.0,1.0,0.03578958466461574,0.2472950888741466,0.040475945344087653,0.24428855042208053
Tamoxifen,Cell projection morphogenesis,-0.08870998023062703,-0.06461412957514034,0.003729716993447374,0.03469920924475245,0.488592926141606,1.0,0.011362626189339675,0.0678447225531727,0.011696904774982034,0.06948682411815395
Tamoxifen,Histone methyltransferase complex,0.07689954616304795,0.022551415852353724,0.011931568011337657,0.4613988290253803,1.0,1.0,0.026050590158087215,0.5596596907622668,0.03083018004540784,0.5557999687570099
Navitoclax,Cell,-0.15234375267681888,-0.10319198216311955,7.9525240104239e-07,0.0008316575837439277,0.0001041780645365531,0.10894714347045453,2.976516129615803e-06,0.0012969898032196968,9.058962133613312e-06,0.0028482191859842674
Navitoclax,Signaling pathways,0.16463780629442196,0.2025559180941272,9.534098421859483e-08,5.314149120749789e-11,1.2489668932635922e-05,6.961535348182224e-09,4.02892546214062e-07,2.4862626243507945e-10,1.4693728156042261e-06,1.246842151913234e-09
Navitoclax,Chromatin binding,0.2899417414557929,0.3108778718684941,0.0,0.0,0.0,0.0,0.0,0.0,0.0,0.0
Navitoclax,CDK holoenzyme complex II,0.09254298140756362,0.1582511056375432,0.0027075622034269387,2.948331665475479e-07,0.35469064864892896,3.862314481772877e-05,0.005067009266413271,8.396335829941037e-07,0.009031800725633794,2.758796058409198e-06
Navitoclax,MAPK and MAP2K activation,-0.005949481125169313,0.07826517238175662,0.8473010588666008,0.011219486405533718,1.0,1.0,0.8671596774337867,0.015471081253946495,0.8895809465876474,0.027344236634882176
Navitoclax,Ubiquitin regulation of p53 activity,-0.055148510646058205,-0.057607096132402315,0.07395725541483755,0.062120343039101966,1.0,1.0,0.10646593911366725,0.07900742658371221,0.13507836547300323,0.1113491211601691
Navitoclax,HDACs deacetylate histones,-0.03265570235887416,-0.04804470570948364,0.29006039377878823,0.11978243621022777,1.0,1.0,0.3545588241985026,0.14803301078811168,0.40056524790848386,0.19111700687710736
Navitoclax,EMT,-0.14894777895378847,-0.1282907959877644,1.3896661872347948e-06,3.252200203962552e-05,0.00018204627052775813,0.004260382267190943,4.667853090455337e-06,6.455124647259004e-05,1.4185423677487645e-05,0.0001654517385316871
Navitoclax,Metabolic pathways,0.005502874531547466,0.015905087312680425,0.85828711737823,0.605996117997857,1.0,1.0,0.871593894391846,0.6250826099033013,0.8970926519405437,0.6780255498168194
Navitoclax,CDK holoenzyme complex I,0.06254987753155372,0.1266865548177368,0.042643365505138364,4.0559355866109925e-05,1.0,0.0053132756184604,0.06495675443224565,7.813640615382941e-05,0.08605310728379655,0.00019618248437392247
Navitoclax,Transcription factor (TF) binding,0.11636233006792968,0.11474239626780355,0.00016259426423226309,0.0002013070793343008,0.021299848614426464,0.026371227392793406,0.0003872699748077539,0.000325570708553005,0.0008352881809579006,0.0008134969178963973
Navitoclax,Regulation of TP53 Activity,0.057807162478377236,0.059339347635300736,0.06099983107111151,0.05451331424458106,1.0,1.0,0.09185032034845526,0.07001219770627568,0.1148404005314818,0.1002279882952999
Navitoclax,Regulation of E2F transcription via DREAM complex,-0.04235460315467628,-0.03096034942953625,0.16997443689531422,0.31620603272506087,1.0,1.0,0.23194428368006417,0.3510422905676523,0.2640314375488478,0.4138849987042429
Navitoclax,Protein Transport,-0.12716101117211226,-0.2115828495082535,3.78097028406188e-05,7.227995979519619e-12,0.0049530710721210625,9.468674733170701e-10,0.0001031889806691888,4.1649997460586235e-11,0.00024662594549980393,2.0900725998403273e-10
Navitoclax,Extended cohesin complex,0.08779498911352052,0.14218799291427928,0.004437457818660784,4.097036465644521e-06,0.5813069742445627,0.0005367117769994323,0.007963109236226886,1.0126637301876081e-05,0.013545016875601461,2.764180825748149e-05
Navitoclax,PML body,0.34127562102007325,0.36691186114454527,0.0,0.0,0.0,0.0,0.0,0.0,0.0,0.0
Navitoclax,Extended mismatch repair complex,-0.03533328759681194,-0.01159091948641871,0.2523096769617017,0.7077620873102193,1.0,1.0,0.3208987153590575,0.7243502612315526,0.3586173708714241,0.7662548217986671
Navitoclax,Regulation of beta catenin transcriptional activity,-0.03417474087805532,0.03845595454378773,0.2682013301462336,0.21266423644241916,1.0,1.0,0.33189414294728237,0.24653995552174257,0.37748392419650084,0.30206989993649785
Navitoclax,Fas,-0.13292947914778128,-0.18793008040305317,1.6518358700201574e-05,1.1511460673574447e-09,0.002163904989726406,1.5080013482382526e-07,4.808677754947569e-05,4.569701055267432e-09,0.00011857013642336472,1.9885732064680254e-08
Navitoclax,BAF (SWI/SNF) complex,0.03586306511695571,0.04668881461894426,0.24507736575511352,0.13029118878522894,1.0,1.0,0.31475622464627323,0.15951538066228962,0.35183709494706705,0.20379875499540287
Navitoclax,Ribosome biogenesis,0.21336366140125604,0.23754455494809001,4.699574063238288e-12,1.4210854715202004e-14,6.156442022842157e-10,1.8616219676914625e-12,3.847776264276348e-11,1.0342344264952569e-13,2.0521473409473856e-10,6.769534427968954e-13
Navitoclax,Homologous recombination,0.0528194460512246,0.18328167968535897,0.08692105150011575,2.8936661955469845e-09,1.0,3.7907027161665496e-07,0.12243718007005552,1.1149125635783969e-08,0.15404722994158057,4.4596502543135875e-08
Navitoclax,Cell Proliferation,-0.027552194995420547,-0.0850395380987064,0.3720671796053274,0.005886506535710545,1.0,0.7711323561780814,0.44309818662088996,0.008291745765355714,0.4874080052829789,0.015500147862876007
Navitoclax,Histone methyltransferase subcomplex,0.09672317682724382,0.11951934650280861,0.0017209685752779258,0.00010789846339376297,0.22544688336140828,0.014134698704582949,0.003267346135672584,0.00019631525978587428,0.006169126584136365,0.0004737887833938419
Navitoclax,RPA complex associated proteins,-0.014818373336610588,-0.03519436687535706,0.6312535180984924,0.25452190399957897,1.0,1.0,0.6876915996585183,0.2899336471647378,0.7296548018020809,0.3488303688642878
Navitoclax,mTOR regulation of autophagy/ribosome biogenesis,-0.1979152958745668,-0.16818196790071593,1.4240919554708853e-10,5.1164154468708034e-08,1.8655604616668597e-08,6.7025042354007525e-06,9.3278023083343e-10,1.675626058850188e-07,4.305139526923522e-09,6.139698536244964e-07
Navitoclax,PIK3/AKT signaling,-0.18604000131848153,-0.15785431357048202,1.655195758232253e-09,3.17620945544661e-07,2.1683064432842514e-07,4.1608343866350594e-05,9.42741931862718e-09,8.852839120500126e-07,4.003027279909387e-08,2.9370595670365124e-06
Navitoclax,Locomotion,0.08781840761267613,0.13272184114711863,0.004426896311319872,1.709776579983391e-05,0.5799234167829033,0.002239807319778242,0.007963109236226886,3.671815278324987e-05,0.01353959641720544,9.633579870013944e-05
Navitoclax,Regulation of adherens junction stability,0.27720043459523586,0.30509472959677447,0.0,0.0,0.0,0.0,0.0,0.0,0.0,0.0
Navitoclax,mTOR regulation of mRNA translation,-0.22077546953691696,-0.21153146494593517,8.422151864806438e-13,7.312594973996056e-12,1.1033018942896433e-10,9.579499415934833e-10,7.880727816354595e-12,4.1649997460586235e-11,4.2708460424115226e-11,2.0900725998403273e-10
Navitoclax,SMAD-TGFbeta signaling,-0.15098007225133264,-0.16131301188093075,9.964496172631954e-07,1.7442366262443443e-07,0.0001305348998614786,2.284949980380091e-05,3.5279702665264486e-06,5.19306813722748e-07,1.0802888264398228e-05,1.7689935331974898e-06
Navitoclax,Cellular response to DNA damage,-0.111017540043123,-0.10474682905446107,0.00032149274593096244,0.0006928248928437242,0.04211554971695608,0.09076006096252787,0.0007138228765585776,0.001093494710391902,0.0014996634914049643,0.002431073061496282
Navitoclax,G1 to S cell cycle control,0.031528259386272586,0.08814095976504287,0.30681963321977435,0.004294378387440734,1.0,0.5625635687547361,0.3687465316678022,0.006182017239063035,0.4194090986273785,0.01194825278771121
Navitoclax,EGFR/PI3K signaling,-0.10546613626381508,-0.1408204503716427,0.0006321284602186505,5.093180077908599e-06,0.08280882828864322,0.0006672065902060265,0.001335626262720052,1.1914403396536186e-05,0.002671252525440104,3.336032951030132e-05
Navitoclax,H3 acetylation and H3K4 methylation crosstalk,0.07584480070663442,0.08224907751778977,0.013970786045660821,0.00770260243184695,1.0,1.0,0.022319182585141067,0.010734477857148409,0.03519563407656861,0.019498375238105322
Navitoclax,Histone modifications in DNA damage response,0.09759541131793363,0.15241372813684445,0.0015623226333665308,7.907615555691194e-07,0.20466426497101553,0.00010358976377955464,0.003009768602514934,2.1581200787407218e-06,0.0058060784388940575,6.683210566422881e-06
Navitoclax,NeST:16,0.2789161707069354,0.2910944940280477,0.0,0.0,0.0,0.0,0.0,0.0,0.0,0.0
Navitoclax,NeST:163,0.08196118154587866,0.14155136130346993,0.007902263852563651,4.523030672665129e-06,1.0,0.0005925170181191319,0.013103753983365041,1.0972537372576517e-05,0.021870349958151514,2.9975606732353913e-05
Navitoclax,Transcription coactivator activity,0.22724623154769624,0.278487747251601,1.780797731498751e-13,0.0,2.332845028263364e-11,0.0,1.794496175587203e-12,0.0,1.0766977053523218e-11,0.0
Navitoclax,Foxo signaling,-0.1048671670883191,-0.08698138112985655,0.0006787274463935233,0.0048483863228387936,0.08891329547755156,0.635138608291882,0.0014113221504373262,0.0069036805249117605,0.0028528330099749162,0.013186268684260524
Navitoclax,Neg Regulation EGFR,-0.11662437495268908,-0.1481513491492639,0.0001574417068894718,1.5995600908258467e-06,0.020624863602520804,0.00020954237189818592,0.0003872699748077539,4.108673958787959e-06,0.0008195310040736743,1.2265894940381615e-05
Navitoclax,RNA processing 1,0.07545167587566026,0.14655696610285232,0.014474201551236687,2.0551983934691265e-06,1.0,0.00026923098954445557,0.02284482413508441,5.177519029701068e-06,0.036218847785215114,1.5026845928062636e-05
Navitoclax,Phosphatase 2A catalytic subunit,0.17225496240543048,0.19763025635397402,2.3746220323417333e-08,1.5304979505970095e-10,3.1107548623676706e-06,2.0049523152820825e-08,1.1521314305065447e-07,6.683174384273608e-10,4.3461484903995964e-07,3.1246010108292195e-09
Navitoclax,Wnt/beta-catenin,-0.0029077017441616814,-0.11679625494963196,0.9251146244534716,0.00015512875410395033,1.0,0.020321866787617493,0.9251146244534716,0.00026392034789113626,0.9467969984640998,0.0006503198221379876
Navitoclax,p53 regulation of cell cycle,0.2530994516785284,0.26686819152281704,2.220446049250313e-16,0.0,2.90878432451791e-14,0.0,3.231982582797678e-15,0.0,2.053259523189113e-14,0.0
Navitoclax,Regulation of immune responses,0.09985912516236846,0.12114870495159168,0.0012112926287493053,8.677082505204048e-05,0.158679334366159,0.011366978081817303,0.002368348274121776,0.00016092230298381718,0.004687602686264745,0.0003895574489389491
Navitoclax,Regulation of beta catenin transcription,0.24225027243610364,0.24636868475293724,4.218847493575595e-15,1.5543122344752192e-15,5.526690216584029e-13,2.036149027162537e-13,5.5266902165840294e-14,1.1977347218603159e-14,3.316014129950418e-13,8.42544425032774e-14
Navitoclax,MDM2-p53 pathway,0.0834864047905733,0.1365448339246955,0.0068172302608935365,9.70683671019934e-06,0.8930571641770533,0.0012715956090361136,0.01159814498931238,2.2308694895370413e-05,0.019171173470705974,5.914398181563319e-05
Navitoclax,RNA metabolism,0.13586292623833673,0.1816235350002909,1.0680092081827297e-05,4.009322207565447e-09,0.001399092062719376,5.252212091910735e-07,3.302614334401297e-05,1.50063202626021e-08,8.229953310113976e-05,6.060244721435464e-08
Navitoclax,Resolution of D-loop structures,0.10864464710642603,0.10662317931483709,0.000430075076239822,0.0005515801307904855,0.05633983498741668,0.0722569971335536,0.000938997249790278,0.000881182891872605,0.0019316514852828577,0.00197964375708366
Navitoclax,NeST:195,0.05723008440773976,0.029594465456593222,0.06362533076770971,0.337443724808685,1.0,1.0,0.09365076775921316,0.3714716634448549,0.11864652427857611,0.4358763643379235
Navitoclax,Cohesin,0.032489634100823186,0.05164105493843661,0.2923080382705212,0.09425460811084352,1.0,1.0,0.3545588241985026,0.11759384440495715,0.4027241333578084,0.15673126448071922
Navitoclax,Oncogene induced senescence,0.0816836029046552,0.14126438728224308,0.008115595759707217,4.7286408675351055e-06,1.0,0.0006194519536470988,0.013289288056520568,1.1262762793583614e-05,0.02242129443630887,3.110219014127693e-05
Navitoclax,Cytoplasm/extracellular space,0.3160426016596015,0.34637839516019,0.0,0.0,0.0,0.0,0.0,0.0,0.0,0.0
Navitoclax,Extracellular matrix organization,0.0520704326967619,0.09699834389224583,0.09148888001866884,0.0016745515432052827,1.0,0.21936625215989203,0.12750046045154914,0.002550770373952233,0.159978330800164,0.005328734870280778
Navitoclax,MHC class I including non-classical MHCs,-0.022193067377777025,-0.018919682855559443,0.47217591107661905,0.5403662226884931,1.0,1.0,0.5378699508785835,0.5663038013775408,0.5851917744081702,0.6255196627881525
Navitoclax,Endoplasmic Reticulum protein processing,0.19693316805563726,0.20559896847331122,1.7486834202884438e-10,2.7302826666186775e-11,2.2907752805778614e-08,3.5766702932704675e-09,1.0908453717037436e-09,1.3756424204886414e-10,5.1866610126291205e-09,6.812705320515176e-10
Navitoclax,Regulation of androgen receptor signaling pathway,0.21694598185259695,0.26442163536785845,2.0585755322599653e-12,0.0,2.6967339472605545e-10,0.0,1.7978226315070364e-11,0.0,9.806305262765653e-11,0.0
Navitoclax,RAS-RAF-MAPK,0.1519052474650524,0.14827545162658393,8.532192596888422e-07,1.55849481675574e-06,0.00011177172301923832,0.00020416282099500194,3.1047700838677314e-06,4.0832564199000385e-06,9.580433401649e-06,1.200957770558835e-05
Navitoclax,Structural constituent of muscle,-0.010326712097207806,0.029100346446702317,0.7380708314173217,0.34556702324242905,1.0,1.0,0.7734982313253531,0.3746031527812123,0.8102285942653839,0.4438164710270412
Navitoclax,Beta-catenin,-0.1344992928076566,-0.18064887651987505,1.3109340489148025e-05,4.8848192157890935e-09,0.0017173236040783912,6.399113172683712e-07,3.9030081910872525e-05,1.777531436856587e-08,9.813277737590807e-05,7.17657552076678e-08
Navitoclax,Actin filament-based process,0.011593343493249354,0.04452248417977185,0.7069770151238479,0.1490818742545783,1.0,1.0,0.7529592600099518,0.17917179382889686,0.7898847674304825,0.22841784242514337
Navitoclax,MutS homologs,0.127625790303028,0.12674579685397835,3.5341584713854957e-05,4.0224042459291454e-05,0.004629747597514999,0.00526934956216718,9.850526803223403e-05,7.813640615382941e-05,0.00023148737987574997,0.0001959661438162121
Navitoclax,Beta-catenin destruction complex,0.005937539090382038,0.0279530930575512,0.8472405252892801,0.364903872195244,1.0,1.0,0.8671596774337867,0.3918230103080079,0.8895809465876474,0.46297731000074543
Navitoclax,Epithelial differentiation,-0.12096478834630844,-0.11846366689286275,8.866629471193654e-05,0.0001246866763151555,0.011615284607263687,0.01633395459728537,0.0002277506785737978,0.0002177860612971383,0.0005105619607588434,0.000535539494992963
Navitoclax,Lymphocyte activation,0.19049819247041186,0.20687555920037765,6.683542608243442e-10,2.0589530080883378e-11,8.75544081679891e-08,2.6972284405957225e-09,3.979745825817686e-09,1.123845183581551e-10,1.876165889314052e-08,5.306023161827651e-10
Navitoclax,PI3-K/Akt,-0.0895867477292179,-0.12895996666274917,0.003697686502727393,2.957381752621835e-05,0.4843969318572885,0.0038741700959346037,0.006822491997989979,5.960261686053236e-05,0.011648824012600124,0.0001539405336132955
Navitoclax,MAPK signaling,-0.08581815160530526,-0.13091416603811626,0.005423517703541325,2.2349528614684644e-05,0.7104808191639136,0.0029277882485236884,0.009601092150863697,4.6472829341645846e-05,0.016086358169748988,0.0001211498585596009
Navitoclax,RNA processing 2,0.01946338835078364,0.0688517734969115,0.5280724794019473,0.02569006651295047,1.0,1.0,0.5862499559462296,0.0346948320948094,0.6341710753398482,0.05471679265459657
Navitoclax,Contractile fiber,0.021169320772616334,0.06308317480819224,0.492566468062519,0.04095289671968971,1.0,1.0,0.5562502640039394,0.053117123468112405,0.6025793679332917,0.07957719857027469
Navitoclax,MutL alpha/beta complex,0.12437361229741019,0.13497718494853186,5.5632409644346126e-05,1.2265013152878979e-05,0.0072878456634093425,0.0016067167230271462,0.00014575691326818686,2.723248683096858e-05,0.0003421694830101664,7.240650818279536e-05
Navitoclax,NeST:29,0.03510332093145838,0.034380060986125935,0.25521674961677165,0.2651740676231098,1.0,1.0,0.3214749442288181,0.29946381774678776,0.362094522019463,0.3588198689482525
Navitoclax,RBL-TP53 complex,0.12939322840198247,0.15944615693205033,2.749592138195922e-05,2.398858491847733e-07,0.003601965701036658,3.14250462432053e-05,7.830360219644909e-05,6.983343609601178e-07,0.0001847161897967517,2.3135003369230896e-06
Navitoclax,Regulation of cellular homeostasis,0.14982631515377323,0.21617655889030285,1.2013510071184896e-06,2.504219054344503e-12,0.00015737698193252214,3.280526961191299e-10,4.141499524540056e-06,1.6402634805956494e-11,1.2343292700589972e-05,8.748071896510131e-11
Navitoclax,Mismatch and excision repair,-0.15271657489318646,0.009340219680147427,7.474519125860724e-07,0.7617789223756743,9.791620054877548e-05,1.0,2.879888251434573e-06,0.7735894483039794,8.639664754303718e-06,0.8138926623231808
Navitoclax,Extracellular matrix,-0.02287238175132578,0.016448040833985857,0.4587197141352999,0.593767334715031,1.0,1.0,0.5271252855414411,0.617329530537056,0.5710770622855099,0.6686262537048916
Navitoclax,Ubiquitin/Proteasome System,-0.008036083792527375,-0.042823051475394926,0.7947246094145894,0.16558032247491106,1.0,1.0,0.8262613002643748,0.1954146148127329,0.8507266713265479,0.24648888913878805
Navitoclax,Ribosome abundance control,0.17262960070637848,0.1949021890917167,2.2143151534592675e-08,2.720279557166805e-10,2.9007528510316405e-06,3.563566219888514e-08,1.1156741734737079e-07,1.1136144437151607e-09,4.297411631157986e-07,5.2149749559344114e-09
Navitoclax,Epigenetic modification,-0.014647503026588123,0.03138589694865936,0.6351960576998528,0.3090311711307727,1.0,1.0,0.6876915996585183,0.3460092599840276,0.7325958933999769,0.40550667864572176
Navitoclax,Spliceosomal complex,0.03623236350401393,0.20443774163449194,0.2402522337792532,3.524247560449112e-11,1.0,4.616764304188337e-09,0.31161428341665515,1.7099127052549395e-10,0.346810387053247,8.656433070353131e-10
Navitoclax,Interferon signaling,0.03413513573731763,-0.003007883518650422,0.26855556604894604,0.9228545734704574,1.0,1.0,0.33189414294728237,0.9299534548048456,0.37748392419650084,0.9401992154864284
Navitoclax,Transmembrane tyrosine kinase signaling,-0.10236960129152305,-0.1152532150012964,0.0009095825833822513,0.0001894159910922344,0.11915531842307492,0.024813494833082705,0.0018331587449703834,0.0003101686854135338,0.003638330333529005,0.0007754217135338345
Navitoclax,Regulation of mRNA processing,0.1821915701745846,0.23583567876252043,3.543108251236049e-09,2.1760371282653068e-14,4.641471809119224e-07,2.850608638027552e-12,1.8565887236476898e-08,1.5003203358039748e-13,7.956808815632956e-08,1.0060971663626654e-12
Navitoclax,Nucleus,-0.18489495049024282,-0.13182846294774742,2.0808867962074373e-09,1.9578798817532217e-05,2.725961703031743e-07,0.0025648226450967204,1.1358173762632262e-08,4.136810717897936e-05,4.91558797248582e-08,0.00010875573053413656
Navitoclax,Actin filaments,0.11481795103500494,0.1735580038750926,0.00019847127844263568,1.8816264990562104e-08,0.025999737475985274,2.4649307137636356e-06,0.0004642810263568799,6.320335163496502e-08,0.0009967950470026303,2.485644417240641e-07
Navitoclax,Transcription elongation,0.056187390326406655,0.05584783037704084,0.06860574652849105,0.07035214137169676,1.0,1.0,0.09985947550258142,0.08861663961242573,0.12702972148738273,0.12329271598250537
Navitoclax,Type I interferon signaling pathway,0.0167733935661643,0.11640748621346336,0.5865923521085483,0.00016239490681457802,1.0,0.02127373279270972,0.6457445220690742,0.000272740164009099,0.6922846678037823,0.0006789489189162677
Navitoclax,Nuclear transport,0.1387177961066879,0.2118888452506533,6.942670034426612e-06,6.687761455737018e-12,0.0009094897745098862,8.760967507015494e-10,2.2182677427070394e-05,4.1649997460586235e-11,5.684311090686789e-05,2.0614041192977632e-10
Navitoclax,Mediator/CCR-NOT complex,-0.02405682129371909,-0.04532757464114318,0.43578009866877476,0.14219302663534217,1.0,1.0,0.5097070796929419,0.17247487490027616,0.5484758327520528,0.21892990976567864
Navitoclax,Apoptosis Regulation,-0.26961677827049035,-0.25635649815296235,0.0,0.0,0.0,0.0,0.0,0.0,0.0,0.0
Navitoclax,Actin cytoskeleton,0.20564732696960383,0.2664850722896671,2.65898414397725e-11,0.0,3.4832692286101974e-09,0.0,1.9351495714501096e-10,0.0,9.499825168936902e-10,0.0
Navitoclax,NeST:49,0.11440198255229755,0.2733016589713784,0.00020933626378694115,0.0,0.02742305055608929,0.0,0.00048110615010682966,0.0,0.001038096551019153,0.0
Navitoclax,Cell motility,-0.11893943476035171,-0.0661547214879236,0.00011618057679108063,0.03216826029815123,0.015219655559631562,1.0,0.0002926856838390685,0.04256608180866476,0.0006424728708077398,0.06567338336193991
Navitoclax,Checkpoint-regulated DNA repair,-0.08335867715315212,-0.0633582796900496,0.006912310834333413,0.040195890625803754,0.9055127192976771,1.0,0.011609137426893295,0.052656616719802915,0.019403843984950223,0.0783969479699299
Navitoclax,ECM-cytoskeleton assembly,0.23287347609682313,0.27697725673350143,4.463096558993129e-14,0.0,5.846656492280999e-12,0.0,4.872213743567499e-13,0.0,3.1890853594259996e-12,0.0
Navitoclax,INSR-FOXO,-0.20881956787755854,-0.19564464781503527,1.3179679569930158e-11,2.3458990305869065e-10,1.7265380236608507e-09,3.0731277300688475e-08,1.0156106021534416e-10,9.913315258286604e-10,5.053282020470782e-10,4.668042121623566e-09
Navitoclax,Integrator-PP2A complex,-0.08417319260246088,-0.11542533307124477,0.006382896697978646,0.00018526526000806065,0.8361594674352026,0.024269749061055945,0.01100209825572635,0.0003072120134310879,0.018177379726852228,0.0007624004940645847
Navitoclax,Cell-extracellular matrix interactions,0.16246798077725036,0.20574440430331456,1.401337135220615e-07,2.6441293599077653e-11,1.8357516471390056e-05,3.4638094614791726e-09,5.736723897309393e-07,1.3756424204886414e-10,1.988561661522911e-06,6.704147344798398e-10
Navitoclax,Histone deacetylase binding,0.10292830499826902,0.13451099210585613,0.0008509545599899582,1.314231869220528e-05,0.11147504735868452,0.0017216437486788916,0.0017417976149794456,2.8694062477981525e-05,0.003430001457190293,7.651749994128408e-05
Navitoclax,Histone acetyltransferase complex,0.2375944571749923,0.26616154753881865,1.354472090042691e-14,0.0,1.7743584379559252e-12,0.0,1.6130531254144775e-13,0.0,1.013919107403386e-12,0.0
Navitoclax,Cyclin D associated events in G1,-0.1081802952880552,-0.11815283020016992,0.00045593167420299174,0.000129896445094424,0.05972704932059192,0.017016434307369543,0.0009791319560752774,0.00022390045141275716,0.002030381280020122,0.000556395672175571
Navitoclax,Chromosome centrometric region,0.11637725915188459,0.16681640527565103,0.00016227929798362517,6.510900685263721e-08,0.021258588035854897,8.529279897695474e-06,0.0003872699748077539,2.080312170169628e-07,0.0008352881809579006,7.753890816086795e-07
Navitoclax,Transcription,0.0850705952565669,0.12970621451734707,0.005833804945305943,2.644690790853943e-05,0.7642284478350785,0.0034645449360186653,0.010189712637801046,5.4133514625291645e-05,0.016827048392698975,0.0001395118766182013
Navitoclax,Nuclear receptor signaling,-0.023512862409180612,-0.07625186572893555,0.4462320886871769,0.013534595235113134,1.0,1.0,0.5173133063541608,0.01846908308124813,0.5598378638597303,0.03218817505234167
Navitoclax,Culin-RIng uniqutin ligase complex,0.020962409863794728,0.03860838746468575,0.4968036709042818,0.21085767881205353,1.0,1.0,0.5562502640039394,0.24653995552174257,0.6053387053390324,0.30024299917803277
Navitoclax,Actin and actin-associated proteins,0.04093971600698204,0.12111054716862069,0.18454168654600833,8.721743138817573e-05,1.0,0.01142548351185102,0.2479760916013143,0.00016092230298381718,0.2824727665533837,0.0003895574489389491
Navitoclax,Mitosis,-0.06729130137320029,-0.02740830474352228,0.02923006308275311,0.37495736672215996,1.0,1.0,0.04504868545694891,0.3993448377284793,0.06399673978563773,0.4726808183538376
Navitoclax,PcG protein complex,0.16549695190507316,0.17898240788815747,8.174772592184354e-08,6.7008125714806965e-09,1.0708952095761504e-05,8.778064468639712e-07,3.6927421019867253e-07,2.3100169654315034e-08,1.3113002566238577e-06,9.405069073542549e-08
Navitoclax,Protein nuclear transport,0.03623372701633304,0.09166102515415304,0.2402345435011175,0.0029808048889112815,1.0,0.3904854404473779,0.31161428341665515,0.004338727116081976,0.346810387053247,0.008709712426335565
Navitoclax,Metabolism,0.027276886252895444,0.00038308295193788966,0.3766148690592219,0.9896255569361294,1.0,1.0,0.44447340402484753,0.9896255569361294,0.4902485976899489,0.9908862264354111
Navitoclax,Regulation of nuclear protein ubiquitiation,-0.06767027683970875,-0.09179579430781473,0.02833256076612778,0.0029501176205932733,1.0,0.3864654082977188,0.04418530309955642,0.004338727116081976,0.06248220053874909,0.008704102774712183
Navitoclax,EGFR-MAPK signaling,-0.13577736408367508,-0.1661197230758745,1.0840642471698914e-05,7.431407800240208e-08,0.0014201241637925577,9.735144218314673e-06,3.302614334401297e-05,2.3178914805511127e-07,8.312921934395459e-05,8.65346152739082e-07
Navitoclax,Ubiquitin regulation of mitophagy,-0.040864006848341336,-0.02911043262365123,0.1855088318849527,0.34600749226356253,1.0,1.0,0.2479760916013143,0.3746031527812123,0.28367692969177594,0.4440194104802615
Navitoclax,NeST:78,0.15739763034129253,0.2011635177382085,3.382812778784938e-07,7.184497441414806e-11,4.431484740208269e-05,9.411691648253395e-09,1.3428741636994754e-06,3.245410913190826e-10,4.1872296757873405e-06,1.6368159388266774e-09
Navitoclax,Homologous recombination (HR) and Fanconi Anemia repair,-0.014180935165766668,0.020610065989045925,0.6460138529733424,0.5040043620314725,1.0,1.0,0.6936706126189168,0.5324562211784104,0.7407248554880337,0.5925915161656504
Navitoclax,Immune system,-0.05410151783433973,-0.043974337262113486,0.07961067818278056,0.1544931977961157,1.0,1.0,0.11335868306461144,0.1839873537390105,0.14434600473279244,0.23374716740663512
Navitoclax,NeST:80,-0.0048761064654930545,0.03671680946131082,0.8746301037105468,0.234070818247329,1.0,1.0,0.8813580275852434,0.26897611570526403,0.9069383397315169,0.3262050764936181
Navitoclax,TGF-beta/Smad signaling,-0.273341587528399,-0.31824965438906133,0.0,0.0,0.0,0.0,0.0,0.0,0.0,0.0
Navitoclax,Extended PRC1 complex,0.0481680533747619,0.09847947772676956,0.11849132621531511,0.001419893543170403,1.0,0.1860060541553228,0.16339330246532924,0.002188306519474386,0.19815783490476102,0.0046117203509584166
Navitoclax,TNFR/Traf signaling,-0.14819209639422606,-0.1799841217866994,1.5709431351318415e-06,5.558831839280742e-09,0.00020579355070227123,7.282069709457772e-07,5.144838767556781e-06,1.9681269485021007e-08,1.5531588732246887e-05,8.016957478302134e-08
Navitoclax,Lymphoid JAK/STAT signaling,-0.11165851214319812,-0.15154862855074827,0.00029676545053303194,9.181143345582399e-07,0.038876274019827184,0.00012027297782712942,0.0006702805865487446,2.4545505679006003e-06,0.0014036587839458465,7.690883922285162e-06
Navitoclax,Positive regulators of transcription,0.2749268989677267,0.32495218330615916,0.0,0.0,0.0,0.0,0.0,0.0,0.0,0.0
Navitoclax,RTK-JAK-STAT signaling,0.16761039888644869,0.12129592343005688,5.581499040729909e-08,8.506791888063248e-05,7.311763743356181e-06,0.011143897373362854,2.611344194055779e-07,0.00016092230298381718,9.395841892891793e-07,0.00038317125639069987
Navitoclax,Nucleolus,-0.010641734045228859,0.09677467540300976,0.7303818953374903,0.0017164701354210887,1.0,0.22485758774016262,0.7716131313646067,0.002584569974024858,0.8040338511698423,0.005429157048052216
Navitoclax,Mediator complex,0.2022645388702917,0.25811999311175277,5.5755178252070436e-11,0.0,7.303928351021227e-09,0.0,3.8441728163269616e-10,0.0,1.8259820877553068e-09,0.0
Navitoclax,G1/S phase,-0.16526050128729639,-0.1187931106643051,8.550844121657519e-08,0.00011938038985870314,1.120160579937135e-05,0.01563883107149011,3.73386859979045e-07,0.00021133555502013664,1.344192695924562e-06,0.0005141533502955653
Navitoclax,Polybromo- and BAF containing complex,0.1002612959670046,0.13545354689664119,0.0011571376895844754,1.1426452459328829e-05,0.15158503733556628,0.0014968652721720765,0.0022967429899328224,2.5808021934001318e-05,0.004524926487628844,6.8298035232186e-05
Navitoclax,Nuclear pore,0.07585074229053008,0.11890513668104397,0.013963297628584836,0.00011705584013221859,1.0,0.015334315057320635,0.022319182585141067,0.00021005911037425527,0.03519563407656861,0.0005069195060271284
Navitoclax,p53 regulation,0.12659289688080816,0.16394694494701842,4.086633967403941e-05,1.0889266066627101e-07,0.005353490497299163,1.4264938547281503e-05,0.00010925490810814617,3.317427569135233e-07,0.00026078085915488987,1.172460702516288e-06
Navitoclax,Cell projection morphogenesis,-0.057638617013199035,-0.06640739421467567,0.061821944881498725,0.03151582809527387,1.0,1.0,0.09203039522132196,0.042128300821233436,0.11613831798128395,0.06459306618744526
Navitoclax,Histone methyltransferase complex,0.03924347807422183,0.09243182468711018,0.20339694080473647,0.002747342171749434,1.0,0.35990182449917585,0.2691414065193988,0.004089793460217908,0.3050954112071047,0.008195107958235503
Dasatinib,Cell,0.07120398372065292,0.14010232989906798,0.028313995641369827,1.5984070726116073e-05,1.0,0.0020939132651212056,0.06080546604949913,8.686383003769355e-05,0.06248220053874909,9.103970717918285e-05
Dasatinib,Signaling pathways,-0.15905312677948202,-0.0964410084489961,9.654970671846286e-07,0.0029703812750776493,0.00012648011580118634,0.38911994703517205,1.403343111863994e-05,0.008459129283373305,1.0613716011288364e-05,0.008704102774712183
Dasatinib,Chromatin binding,0.14746918193477188,0.1560269546296625,5.5796729589996374e-06,1.5463990865605126e-06,0.0007309371576289525,0.00020257828033942715,4.602964615396665e-05,1.5582944641494395e-05,4.7669814627975164e-05,1.1975070758980916e-05
Dasatinib,CDK holoenzyme complex II,-0.06682730188260468,-0.07994997049420845,0.03957331602653036,0.013783065408514261,1.0,1.0,0.07854703635568905,0.03240893129328782,0.08110723962673497,0.03253300123451114
Dasatinib,MAPK and MAP2K activation,0.049363789012260656,0.04114964991067784,0.12844199706607728,0.20516929983219034,1.0,1.0,0.2003083525673348,0.2799706070626764,0.21186864573753778,0.29347237428225953
Dasatinib,Ubiquitin regulation of p53 activity,0.012838714680605214,0.012619157297797851,0.6925651474947396,0.6978451283467528,1.0,1.0,0.7688646976424651,0.7949366244645619,0.7809237025531566,0.759169281875609
Dasatinib,HDACs deacetylate histones,0.1112636615323028,0.14073183810496714,0.0006110425541918652,1.4638442798142748e-05,0.08004657459913433,0.0019176360065567,0.0022235159610870647,8.337547854594348e-05,0.002589107534203806,8.42916925958989e-05
Dasatinib,EMT,-0.14487423134951385,-0.17441162582422456,8.1250463261906e-06,7.775754129468737e-08,0.0010643810687309685,1.0186237909604046e-05,5.913228159616491e-05,2.037247581920809e-06,6.550037346036729e-05,8.857598182264388e-07
Dasatinib,Metabolic pathways,-0.1290136488072791,-0.07320965452593299,7.08573430785453e-05,0.024116483528107135,0.009282311943289434,1.0,0.00037129247773157734,0.05265432236970058,0.00042352754113868143,0.052004269007111685
Dasatinib,CDK holoenzyme complex I,-0.1464054864769117,-0.1451315094036261,6.512722662277426e-06,7.805952618733514e-06,0.0008531666687583428,0.0010225797930540903,5.018627463284369e-05,5.6809988503005014e-05,5.36020943722519e-05,4.9083830066596334e-05
Dasatinib,Transcription factor (TF) binding,0.10127876333154136,0.08752768059635115,0.0018137339391881557,0.007030649072137463,0.2375991460336484,0.9210150284500076,0.005657122524610677,0.018796225070408318,0.006407167982929844,0.01805911820490211
Dasatinib,Regulation of TP53 Activity,0.03842608019425998,0.030658919522931677,0.23664460300237566,0.3452464356953904,1.0,1.0,0.3229212811803251,0.43073602929615373,0.3441307270302817,0.44376729101647894
Dasatinib,Regulation of E2F transcription via DREAM complex,0.2223587190680177,0.15533380558928742,7.480238650714455e-12,1.7201563895508087e-06,9.799112632435936e-10,0.00022534048703115594,3.2663708774786454e-10,1.6095749073653997e-05,3.002650794670103e-10,1.2938209781693165e-05
Dasatinib,Protein Transport,-0.015748515728108953,-0.009580856803398704,0.627639247988748,0.7675949663792612,1.0,1.0,0.7393377960055454,0.8449995008040606,0.7271785341189347,0.8165477374119627
Dasatinib,Extended cohesin complex,-0.06884819866563482,0.009647212905499065,0.033971084493295,0.7666985837138793,1.0,1.0,0.07063828680351818,0.8449995008040606,0.07168126821940905,0.8165477374119627
Dasatinib,PML body,0.15789288472635632,0.17205831457110232,1.1576581897543292e-06,1.1649923270518059e-07,0.00015165322285781713,1.5261399484378657e-05,1.403343111863994e-05,2.1801999263398083e-06,1.2132257828625371e-05,1.2212283483847842e-06
Dasatinib,Extended mismatch repair complex,0.05902213618547116,0.08003757286565881,0.06910510443283502,0.013712947943913312,1.0,1.0,0.12573289834307483,0.03240893129328782,0.12760277155235059,0.032416171680949964
Dasatinib,Regulation of beta catenin transcriptional activity,0.012167028317063183,0.04239117104139086,0.7078911858627941,0.19182500428535887,1.0,1.0,0.7792751709918153,0.2663904414207838,0.7899863170820476,0.27818164828098163
Dasatinib,Fas,0.18143622257404313,0.10813402854914958,2.299148071926993e-08,0.0008682794824033113,3.011883974224361e-06,0.11374461219483378,6.023767948448722e-07,0.0027742588340203362,4.3461484903995964e-07,0.0029416710050388047
Dasatinib,BAF (SWI/SNF) complex,-0.22896608075641897,-0.16648860086213246,1.7672530105983242e-12,2.924796493886106e-07,2.3151014438838047e-10,3.831483406990799e-05,2.3151014438838047e-10,3.831483406990799e-06,8.681630414564268e-11,2.7531617295742267e-06
Dasatinib,Ribosome biogenesis,-0.02379414148018348,0.042261901908507725,0.46365526552704717,0.19318390790056839,1.0,1.0,0.5840273056157999,0.2663904414207838,0.5757429734807213,0.2797548297215994
Dasatinib,Homologous recombination,0.20305313552808046,0.18245550818805398,4.0111181043300803e-10,1.9191568112475466e-08,5.254564716672405e-08,2.514095422734286e-06,1.3136411791681013e-08,1.084260769094551e-06,1.1464504836376157e-08,2.4957260749485286e-07
Dasatinib,Cell Proliferation,0.045012618344726724,0.011285191101830058,0.16566530150476444,0.7284822151496151,1.0,1.0,0.24905181284152833,0.8226825015913757,0.2589286167110498,0.7832927785329651
Dasatinib,Histone methyltransferase subcomplex,-0.03969630411834106,0.006579884240723171,0.2214824879765338,0.8397421479940088,1.0,1.0,0.30866176515878646,0.8967009842317094,0.3253929636440291,0.8753810720468049
Dasatinib,RPA complex associated proteins,0.06379618471601599,0.047843687528834195,0.049441674134464764,0.1407146390360059,1.0,1.0,0.09524793105316007,0.20711930015412103,0.09673738454621432,0.21729215379626846
Dasatinib,mTOR regulation of autophagy/ribosome biogenesis,-0.0603024841541506,-0.09556168929228746,0.06327927998394633,0.0032431018559051505,1.0,0.4248463431235747,0.1167547278577038,0.00903928389624627,0.11814136358047937,0.009374054052200763
Dasatinib,PIK3/AKT signaling,-0.02041723193221048,-0.05109231612503318,0.5294542812151493,0.11547319865132999,1.0,1.0,0.6422084336961532,0.17589522120144452,0.6353451374581791,0.1850396210804187
Dasatinib,Locomotion,0.09224834520859745,0.12906091804388062,0.004496782964310997,7.049787405155605e-05,0.5890785683247406,0.009235221500753843,0.01245167075624074,0.0002886006718985576,0.013699501588947456,0.0003221588895611806
Dasatinib,Regulation of adherens junction stability,0.15989688474492306,0.20886880586133905,8.458952787115948e-07,1.2539302929326368e-10,0.00011081228151121891,1.6426486837417542e-08,1.403343111863994e-05,1.6426486837417542e-08,9.566527900249115e-06,2.6282378939868066e-09
Dasatinib,mTOR regulation of mRNA translation,0.09209813918477822,0.05346548820832222,0.004562444246561492,0.0997051741029944,0.5976801962995555,1.0,0.01245167075624074,0.15928509521332032,0.013845873273348776,0.16429406047160083
Dasatinib,SMAD-TGFbeta signaling,-0.055584654122869,-0.0749070886855043,0.08691058386300243,0.021024241060386917,1.0,1.0,0.14231608107566648,0.04748578584328769,0.15404722994158057,0.04654944640412427
Dasatinib,Cellular response to DNA damage,-0.1564508288785366,-0.16707961944964395,1.447155306699699e-06,2.6548657561242806e-07,0.00018957734517766056,3.4778741405228075e-05,1.579811209813838e-05,3.831483406990799e-06,1.467695575568985e-05,2.5293630112893147e-06
Dasatinib,G1 to S cell cycle control,-0.047042837687234676,-0.07076980461445037,0.1473783907879096,0.029248428926043735,1.0,1.0,0.22713610815548418,0.06081816173510681,0.23689041954866452,0.06114166259539994
Dasatinib,EGFR/PI3K signaling,-0.0557988584715001,0.0064886008621324615,0.08570152637923312,0.8419406187824447,1.0,1.0,0.1421126576668296,0.8967009842317094,0.15245959669160752,0.8765103660437107
Dasatinib,H3 acetylation and H3K4 methylation crosstalk,-0.1148746888099982,-0.06591907697696239,0.0004032659473760525,0.042283300509598165,0.052827839106262875,1.0,0.0016008436092806932,0.07913017666796228,0.0018482042836010335,0.08165767616841316
Dasatinib,Histone modifications in DNA damage response,0.07527838689620125,0.13442358559837447,0.0204280524257483,3.476578231342842e-05,1.0,0.004554317483059123,0.04639757183662279,0.00016429943495482305,0.0478582688722449,0.00017629616063454667
Dasatinib,NeST:16,0.12677928762064838,0.1577822771752889,9.441464608239691e-05,1.1785644689066288e-06,0.012368318636793996,0.00015439194542676837,0.00044172566559978554,1.2865995452230697e-05,0.0005377529842084345,9.404585508229545e-06
Dasatinib,NeST:163,0.10562191237638523,0.11134011578726928,0.001142294657198173,0.0006062465582958865,0.14964060009296065,0.07941829913676113,0.003937910528762123,0.0020363666445323367,0.0044980525608821105,0.002156152917740121
Dasatinib,Transcription coactivator activity,0.12097856049683003,0.08104120016228623,0.00019464726109563735,0.012574162920449217,0.025498791203528492,1.0,0.0008499597067842831,0.0316772181265163,0.0009807227385972496,0.030270419771739922
Dasatinib,Foxo signaling,-0.07520820624952271,-0.07681788129696718,0.02054243638568032,0.017961993949496602,1.0,1.0,0.04639757183662279,0.04128107381375535,0.04805462797364503,0.04084957943480724
Dasatinib,Neg Regulation EGFR,0.0641704472448541,0.03281377830364705,0.0481219948697853,0.31239052521290134,1.0,1.0,0.09408927355137127,0.3934919115662507,0.09456879456323891,0.40957289877788233
Dasatinib,RNA processing 1,-0.009651843500042204,0.051865285817311424,0.7662472761022876,0.11026595019305852,1.0,1.0,0.8095031707209651,0.16993928794459606,0.8330157109493749,0.17814807163770605
Dasatinib,Phosphatase 2A catalytic subunit,0.008584448756674901,0.07260722901515389,0.7915074520604937,0.025361991977156606,1.0,1.0,0.8294998097593974,0.054465917196844515,0.8487422811301095,0.05425783062045415
Dasatinib,Wnt/beta-catenin,0.005729855245776416,-0.03363924765392654,0.8599499103116197,0.29996295740437917,1.0,1.0,0.8801049863345483,0.38150628563081235,0.898233394690941,0.3959208808057801
Dasatinib,p53 regulation of cell cycle,0.14316884946389094,0.15921389503216246,1.0371488097460357e-05,9.423938169828006e-07,0.0013586649407673068,0.00012345359002474687,7.150868109301615e-05,1.1223053638613353e-05,8.031516891235312e-05,7.797068843668223e-06
Dasatinib,Regulation of immune responses,0.10453135576287606,0.07002195832729018,0.0012849339953009409,0.031066607591773376,0.16832635338442326,1.0,0.00431606034319034,0.06261116299265096,0.004902709321876406,0.06417438519614685
Dasatinib,Regulation of beta catenin transcription,0.06704598194497427,0.14201470408394096,0.038937180058377985,1.2223013841294872e-05,1.0,0.0016012148132096282,0.07847339365611564,7.624832443855372e-05,0.0800120876493728,7.240650818279536e-05
Dasatinib,MDM2-p53 pathway,0.011075758172013927,0.0021555795862960862,0.7330426905229466,0.9474127179300889,1.0,1.0,0.7900638824970806,0.9696177035065753,0.806398257174298,0.959003729933097
Dasatinib,RNA metabolism,0.13323034441193543,0.12040111123167692,4.074849813040515e-05,0.00020900166862403147,0.005338053255083075,0.027379218589748122,0.00024263878432195796,0.0007822633882785178,0.00026078085915488987,0.0008381393445841262
Dasatinib,Resolution of D-loop structures,0.027705215685280758,0.06320774229171036,0.39352931938635605,0.05161356726205879,1.0,1.0,0.5005081634913848,0.0937851985692027,0.5083221775475363,0.09579283085709141
Dasatinib,NeST:195,0.01711916283455206,0.0670649479069258,0.5980509027135623,0.03890942039108691,1.0,1.0,0.7138371493237117,0.07495785398871156,0.7021180127451232,0.07645701106848579
Dasatinib,Cohesin,-0.09013045782140446,-0.07989002466309775,0.00550550426483043,0.013854199636825326,0.7212210586927863,1.0,0.014424421173855726,0.03240893129328782,0.01619435182241571,0.0326518768052315
Dasatinib,Oncogene induced senescence,-0.010955616475889387,0.04524013060577236,0.7357846844629301,0.16363603282089745,1.0,1.0,0.7900638824970806,0.23818133666152852,0.8082833850284599,0.24428855042208053
Dasatinib,Cytoplasm/extracellular space,-0.04612785904258525,0.023979977000703485,0.1554114370676143,0.46042907829863244,1.0,1.0,0.23673137506811015,0.5533597179552372,0.2467745243134239,0.5557999687570099
Dasatinib,Extracellular matrix organization,0.05698753655733889,0.0813122510530847,0.0792472562468245,0.012281336409270427,1.0,1.0,0.13841854091112013,0.03154617783557698,0.14401929112139666,0.029754144978927644
Dasatinib,MHC class I including non-classical MHCs,-0.05103494956793649,-0.03708328471103132,0.11599628486480817,0.25320967060102806,1.0,1.0,0.1830784737022876,0.3382510279058217,0.19562565165022255,0.34794195995176236
Dasatinib,Endoplasmic Reticulum protein processing,0.12035247589094035,0.14995171127467644,0.00021007526933702891,3.874024622207983e-06,0.027519860283150788,0.0005074972255092458,0.000887737428488735,3.171857659432786e-05,0.0010384852937038033,2.6249856491857542e-05
Dasatinib,Regulation of androgen receptor signaling pathway,0.12770520338779448,0.11622373455319764,8.38813992565246e-05,0.0003446237223132531,0.010988463302604723,0.04514570762303616,0.00040698012231869346,0.001211604708877846,0.0004883761467824321,0.0013022800275875814
Dasatinib,RAS-RAF-MAPK,0.16100090338137762,0.18100488345780935,7.105013588581954e-07,2.4830399292241623e-08,9.30756780104236e-05,3.2527823072836526e-06,1.403343111863994e-05,1.084260769094551e-06,8.273393600926542e-06,3.173446153447466e-07
Dasatinib,Structural constituent of muscle,-0.038750664816694376,-0.034604749234012855,0.2326846511527052,0.286310662007617,1.0,1.0,0.32085988737899346,0.3713534329009686,0.3396288501504666,0.3807786469339881
Dasatinib,Beta-catenin,0.10403128077612604,0.06145292361017925,0.0013556906514307077,0.058451683230508644,0.1775954753374227,1.0,0.004439886883435567,0.10347527707022476,0.005135290853130295,0.105981598660161
Dasatinib,Actin filament-based process,0.09626884734434125,0.1030243847478239,0.003028255332796048,0.0015103761497925472,0.3967014485962823,0.19785927562282368,0.008815587746584051,0.004710935133876755,0.009896917636497688,0.0048837778984737665
Dasatinib,MutS homologs,0.15777886373805125,0.149541174006841,1.1783797122522088e-06,4.117046340956776e-06,0.00015436774230503936,0.0005393330706653376,1.403343111863994e-05,3.172547474501986e-05,1.2186927024082054e-05,2.7658106187966032e-05
Dasatinib,Beta-catenin destruction complex,0.1596070559548721,0.16715608082609917,8.853655812934846e-07,2.6339387781959545e-07,0.00011598289114944649,3.4504597994367e-05,1.403343111863994e-05,3.831483406990799e-06,9.870884353144382e-06,2.5247266825146587e-06
Dasatinib,Epithelial differentiation,0.01343281753493349,0.020543805821974667,0.6791132156851671,0.5271859354385455,1.0,1.0,0.7603746261090333,0.6058013819513111,0.7693855973510122,0.6134243453067311
Dasatinib,Lymphocyte activation,0.0682014347241275,0.0602610470890739,0.035690526030277114,0.06351264513870292,1.0,1.0,0.07305404546822347,0.10805398069052054,0.07470773224979445,0.11307120969200564
Dasatinib,PI3-K/Akt,0.07642398572756107,0.07044295077510218,0.018588923653625855,0.030068646742820393,1.0,1.0,0.04348480354687477,0.061546761301710495,0.04407509499773732,0.06252369402078527
Dasatinib,MAPK signaling,0.06308648186481335,0.053590208381044425,0.052027565729880765,0.09891717569535463,1.0,1.0,0.09877697261759971,0.15928509521332032,0.10117216496257671,0.16340654528794718
Dasatinib,RNA processing 2,0.0996264743443134,0.09975795978429718,0.0021530690042512735,0.0021257442249993375,0.2820520395569168,0.2784724934749132,0.006559349757137601,0.006328920306248028,0.007390009770050223,0.006539471471035144
Dasatinib,Contractile fiber,0.038046033019144124,0.06027956409457459,0.2413132649194496,0.06343133472204743,1.0,1.0,0.325010403021888,0.10805398069052054,0.347703439462305,0.11305448773589405
Dasatinib,MutL alpha/beta complex,0.11391813300939163,0.1336763411488836,0.0004507814202545646,3.8424794188252065e-05,0.05905236605334796,0.0050336480386610205,0.0017368342956867048,0.00016778826795536735,0.0020131488427277714,0.00018876180144978828
Dasatinib,NeST:29,0.09638169016895941,0.08346713782624982,0.0029942226618457912,0.01016029575036237,0.39224316870179865,1.0,0.008815587746584051,0.026619974865949407,0.009806079217544967,0.024995281564271745
Dasatinib,RBL-TP53 complex,0.04020062471117868,0.10824661418198976,0.21569097680855376,0.000857528316748013,1.0,0.1123362094939897,0.30609604501828047,0.0027742588340203362,0.31897104002168064,0.0029178236232205116
Dasatinib,Regulation of cellular homeostasis,-0.11760035609434531,-0.05759312869336318,0.0002924672742457002,0.07601609460415748,0.038313212926186724,1.0,0.0011972879039433351,0.1260520049765143,0.0013932077427704264,0.13175005591812078
Dasatinib,Mismatch and excision repair,-0.04431318182874083,-0.05012936185787289,0.17232031107992185,0.12249074158898932,1.0,1.0,0.2536400084434805,0.18444008216273103,0.2666215836787767,0.1941083122761
Dasatinib,Extracellular matrix,0.04005966976877961,-0.02569007774378056,0.2173048258526724,0.4285467100748561,1.0,1.0,0.30609604501828047,0.5246693366337024,0.3205457780773295,0.5263089283106827
Dasatinib,Ubiquitin/Proteasome System,-0.07969529560957388,-0.12558863660499173,0.014108721390559742,0.00010949615372579657,1.0,0.014343996138079351,0.03422671300302456,0.0004346665496387682,0.03546311120632486,0.0004794650519692262
Dasatinib,Ribosome abundance control,0.03550100658471743,0.13955874451763498,0.2742493945274771,1.7240149473130018e-05,1.0,0.0022584595809800323,0.35926670683099504,8.686383003769355e-05,0.38458523478786266,9.679112489914424e-05
Dasatinib,Epigenetic modification,-0.007141370175955542,0.04959347440011743,0.8258947623087787,0.1267540839049861,1.0,1.0,0.8586683639876984,0.18869073854037707,0.8750847673173091,0.19945687677541357
Dasatinib,Spliceosomal complex,0.11209183065751764,0.1343423795016889,0.0005560954702683585,3.514678287963591e-05,0.07284850660515496,0.004604228557232304,0.0020813859030044276,0.00016429943495482305,0.0023754947806028793,0.000177085713739704
Dasatinib,Interferon signaling,0.010542694746742222,-0.0013216145275215642,0.7454356757995659,0.967184070184028,1.0,1.0,0.7939192969897816,0.974623947646982,0.8171721634288128,0.974623947646982
Dasatinib,Transmembrane tyrosine kinase signaling,-0.11019343926366124,-0.13960480609367637,0.0006893901830005156,1.7063058818544974e-05,0.09031011397306754,0.0022352607052293916,0.0024408138911639877,8.686383003769355e-05,0.002889923647138161,9.633579870013944e-05
Dasatinib,Regulation of mRNA processing,0.12253555200363975,0.1427849583271152,0.0001607691758416241,1.096082429796752e-05,0.021060762035252756,0.001435867983033745,0.0007262331736294054,7.371150776934732e-05,0.0008313458698126088,6.601691876017219e-05
Dasatinib,Nucleus,-0.09025794196133187,-0.060260851141925746,0.005439383104938855,0.06338951011745664,0.71255918674699,1.0,0.014424421173855726,0.10805398069052054,0.01610303246885853,0.11305448773589405
Dasatinib,Actin filaments,-0.07988067601289243,-0.020811833528201606,0.01388624538715777,0.5212416201890364,1.0,1.0,0.03422671300302456,0.6042712588032192,0.03509514107493893,0.6087606440840752
Dasatinib,Transcription elongation,0.022620315038334646,-0.004781929194148108,0.4860345002255122,0.8825662458321879,1.0,1.0,0.6063859002813533,0.9321048585270999,0.5983134176621027,0.9091704708048488
Dasatinib,Type I interferon signaling pathway,0.030414766255474346,0.06671476236072225,0.3489216037293592,0.0399410603886059,1.0,1.0,0.4481248047896672,0.07583012914358511,0.465228804972479,0.07819096753535303
Dasatinib,Nuclear transport,0.09445724149486533,0.1416576883800017,0.0036251575862951135,1.2854013538454723e-05,0.4748956438046599,0.0016838757735375687,0.010323818343579563,7.653980788807131e-05,0.011466293210575289,7.511713487899935e-05
Dasatinib,Mediator/CCR-NOT complex,0.004617637721325613,-0.021297418553780582,0.8869347601049111,0.5115741757411729,1.0,1.0,0.8937573351826412,0.5983590805544077,0.9149453196361219,0.6005934311165974
Dasatinib,Apoptosis Regulation,-0.12777340592680414,-0.1728872269926994,8.313038100937753e-05,1.0078369028221346e-07,0.010890079912228456,1.3202663426969963e-05,0.00040698012231869346,2.1801999263398083e-06,0.0004865660875920104,1.09263421464579e-06
Dasatinib,Actin cytoskeleton,-0.052578334954253576,-0.025210861000516636,0.10537499587545907,0.4372052216073028,1.0,1.0,0.1683429812156724,0.5303137410236728,0.18084005842382275,0.5340222287231391
Dasatinib,NeST:49,0.06979803903672896,0.05468901000677592,0.031586240442290414,0.09218771910379542,1.0,1.0,0.06673866932161361,0.150957390032465,0.0673725508484132,0.15416924939485788
Dasatinib,Cell motility,0.014499352159851263,0.010124428188606828,0.6552212135625615,0.7555010302795113,1.0,1.0,0.7463824258843091,0.8449995008040606,0.7485521422386239,0.8079235507478856
Dasatinib,Checkpoint-regulated DNA repair,0.0170558638347267,0.04300549334330798,0.5994052398901395,0.18546313057600594,1.0,1.0,0.7138371493237117,0.2612437645748041,0.7031828635129099,0.2704527284466432
Dasatinib,ECM-cytoskeleton assembly,-0.062068089680999944,0.08032544721874892,0.05592737180601359,0.013377336657200534,1.0,1.0,0.10466408152268257,0.03240893129328782,0.10734777592070008,0.03186238367442309
Dasatinib,INSR-FOXO,-0.14741557748479825,-0.13405862003871005,5.621941514988293e-06,3.637163063885396e-05,0.0007364743384634664,0.0047646836136898685,4.602964615396665e-05,0.00016429943495482305,4.7771308440873496e-05,0.00018267157624370103
Dasatinib,Integrator-PP2A complex,-0.03733173569941771,-0.043624910271077136,0.2502379303830713,0.17892640509677982,1.0,1.0,0.33112291798163984,0.25477564203997993,0.35664009661123125,0.26213635490413595
Dasatinib,Cell-extracellular matrix interactions,-0.05534400961330774,-0.043711644876585666,0.08828526466499254,0.17806418514540479,1.0,1.0,0.14278234161869163,0.25477564203997993,0.15576255449311815,0.2613603165719667
Dasatinib,Histone deacetylase binding,-0.013946372371564566,-0.004500437119597916,0.6675230577656328,0.889413032945706,1.0,1.0,0.7538406945456716,0.9321048585270999,0.759295402899837,0.9132314093995099
Dasatinib,Histone acetyltransferase complex,0.004870162338504094,0.06795257449184519,0.8807952814379401,0.03639540656852347,1.0,1.0,0.8937573351826412,0.07116116806681455,0.9109277515923959,0.0722393675829784
Dasatinib,Cyclin D associated events in G1,-0.07339523290662171,-0.07139410622469854,0.023793077934571194,0.02785303379612869,1.0,1.0,0.052828698464895366,0.05885076495633642,0.05452291328446926,0.05845790270696168
Dasatinib,Chromosome centrometric region,0.15575099424919686,0.14259897649106595,1.612329211919672e-06,1.12536653082973e-05,0.00021121512676147702,0.0014742301553869464,1.624731744319054e-05,7.371150776934732e-05,1.577407122978412e-05,6.75219918497838e-05
Dasatinib,Transcription,0.08979472368631347,0.12091960795874333,0.0056841664918589885,0.00019620791359553635,0.7446258104335275,0.025703236681015262,0.014600506086931912,0.0007559775494416254,0.01654126676188252,0.0007990643527776766
Dasatinib,Nuclear receptor signaling,-0.03104127577767712,-0.039341393642599747,0.33905290291109447,0.2254599173750793,1.0,1.0,0.43976168595399384,0.3044871049086123,0.4547706172152223,0.3173734786442209
Dasatinib,Culin-RIng uniqutin ligase complex,0.015033125959460405,0.0353825474423911,0.6433931965239097,0.2760057672868401,1.0,1.0,0.7393377960055454,0.36156755514576056,0.7387977391786603,0.3705218327710612
Dasatinib,Actin and actin-associated proteins,-0.01550996450473867,-0.006976061381843782,0.6328598967681298,0.8295370239336102,1.0,1.0,0.7393377960055454,0.8967009842317094,0.7304374138909692,0.8664665791519172
Dasatinib,Mitosis,-0.011230361880742416,-0.008982546182730863,0.7294161163129269,0.7817075702994019,1.0,1.0,0.7900638824970806,0.8533640975768471,0.8038638384664972,0.8275045794684577
Dasatinib,PcG protein complex,-0.13048724195240866,-0.09312433703819237,5.8502209491884116e-05,0.0041224829964401355,0.007663789443436819,0.5400452725336577,0.0003193245601432008,0.011250943177784536,0.0003550790475723623,0.01155177053547931
Dasatinib,Protein nuclear transport,0.13952397139314232,0.10191501597231686,1.731055941500692e-05,0.0016980666539370137,0.0022676832833659066,0.2224467316657488,0.00010798491825551937,0.005173179806180205,0.00012257747477653548,0.005386853341337818
Dasatinib,Metabolism,-0.05607327615673194,-0.06821948250008267,0.08417250148928557,0.03559071616731946,1.0,1.0,0.1421126576668296,0.0706421790593765,0.15087704941979121,0.07100076880079466
Dasatinib,Regulation of nuclear protein ubiquitiation,0.022231444603025986,-0.0033822647186487623,0.49356267286734634,0.9166871643039955,1.0,1.0,0.6099689636379468,0.9493836152678397,0.6033285550135836,0.9357352092765462
Dasatinib,EGFR-MAPK signaling,0.03789893650564434,-0.0017997955501452372,0.2431375534056872,0.9554468912275567,1.0,1.0,0.325010403021888,0.9702600213241079,0.34969097342519695,0.9658922913245781
Dasatinib,Ubiquitin regulation of mitophagy,0.021657964425792244,0.022209762471817288,0.5047776543984908,0.4942161218636789,1.0,1.0,0.6179988105252551,0.5832640717490264,0.6118045279216866,0.5850208912422464
Dasatinib,NeST:78,0.13194367188456008,0.1160569975263422,4.832838544754914e-05,0.00035145785448364997,0.006331018493628937,0.046040978937358146,0.0002752616736360407,0.001211604708877846,0.00030380514902312526,0.0013217505915031048
Dasatinib,Homologous recombination (HR) and Fanconi Anemia repair,-0.0585666281422326,-0.029638860658308938,0.07126843057703458,0.36108361792190724,1.0,1.0,0.12789266309029493,0.4462448485638665,0.1306513164433003,0.4590508409952051
Dasatinib,Immune system,0.08471585027604528,0.059408201122952115,0.00907949736625735,0.06735194761082264,1.0,1.0,0.022873349134225247,0.11311673252586879,0.02456621318374622,0.11896321533057662
Dasatinib,NeST:80,-0.040239781477221556,-0.0006584034121396606,0.21522199252470608,0.9834741321275338,1.0,1.0,0.30609604501828047,0.9834741321275338,0.31857718667498863,0.9866122116812273
Dasatinib,TGF-beta/Smad signaling,-0.10187855410408954,-0.11666794673806608,0.0017028914503591785,0.0003259279742893195,0.2230787799970524,0.04269656463190086,0.005440945853586644,0.0011860156842194683,0.006139782935698689,0.001243589261123326
Dasatinib,Extended PRC1 complex,-0.15233183941968048,-0.1327100977688793,2.711543746869438e-06,4.353656890354607e-05,0.0003552122308398964,0.005703290526364535,2.5372302202849744e-05,0.0001839771137536947,2.4638998670975472e-05,0.00020865697047675128
Dasatinib,TNFR/Traf signaling,-0.05608876116546284,-0.07353505275789488,0.0840868831063617,0.02349485174991206,1.0,1.0,0.1421126576668296,0.05216653524133017,0.15087704941979121,0.05087315007005752
Dasatinib,Lymphoid JAK/STAT signaling,-0.04331095570138811,-0.05275384996781743,0.18223024042634095,0.10411220887670658,1.0,1.0,0.2652462388427852,0.1643216790704646,0.27947896385386145,0.1699526400354961
Dasatinib,Positive regulators of transcription,0.14127958714211766,0.1792790229655306,1.354596449387735e-05,3.364998191202062e-08,0.0017745213486979328,4.408147630474701e-06,8.872606743489663e-05,1.1020369076186753e-06,0.00010092064542357911,4.2318217252557134e-07
Dasatinib,RTK-JAK-STAT signaling,0.006236692937903144,0.0032588460077605567,0.84770499872029,0.9203948025879056,1.0,1.0,0.8744043687587243,0.9493836152678397,0.8895809465876474,0.938301316256931
Dasatinib,Nucleolus,0.04483916032964506,0.033882166132739845,0.16730198114545414,0.2968905470803944,1.0,1.0,0.24905181284152833,0.38130060458364384,0.2606528388113517,0.39285516835890577
Dasatinib,Mediator complex,0.07301790278058164,0.09948275201471284,0.024526929316146973,0.0021869012474529104,1.0,0.28648406341633126,0.05355046234025422,0.006366312520362917,0.0560411815188707,0.006714470236320264
Dasatinib,G1/S phase,-0.055838002547506635,-0.05215965423726086,0.08548205706931356,0.10806855947884597,1.0,1.0,0.1421126576668296,0.16853549156820027,0.15245959669160752,0.17531865376753958
Dasatinib,Polybromo- and BAF containing complex,-0.07771890058588586,-0.06565575200229118,0.016683279781776417,0.04311329816899545,1.0,1.0,0.039736539116594735,0.07954707126955499,0.04034787048761927,0.08305650088438829
Dasatinib,Nuclear pore,0.003900738125240879,0.06303327934872767,0.904400103885435,0.05226198088207479,1.0,1.0,0.904400103885435,0.0937851985692027,0.9304430388140732,0.09654034541318633
Dasatinib,p53 regulation,0.05726109916740028,0.03692337784191159,0.07781693303363268,0.25562482261584996,1.0,1.0,0.13775700307305247,0.3382510279058217,0.14174764626752095,0.349566434090219
Dasatinib,Cell projection morphogenesis,0.015235329460562011,0.022681841140398406,0.6389358071732891,0.4850781805977964,1.0,1.0,0.7393377960055454,0.5776840150755576,0.7358293691402275,0.5768100604385294
Dasatinib,Histone methyltransferase complex,-0.22288524753048886,-0.15019623931934958,6.675104913256291e-12,3.720222507608284e-06,8.744387436365741e-10,0.0004873491484966852,3.2663708774786454e-10,3.171857659432786e-05,2.7613855062207605e-10,2.542691209547923e-05
Paclitaxel,Cell,0.22427722635390018,0.2050275827907385,3.623122246665389e-09,6.980034217285436e-08,4.7462901431316595e-07,9.14384482464392e-06,6.780414490188085e-08,5.079913791468845e-07,8.021898833461959e-08,8.250085556069703e-07
Paclitaxel,Signaling pathways,-0.1490538039545331,-0.007247806526512529,8.831205446790946e-05,0.8488382698113806,0.01156887913529614,1.0,0.0005508990064426733,0.8895825067623269,0.0005103917265571826,0.8813565126443133
Paclitaxel,Chromatin binding,0.07576242000749905,0.16906813153752234,0.04619853534958285,8.746558221695011e-06,1.0,0.0011457991270420465,0.09169709289083869,4.5831965081681856e-05,0.09146611784577359,5.413224222245889e-05
Paclitaxel,CDK holoenzyme complex II,0.07307291219358203,0.1491713047825723,0.054502381369007535,8.752186382698923e-05,1.0,0.01146536416133559,0.10656435760208936,0.00034743527761622997,0.10499723469617628,0.0003897574219150909
Paclitaxel,MAPK and MAP2K activation,0.017523670974223502,0.017213617120331984,0.6444447628984264,0.6507861902997079,1.0,1.0,0.7405461749095953,0.7286580421304422,0.7394650856031579,0.7179199236148356
Paclitaxel,Ubiquitin regulation of p53 activity,-0.09919922300738614,-0.0613503369579397,0.009077392534430073,0.10666732556498815,1.0,1.0,0.029003376146593648,0.19407527290296456,0.02456621318374622,0.17340334621319684
Paclitaxel,HDACs deacetylate histones,-0.03161502607994501,0.0052928281426890475,0.40586398954897174,0.8893040939558552,1.0,1.0,0.5063636441039552,0.9173136717182444,0.521256692459954,0.9132314093995099
Paclitaxel,EMT,-0.018807639005330935,-0.008231208969161028,0.621114591255759,0.8286277824258834,1.0,1.0,0.7243524532317883,0.8754051572402478,0.7226152225284211,0.8660923364185431
Paclitaxel,Metabolic pathways,-0.09219232336439247,0.03711880896169014,0.015317004385670963,0.3290027561103459,1.0,1.0,0.0451809093604422,0.4473642083279328,0.03768126900512481,0.42672634703421103
Paclitaxel,CDK holoenzyme complex I,0.016644158689037354,0.1135225515878845,0.6611282380864378,0.002832611755889447,1.0,0.37107214002151756,0.7466189585286497,0.008433457727761762,0.7536574258679335,0.008433457727761762
Paclitaxel,Transcription factor (TF) binding,-0.03202809821006111,0.019827346058793143,0.3997539509517489,0.602085034042942,1.0,1.0,0.5035362266796068,0.6799408574105639,0.5142497634174708,0.6746098884643655
Paclitaxel,Regulation of TP53 Activity,-0.08314500586335256,-0.031218646700647668,0.028757952401541775,0.41166275709680367,1.0,1.0,0.06923715103539121,0.5287041292125616,0.06305090819417528,0.5103579291452487
Paclitaxel,Regulation of E2F transcription via DREAM complex,0.2072854170074843,0.19907070380159284,4.9377200106448527e-08,1.649545220416826e-07,6.468413213944757e-06,2.160904238746042e-05,7.187125793271953e-07,1.1373180203926536e-06,8.529775666740338e-07,1.6838214847371756e-06
Paclitaxel,Protein Transport,-0.15075516996604618,-0.09383615002378641,7.327195405015807e-05,0.01360043985828363,0.009598625980570707,1.0,0.0005317084352386134,0.03563315242870311,0.0004346547613843339,0.03224719676805712
Paclitaxel,Extended cohesin complex,0.0636113662711363,0.12385920232699396,0.09414668389116154,0.0011252939869772494,1.0,0.14741351229401967,0.17618879413917374,0.0037798336485646068,0.1642603630154339,0.0037637492500600766
Paclitaxel,PML body,0.3741639399856922,0.3738892913985783,0.0,0.0,0.0,0.0,0.0,0.0,0.0,0.0
Paclitaxel,Extended mismatch repair complex,-0.05437093063833501,-0.0031559091294894462,0.1527653401500937,0.9338557014253905,1.0,1.0,0.2501532444957784,0.9483340843932261,0.24344113399401027,0.9483340843932261
Paclitaxel,Regulation of beta catenin transcriptional activity,-0.0007256003742271907,0.02414531712727645,0.9851692070402498,0.5254572601222298,1.0,1.0,0.9927474317097902,0.6238944193721823,0.989063752797012,0.6132285173809542
Paclitaxel,Fas,0.053223094374559986,0.027315468537503818,0.1613233040960962,0.47255850420809487,1.0,1.0,0.25747793005582226,0.5741687341565773,0.2548746070744354,0.5657745381684121
Paclitaxel,BAF (SWI/SNF) complex,5.877841905926072e-05,0.07490531046693696,0.9983676327245403,0.048860119334809715,1.0,1.0,0.9983676327245403,0.09847193281323188,0.9983676327245403,0.09143822332657246
Paclitaxel,Ribosome biogenesis,0.11750221212562587,0.22635451481381083,0.0019906759214518566,2.6403430553045837e-09,0.2607785457101932,3.4588494024490046e-07,0.007902380173036157,2.3058996016326696e-08,0.006892824996745195,4.109524042513669e-08
Paclitaxel,Homologous recombination,0.12882544219447334,0.1794750201573343,0.0007002044470549862,2.3617070459280853e-06,0.09172678256420319,0.0003093836230165792,0.0035279531755462766,1.2890984292357466e-05,0.002927450507368187,1.703029117522454e-05
Paclitaxel,Cell Proliferation,-0.021626937637516355,0.05281102599154939,0.5697373636371854,0.16489703645448328,1.0,1.0,0.6723927444727142,0.25716085447068227,0.6764555405118243,0.24570439934260446
Paclitaxel,Histone methyltransferase subcomplex,0.08454902541674496,0.1613266767437113,0.02609981868374356,2.2107783032021544e-05,1.0,0.0028961195771948223,0.06704071073667464,0.00011138921450749316,0.058865014305372845,0.00012101372016654992
Paclitaxel,RPA complex associated proteins,-0.05106309340513297,-0.0005713858806427645,0.1793326369267243,0.9880093688805816,1.0,1.0,0.2731694818302428,0.9956094409488936,0.2755727324035294,0.9905184393626066
Paclitaxel,mTOR regulation of autophagy/ribosome biogenesis,-0.0394598272322744,-0.028788661211909202,0.2994718816589397,0.449008634904674,1.0,1.0,0.4108801500775201,0.5601917254524981,0.4115120611607108,0.5458944888400213
Paclitaxel,PIK3/AKT signaling,0.0376564412776,0.028024950456694057,0.32162491144242167,0.46113454889178285,1.0,1.0,0.43163435130270106,0.5698926972153165,0.4373653640030163,0.5557999687570099
Paclitaxel,Locomotion,-0.049034348432557426,0.08142254207620435,0.19724423702874505,0.03225820801147794,1.0,1.0,0.29699994311224825,0.07162415677124763,0.2975700005846327,0.06572398545387871
Paclitaxel,Regulation of adherens junction stability,0.12115077787995578,0.23493406473033665,0.0014345766982546415,6.485865178262884e-10,0.18792954747135804,8.496483383524378e-08,0.006480329223150277,6.535756448864906e-09,0.005395106625972001,1.158611370480597e-08
Paclitaxel,mTOR regulation of mRNA translation,0.014361516541509054,0.04606930719272676,0.7052027435240993,0.22570416989613573,1.0,1.0,0.7763156252240084,0.3359914347317475,0.7890239948895972,0.3173734786442209
Paclitaxel,SMAD-TGFbeta signaling,-0.006393218227219063,-0.008491031437509091,0.866830127092235,0.8233063316821772,1.0,1.0,0.9041695678103574,0.8754051572402478,0.9036186736001283,0.8614214963036134
Paclitaxel,Cellular response to DNA damage,-0.3460654308312401,-0.23775746167510423,0.0,4.041942336385773e-10,0.0,5.294944460665363e-08,0.0,4.412453717221136e-09,0.0,7.475215709174629e-09
Paclitaxel,G1 to S cell cycle control,0.015998153351595452,0.07000156701144523,0.6734910598614201,0.06564285496415767,1.0,1.0,0.7540797336909917,0.12645902941624493,0.7655299682589677,0.11620559459871155
Paclitaxel,EGFR/PI3K signaling,-0.024642319056347006,0.03510956568543482,0.5171377900934102,0.35585781142170014,1.0,1.0,0.6215142247911627,0.4756874826147216,0.6253389277129545,0.4536970637103915
Paclitaxel,H3 acetylation and H3K4 methylation crosstalk,0.05475597270792577,0.05749403212380674,0.14959595238369605,0.1305492843635503,1.0,1.0,0.24806417420587573,0.22210332794318294,0.23947539424355418,0.20399947815059746
Paclitaxel,Histone modifications in DNA damage response,0.07901850361495337,0.11470574258134018,0.0375959987172354,0.002557474125543413,1.0,0.3350291104461871,0.0794367069670619,0.007791374661539235,0.07776435524143954,0.00770181863094683
Paclitaxel,NeST:16,0.07647844006004989,0.11749777045207739,0.04417661588237776,0.002002373183304984,1.0,0.2623108870129529,0.09042401063424196,0.006245497309832212,0.08846578365235393,0.006196320165660305
Paclitaxel,NeST:163,0.04515484084324206,0.054490605539230415,0.23468216266479702,0.1518700829690265,1.0,1.0,0.3454310484167237,0.24725611316748033,0.34190950853481084,0.23156136801872906
Paclitaxel,Transcription coactivator activity,0.19758391840395825,0.24599014895694946,2.0109533038770167e-07,9.872413997413787e-11,2.6343488280788918e-05,1.2932862336612061e-08,2.394862570980811e-06,1.2932862336612062e-09,2.7018962339270684e-06,2.1259499731417086e-09
Paclitaxel,Foxo signaling,-0.04691002415072213,-0.04528587358292011,0.21736755688958853,0.2336919927950194,1.0,1.0,0.32358124946063743,0.3439736073724443,0.3205457780773295,0.3259661159483323
Paclitaxel,Neg Regulation EGFR,-0.03450244834527155,0.033850007222098306,0.36432575791660327,0.3733780296706475,1.0,1.0,0.47726674287075027,0.49406587764499815,0.4804698753732386,0.4714459940901669
Paclitaxel,RNA processing 1,0.012132650490860047,0.05210255365175323,0.7492168720722985,0.17063769213443836,1.0,1.0,0.8111356218303397,0.26298279611307557,0.8184634627502803,0.253058917014469
Paclitaxel,Phosphatase 2A catalytic subunit,0.12356814880607002,0.14058155090288488,0.00114920632422999,0.00021822859959197416,0.15054602847412868,0.028587946546548615,0.005376643874076025,0.0008167984727585318,0.00450511805907617,0.000868494578629325
Paclitaxel,Wnt/beta-catenin,-0.03250815921772926,-0.054056594568996495,0.3927229706174331,0.1551571919803867,1.0,1.0,0.49948261311537606,0.24787307499305677,0.5076977876731948,0.23431231479101736
Paclitaxel,p53 regulation of cell cycle,0.043936145088604286,0.06827435695020775,0.24754871038858672,0.07258464185939362,1.0,1.0,0.36032090067672073,0.13780562439971833,0.35506074154275397,0.12635997453263206
Paclitaxel,Regulation of immune responses,-0.05812426734433058,-0.016777478822089107,0.1263709897214289,0.6590636748521941,1.0,1.0,0.21782367965141033,0.7316723847935376,0.2088908473628667,0.7250161629584668
Paclitaxel,Regulation of beta catenin transcription,0.07925184621874831,0.15432913773770998,0.037035647739787736,4.9399865786670105e-05,1.0,0.006471382418053784,0.0794367069670619,0.00020223070056418074,0.07685438277903843,0.00023250475753486648
Paclitaxel,MDM2-p53 pathway,0.06882673666346888,0.08629282518606368,0.07012251808982706,0.023251790536866546,1.0,1.0,0.13313115753286006,0.05251697517809513,0.1290779841185107,0.05051687119550322
Paclitaxel,RNA metabolism,0.1502527065560338,0.1597605306522366,7.711801732468437e-05,2.6541047148054275e-05,0.010102460269533653,0.00347687717639511,0.0005317084352386134,0.00012417418487125392,0.00045575008734738285,0.00013954022112622514
Paclitaxel,Resolution of D-loop structures,0.03639846081824588,0.03694638722374392,0.33804729175129333,0.33125441380007237,1.0,1.0,0.44731510322645884,0.4473642083279328,0.45380900310250477,0.42893899381689765
Paclitaxel,NeST:195,0.05208599074419573,0.1387115214137919,0.1704619047620861,0.00026455095650290694,1.0,0.03465617530188081,0.2658393990932534,0.0009366533865373192,0.2645272599072057,0.001031945666557245
Paclitaxel,Cohesin,0.016805673102621904,0.08849688122896965,0.6580515081652021,0.019952874002584275,1.0,1.0,0.7466189585286497,0.0484041943396026,0.751239630236527,0.044510660637107
Paclitaxel,Oncogene induced senescence,0.006218582468356285,0.072648648126318,0.8696592789626338,0.056073243108902826,1.0,1.0,0.9041695678103574,0.11129689162524652,0.9047679593178427,0.1023776285333278
Paclitaxel,Cytoplasm/extracellular space,-0.09727437473244904,-0.0060652284919746734,0.010512821890502622,0.8732732067632814,1.0,1.0,0.03278999208704389,0.9079269054443639,0.027868728519173897,0.9013693243807475
Paclitaxel,Extracellular matrix organization,0.08207394999838385,0.10437179607275059,0.030802740614402246,0.006056597069487468,1.0,0.7934142161028583,0.07079226351731042,0.016529462835476214,0.06596990224228927,0.015894775614748412
Paclitaxel,MHC class I including non-classical MHCs,0.09942586413843434,0.12062746657372767,0.008894389600607955,0.0015129769952650918,1.0,0.19819998637972702,0.029003376146593648,0.004954999659493175,0.024201398334243777,0.0048837778984737665
Paclitaxel,Endoplasmic Reticulum protein processing,-0.05948834499085065,0.056600085626755184,0.11771074711678264,0.1366372829917406,1.0,1.0,0.20951192260990692,0.22948056502458997,0.1972721689419854,0.2120373236554948
Paclitaxel,Regulation of androgen receptor signaling pathway,0.10333107376468997,0.08027522720764546,0.0065515054280380625,0.03477016537476363,0.8582472110729862,1.0,0.02258545292297332,0.07467035514908255,0.018556696455632134,0.06949929890792816
Paclitaxel,RAS-RAF-MAPK,0.05748325632102882,0.0891074604239469,0.13035422301192168,0.01911454457587114,1.0,1.0,0.22177147031898364,0.047245383763002254,0.214572605837425,0.04297811188214896
Paclitaxel,Structural constituent of muscle,-0.07618745579134982,-0.09288271045529795,0.045096091487315304,0.014582941298412422,1.0,1.0,0.09088596899751238,0.036737794424846676,0.08996326880464424,0.03406297729733184
Paclitaxel,Beta-catenin,0.05299389849152695,0.041030316154835156,0.1631348717147576,0.2805935691847501,1.0,1.0,0.25747793005582226,0.3910399740766198,0.256961942220039,0.37476048492644615
Paclitaxel,Actin filament-based process,0.05897379056049308,0.07535853950206535,0.12068187628817717,0.04750957950695378,1.0,1.0,0.21079101058334945,0.09724617055329601,0.20082719007300118,0.08933619495805185
Paclitaxel,MutS homologs,0.11060680067673472,0.15848243919573732,0.0036117108573299195,3.0773004593420694e-05,0.47313412231021945,0.004031263601738111,0.012787408711087012,0.00013900908971510727,0.011466293210575289,0.00015860709252740109
Paclitaxel,Beta-catenin destruction complex,0.09197235347314334,0.15488137766627214,0.015520159703968694,4.6417252766772776e-05,1.0,0.006080660112447234,0.0451809093604422,0.0001976938559133587,0.0381213922728731,0.0002197828956306229
Paclitaxel,Epithelial differentiation,0.009234859424984249,0.023959842970021045,0.8076643898543068,0.5286433629794827,1.0,1.0,0.8601954070806032,0.6238944193721823,0.8596130134400611,0.6137572870042443
Paclitaxel,Lymphocyte activation,0.02370009792989188,0.004923141802420841,0.5326433687491239,0.8969912586752344,1.0,1.0,0.6343298300557748,0.9180144913004352,0.6377116341764073,0.9204113959774598
Paclitaxel,PI3-K/Akt,-0.009737448777274905,0.04292316934951574,0.7982113688482484,0.25899741836190726,1.0,1.0,0.857095814091152,0.3728424374220863,0.8530171800336143,0.3528110413040886
Paclitaxel,MAPK signaling,-0.03376567959067712,-0.031488709188564265,0.3746638660913173,0.4076291669088099,1.0,1.0,0.48595016295012444,0.5287041292125616,0.48921244680793796,0.50588190995459
Paclitaxel,RNA processing 2,0.04035524013093226,0.11851560676334544,0.28818061451277166,0.0018292076204085017,1.0,0.23962619827351372,0.4059318333459471,0.005844541421305213,0.3991364986908168,0.005728116293390767
Paclitaxel,Contractile fiber,0.08041783383110256,0.054871108801578056,0.03434103020655188,0.14903078517410262,1.0,1.0,0.07497791595097161,0.24712699820009423,0.07236474461755972,0.22841784242514337
Paclitaxel,MutL alpha/beta complex,0.1370124777628241,0.1877897718213555,0.0003123035732546242,7.877621095442322e-07,0.04091176809635577,0.00010319683635029442,0.0016364707238542308,4.914135064299734e-06,0.0014654961706157292,6.683210566422881e-06
Paclitaxel,NeST:29,0.018570278284455292,0.02096265414384386,0.6248231085129166,0.581455388490951,1.0,1.0,0.7243524532317883,0.6681636481781981,0.7259585562323022,0.6585359299047371
Paclitaxel,RBL-TP53 complex,0.059346996978175,0.10918940077208306,0.11835024635979474,0.00408668671438539,1.0,0.5353559595844861,0.20951192260990692,0.011638173034445351,0.1981326808068129,0.01147191341966756
Paclitaxel,Regulation of cellular homeostasis,-0.10006997255217935,0.04138226274289308,0.008487579251425847,0.27648821405829604,1.0,1.0,0.028509561075302205,0.3910399740766198,0.023244729239096575,0.3708527922351889
Paclitaxel,Mismatch and excision repair,-0.13784765210787503,-0.09329285208414324,0.00028801655710664065,0.014152877415991583,0.037730168980969925,1.0,0.0015720903742070802,0.03635346944107642,0.00137617637620559,0.0332064526834907
Paclitaxel,Extracellular matrix,0.08280691725850721,0.06372663445675723,0.029339556863246186,0.09376944827121081,1.0,1.0,0.06923715103539121,0.17301123554265657,0.06414712571491377,0.15648149966278493
Paclitaxel,Ubiquitin/Proteasome System,-0.07062996083864725,-0.05807601858808735,0.06323201712529936,0.12669900967315662,1.0,1.0,0.12181462122667965,0.22130093689578023,0.11814136358047937,0.19945687677541357
Paclitaxel,Ribosome abundance control,0.051731147609348854,0.16055946851702377,0.17339164171928134,2.4183306662317605e-05,1.0,0.0031680131727636063,0.2672271184144218,0.0001173338212134669,0.26801539899971516,0.00012930666011280026
Paclitaxel,Epigenetic modification,-0.08146762723932077,0.04122476835741649,0.03214024441787666,0.2783202507535867,1.0,1.0,0.0725926210127904,0.3910399740766198,0.06820289950437712,0.3725440482419341
Paclitaxel,Spliceosomal complex,0.06193368658453154,0.18433733480126177,0.10314724257829844,1.2497344985540337e-06,1.0,0.00016371521931057842,0.18767067746884855,7.441600877753564e-06,0.17721034462632254,9.872274531291161e-06
Paclitaxel,Interferon signaling,-0.013869763859632196,-0.02131748524445631,0.7155809458540321,0.5750726290110446,1.0,1.0,0.7811758658906517,0.6666771185880253,0.7944161348040526,0.6541347125943286
Paclitaxel,Transmembrane tyrosine kinase signaling,-0.11581381653699777,-0.08690708213454794,0.0023175037664209253,0.02228758975122136,0.3035929934011412,1.0,0.008674085525746892,0.05194124840628595,0.007885532296133538,0.0488648411282008
Paclitaxel,Regulation of mRNA processing,0.2276876872103826,0.29724725197897395,2.09506612058874e-09,5.329070518200751e-15,2.7445366179712494e-07,6.981082378842984e-13,4.574227696618749e-08,1.163513729807164e-13,4.91558797248582e-08,2.7023544692295423e-13
Paclitaxel,Nucleus,-0.14977155435168565,-0.0327317898739331,8.164227497031717e-05,0.38936872844088155,0.01069513802111155,1.0,0.0005347569010555775,0.5100730342575548,0.0004806803604993955,0.4888878922596372
Paclitaxel,Actin filaments,0.11700246644184534,0.15481196908292907,0.0020806431169144712,4.678251552148183e-05,0.27256424831579573,0.006128509533314119,0.008016595538699874,0.0001976938559133587,0.007172743376731467,0.000220847190389698
Paclitaxel,Transcription elongation,0.09056684931699639,0.12992388997286466,0.01717062395062663,0.0006339570470681455,1.0,0.08304837316592706,0.04686149453191851,0.0021854835043665015,0.041146678125586984,0.0022458054887968897
Paclitaxel,Type I interferon signaling pathway,0.2784726954465447,0.2980777031434192,2.3669954885008337e-13,4.6629367034256575e-15,3.100764089936092e-11,6.108447081487611e-13,6.2015281798721846e-12,1.163513729807164e-13,1.3288988956868967e-11,2.4433788325950447e-13
Paclitaxel,Nuclear transport,0.0773950812594501,0.1407578667327797,0.04169765211158416,0.00021427837196008603,1.0,0.02807046672677127,0.08670464169234167,0.0008167984727585318,0.08446998597862153,0.000854938072896587
Paclitaxel,Mediator/CCR-NOT complex,-0.09089684221698395,-0.037063426320643425,0.01681557398778999,0.32972228954606453,1.0,1.0,0.04686149453191851,0.4473642083279328,0.04048098362757406,0.4273070397085024
Paclitaxel,Apoptosis Regulation,-0.08097061941848505,-0.10546931704333713,0.033205699344601936,0.005544514058101857,1.0,0.7263313416113433,0.07372790871428564,0.01545385833215624,0.07025485783272442,0.014722932600229931
Paclitaxel,Actin cytoskeleton,0.20230656373628542,0.2687784110965467,1.0231678082561757e-07,1.5700774014248964e-12,1.3403498288155902e-05,2.0568013958666143e-10,1.3403498288155903e-06,2.5710017448332678e-11,1.5615726160958333e-06,5.7399108721859e-11
Paclitaxel,NeST:49,0.14768460096155223,0.13897220923590634,0.00010206683446600806,0.0002575818244312522,0.013370755315047056,0.03374321900049404,0.0006040239933048798,0.0009366533865373192,0.0005730323706448739,0.0010072602686714638
Paclitaxel,Cell motility,-0.08873588983895926,-0.029101126034377187,0.019602656065935253,0.4441013653656083,1.0,1.0,0.052407100910969756,0.5593969121432182,0.046199963021964344,0.5411732154454633
Paclitaxel,Checkpoint-regulated DNA repair,-0.11088338354673435,-0.08051529076499508,0.003539830100240282,0.03423072210733569,0.46371774313147696,1.0,0.012787408711087012,0.07467035514908255,0.011287247297317898,0.06881163063009169
Paclitaxel,ECM-cytoskeleton assembly,0.1564175427951446,0.30437618053183346,3.865721938334232e-05,1.1102230246251565e-15,0.005064095739217844,1.454392162258955e-13,0.00031650598370111527,3.6359804056473877e-14,0.00025007880193668366,6.233109266824093e-14
Paclitaxel,INSR-FOXO,-0.03000784149756652,0.01010174324795104,0.43016225284092524,0.7905113405693507,1.0,1.0,0.5316156143600114,0.8515948215477276,0.5449618061887472,0.8356986061701542
Paclitaxel,Integrator-PP2A complex,-0.03932694708024888,-0.022758659829506558,0.3011030107438315,0.5495092810389335,1.0,1.0,0.4108801500775201,0.6427296055008954,0.4126712579680062,0.6351680807302967
Paclitaxel,Cell-extracellular matrix interactions,0.2121686498942838,0.22894819639001812,2.3776639324069038e-08,1.7362837834156153e-09,3.114739751453044e-06,2.274531756274456e-07,3.893424689316305e-07,1.62466554019604e-08,4.3461484903995964e-07,2.8730927447677338e-08
Paclitaxel,Histone deacetylase binding,-0.11996958217996452,-0.09875283772936652,0.0016020702646184493,0.009405756216607442,0.20987120466501685,1.0,0.006995706822167228,0.02514600131378724,0.00591186492014132,0.0232848012165463
Paclitaxel,Histone acetyltransferase complex,0.18255277618902543,0.24505686491993567,1.5638455341804303e-06,1.160975759972871e-10,0.00020486376497763636,1.520878245564461e-08,1.5758751152125875e-05,1.3826165868767828e-09,1.5531588732246887e-05,2.466289046861288e-09
Paclitaxel,Cyclin D associated events in G1,-0.08360763453897357,-0.059944028918392164,0.02788083515436246,0.11493983187481804,1.0,1.0,0.06923715103539121,0.20626189007672827,0.062080273176569105,0.1843728731706265
Paclitaxel,Chromosome centrometric region,0.1473307217916187,0.19306208386850054,0.00010605001409169645,3.8339437802292764e-07,0.013892551846012235,5.022466352100352e-05,0.0006040239933048798,2.511233176050176e-06,0.000591172418979244,3.4913704068252898e-06
Paclitaxel,Transcription,0.06277314133213648,0.053229280311954265,0.09856165547181805,0.16157692888734232,1.0,1.0,0.18185319530715724,0.25501900824387763,0.17082571378357,0.24190374496276393
Paclitaxel,Nuclear receptor signaling,-0.03941076883228388,-0.048733731439333544,0.3000733951008563,0.1999929067616235,1.0,1.0,0.4108801500775201,0.30464035797410094,0.41197849528257297,0.2871131045016184
Paclitaxel,Culin-RIng uniqutin ligase complex,-0.09158902605848285,-0.0543558988029345,0.01599959450323185,0.1528835508898161,1.0,1.0,0.04556406260702984,0.24725611316748033,0.03911564939203805,0.23175789970953797
Paclitaxel,Actin and actin-associated proteins,0.1614798191122252,0.21074576836599793,2.1517315303309914e-05,2.989380987195034e-08,0.0028187683047335987,3.916089093225494e-06,0.00020134059319525704,2.3035818195444085e-07,0.0001496691135256778,3.789763638605317e-07
Paclitaxel,Mitosis,-0.12751061936001473,-0.08759630035304271,0.0007967799617796256,0.02124762189456586,0.10437817499313096,1.0,0.0038658583330789245,0.050607972148875045,0.0032533457140716143,0.04697786444199372
Paclitaxel,PcG protein complex,0.08492428953547315,0.1130517630825805,0.02544392664156825,0.0029494118144188786,1.0,0.3863729476888731,0.06666308780090882,0.00858606550419718,0.05746817913871449,0.008704102774712183
Paclitaxel,Protein nuclear transport,0.1540578392235575,0.18191492115797891,5.050330448530538e-05,1.7194169077416888e-06,0.0066159328875750045,0.00022524361491416123,0.0003891725227985297,9.793200648441793e-06,0.00031504442321785735,1.2938209781693165e-05
Paclitaxel,Metabolism,-0.11913619148301799,-0.07980314067169192,0.0017267275426335882,0.03585079756810883,0.22620130808500005,1.0,0.007296816389838711,0.07574926582939122,0.006169126584136365,0.07133854908489504
Paclitaxel,Regulation of nuclear protein ubiquitiation,-0.01464796232122574,0.0099745723007038,0.7003536985327372,0.7930883070902501,1.0,1.0,0.7763156252240084,0.8515948215477276,0.7863971529239021,0.8378594212001835
Paclitaxel,EGFR-MAPK signaling,-0.04096915629805834,0.02519971463517298,0.2813586020987131,0.5075331781831951,1.0,1.0,0.4006301834231676,0.609971067357785,0.3924540572308581,0.5962945860268929
Paclitaxel,Ubiquitin regulation of mitophagy,-0.11860247483549724,-0.06572599827751333,0.0018111817375274786,0.08391227885491404,0.2372648076160997,1.0,0.007414525238003115,0.1570358361427677,0.006407167982929844,0.14338054604339656
Paclitaxel,NeST:78,0.16069534619347126,0.21234468973137327,2.358848698791327e-05,2.349068473073146e-08,0.0030900917954166385,3.077279699725821e-06,0.00020600611969444257,1.9232998123286382e-07,0.0001612221806304333,3.0268324915335943e-07
Paclitaxel,Homologous recombination (HR) and Fanconi Anemia repair,-0.08337445793616151,-0.020042819146615518,0.02831999862057888,0.5981407131234413,1.0,1.0,0.06923715103539121,0.6799408574105639,0.06248220053874909,0.6721066483417082
Paclitaxel,Immune system,-0.08271340593161794,-0.014873520254073635,0.0295975607479535,0.6956958543364813,1.0,1.0,0.06923715103539121,0.7658500581351181,0.06435320262210636,0.7578890388197842
Paclitaxel,NeST:80,-0.005517411044825822,0.24657026048806963,0.8849900199801439,8.923484173806173e-11,1.0,1.1689764267686087e-08,0.9057319735734286,1.2932862336612062e-09,0.9141949538026439,1.948294044614348e-09
Paclitaxel,TGF-beta/Smad signaling,0.006412431417636918,-0.029237635591019676,0.8656465215944016,0.4419671258175728,1.0,1.0,0.9041695678103574,0.5593969121432182,0.9029836310195085,0.5390010254346195
Paclitaxel,Extended PRC1 complex,-0.0012518115211648877,0.07078272906761521,0.9741277804920547,0.06268810486176446,1.0,1.0,0.9892305367787533,0.1225692796550917,0.9822507190080243,0.11223883922858056
Paclitaxel,TNFR/Traf signaling,0.0058640352194571374,-0.027265818865159205,0.8770071788469564,0.47336048312145307,1.0,1.0,0.904629452196467,0.5741687341565773,0.9088037476251914,0.5663034090311447
Paclitaxel,Lymphoid JAK/STAT signaling,-0.09272165553731637,-0.0476745023729082,0.014739352074294665,0.20994494755831505,1.0,1.0,0.04490360748215352,0.3161240014958537,0.0366038885636512,0.2996156799288256
Paclitaxel,Positive regulators of transcription,0.19606168986895547,0.3326577083802517,2.492326047764948e-07,0.0,3.2649471225720816e-05,0.0,2.720789268810068e-06,0.0,3.237964088501238e-06,0.0
Paclitaxel,RTK-JAK-STAT signaling,0.037557136446603884,0.08670545470698725,0.3229020337989672,0.02260039052792595,1.0,1.0,0.43163435130270106,0.05194124840628595,0.43834369355092956,0.04934418598597166
Paclitaxel,Nucleolus,-0.024658888132969722,0.05810572906739887,0.5168558658683127,0.1265062305987521,1.0,1.0,0.6215142247911627,0.22130093689578023,0.6253389277129545,0.19945687677541357
Paclitaxel,Mediator complex,0.28606678729755775,0.2856575329297756,5.240252676230739e-14,5.81756864903582e-14,6.864731005862268e-12,7.621014930236925e-12,1.716182751465567e-12,1.0887164186052749e-12,3.5815987856672704e-12,2.5403383100789747e-12
Paclitaxel,G1/S phase,0.04304748188064606,0.07874257751821011,0.2572369810974309,0.03838494088117872,1.0,1.0,0.37030818157981804,0.07981630564181606,0.3646316810506414,0.0757103225410451
Paclitaxel,Polybromo- and BAF containing complex,0.02670723447030104,0.04342374044694512,0.48200312793469546,0.2534840867077819,1.0,1.0,0.5901159790602346,0.3689601706524381,0.5942815036183069,0.34801483345382805
Paclitaxel,Nuclear pore,0.31033175771947213,0.36437505124516834,2.220446049250313e-16,0.0,2.90878432451791e-14,0.0,9.695947748393033e-15,0.0,2.053259523189113e-14,0.0
Paclitaxel,p53 regulation,-0.033048824063666084,-0.00018760148526435945,0.38489477728669397,0.9960616006095926,1.0,1.0,0.49432564533879325,0.9960616006095925,0.4996321964448248,0.9960616006095926
Paclitaxel,Cell projection morphogenesis,-0.053828185370152576,-0.012724486288145065,0.1569062130624692,0.7379093329788917,1.0,1.0,0.2537619001380675,0.8055510218352901,0.2486457327965742,0.791804417367111
Paclitaxel,Histone methyltransferase complex,0.05654267247635372,0.05778086084094646,0.13676074047181408,0.12864115929654618,1.0,1.0,0.22968791027958518,0.22173673510325723,0.22301647720092505,0.20174080912153647
Fedratinib,Cell,-0.06828602406167382,-0.03328203526816686,0.056215212019433025,0.3519817839721504,1.0,1.0,0.12696884094044356,0.5205707646540356,0.10776867474944965,0.45025890754466186
Fedratinib,Signaling pathways,0.23425912715701208,0.2079581477513767,5.751354947847176e-11,6.105113747878477e-09,7.5342749816798e-09,7.997699009720804e-07,7.5342749816798e-09,7.997699009720804e-07,1.845128566941992e-09,8.646161091590059e-08
Fedratinib,Chromatin binding,-0.041199357299044934,-0.023170066035053012,0.24932236426597543,0.5169582878399326,1.0,1.0,0.38678181850952836,0.6511686125676074,0.3559807053824826,0.6046565688127783
Fedratinib,CDK holoenzyme complex II,-0.021374561673594913,-0.019397143146005748,0.5500545435635147,0.5874343970513467,1.0,1.0,0.6610747266680773,0.6995809637611493,0.6565571317250153,0.6634848512513165
Fedratinib,MAPK and MAP2K activation,0.0710125917023556,0.08417875532964485,0.047083706333723496,0.018611499434379786,1.0,1.0,0.11422158388366255,0.08391008138108465,0.09298440497061977,0.04209680159833817
Fedratinib,Ubiquitin regulation of p53 activity,0.08023225240121853,0.10715929244528911,0.024875145093719242,0.0027380366884974805,1.0,0.35868280619316995,0.07839344206393288,0.01887804243121947,0.05675432233283984,0.008182877707828972
Fedratinib,HDACs deacetylate histones,0.03820448654389035,0.033183473257521766,0.2854287649520679,0.35367021415426847,1.0,1.0,0.4224479790442251,0.5205707646540356,0.3967232701190546,0.4516405984163363
Fedratinib,EMT,-0.007754972491497674,-0.010817952696821167,0.8283152054187872,0.76211831993621,1.0,1.0,0.889420425490665,0.7995958150715293,0.8762231544385223,0.8138926623231808
Fedratinib,Metabolic pathways,-0.012716334219869509,0.02028549614442746,0.7221499898405184,0.5707878897608141,1.0,1.0,0.8155314540440336,0.692344569987654,0.7994505521333063,0.6505666629442416
Fedratinib,CDK holoenzyme complex I,-0.0860918839433851,-0.0454239137634701,0.01607400782361501,0.20400791723989542,1.0,1.0,0.05706531247020261,0.38178624512037573,0.03923655325888633,0.2920769088352601
Fedratinib,Transcription factor (TF) binding,-0.023034196947395752,-0.025177439011331893,0.5195214604967009,0.4813309862967614,1.0,1.0,0.6301602900469242,0.6121782447075315,0.6272563255766619,0.5728603355122599
Fedratinib,Regulation of TP53 Activity,0.042163026364235995,0.020794417774430952,0.23844292898452357,0.5611596002409711,1.0,1.0,0.3847044207119267,0.6892801501032246,0.3454675431923236,0.6436538665252557
Fedratinib,Regulation of E2F transcription via DREAM complex,-0.09260578666847409,-0.07217065023534855,0.009615307044435362,0.04359105728676527,1.0,1.0,0.044985900815036874,0.1359625834420536,0.025838055852739125,0.08377156730415036
Fedratinib,Protein Transport,0.14844956191782507,0.08182900512133985,3.313857794973174e-05,0.02216502561930911,0.004341153711414858,1.0,0.00048235041237942866,0.09265729655022327,0.00021796587672375856,0.048732056326648836
Fedratinib,Extended cohesin complex,0.0017939088006779054,-0.06355623587746835,0.960017109482922,0.07554196133746705,1.0,1.0,0.9749010956764557,0.20616660281683716,0.9723884639865678,0.1310728070888501
Fedratinib,PML body,-0.04523619629002644,-0.016300532952034315,0.20591779888492123,0.6484025761707968,1.0,1.0,0.3549372586042721,0.7137877099023057,0.30799503315613336,0.7157927315593346
Fedratinib,Extended mismatch repair complex,0.010490828077910805,0.0759865290284794,0.7692886413896882,0.033654783791979614,1.0,1.0,0.8540407798478742,0.11021941691873324,0.8336478868608248,0.06801333792081671
Fedratinib,Regulation of beta catenin transcriptional activity,0.0009856580187359077,0.010795827226124361,0.978034842336164,0.7629731059842837,1.0,1.0,0.9855581872772113,0.7995958150715293,0.9836665208908828,0.814252357506649
Fedratinib,Fas,0.02881273593602563,0.0008633016131996396,0.4204724124618062,0.9809444608947857,1.0,1.0,0.5649898304649192,0.9809444608947858,0.5372313613931847,0.9853320719019828
Fedratinib,BAF (SWI/SNF) complex,-0.06612941202487102,-0.04808222432394878,0.06444874671443168,0.17877494016434214,1.0,1.0,0.13617396483210567,0.3444046641401297,0.12003947960744012,0.26213635490413595
Fedratinib,Ribosome biogenesis,-0.09158466162790048,-0.05326213361104014,0.010442736116439644,0.13639345789442947,1.0,1.0,0.04717235969839977,0.2779885941732304,0.027729697930816085,0.21186809862652484
Fedratinib,Homologous recombination,-0.07776912659126656,-0.03271862812040403,0.02966615805445283,0.36019142507181146,1.0,1.0,0.08534901272308967,0.5242786298267478,0.06441326030607714,0.4584784779051721
Fedratinib,Cell Proliferation,0.034515244582452094,0.0028224643690113868,0.33452026330647144,0.9373036860488242,1.0,1.0,0.481562137287338,0.944513714403046,0.45061341381128805,0.9512210422651721
Fedratinib,Histone methyltransferase subcomplex,0.01812902620728988,0.020696826940747745,0.6122417217032248,0.5629998172598858,1.0,1.0,0.7161041566350218,0.6892801501032246,0.7134499529410447,0.6450019316935897
Fedratinib,RPA complex associated proteins,0.025337397037397683,0.027361491488754518,0.47867923442013893,0.44443678189573355,1.0,1.0,0.6029517279715212,0.5880931154377889,0.5915752802739453,0.5411732154454633
Fedratinib,mTOR regulation of autophagy/ribosome biogenesis,-0.0286751008492743,-0.03346080653507468,0.42266414798138996,0.349401791147395,1.0,1.0,0.5649898304649192,0.5205707646540356,0.5384343927283185,0.44800947445652933
Fedratinib,PIK3/AKT signaling,-0.04246879495335498,-0.06143598225584985,0.2350338329479893,0.08581821627811292,1.0,1.0,0.3847044207119267,0.2077815165026373,0.3421048012909622,0.14600241990172458
Fedratinib,Locomotion,-0.049573669889439474,-0.030710881614524423,0.16570113766623162,0.39041350297964383,1.0,1.0,0.2933357977604911,0.5499372998960574,0.2589286167110498,0.4898084809928173
Fedratinib,Regulation of adherens junction stability,0.026698873110202474,0.02675082039551306,0.4553675488361817,0.45467167948533094,1.0,1.0,0.5835520466558244,0.5956199001257836,0.5681252275956171,0.5498029847314925
Fedratinib,mTOR regulation of mRNA translation,-0.07484500908456036,-0.08152599790923032,0.03637072400116326,0.022633843432115608,1.0,1.0,0.09529129688304774,0.09265729655022327,0.07572818295341542,0.049348684986526684
Fedratinib,SMAD-TGFbeta signaling,0.005369024911656615,0.004010388107215945,0.8806893041452071,0.9109254959426916,1.0,1.0,0.9304056358308236,0.9250483718487799,0.9109277515923959,0.9315773619147701
Fedratinib,Cellular response to DNA damage,0.07159901185623385,0.06079278918537179,0.04529083251415367,0.08924451998995764,1.0,1.0,0.1120392856437322,0.2077815165026373,0.09019871603723251,0.15004533200450634
Fedratinib,G1 to S cell cycle control,-0.12631725357217832,-0.1360965061037227,0.0004124808449110784,0.00014166437034579538,0.05403499068335127,0.018558032515299194,0.004502915890279273,0.0018558032515299193,0.001878122971655725,0.0006018821356313253
Fedratinib,EGFR/PI3K signaling,0.032513512859950036,0.02834312727946439,0.3633085009791208,0.42826321393709277,1.0,1.0,0.5173197133507046,0.5783760930490635,0.47953061590191265,0.5263089283106827
Fedratinib,H3 acetylation and H3K4 methylation crosstalk,-0.02832339215000618,-0.07033024499059452,0.428376001832542,0.04923536427247632,1.0,1.0,0.5668409721218485,0.14658710726578178,0.5437257027544136,0.09203090682084752
Fedratinib,Histone modifications in DNA damage response,-0.009802521957679755,-0.019427299435771088,0.7839969087011298,0.5868538945751274,1.0,1.0,0.8630554205029245,0.6995809637611493,0.8452970785172675,0.6634848512513165
Fedratinib,NeST:16,0.0006040120912395819,-0.012098922591219663,0.9865470511359509,0.7349761405578794,1.0,1.0,0.9865470511359509,0.7827794667730261,0.989063752797012,0.7891956919105099
Fedratinib,NeST:163,-0.026492691364540733,-0.014949152660551739,0.4588233649278619,0.675800512342049,1.0,1.0,0.5835520466558244,0.7377488926400702,0.5710770622855099,0.7392890782196945
Fedratinib,Transcription coactivator activity,-0.10331844202450836,-0.1082076157207154,0.0038659163739851454,0.002482017149068705,0.506435044992054,0.32514424652800034,0.020257401799682162,0.018063569251555573,0.012057977261715572,0.007488926983370449
Fedratinib,Foxo signaling,0.10382534404160561,0.0534666784203981,0.0036958368687001197,0.13502601230029487,0.4841546297997157,1.0,0.020173109574988152,0.2779885941732304,0.011648824012600124,0.2103675830882691
Fedratinib,Neg Regulation EGFR,0.002796196890051392,-0.04482484698982456,0.9377032010996129,0.21003592829616147,1.0,1.0,0.9672371601893646,0.387531078968974,0.9565667956707277,0.2996156799288256
Fedratinib,RNA processing 1,-0.040801945251682126,0.005321601515633708,0.2539178350520568,0.8819243425928889,1.0,1.0,0.38678181850952836,0.9025944443724097,0.3605770882582053,0.9091049616760795
Fedratinib,Phosphatase 2A catalytic subunit,-0.042168371286850456,-0.017338447202587016,0.2383618109169312,0.627675963573318,1.0,1.0,0.3847044207119267,0.7059648516908413,0.3454675431923236,0.6973191623584848
Fedratinib,Wnt/beta-catenin,-0.05736386180483707,-0.03710486171187122,0.10872057510278776,0.2994419149992016,1.0,1.0,0.209446990271547,0.4726131429505471,0.185568668905084,0.39556528603255875
Fedratinib,p53 regulation of cell cycle,-0.07070149615901736,-0.079776758789027,0.04805268351453251,0.025704062511371584,1.0,1.0,0.11445275528006835,0.09620663397113365,0.09456879456323891,0.05471679265459657
Fedratinib,Regulation of immune responses,0.13657422099093078,0.11075834975618477,0.00013415330195432063,0.001959282151968278,0.017574082556016002,0.2566659619078444,0.0017574082556016002,0.015097997759284965,0.0007173094920822858,0.006086939808091172
Fedratinib,Regulation of beta catenin transcription,-0.02360089817090869,-0.03377987552001546,0.5092995899816826,0.34482697029694265,1.0,1.0,0.6235350120336488,0.5205707646540356,0.6168096729208051,0.4435908324932846
Fedratinib,MDM2-p53 pathway,-0.030201566108855896,-0.0390969199745203,0.3983961585657547,0.27425113583178673,1.0,1.0,0.5493673344433039,0.4490862349245508,0.5129228183991534,0.36885449436215917
Fedratinib,RNA metabolism,-0.08397630659883122,-0.04321493441069231,0.018870598245364745,0.2268716659012231,1.0,1.0,0.062323978509169244,0.4071258662063045,0.04467557295438762,0.31871515531431877
Fedratinib,Resolution of D-loop structures,-0.08849346462353079,-0.03789089250166719,0.013346724755917583,0.2893235133742893,1.0,1.0,0.054638154469537605,0.46221195429307194,0.03400494540729731,0.38413561066248547
Fedratinib,NeST:195,-0.08984799314562557,-0.06110767463878442,0.011996241523038575,0.08750602538945174,1.0,1.0,0.05069379482316301,0.2077815165026373,0.030914904383961706,0.14791341065829908
Fedratinib,Cohesin,-0.1530120438067818,-0.08982585053935184,1.8826143467043366e-05,0.012018287470797473,0.002466224794182681,1.0,0.00041103746569711347,0.05831095032127663,0.0001321191854026436,0.02920053771884641
Fedratinib,Oncogene induced senescence,-0.02791709573036925,-0.025367291656394602,0.43502995716597637,0.4780320149338695,1.0,1.0,0.569889243887429,0.6121782447075315,0.5479704268148355,0.5712577239733397
Fedratinib,Cytoplasm/extracellular space,0.016702246037484127,0.018277824344468,0.6405126566523256,0.6095184717001088,1.0,1.0,0.7296274610561274,0.7059648516908413,0.7365661274743641,0.6809971837331705
Fedratinib,Extracellular matrix organization,0.002222601004486295,-0.017129868273541207,0.9504682906650319,0.6318183500414798,1.0,1.0,0.9727448912274936,0.7059648516908413,0.9670784161329645,0.7004361398203147
Fedratinib,MHC class I including non-classical MHCs,0.11602788354123873,0.151730238914513,0.0011777562883146242,2.217045254959693e-05,0.15428607376921577,0.002904329283997198,0.009642879610575986,0.00048405488066619967,0.004582754666412349,0.00012101372016654992
Fedratinib,Endoplasmic Reticulum protein processing,0.07215465778388046,0.060706503847603906,0.04364548592091588,0.08969967995338912,1.0,1.0,0.1120392856437322,0.2077815165026373,0.0875136528924487,0.1506494624858202
Fedratinib,Regulation of androgen receptor signaling pathway,-0.05618998322320302,-0.04141008918392747,0.11614833390793255,0.24686538916989287,1.0,1.0,0.2205135035063647,0.4322648754866828,0.19562565165022255,0.3413125697230181
Fedratinib,RAS-RAF-MAPK,-0.048442512779261176,-0.0072816109385404355,0.17556997548342057,0.8384855535036029,1.0,1.0,0.3066622238443746,0.8648945473147399,0.2705843151568011,0.874651154683254
Fedratinib,Structural constituent of muscle,0.07158636857293305,0.09369970112651548,0.045328871290975625,0.008808215202173342,1.0,1.0,0.1120392856437322,0.04615504765938831,0.09019871603723251,0.021978594123518245
Fedratinib,Beta-catenin,0.11097295224122998,0.09390392221021947,0.00191652017435473,0.00866186681807668,0.25106414284046963,1.0,0.01285589244931592,0.04615504765938831,0.0066962415837320205,0.02164778161846827
Fedratinib,Actin filament-based process,0.08682725597587591,0.13770061652305698,0.015193307139706791,0.00011831608803802851,1.0,0.015499407532981735,0.05706531247020261,0.001722156392553526,0.037435546745484445,0.000510969479109288
Fedratinib,MutS homologs,0.03880018538989903,0.041225963992742566,0.27798381251488147,0.24917886349428775,1.0,1.0,0.4185733268902238,0.4322648754866828,0.38912783016330693,0.34390621019580364
Fedratinib,Beta-catenin destruction complex,0.008347164882615207,0.06812925917127229,0.8154765671761219,0.056843823303132535,1.0,1.0,0.8828713247939832,0.16547868561578583,0.8661683537843673,0.10330461298557728
Fedratinib,Epithelial differentiation,0.07750237799048611,0.07639681394191764,0.03023435784124584,0.03270758659481032,1.0,1.0,0.08534901272308967,0.10986394471590134,0.06526669534360625,0.06634364661553784
Fedratinib,Lymphocyte activation,0.1054276922807527,0.09174907974757368,0.003200207648699438,0.010321331136290857,0.4192272019796264,1.0,0.019055781908164836,0.05200362995592701,0.010394062858999001,0.02535176960351442
Fedratinib,PI3-K/Akt,0.06085295727621183,0.05307175802453641,0.08885396354975494,0.13793327191801508,1.0,1.0,0.17636165492451358,0.2779885941732304,0.15641481601367835,0.21383738013325412
Fedratinib,MAPK signaling,0.00302056531683387,-0.03211677232573973,0.9327141647577486,0.36909296469299147,1.0,1.0,0.9672371601893646,0.5313316304921086,0.9522250732775578,0.4675375829954735
Fedratinib,RNA processing 2,-0.0664255991325743,-0.03506314891429886,0.06326216603789447,0.326815383245012,1.0,1.0,0.13585809427810125,0.5036801788834891,0.11814136358047937,0.42458990286046194
Fedratinib,Contractile fiber,0.05332984190313151,0.07446379825815677,0.13592961023826855,0.037378002945147815,1.0,1.0,0.25079970339736873,0.11942727770278937,0.22235311893294293,0.07400279676293749
Fedratinib,MutL alpha/beta complex,0.042120012031829204,0.059686568821832854,0.23892224911005178,0.09522273305122919,1.0,1.0,0.3847044207119267,0.21142674626628852,0.345843255617865,0.1580677258252717
Fedratinib,NeST:29,0.12505354689375603,0.09528976683286244,0.00047126600537250596,0.007724865070104503,0.06173584670379828,1.0,0.00474891128490756,0.04399814452972565,0.002078976522561661,0.019523292427981155
Fedratinib,RBL-TP53 complex,-0.031698295232899576,-0.06136904575139961,0.37543491643968574,0.08616018079155352,1.0,1.0,0.5232124899319024,0.2077815165026373,0.48977899472463565,0.14629346319818123
Fedratinib,Regulation of cellular homeostasis,0.07627468062733496,0.0709924382667629,0.032951065567111915,0.047193592454508826,1.0,1.0,0.08992894977690961,0.1437758281753641,0.06981007422035031,0.08895482894303103
Fedratinib,Mismatch and excision repair,-0.03793880663705079,-0.0354688020606881,0.2887676036164115,0.321251242180018,1.0,1.0,0.4224479790442251,0.5009989610188376,0.39959742331425957,0.41909290681077865
Fedratinib,Extracellular matrix,0.12000289371748202,0.14879018742719285,0.000792624080920401,3.187607963317518e-05,0.10383375460057254,0.004175766431945949,0.006922250306704836,0.0005965380617065641,0.0032448048312678918,0.00016322214066238235
Fedratinib,Ubiquitin/Proteasome System,0.03183192859409354,0.04022774348776043,0.37345451744313896,0.26082732537561903,1.0,1.0,0.5232124899319024,0.4398509963300545,0.4888180694592959,0.35468906184296983
Fedratinib,Ribosome abundance control,0.028765393239432165,0.03032430337974563,0.42123633228717616,0.39668474185053193,1.0,1.0,0.5649898304649192,0.5528266083236136,0.5374866187950007,0.49569826247141185
Fedratinib,Epigenetic modification,0.08420486175701097,0.029203191636124396,0.01855194787731751,0.4143783902931908,1.0,1.0,0.062323978509169244,0.5654538450875832,0.04405387018601681,0.5129156138117291
Fedratinib,Spliceosomal complex,-0.06730888528917635,-0.07655820363140498,0.059830329110927005,0.03230070848099875,1.0,1.0,0.13145721327107543,0.10986394471590134,0.11331720164141838,0.06572398545387871
Fedratinib,Interferon signaling,-0.017342325888512762,0.02588007309227227,0.6277234547069939,0.4694925395027507,1.0,1.0,0.7213313383036509,0.6089457690580232,0.7271785341189347,0.5625322195871373
Fedratinib,Transmembrane tyrosine kinase signaling,0.08008934730227993,0.041086886471405314,0.025133775318207485,0.25077962241975493,1.0,1.0,0.07839344206393288,0.4322648754866828,0.057160880201930164,0.3455088224748946
Fedratinib,Regulation of mRNA processing,0.05042607795884999,0.03935771834174771,0.15856044201462738,0.27128261260524633,1.0,1.0,0.28453997128652314,0.4490862349245508,0.2507615843531129,0.36568752987338843
Fedratinib,Nucleus,0.1713179179462829,0.1593996990808165,1.6663982884690398e-06,8.34045098385694e-06,0.00021829817578944422,0.001092599078885259,5.4574543947361054e-05,0.00027314976972131477,1.607103134646215e-05,5.1822881211949046e-05
Fedratinib,Actin filaments,0.06721122646391947,0.08375278217297608,0.06020941065850782,0.019216049171240757,1.0,1.0,0.13145721327107543,0.08391008138108465,0.11386560194146692,0.04309219585904489
Fedratinib,Transcription elongation,-0.02671713425134098,-0.017858051779171293,0.45502652662974974,0.6174076996876587,1.0,1.0,0.5835520466558244,0.7059648516908413,0.5681252275956171,0.687856062302622
Fedratinib,Type I interferon signaling pathway,-0.0753778613541748,-0.037979543526906336,0.03506063071758447,0.2881969531429873,1.0,1.0,0.09373352293884829,0.46221195429307194,0.07362379193821926,0.38296332235061376
Fedratinib,Nuclear transport,0.08386598300579569,0.040137722853985286,0.019030222445547862,0.26189601308201715,1.0,1.0,0.062323978509169244,0.4398509963300545,0.04498572884872367,0.3558345138849878
Fedratinib,Mediator/CCR-NOT complex,-0.08605643944923692,-0.029772127021977984,0.01611768367479005,0.40505796522828885,1.0,1.0,0.05706531247020261,0.5585536152095352,0.03928216858413947,0.5041576574337847
Fedratinib,Apoptosis Regulation,-0.11222218710874045,-0.07995876731247445,0.0017018804821058442,0.025368642179410816,0.2229463431558656,1.0,0.012387657546635043,0.09620663397113365,0.006139782935698689,0.05425783062045415
Fedratinib,Actin cytoskeleton,-0.1084414152151114,-0.0566404349279063,0.0024282409150078177,0.11323754611488512,0.3180995598660241,1.0,0.01514759808885829,0.24723530901749918,0.008209020899768365,0.18238670337356497
Fedratinib,NeST:49,0.13001139836127915,0.1474209026168488,0.0002777605206725209,3.766595936860462e-05,0.036386628208100236,0.004934240677287205,0.003307875291645476,0.0006167800846609006,0.0013352891085541372,0.00018561406936503592
Fedratinib,Cell motility,-0.17407413143335168,-0.1254711826893434,1.1313856536077083e-06,0.0004511822085440098,0.00014821152062260978,0.059104869319265285,4.9403840207536596e-05,0.004546528409174253,1.1936498305176628e-05,0.0016494382135608917
Fedratinib,Checkpoint-regulated DNA repair,0.017728679697928625,0.01874242046185192,0.6201187083580284,0.6004523445291097,1.0,1.0,0.7188986796009003,0.7059648516908413,0.7220937848435709,0.6737409604566456
Fedratinib,ECM-cytoskeleton assembly,-0.06893500694111052,-0.055573410270470296,0.05391614612899609,0.12019025828820595,1.0,1.0,0.12456039374571103,0.253950384447661,0.10422225032932994,0.19142764541951343
Fedratinib,INSR-FOXO,-0.08809886479883344,-0.06252736104325324,0.013764635062867292,0.08039575569902957,1.0,1.0,0.05464143009804895,0.2077815165026373,0.03495639146821871,0.13782129548405067
Fedratinib,Integrator-PP2A complex,0.10438327135869116,0.11903601472802314,0.0035158499979563995,0.0008754619866138125,0.46057634973228834,0.11468552024640943,0.020025058684012536,0.007645701349760629,0.011241105419874919,0.002959626328939598
Fedratinib,Cell-extracellular matrix interactions,-0.05388014513339197,-0.017678558355035404,0.13192279110254734,0.620946481621484,1.0,1.0,0.24688408049191005,0.7059648516908413,0.21692743474184562,0.6908194402752815
Fedratinib,Histone deacetylase binding,-0.06885420798830008,-0.0840866927340524,0.05419803391988953,0.018715424125337332,1.0,1.0,0.12456039374571103,0.08391008138108465,0.10453902984302618,0.04227104414515846
Fedratinib,Histone acetyltransferase complex,-0.02411117865776998,-0.01792115337972073,0.500186345116012,0.6161657287598659,1.0,1.0,0.6181548227377129,0.7059648516908413,0.6076452353341352,0.6869592380216377
Fedratinib,Cyclin D associated events in G1,0.16016959410566278,0.16636784298608528,7.518574419052015e-06,3.3021892362761207e-06,0.000984933248895814,0.0004325867899521718,0.0001969866497791628,0.00014419559665072393,6.092370611726684e-05,2.2969210085956027e-05
Fedratinib,Chromosome centrometric region,0.021082201936238477,0.06490465283411849,0.5555597783399644,0.0696229221543363,1.0,1.0,0.6616211905685031,0.19405537877059692,0.6621227987493737,0.12242419868749067
Fedratinib,Transcription,-0.10280610232622422,-0.05191879665695988,0.004045718906703355,0.1465573229707553,0.5299891767781395,1.0,0.02038419910685152,0.2908940804419537,0.012559046366547992,0.22498839034182355
Fedratinib,Nuclear receptor signaling,-0.009335240302108456,-0.04370961211192142,0.7940550760564924,0.22159916656579792,1.0,1.0,0.8668434580283376,0.4031873725016601,0.8507266713265479,0.3132678865480525
Fedratinib,Culin-RIng uniqutin ligase complex,0.11072051528376656,0.12789222724744045,0.0019627316716512855,0.0003497385720954149,0.2571178489863184,0.045815752944499355,0.01285589244931592,0.003817979412041613,0.006819207338900222,0.0013184389336546576
Fedratinib,Actin and actin-associated proteins,-0.062417690188054174,-0.022627651250851026,0.08093617104909967,0.5268143835161248,1.0,1.0,0.1656662251161259,0.6572636594344032,0.14607538563626254,0.6134243453067311
Fedratinib,Mitosis,0.024258793940773595,-0.01304417659881875,0.4976006647258042,0.7151553658955239,1.0,1.0,0.6181548227377129,0.7679127289533904,0.6054398180719538,0.7716020831762275
Fedratinib,PcG protein complex,-0.041949490026573305,-0.03180644393345595,0.2408073473158625,0.37373576599274627,1.0,1.0,0.3847044207119267,0.5321672320114105,0.3472927981472806,0.4715189599844279
Fedratinib,Protein nuclear transport,0.044331592395295515,0.11449103105624708,0.21515202351357932,0.0013709681588309763,1.0,0.1795968288068579,0.36603785818544016,0.011224801800428619,0.31857718667498863,0.004480586165659657
Fedratinib,Metabolism,0.08620579122561257,0.07859610642704992,0.01593672162628912,0.028010276676423196,1.0,1.0,0.05706531247020261,0.09917152012463348,0.039022626785866814,0.05870953991378301
Fedratinib,Regulation of nuclear protein ubiquitiation,0.00717277744896483,-0.027835699767863806,0.8410661441267762,0.43628418315577866,1.0,1.0,0.8957696331756722,0.5831962040143572,0.8867578662423153,0.5339320207048094
Fedratinib,EGFR-MAPK signaling,-0.003012903087223762,-0.01692455150300841,0.9328413567731799,0.6359072709886968,1.0,1.0,0.9672371601893646,0.7059648516908413,0.9522250732775578,0.7039762183057967
Fedratinib,Ubiquitin regulation of mitophagy,0.07757744885018808,0.1234963814942479,0.030074671069903136,0.0005554864327150799,1.0,0.07276872268567547,0.08534901272308967,0.005197765906119677,0.0652101833405348,0.0019891222602006963
Fedratinib,NeST:78,-0.06301671801308818,-0.06744298568684375,0.07806436955680995,0.059318448932455414,1.0,1.0,0.16232432399908103,0.16892862630764477,0.14203378349919588,0.10718230082967806
Fedratinib,Homologous recombination (HR) and Fanconi Anemia repair,0.21275577786592087,0.17679920492979387,2.701009860217596e-09,7.704425908361401e-07,3.5383229168850505e-07,0.00010092797939953435,1.7691614584425253e-07,5.0463989699767176e-05,6.153605072843567e-08,6.618228157346515e-06
Fedratinib,Immune system,0.012357640943459477,0.01381723346048281,0.7297160925519666,0.6994585213812679,1.0,1.0,0.8170325480710053,0.7572650107516206,0.8038638384664972,0.7598816832144805
Fedratinib,NeST:80,-0.05957988353609371,-0.06281933668115464,0.09572689981873639,0.07899326649546623,1.0,1.0,0.18716752054111147,0.2077815165026373,0.16668112670073623,0.13576486135453628
Fedratinib,TGF-beta/Smad signaling,-0.03782382485290144,-0.060554801025762085,0.2902314359845821,0.09040875145534599,1.0,1.0,0.4224479790442251,0.2077815165026373,0.40056524790848386,0.15151658559467365
Fedratinib,Extended PRC1 complex,0.04105429497130445,0.0598925081417002,0.25101541074274003,0.09408613303116176,1.0,1.0,0.38678181850952836,0.21142674626628852,0.3574241174706407,0.15673126448071922
Fedratinib,TNFR/Traf signaling,-0.052941723738782545,-0.08088317836835297,0.1387869084891531,0.02372291661947079,1.0,1.0,0.2525150696122091,0.09417279021668708,0.2258519877276901,0.05122585841457154
Fedratinib,Lymphoid JAK/STAT signaling,0.06101961820202699,0.07906341685953246,0.0879830844675451,0.0270907644670495,1.0,1.0,0.17636165492451358,0.09858028181065234,0.15557863755115964,0.0572576351789709
Fedratinib,Positive regulators of transcription,-0.07731988673909485,-0.049316378882755404,0.03062140151133752,0.1678820760204438,1.0,1.0,0.08534901272308967,0.3282470441593752,0.06585067465912803,0.24944293336875017
Fedratinib,RTK-JAK-STAT signaling,-0.018376664676074787,0.009178842486551689,0.6073536522328025,0.7976642650437691,1.0,1.0,0.7161041566350218,0.8293176088947123,0.7101384366909377,0.8409981385974548
Fedratinib,Nucleolus,-0.07822381659376261,-0.056039674820070794,0.028725532125202013,0.11711203688190852,1.0,1.0,0.08534901272308967,0.25150289887754124,0.06305090819417528,0.18728394911328605
Fedratinib,Mediator complex,-0.11222070635564778,-0.10142914915435389,0.0017021208842704638,0.004568065716670899,0.22297783583943076,0.5984166088838878,0.012387657546635043,0.028369247260853495,0.006139782935698689,0.012598244397555533
Fedratinib,G1/S phase,-0.12096018841676594,-0.10209375792194028,0.0007191331999369943,0.00430919220405257,0.09420644919174626,0.5645041787308867,0.006729032085124732,0.028225208936544333,0.0029906809267221035,0.011968286474859788
Fedratinib,Polybromo- and BAF containing complex,0.15150912245255344,0.15229314802280822,2.2723393694468186e-05,2.0666288606641103e-05,0.0029767645739753323,0.0027072838074699845,0.00042525208199647606,0.00048405488066619967,0.00015667181968291222,0.00011439227355506978
Fedratinib,Nuclear pore,-0.04100171037382785,-0.04648867234132836,0.2516005352071484,0.19360646603062492,1.0,1.0,0.38678181850952836,0.36757169637698356,0.35793306909107453,0.2799902158234981
Fedratinib,p53 regulation,-0.14960181505909914,-0.13293037042762645,2.8765764147342665e-05,0.00020182175443994588,0.003768315103301889,0.02643864983163291,0.00047103938791273614,0.0024035136210575373,0.00019160924254077403,0.0008134969178963973
Fedratinib,Cell projection morphogenesis,0.09355780110144099,0.061953519968643435,0.008898478522387343,0.08330059947288104,1.0,1.0,0.04317409949750896,0.2077815165026373,0.024201398334243777,0.1424902528524146
Fedratinib,Histone methyltransferase complex,0.09078315421948467,0.10096569852774553,0.011137700751391977,0.004764301066708221,1.0,0.6241234397387769,0.04863462661441163,0.028369247260853495,0.029083829869083366,0.013070647952644543
Manumycin-A,Cell,-0.18835675394305,-0.13235718899802834,1.3750589133998403e-07,0.00021190681187133187,1.8013271765537908e-05,0.027759792355144475,3.0022119609229847e-06,0.001261808743415658,1.988561661522911e-06,0.0008476272474853275
Manumycin-A,Signaling pathways,0.0664405537714788,0.05715315201784511,0.06301961280631008,0.1095498571018132,1.0,1.0,0.12899326996291594,0.1839875805171478,0.11807727214722222,0.1771732256831794
Manumycin-A,Chromatin binding,0.16565554207276512,0.21399832602852004,3.5787849534951732e-06,2.0921291365993966e-09,0.0004688208289078677,2.7406891689452095e-07,3.906840240898898e-05,6.851722922363024e-08,3.1429329312259286e-05,3.322047477509345e-08
Manumycin-A,CDK holoenzyme complex II,-0.09881791575426253,-0.0764542813284209,0.005712829281056431,0.032387235580941365,0.7483806358183924,1.0,0.01845298041569087,0.07856903446487627,0.01656931297014891,0.06577872652873362
Manumycin-A,MAPK and MAP2K activation,-0.091395791691404,-0.03638161687585522,0.0105822086031222,0.30871562952812814,1.0,1.0,0.03080598504464463,0.4004133412691563,0.02798620377926515,0.40543105231262944
Manumycin-A,Ubiquitin regulation of p53 activity,0.022570571931572858,-0.030823252624821017,0.5274842722482471,0.38850262648946376,1.0,1.0,0.6708780549953435,0.4847022511904441,0.6339489877478933,0.4881903507925156
Manumycin-A,HDACs deacetylate histones,-0.027098676402364515,-0.03531635778734112,0.4487038648092774,0.3231022247384061,1.0,1.0,0.5997980233675034,0.4072818520075105,0.5624900123446444,0.42041997626581734
Manumycin-A,EMT,-0.08560212332081579,-0.0729323673846453,0.01665980839979886,0.04124921837563056,1.0,1.0,0.044539487762727564,0.09006079345346005,0.04034787048761927,0.07995532834339239
Manumycin-A,Metabolic pathways,-0.013473009270416007,-0.019888284481877547,0.7066058435406859,0.5780370038981546,1.0,1.0,0.7979772888261194,0.6417190467004937,0.7898847674304825,0.6565564813062854
Manumycin-A,CDK holoenzyme complex I,-0.08457789805315287,-0.12904700218201737,0.018006741616600763,0.0003041656769477985,1.0,0.039845703680161604,0.046252610819111764,0.001660237653340067,0.04295386619316601,0.0011633782096397548
Manumycin-A,Transcription factor (TF) binding,0.17892179688510565,0.21408621697329683,5.569971903707227e-07,2.060711379314739e-09,7.296663193856467e-05,2.6995319069023083e-07,8.107403548729408e-06,6.851722922363024e-08,6.583455513253955e-06,3.305549273757928e-08
Manumycin-A,Regulation of TP53 Activity,0.11688351791702165,0.1561852353135546,0.0010749984320612693,1.2298051962345014e-05,0.14082479460002628,0.0016110448070671968,0.005632991784001051,0.00010740298713781311,0.004256668854408855,7.240650818279536e-05
Manumycin-A,Regulation of E2F transcription via DREAM complex,-0.24953816009014065,-0.1623829237048055,2.951416888663516e-12,5.497829773215557e-06,3.866356124149206e-10,0.0007202157002912379,3.866356124149206e-10,5.540120771471061e-05,1.3256078139940135e-10,3.571317522105312e-05
Manumycin-A,Protein Transport,-0.1148245729863355,-0.11964108344752789,0.001320033434443424,0.0008126664404846107,0.17292437991208853,0.106459303703484,0.006404606663410687,0.003671010472533931,0.005023509085935906,0.0027893267345891004
Manumycin-A,Extended cohesin complex,-0.029623296491887174,0.051394769508912135,0.4075570125774477,0.1501402487448007,1.0,1.0,0.5740856843832866,0.23414729268534396,0.5230037745075492,0.22936877650809204
Manumycin-A,PML body,0.012149572030822458,0.043366751572511145,0.7336020927555227,0.22462430438667336,1.0,1.0,0.8075787743779284,0.3130402539856831,0.8064492935746026,0.31669005066892425
Manumycin-A,Extended mismatch repair complex,0.02567110757529499,0.026007235684666244,0.4723971766691908,0.46636176039755317,1.0,1.0,0.6209721608734338,0.5656795427044395,0.5851917744081702,0.5596341124770638
Manumycin-A,Regulation of beta catenin transcriptional activity,0.03440601842760695,0.07330886212607278,0.3355820393094915,0.040127341249311055,1.0,1.0,0.5053016913740619,0.09006079345346005,0.45127028724937607,0.0783969479699299
Manumycin-A,Fas,0.003144071588800304,-0.0911160190239367,0.9295417156873556,0.010772401021748701,1.0,1.0,0.9513278496487779,0.028799684364266935,0.9500907523150344,0.026336258796561363
Manumycin-A,BAF (SWI/SNF) complex,0.00883138521037031,0.07175483214144315,0.8045087642052691,0.044543850501654214,1.0,1.0,0.8638577714007398,0.09411684541478552,0.8568345374869126,0.08467101933325324
Manumycin-A,Ribosome biogenesis,0.018832756969572383,0.10443389102614352,0.597991698491573,0.003459432233242632,1.0,0.4531856225547848,0.7321206775924866,0.011053307867189872,0.7021180127451232,0.009887686310286213
Manumycin-A,Homologous recombination,-0.033178864219680644,0.01478909646223443,0.35358266442234765,0.6785786515361281,1.0,1.0,0.5258295538513567,0.7111504268098622,0.4705159934480767,0.7412306462567034
Manumycin-A,Cell Proliferation,0.15929073362627663,0.053454910432106914,8.33441071201868e-06,0.13447085233997447,0.0010918078032744472,1.0,7.278718688496315e-05,0.2122371283920079,6.584130047757195e-05,0.20971049591115068
Manumycin-A,Histone methyltransferase subcomplex,-0.04209616599781865,-0.10738112768324133,0.23915092493311674,0.0026534114533678377,1.0,0.34759690039118674,0.3774550742920276,0.009394510821383425,0.34585579944329303,0.007960234360103513
Manumycin-A,RPA complex associated proteins,0.07042433141920464,0.07187311157263022,0.048781808107454694,0.044193859981103145,1.0,1.0,0.10650694770127608,0.09411684541478552,0.09573658220339423,0.08420939138217472
Manumycin-A,mTOR regulation of autophagy/ribosome biogenesis,-0.01412988158359596,-0.04600114806461312,0.6929952703954538,0.19803088708436922,1.0,1.0,0.7979772888261194,0.28617410520688413,0.7809237025531566,0.28507743085771836
Manumycin-A,PIK3/AKT signaling,-0.013692141885528449,-0.06752554865481954,0.7020546606778886,0.05880165117954106,1.0,1.0,0.7979772888261194,0.1167123682503012,0.7871825439269906,0.10649331296571261
Manumycin-A,Locomotion,0.14275646584613372,0.12122860278452802,6.499931376713342e-05,0.0006893968314911625,0.008514910103494477,0.09031098492534229,0.0004257455051747239,0.0033448512935311957,0.0003914901197008955,0.0024244559711501285
Manumycin-A,Regulation of adherens junction stability,0.034533904311802595,0.0972892229775656,0.33378971861171625,0.006456055407758399,1.0,0.8457432584163502,0.5053016913740619,0.018385723009051093,0.45001495510944933,0.01680284619370232
Manumycin-A,mTOR regulation of mRNA translation,-0.11628178112982257,-0.10371332419776877,0.0011445426363567712,0.00370068578505367,0.14993508536273703,0.4847898378420308,0.005766734052412963,0.011274182275396064,0.0044980525608821105,0.01051985181574027
Manumycin-A,SMAD-TGFbeta signaling,-0.09162756761082981,-0.12922762142246894,0.010386646400438737,0.00029828846204482673,1.0,0.0390757885278723,0.03080598504464463,0.001660237653340067,0.027649096438367302,0.0011464779030182582
Manumycin-A,Cellular response to DNA damage,-0.018200856138191192,-0.019326407569883595,0.6109811570428461,0.5888337977114699,1.0,1.0,0.7342984547946132,0.6482119958000215,0.7125091831389866,0.6644987293628362
Manumycin-A,G1 to S cell cycle control,-0.10713416852498626,-0.104545199710652,0.0027313409031521907,0.003434680395487888,0.357805658312937,0.4499431318089133,0.011542118010094742,0.011053307867189872,0.00905837109653005,0.009852769309684234
Manumycin-A,EGFR/PI3K signaling,0.0283646897498982,-0.036026356864523414,0.4272342047173907,0.31346568962327104,1.0,1.0,0.5829966751872727,0.40258828765341675,0.5429362730927552,0.4106400534064851
Manumycin-A,H3 acetylation and H3K4 methylation crosstalk,0.05546939057366337,0.06094119468179161,0.12062634593015598,0.08796133133699335,1.0,1.0,0.2164664563952114,0.16004075562702957,0.20082719007300118,0.14836396229801882
Manumycin-A,Histone modifications in DNA damage response,0.1396576870218751,0.1669009350227182,9.337137978437937e-05,2.9801948775443066e-06,0.012231650751753698,0.00039040552895830416,0.0005824595596073189,3.5491411723482195e-05,0.000533744760076525,2.091458190848058e-05
Manumycin-A,NeST:16,0.10365791088056532,0.11209985254824112,0.0037297549973254185,0.0016996687387427212,0.4885979046496298,0.22265660477529647,0.01320534877431432,0.006548723669861661,0.011696904774982034,0.005386853341337818
Manumycin-A,NeST:163,0.10518148897548009,0.15106166208400024,0.003252823856185083,2.349186139638526e-05,0.4261199251602459,0.003077433842926469,0.012473990251700904,0.00018102552017214523,0.01048714183803949,0.0001264698839558823
Manumycin-A,Transcription coactivator activity,0.009078338482066338,0.05108488136831044,0.7991677291122348,0.15261310416429907,1.0,1.0,0.8638577714007398,0.23443794012417418,0.8534590150573594,0.23175789970953797
Manumycin-A,Foxo signaling,-0.07074135306518518,-0.05753698960986641,0.04788120572759702,0.10737979579409096,1.0,1.0,0.10631250763246118,0.1839875805171478,0.09444072196208597,0.1743812386242882
Manumycin-A,Neg Regulation EGFR,0.10936633073973019,0.056620522473588064,0.0022145348559921008,0.11289573643803541,0.2901040661349652,1.0,0.010003588487412594,0.1872068540934511,0.007567932160042571,0.18202266428778632
Manumycin-A,RNA processing 1,0.15385237917977948,0.17446248349098964,1.6753107018763203e-05,1.0404157404497738e-06,0.0021946570194579795,0.00013629446199892037,0.00013716606371612372,1.7036807749865046e-05,0.00011970856469770797,8.344558897893084e-06
Manumycin-A,Phosphatase 2A catalytic subunit,0.09865722731177667,0.1045397173796343,0.0057753602827734785,0.0034266569612944053,0.7565721970433257,0.4488920619295671,0.01845298041569087,0.011053307867189872,0.01671982755896852,0.00984772347925924
Manumycin-A,Wnt/beta-catenin,0.007057256883767159,-0.024225800593977078,0.8431331626464373,0.49798339632094124,1.0,1.0,0.8850960692069552,0.5954649384622496,0.888341375120777,0.5885939090349772
Manumycin-A,p53 regulation of cell cycle,0.20614795060137614,0.1651981130858528,8.061156409056025e-09,3.7547367992551983e-06,1.0560114895863393e-06,0.000491870520702431,5.280057447931696e-07,4.098921005853592e-05,1.6673865625047462e-07,2.5551715361165246e-05
Manumycin-A,Regulation of immune responses,0.09006835581960641,0.10612808015217562,0.011735209477284458,0.002967530664530038,1.0,0.388746517053435,0.03341983568531009,0.010230171501406184,0.03039167923935942,0.008704102774712183
Manumycin-A,Regulation of beta catenin transcription,0.14866544203077217,0.12716472693030145,3.1939108043665954e-05,0.0003709675253555922,0.00418402315372024,0.048596745821582576,0.00023244573076223554,0.0018691056085224068,0.0002109591506077432,0.0013851804034655365
Manumycin-A,MDM2-p53 pathway,0.08793507847333878,0.07438786425252261,0.013880826010166158,0.03728422218223959,1.0,1.0,0.03788308765274514,0.08721844831916761,0.03509514107493893,0.0739102109337713
Manumycin-A,RNA metabolism,-0.014512296606198447,-0.017061262196325994,0.6851165872840654,0.6332746193256658,1.0,1.0,0.7979772888261194,0.6840117469609224,0.7748225001514754,0.7015558150669109
Manumycin-A,Resolution of D-loop structures,-0.1842043993015409,-0.11620978921057411,2.57183069507505e-07,0.0011443544957041585,3.369098210548316e-05,0.14991043893724476,4.211372763185395e-06,0.004835820610878863,3.3138670923426056e-06,0.003819374240439357
Manumycin-A,NeST:195,-0.05597432470630207,-0.05856243357945113,0.11750461022210335,0.1012578292277091,1.0,1.0,0.21402600907161437,0.17925372471391746,0.1972721689419854,0.16598259389568162
Manumycin-A,Cohesin,-0.1072024059113903,-0.11545399654489111,0.002714289750729737,0.001232530810266974,0.35557195734559555,0.1614615361449736,0.011542118010094742,0.005045673004530425,0.009031800725633794,0.004104954308770515
Manumycin-A,Oncogene induced senescence,0.20110488127083062,0.22099430135257292,1.8432777748600415e-08,6.158784593424116e-10,2.4146938850666544e-06,8.068007817385592e-08,8.048979616888848e-07,6.851722922363024e-08,3.6678894456708676e-07,1.1128286644669782e-08
Manumycin-A,Cytoplasm/extracellular space,0.16132623657751868,0.13294714735215815,6.3811889112752596e-06,0.0001978261232413736,0.000835935747377059,0.025915222144619943,5.97096962412185e-05,0.0012340581973628545,5.300320981247559e-05,0.0008035727796781377
Manumycin-A,Extracellular matrix organization,0.1469242826410079,0.16891910262427526,3.948473538395447e-05,2.259944683169479e-06,0.005172500335298036,0.00029605275349520177,0.0002722368597525282,3.2894750388355755e-05,0.0002543852623917067,1.6371580838444338e-05
Manumycin-A,MHC class I including non-classical MHCs,-0.08490170522079615,-0.08876521532909366,0.01757094993424202,0.012984471918336293,1.0,1.0,0.04603588882771409,0.034019316426041085,0.04204190760521835,0.031020653276025312
Manumycin-A,Endoplasmic Reticulum protein processing,0.14911187153418523,0.1281662570216009,3.023766616627732e-05,0.00033328293345169513,0.003961134267782329,0.04366006428217206,0.00023244573076223554,0.0017464025712868826,0.000200563760394042,0.0012685732963342972
Manumycin-A,Regulation of androgen receptor signaling pathway,0.00016340364810849076,0.06835943352884499,0.9959775784395788,0.05563347746227043,1.0,1.0,0.9959775784395788,0.11212285457780656,0.9966115552558993,0.10169282159382455
Manumycin-A,RAS-RAF-MAPK,-0.03175113070552782,-0.02334438564651319,0.3746894312702018,0.51375990304056,1.0,1.0,0.5393880823779829,0.6009156008777978,0.48921244680793796,0.6013630436185855
Manumycin-A,Structural constituent of muscle,-0.020972967393937447,0.019955684904389138,0.557728085122217,0.5761467586009554,1.0,1.0,0.6958321823905755,0.6417190467004937,0.6642034468273676,0.6548826496895892
Manumycin-A,Beta-catenin,-0.00734367936324221,-0.057880019805851064,0.8376042383546243,0.10530006219911381,1.0,1.0,0.8850960692069552,0.18392410864111877,0.8842940649385288,0.17153543811088798
Manumycin-A,Actin filament-based process,-0.002731841075542724,-0.012890523059031557,0.9394595995717261,0.7185634757769566,1.0,1.0,0.9540248646813652,0.7470778994188992,0.957116325681629,0.7742164386027249
Manumycin-A,MutS homologs,0.06994720767068033,0.04233051658938482,0.05033020042915126,0.23589177216831092,1.0,1.0,0.10808616813473468,0.3212705092214232,0.09828456531009414,0.3281609432288361
Manumycin-A,Beta-catenin destruction complex,-0.025610437843961345,-0.016832244639967135,0.47402455028506396,0.6378461042652934,1.0,1.0,0.6209721608734338,0.6840117469609224,0.5867453488567879,0.7056256691801839
Manumycin-A,Epithelial differentiation,-0.012841146174665873,0.010573382365052795,0.7197874044326387,0.7669238464318568,1.0,1.0,0.8059158118006466,0.7848986240826035,0.797396617172733,0.8165477374119627
Manumycin-A,Lymphocyte activation,0.03212072133561048,0.07329921223120453,0.36865095934972736,0.040153575691373566,1.0,1.0,0.536591951942381,0.09006079345346005,0.4837389883954686,0.0783969479699299
Manumycin-A,PI3-K/Akt,0.08795064826061373,0.021254699672449327,0.013863987837426484,0.5515876428807795,1.0,1.0,0.03788308765274514,0.6283302714554967,0.03509514107493893,0.6361671126988888
Manumycin-A,MAPK signaling,-0.04889615775038932,-0.0661331109971095,0.17152124152255777,0.06421307423827072,1.0,1.0,0.28086603299318835,0.12191177862628208,0.2656466913039023,0.11418886052325969
Manumycin-A,RNA processing 2,-0.02458192220030268,-0.061407664149921166,0.49197250241027346,0.08571873256589724,1.0,1.0,0.6381029486707507,0.1581570981145428,0.6023214749135124,0.14599116749034718
Manumycin-A,Contractile fiber,-0.09438356595883755,-0.09971645681659642,0.00829599879416798,0.0052588976454484015,1.0,0.6889155915537406,0.025875615286571556,0.015591122875169332,0.022839422249443193,0.01408345331966761
Manumycin-A,MutL alpha/beta complex,0.09944221098955615,0.11103915723920725,0.005398695399346565,0.0018800918920038878,0.7072290973144,0.2462920378525093,0.018134079418317947,0.007036915367214552,0.016043004097869188,0.00586409613934546
Manumycin-A,NeST:29,-0.02869910951556439,0.016581297759537518,0.4223519414041177,0.6422400372228507,1.0,1.0,0.5824010981467308,0.6840117469609224,0.5384343927283185,0.7094879399257353
Manumycin-A,RBL-TP53 complex,0.18601371601050334,0.2051682753132371,1.950995389687904e-07,9.283543267457617e-09,2.5558039604911542e-05,1.2161441680369478e-06,3.651148514987363e-06,2.432288336073896e-07,2.6635972296990955e-06,1.291480532428617e-07
Manumycin-A,Regulation of cellular homeostasis,0.01823993129902249,0.0554294674547993,0.6095560504492188,0.12066895497590235,1.0,1.0,0.7342984547946132,0.1965158696197303,0.7113749898338322,0.19180141276250606
Manumycin-A,Mismatch and excision repair,0.05269910983234725,0.07314402009162686,0.14030527051653263,0.04057748718188048,1.0,1.0,0.24714334575840838,0.09006079345346005,0.22761598065220773,0.07894530922019322
Manumycin-A,Extracellular matrix,-0.16390319635048858,-0.16738928420106314,4.550847456430418e-06,2.8000295697605537e-06,0.0005961610167923848,0.00036680387363863254,4.5858539753260364e-05,3.5491411723482195e-05,3.974406778615898e-05,1.9916952414767377e-05
Manumycin-A,Ubiquitin/Proteasome System,0.005148229380577986,0.006383889190430876,0.8851175061626106,0.8578336421531623,1.0,1.0,0.920241216724619,0.8711333885431338,0.9141949538026439,0.8877646382256558
Manumycin-A,Ribosome abundance control,0.10459970247628536,0.12060341859308998,0.003427966786726966,0.0007347791399681114,0.44906364906123253,0.09625606733582259,0.012473990251700904,0.0034377166905650925,0.010997477119866919,0.002561137046629426
Manumycin-A,Epigenetic modification,0.013840616124045777,0.06938951639390623,0.6982806101797878,0.052048922962086186,1.0,1.0,0.7979772888261194,0.10653763918802016,0.785191072391006,0.09637327078492282
Manumycin-A,Spliceosomal complex,-0.05175189771127213,-0.04061975643566125,0.14783602848237964,0.2557260809184172,1.0,1.0,0.2515132432622303,0.3418379244929862,0.23738328577558818,0.349566434090219
Manumycin-A,Interferon signaling,-0.0070258307014114995,0.01123897704168457,0.8445573179455679,0.7527375529922624,1.0,1.0,0.8850960692069552,0.7764458223778455,0.8886506718945332,0.8059395805178626
Manumycin-A,Transmembrane tyrosine kinase signaling,-0.04493390579571993,-0.05476270685256648,0.2089370819536791,0.12541696877475683,1.0,1.0,0.3337897284869752,0.20036125499381882,0.3116215302003639,0.1981462059436359
Manumycin-A,Regulation of mRNA processing,-0.0019684614454319213,-0.02036137739969815,0.9564614395141005,0.5690190982810575,1.0,1.0,0.9638188352026704,0.6417190467004937,0.9706632555946841,0.6500712372803942
Manumycin-A,Nucleus,-0.07660869961401354,-0.05079136579997876,0.03214907667477318,0.1552396324240788,1.0,1.0,0.07799127859991271,0.23443794012417418,0.06820289950437712,0.23431231479101736
Manumycin-A,Actin filaments,0.05754851829620258,0.06279181629378547,0.10733004736916718,0.07873865185979079,1.0,1.0,0.20377153920812902,0.1473537627661799,0.18344290317798673,0.13570704027183925
Manumycin-A,Transcription elongation,-0.0205903252516193,-0.03993493639007604,0.5649426997068181,0.26383101687327404,1.0,1.0,0.6981839024678601,0.34910972939796864,0.6712697837786229,0.35753651596964375
Manumycin-A,Type I interferon signaling pathway,-0.062451622615396996,-0.044234497902822335,0.08071933609982707,0.21581565281022375,1.0,1.0,0.16021565195571738,0.30399839266816464,0.14601932836470444,0.3053665222481294
Manumycin-A,Nuclear transport,0.022111783677048445,0.03639141561228955,0.535905166414739,0.3081668922959242,1.0,1.0,0.6750343923108731,0.4004133412691563,0.6411285552541626,0.40510265608588775
Manumycin-A,Mediator/CCR-NOT complex,-0.06844107605326677,-0.08569302617726236,0.05561067980205614,0.01647582279498594,1.0,1.0,0.11563490562014848,0.042320250708689375,0.10687040177118858,0.03808822563782043
Manumycin-A,Apoptosis Regulation,-0.061728933881680326,-0.09612314853495246,0.08429143034353159,0.007141958847618923,1.0,0.935596609038079,0.16480861753735282,0.019491596021626645,0.15091814179958046,0.018285275746672554
Manumycin-A,Actin cytoskeleton,-0.07455566631031962,-0.0033433040644662592,0.03705828380821319,0.9257905576669139,1.0,1.0,0.0881692866444023,0.9257905576669139,0.07685438277903843,0.9419694217814812
Manumycin-A,NeST:49,-0.05242881133973186,-0.04592315508398137,0.14260656009831507,0.19879269903684316,1.0,1.0,0.24714334575840838,0.28617410520688413,0.23063530089974413,0.28591228077394093
Manumycin-A,Cell motility,-0.05595480722913207,-0.02224613334418223,0.11763261567294836,0.5337754579583263,1.0,1.0,0.21402600907161437,0.6133735525661469,0.1972721689419854,0.6188016371021304
Manumycin-A,Checkpoint-regulated DNA repair,0.0048188391106451026,0.08295989811298662,0.8923978066722513,0.020201795405004885,1.0,1.0,0.9205048242052356,0.05089298457799307,0.9192983958642065,0.044918277760491766
Manumycin-A,ECM-cytoskeleton assembly,0.13443016594236096,0.15290888514690165,0.000169256697386988,1.8645100256842184e-05,0.02217262735769543,0.002442508133646326,0.0010078466980770649,0.00015265675835289538,0.0008666825025809288,0.00010393651632537558
Manumycin-A,INSR-FOXO,-0.10668928072125138,-0.14649515322246953,0.0028449295988199896,4.1293781363860305e-05,0.37268577744541864,0.0054094853586657,0.011646430545169333,0.00028470975571924734,0.00937275016323479,0.0001991221604416822
Manumycin-A,Integrator-PP2A complex,-0.1335134713529264,-0.14944742568588673,0.00018817480045840718,2.8799606086815643e-05,0.02465089886005134,0.0037727483973728493,0.00107177821130658,0.0002095971331873805,0.0009542283429697293,0.00015090993589491396
Manumycin-A,Cell-extracellular matrix interactions,-0.06601011080633817,-0.0573330518573939,0.06488185743545594,0.10863157378516308,1.0,1.0,0.1307618972929958,0.1839875805171478,0.12056061452545713,0.17605034431987254
Manumycin-A,Histone deacetylase binding,0.17523477393799763,0.17532822046015858,9.46626353970359e-07,9.197749220035689e-07,0.00012400805237011703,0.00012049051478246753,1.2400805237011703e-05,1.7036807749865046e-05,1.047955372141834e-05,7.690883922285162e-06
Manumycin-A,Histone acetyltransferase complex,0.0561358767885425,0.11434408498654969,0.11623050804154444,0.001369247255485151,1.0,0.17937139046855477,0.21402600907161437,0.005435496680865296,0.19562565165022255,0.004480586165659657
Manumycin-A,Cyclin D associated events in G1,0.0721401630261901,0.06975603875040559,0.043540068304018575,0.05082098663692003,1.0,1.0,0.09834049910045575,0.10567538491169086,0.08741377697818288,0.0946510327717966
Manumycin-A,Chromosome centrometric region,0.02270737607004438,0.05976733086388637,0.5249864069982286,0.09424987506244187,1.0,1.0,0.6708780549953435,0.16913333744082032,0.6321036392025654,0.15673126448071922
Manumycin-A,Transcription,-0.11162560399983054,-0.06690964225433452,0.0017956490988337848,0.0611466504135334,0.2352300319472258,1.0,0.00840107256954378,0.11861262835438498,0.006386335708974456,0.11010599593364777
Manumycin-A,Nuclear receptor signaling,0.050772380997466025,0.046049794449797225,0.15538723893483963,0.19725052446355562,1.0,1.0,0.2576674468413163,0.28617410520688413,0.2467745243134239,0.28447506830890773
Manumycin-A,Culin-RIng uniqutin ligase complex,0.036864597992369276,0.022525409736024522,0.30220958928538133,0.5280723483694452,1.0,1.0,0.4713030499569637,0.6121900675787373,0.41382706825489496,0.6135474734935461
Manumycin-A,Actin and actin-associated proteins,-0.12624799600114986,-0.09694827656350623,0.0004137681517868419,0.006662727645397215,0.05420362788407629,0.8728173215470352,0.0022584844951698455,0.018570581309511388,0.001878122971655725,0.017226657662112538
Manumycin-A,Mitosis,-0.1947442286670527,-0.11878281336359117,5.116018142459211e-08,0.000886025603135554,6.7019837666215665e-06,0.11606935401075757,1.3403967533243133e-06,0.0038689784670252526,8.741717956462913e-07,0.0029889104037104956
Manumycin-A,PcG protein complex,0.09298968281345178,0.05530426689078899,0.009275530402607535,0.121509812512963,1.0,1.0,0.028258011226548536,0.1965158696197303,0.02505349448951726,0.19274815869866582
Manumycin-A,Protein nuclear transport,-0.10586924391217217,-0.09950527544124083,0.0030656681984131406,0.005355729231928397,0.4016025339921214,0.70160052938262,0.012169773757337013,0.015591122875169332,0.009977702707878794,0.014269841275578711
Manumycin-A,Metabolism,-0.04792683554449,-0.030583716931125052,0.18017492719582195,0.3922018215739471,1.0,1.0,0.2913940180574404,0.4847022511904441,0.27659666557796103,0.4916596997721251
Manumycin-A,Regulation of nuclear protein ubiquitiation,0.10469800023489366,0.07496189655908067,0.0033977849296267237,0.0358428336190324,0.4451098257811008,1.0,0.012473990251700904,0.08537111280169536,0.010922940509965664,0.07133854908489504
Manumycin-A,EGFR-MAPK signaling,0.06967684505037001,0.015894121055822535,0.05122573709451417,0.6560781755707263,1.0,1.0,0.1082350251513122,0.6931148467722996,0.09978545069712054,0.7224583857807584
Manumycin-A,Ubiquitin regulation of mitophagy,-0.029056196540444525,-0.04289484938721927,0.41659853148554093,0.23004877461349427,1.0,1.0,0.5805788045170837,0.3172251523617658,0.5333004002404481,0.32231432592906684
Manumycin-A,NeST:78,0.08119108344960128,0.10414749504605654,0.023105918406988613,0.0035495673312719855,1.0,0.4649933203966301,0.05820914060222131,0.011071269533253098,0.053415446670273675,0.010126896269981055
Manumycin-A,Homologous recombination (HR) and Fanconi Anemia repair,0.10272996873335397,0.1410025769436476,0.004050532129669104,7.905177473999103e-05,0.5306197089866527,0.010355782490938825,0.013963676552280334,0.0005177891245469413,0.012559046366547992,0.0003591959307664867
Manumycin-A,Immune system,0.017159154100054863,0.07923347585740184,0.6308903728397433,0.026536286621043903,1.0,1.0,0.7445643138919492,0.0655896895727689,0.7296548018020809,0.05629560400577735
Manumycin-A,NeST:80,-0.051380738767135545,0.01741265232693943,0.15076493983531236,0.625663416083236,1.0,1.0,0.2532077835695631,0.683015895890866,0.2408561843710478,0.6955748869044179
Manumycin-A,TGF-beta/Smad signaling,-0.07723641206505541,-0.15974237509463843,0.03076403576926956,7.788267145869554e-06,1.0,0.0010202629961089116,0.07603940916555306,7.287592829349368e-05,0.06596990224228927,4.9083830066596334e-05
Manumycin-A,Extended PRC1 complex,-0.012399723497812066,0.02408035757697838,0.7290460720211547,0.500008726953034,1.0,1.0,0.8075787743779284,0.5954649384622496,0.8038638384664972,0.5901003894670942
Manumycin-A,TNFR/Traf signaling,-0.03070324650744298,-0.06680056619331741,0.39066582162345065,0.06156991395494793,1.0,1.0,0.556274159050783,0.11861262835438498,0.5062874456653458,0.11061474827106074
Manumycin-A,Lymphoid JAK/STAT signaling,-0.07262872665222408,-0.03529914177952992,0.04223289462170676,0.32333826418916867,1.0,1.0,0.09706156483234361,0.4072818520075105,0.0853343320633972,0.42041997626581734
Manumycin-A,Positive regulators of transcription,0.17144423634778502,0.21456340303418495,1.6155378295135137e-06,1.8979939842012072e-09,0.0002116354556662703,2.4863721193035815e-07,1.9239586878751844e-05,6.851722922363024e-08,1.577407122978412e-05,3.0759242713034e-08
Manumycin-A,RTK-JAK-STAT signaling,-0.010524771923268153,-0.005835879351011081,0.7687994977190467,0.8705876040908598,1.0,1.0,0.8392727850099593,0.8772844318146356,0.8336478868608248,0.899187722490691
Manumycin-A,Nucleolus,-0.03292751130840601,0.026828593060212368,0.35724297933412785,0.4524106788851716,1.0,1.0,0.5258295538513567,0.5538859713453971,0.4735126167902605,0.5479118545512248
Manumycin-A,Mediator complex,0.017633585671998124,0.050703921379900235,0.6214858656860212,0.15569542588399354,1.0,1.0,0.7401331673169889,0.23443794012417418,0.7226152225284211,0.23466271283762016
Manumycin-A,G1/S phase,-0.1983626238267109,-0.19029495933152277,2.882133043335955e-08,1.0033097797013113e-07,3.775594286770101e-06,1.3143358114087178e-05,9.438985716925252e-07,2.190559685681196e-06,5.207716257613932e-07,1.09263421464579e-06
Manumycin-A,Polybromo- and BAF containing complex,-0.05950710991179541,-0.04218214635491966,0.0960806978564368,0.23788732362196985,1.0,1.0,0.18509663851754737,0.3212705092214232,0.1670783816707065,0.3303523610722055
Manumycin-A,Nuclear pore,0.052293764793966295,0.04506776260365575,0.1433808723483896,0.20697166394933886,1.0,1.0,0.24714334575840838,0.29470965192786297,0.23151389991123622,0.2957813233894188
Manumycin-A,p53 regulation,0.03639582465306727,0.10848612746990176,0.3083960847434881,0.002388774731687082,1.0,0.31292948985100777,0.4752927894281993,0.00869248582919466,0.4211977803794642,0.007263353729617202
Manumycin-A,Cell projection morphogenesis,-0.07430833985478968,-0.023411662034386372,0.03769068742050785,0.512546616472144,1.0,1.0,0.0881692866444023,0.6009156008777978,0.07785013585113039,0.6008376443655558
Manumycin-A,Histone methyltransferase complex,0.027601950009150507,0.047682784885238194,0.43976103378958986,0.18183257308929734,1.0,1.0,0.5939040765611987,0.27068258039429494,0.5526013949778059,0.26540464707184347
Erastin,Cell,-0.0795666791843584,-0.015791303841100852,0.024970424478325093,0.6562789916634371,1.0,1.0,0.08087163423331824,0.7348081017770107,0.05688914098540152,0.7224583857807584
Erastin,Signaling pathways,-0.05849165832334283,0.057388649439870806,0.0993538068078994,0.1059979130711568,1.0,1.0,0.22440256365232453,0.20724965093017225,0.17156646074963824,0.17249349828970859
Erastin,Chromatin binding,0.018585448459808848,0.06358475997687214,0.600324562989905,0.07329451065105475,1.0,1.0,0.7281714606636811,0.17145680170157448,0.7037361767487925,0.12745461365426777
Erastin,CDK holoenzyme complex II,-0.012323508097051983,0.015274557283351312,0.7285622978171842,0.6671383715590276,1.0,1.0,0.8240645296597031,0.7406366667307849,0.8038638384664972,0.7323613967114464
Erastin,MAPK and MAP2K activation,-0.034500487265797714,-0.018657973103003732,0.3310725306653233,0.599019262587476,1.0,1.0,0.5191649108240721,0.6823610730344292,0.44827391748999845,0.6726130577053658
Erastin,Ubiquitin regulation of p53 activity,-0.047204068931789085,-0.07528154531509312,0.18354281512570947,0.033928928348761156,1.0,1.0,0.33864941945729493,0.09877088030417137,0.2812176465668765,0.0684676192095668
Erastin,HDACs deacetylate histones,-0.054274544390256155,-0.04543878080579219,0.12622430900657,0.20046242547294346,1.0,1.0,0.2750024830177109,0.35014103649274125,0.2088908473628667,0.2875245737622875
Erastin,EMT,-0.0777973471042907,0.014698176018632204,0.02837932009202726,0.6789899049679726,1.0,1.0,0.08645792865245515,0.7474594752168439,0.06248220053874909,0.7412306462567034
Erastin,Metabolic pathways,0.01615196263787524,0.03974114668203429,0.6488491865241475,0.26300778555348137,1.0,1.0,0.7589218163809225,0.4053414106765419,0.742892149465375,0.35672842009497213
Erastin,CDK holoenzyme complex I,-0.012269496258611946,0.060790287638945645,0.7297059957292027,0.08684669146412971,1.0,1.0,0.8240645296597031,0.18779895478850167,0.8038638384664972,0.14713125050955986
Erastin,Transcription factor (TF) binding,0.17350162975088396,0.17537131978986228,1.012148948209557e-06,7.810046536160797e-07,0.00013259151221545196,0.00010231160962370645,3.831558979389138e-05,5.115580481185322e-05,1.0897932510859066e-05,6.672496279806942e-06
Erastin,Regulation of TP53 Activity,0.04927875745812702,0.09958250928612933,0.16488456085929704,0.005030714993317975,1.0,0.6590236641246547,0.3176452569495281,0.024408283856468694,0.2584232598911415,0.013588116786075355
Erastin,Regulation of E2F transcription via DREAM complex,0.024418097581724484,0.026022154878761472,0.4912701963823747,0.463654829012379,1.0,1.0,0.6435639572609108,0.5756933228084581,0.6019304354739617,0.5580898860700304
Erastin,Protein Transport,-0.04195390132123102,-0.0021025473357949866,0.23721248176382215,0.9526018096540483,1.0,1.0,0.4088794093560619,0.9526018096540483,0.3446377276642592,0.9636358074492689
Erastin,Extended cohesin complex,-0.08081718420858779,-0.03796313920727634,0.022780404199790993,0.2847795714907164,1.0,1.0,0.08049588254257566,0.42393322574186193,0.05281828230394018,0.37970609532095523
Erastin,PML body,0.08900713295357356,0.0831742716242684,0.012130628869017501,0.019137836079837323,1.0,1.0,0.052970412728043086,0.0677582844988835,0.031210063145819165,0.04297811188214896
Erastin,Extended mismatch repair complex,-0.03309098561131266,-0.0388002700637831,0.35121355644298524,0.2742944681357278,1.0,1.0,0.5339147230645405,0.4178206433230272,0.46788789044777357,0.36885449436215917
Erastin,Regulation of beta catenin transcriptional activity,0.029978367607506003,0.0243207387156781,0.3981271223911249,0.4933991229176715,1.0,1.0,0.5668984025351888,0.598474862057546,0.5129228183991534,0.5848885693698292
Erastin,Fas,0.034008270239744204,0.02839433611190786,0.33779656682418646,0.42390372800332443,1.0,1.0,0.5206041206349227,0.5478495930606858,0.45380900310250477,0.5222387620856003
Erastin,BAF (SWI/SNF) complex,-0.06473161051920394,-0.055203277448981514,0.06817810163616889,0.11987364426261315,1.0,1.0,0.1717563714295793,0.23093304997650477,0.12638676388214326,0.19111700687710736
Erastin,Ribosome biogenesis,0.12837330062332147,0.15013296605168325,0.00029733993324043695,2.346460104751813e-05,0.03895153125449724,0.003073862737224875,0.003895153125449724,0.0005123104562041458,0.0014036587839458465,0.0001264698839558823
Erastin,Homologous recombination,0.0581807378444743,0.06247785192776295,0.10107268339263009,0.07843994647103147,1.0,1.0,0.22441561905821256,0.1750007454352955,0.1738361688109568,0.135587833445353
Erastin,Cell Proliferation,0.10810433100952098,0.09990105462916503,0.0023155753011276925,0.00489240634645971,0.3033403644477277,0.640905231386222,0.013788198383987623,0.024408283856468694,0.007885532296133538,0.013283009976916518
Erastin,Histone methyltransferase subcomplex,0.09929339835114445,0.0749356066965692,0.005139236146197934,0.03479386020390551,0.6732399351519294,1.0,0.026929597406077175,0.09908686275460049,0.015388341374901244,0.06949929890792816
Erastin,RPA complex associated proteins,0.014310071135644607,0.022524270036079357,0.6866102237697527,0.5258815120255926,1.0,1.0,0.7959817638392708,0.6262770734122967,0.7759534664026249,0.6132683508191629
Erastin,mTOR regulation of autophagy/ribosome biogenesis,0.019461356542817786,0.006724989426004601,0.5832691866428741,0.8499088731553375,1.0,1.0,0.7208326740586463,0.8698286123699157,0.6893978657162392,0.8818856426403898
Erastin,PIK3/AKT signaling,0.03463715652353214,0.03383001477750197,0.3289409937788075,0.3406955502800386,1.0,1.0,0.5191649108240721,0.48512083789875066,0.4457717605347288,0.43879259102511237
Erastin,Locomotion,0.00819682091594065,0.09429481899302128,0.8171622253637181,0.007904911362520695,1.0,1.0,0.8815942654732388,0.0345181129496737,0.8673727334718196,0.01988243305901205
Erastin,Regulation of adherens junction stability,0.06406991243821501,0.08448465892983763,0.07097704170762986,0.017324425096445273,1.0,1.0,0.1754338200698021,0.06447055500913113,0.1303456887434511,0.039699702990688
Erastin,mTOR regulation of mRNA translation,-0.046610271904865566,-0.011740323211991711,0.18911788294992493,0.7406905623420639,1.0,1.0,0.33937592693753654,0.7953316694000849,0.2877960425917541,0.794246633016183
Erastin,SMAD-TGFbeta signaling,-0.03437038963281835,-0.06065972178271711,0.33289963747497753,0.08744836826029467,1.0,1.0,0.5191649108240721,0.18779895478850167,0.4495861083424954,0.14791341065829908
Erastin,Cellular response to DNA damage,-0.16107454124191717,-0.15970186467721909,5.661795059008767e-06,6.825381142050446e-06,0.0007416951527301485,0.0008941249296086085,0.0001236158587883581,0.0002664665497588148,4.785130017613861e-05,4.361585022481017e-05
Erastin,G1 to S cell cycle control,0.02226975257835131,0.032181653479125105,0.5301660722422987,0.36474693566130867,1.0,1.0,0.6678053409975109,0.5137833179745316,0.6354931714096281,0.46297731000074543
Erastin,EGFR/PI3K signaling,0.051151423100686884,0.030243298618466603,0.14941558322861948,0.39435124768364926,1.0,1.0,0.30054978020846657,0.5384959607261327,0.23943047587705382,0.4935670074511916
Erastin,H3 acetylation and H3K4 methylation crosstalk,0.07266241618296344,0.1112018674237114,0.04058455923750981,0.0017339446205015818,1.0,0.22714674528570722,0.11076202625237053,0.009875945447204661,0.08253418773785953,0.005473415549053186
Erastin,Histone modifications in DNA damage response,0.07936514856149735,0.08156406288846448,0.025310969492870594,0.0215916832959151,1.0,1.0,0.08087163423331824,0.07443448715170732,0.057250135313370615,0.04753799179436769
Erastin,NeST:16,0.04666820682153123,0.06434809377909939,0.18841989517810576,0.0699096255061531,1.0,1.0,0.33937592693753654,0.17007812633060546,0.28701170079455646,0.12279098468790242
Erastin,NeST:163,0.09815356961688392,0.13116151070451348,0.005673887147855883,0.0002201891216706553,0.7432792163691206,0.028844774938855844,0.0285876621680431,0.0024037312449046535,0.01654126676188252,0.0008728986273462202
Erastin,Transcription coactivator activity,0.04874764768840991,0.05788686314515403,0.16948400578630096,0.10299990548001192,1.0,1.0,0.3217739820000786,0.2050552835917333,0.2635300268012513,0.1684868381004982
Erastin,Foxo signaling,-0.02255808726093076,-0.023271554770191435,0.5251446264621822,0.5119673330640215,1.0,1.0,0.6678053409975109,0.6153001892787782,0.6321036392025654,0.6006064534154044
Erastin,Neg Regulation EGFR,0.052811813774288244,0.046776441974140465,0.13664902889101826,0.1876721567966273,1.0,1.0,0.2887261739471515,0.333397707993394,0.22301647720092505,0.27291455178935997
Erastin,RNA processing 1,0.08178245633822351,0.12304216295583711,0.02118115195379322,0.000528408147154602,1.0,0.06922146727725287,0.07707585849852533,0.004614764485150191,0.04940173719786787,0.0019008183234028248
Erastin,Phosphatase 2A catalytic subunit,0.12327154926108802,0.11370709829743747,0.0005130551718954823,0.0013602544549760065,0.06721022751830819,0.17819333360185685,0.004480681834553879,0.009378596505360886,0.002203614016993711,0.004470881147060223
Erastin,Wnt/beta-catenin,0.08677989716287458,0.08045524423600824,0.014462703081934869,0.02343673540687563,1.0,1.0,0.05600731061984182,0.07872339328976173,0.036218847785215114,0.0508173076684255
Erastin,p53 regulation of cell cycle,0.1651751900510253,0.15838565003144137,3.245569134779913e-06,8.136383198742436e-06,0.0004251695566561686,0.0010658661990352591,8.503391133123373e-05,0.0002664665497588148,2.8825054688553805e-05,5.095774656742275e-05
Erastin,Regulation of immune responses,0.11704851184250233,0.11724384003569006,0.0009720656014264861,0.0009579781452879743,0.12734059378686968,0.12549513703272464,0.007958787111679355,0.006971952057373591,0.0038588058723293844,0.0032178240264801187
Erastin,Regulation of beta catenin transcription,0.06119951574128725,0.0782193606691315,0.08457426104553045,0.027576868358029527,1.0,1.0,0.19836641340701736,0.08470249874988905,0.15125226207460052,0.0580332490747288
Erastin,MDM2-p53 pathway,0.05150762682911032,0.05825025990176155,0.14660280107690937,0.10085599373456655,1.0,1.0,0.30007760845429887,0.2050552835917333,0.23588495731105583,0.16584270099449644
Erastin,RNA metabolism,0.061155552221870586,0.06239906342223928,0.08479785611292345,0.07881712962353005,1.0,1.0,0.19836641340701736,0.1750007454352955,0.15147980660172236,0.13570704027183925
Erastin,Resolution of D-loop structures,-0.1012029410153775,-0.07836079308189633,0.0043507948174310584,0.027268072910004104,0.5699541210834687,1.0,0.02374808837847786,0.08470249874988905,0.013358299712893797,0.05746033594440544
Erastin,NeST:195,0.007789155742527732,0.025000626916723247,0.8260978337779177,0.4813921776155823,1.0,1.0,0.8815942654732388,0.589367993155526,0.8750847673173091,0.5728603355122599
Erastin,Cohesin,0.12342762953888844,0.10008769669362926,0.0005047097981500936,0.004812975767375605,0.06611698355766227,0.6304998255262042,0.004480681834553879,0.024408283856468694,0.002173709048471088,0.013112648017875997
Erastin,Oncogene induced senescence,0.0539982450327754,0.06971856096221805,0.12805459132885777,0.04955519983781631,1.0,1.0,0.2750024830177109,0.12983462357507874,0.21145148904302985,0.09251873413901097
Erastin,Cytoplasm/extracellular space,0.0901254464341372,0.1553532836942662,0.011090512093392624,1.2079901500872126e-05,1.0,0.0015824670966142484,0.05151736193926849,0.0003164934193228497,0.029008793695196683,7.193032257337492e-05
Erastin,Extracellular matrix organization,-0.00460528571629154,0.02589584011498011,0.8969227848701564,0.46582818486791266,1.0,1.0,0.9108285644805464,0.5756933228084581,0.9233546940510059,0.5594208606664314
Erastin,MHC class I including non-classical MHCs,-0.08710015400956958,-0.08763173311546087,0.014122078635597557,0.013555786194594743,1.0,1.0,0.05600731061984182,0.05381236337854277,0.03546311120632486,0.032189872957557306
Erastin,Endoplasmic Reticulum protein processing,0.051749666222226764,0.0408696684315069,0.1447147587466202,0.24969064175126876,1.0,1.0,0.30007760845429887,0.40209175936181246,0.2330856565058268,0.3443102533622759
Erastin,Regulation of androgen receptor signaling pathway,0.07938530670341568,0.13023152452534045,0.025273836564851937,0.0002440226672431045,1.0,0.03196696940884669,0.08087163423331824,0.002458997646834361,0.05724851740626404,0.000960532973909427
Erastin,RAS-RAF-MAPK,-0.032858881000163466,-0.048687212498976035,0.3546031672291834,0.17014297120169353,1.0,1.0,0.5339147230645405,0.3095656837141924,0.4712055611870467,0.2525635039934488
Erastin,Structural constituent of muscle,0.0308375740749864,0.051662833916744026,0.3847475317755429,0.1456282943166738,1.0,1.0,0.5538673259625947,0.27648270370267053,0.4996321964448248,0.22378072205846647
Erastin,Beta-catenin,0.08513924094832939,0.06246755855223076,0.0164251311669803,0.07848914022599951,1.0,1.0,0.0614769195106977,0.1750007454352955,0.039846151534711466,0.135587833445353
Erastin,Actin filament-based process,0.02788843305632915,-0.030205492554736996,0.43182102131750355,0.394708993835474,1.0,1.0,0.5892557686728433,0.5384959607261327,0.5455802984002903,0.49362174885391014
Erastin,MutS homologs,0.02798584339339432,0.05080788668402609,0.43021475921134567,0.15241191330842496,1.0,1.0,0.5892557686728433,0.2812107132873756,0.5449618061887472,0.23175789970953797
Erastin,Beta-catenin destruction complex,0.00797093652475968,-0.008643903897606945,0.8221105264220536,0.8074539653147994,1.0,1.0,0.8815942654732388,0.8462117556499097,0.8720362668930285,0.8489728663825391
Erastin,Epithelial differentiation,0.007110461975584657,0.03833716369500179,0.8410236505410194,0.2802492238202079,1.0,1.0,0.8857722188203814,0.4219844634534165,0.8867578662423153,0.3746188604127269
Erastin,Lymphocyte activation,0.1332726227855903,0.13184321397873833,0.00017288333161480374,0.00020412604740616125,0.02264771644153929,0.026740512210207124,0.002830964555192411,0.0024037312449046535,0.000882378562657375,0.0008206806816431854
Erastin,PI3-K/Akt,0.04295517253968178,0.029095623070439884,0.22603356296473986,0.41254538711806443,1.0,1.0,0.3948052899784123,0.5458933910350146,0.33084242176961925,0.5110491320327796
Erastin,MAPK signaling,0.018825273162872313,-0.010271642419119981,0.5956323927463887,0.7721484360174053,1.0,1.0,0.7281714606636811,0.8223694725063422,0.7008311202490266,0.8201468523103791
Erastin,RNA processing 2,-0.03137687052936079,-0.04246296832768949,0.37673047456072406,0.23153830415246057,1.0,1.0,0.5483521351939428,0.3857846829395674,0.4902485976899489,0.32411239014039894
Erastin,Contractile fiber,-0.11485049013495172,-0.11824184369401783,0.0012117072949564545,0.0008649714245720919,0.15873365563929553,0.11331125661894403,0.008354402928383976,0.006665368036408472,0.004687602686264745,0.0029367928281367785
Erastin,MutL alpha/beta complex,0.07427118377098128,0.11937540465981827,0.036341808218263605,0.0007720305603049482,1.0,0.10113600339994822,0.103495149491142,0.0063210002124967635,0.07572818295341542,0.002661473773682848
Erastin,NeST:29,-0.005636740825687316,0.007277488148885677,0.8739725252761306,0.8377293537291215,1.0,1.0,0.8944562563372899,0.8698286123699157,0.90685465989048,0.8744425923387643
Erastin,RBL-TP53 complex,0.07478088691553333,0.06891450742615697,0.035079020459113375,0.05224213555335733,1.0,1.0,0.10211892622541895,0.13419058348019233,0.07362379193821926,0.09654034541318633
Erastin,Regulation of cellular homeostasis,-0.016999810824262433,0.07927341665315313,0.6320734489969784,0.025552449762010765,1.0,1.0,0.7527420165327651,0.08368427297058526,0.7300657324197282,0.05457669976342516
Erastin,Mismatch and excision repair,-0.08673066263353071,0.019428041782029296,0.01453624855782154,0.5843212281964778,1.0,1.0,0.05600731061984182,0.6714568499450754,0.036271401163326125,0.6613052345031412
Erastin,Extracellular matrix,-0.12844907704621966,-0.018093819699705697,0.0002954014596621146,0.6101082058051759,0.038697591215737015,1.0,0.003895153125449724,0.6890015082799831,0.0014029338205101033,0.6811719456858923
Erastin,Ubiquitin/Proteasome System,0.03256721038691259,0.030881249076044164,0.35866027198228667,0.3844511571456297,1.0,1.0,0.5339147230645405,0.5357776764476329,0.47499068875834427,0.48348577522634395
Erastin,Ribosome abundance control,0.12383735266810872,0.14637495256330127,0.0004834008013332447,3.736152364219869e-05,0.06332550497465506,0.0048943595971280285,0.004480681834553879,0.0006117949496410036,0.0021050029354455976,0.0001852754421625752
Erastin,Epigenetic modification,-0.18627248770256474,-0.14177486453225205,1.5318885804305182e-07,6.495328797440081e-05,2.006774040363979e-05,0.008508880724646506,1.0033870201819894e-05,0.0009454311916273896,2.112393726698925e-06,0.0003003134373404649
Erastin,Spliceosomal complex,-0.010390493929709506,0.008914063210878785,0.7698516783395783,0.8018901873537096,1.0,1.0,0.8546658462922437,0.8462117556499097,0.8336478868608248,0.8443210813931893
Erastin,Interferon signaling,0.02413947094634014,0.027598498170239058,0.4962267554825339,0.43701244174535425,1.0,1.0,0.6436208412694252,0.5558119404722467,0.6051733588972408,0.5340222287231391
Erastin,Transmembrane tyrosine kinase signaling,-0.03176353085888076,-0.07676340927105944,0.3708768498870909,0.030567346971884568,1.0,1.0,0.5458973857888642,0.09100732848447451,0.48625388492285815,0.0633929675986841
Erastin,Regulation of mRNA processing,0.08046656663178092,0.0735611902963322,0.023349950661205154,0.038262492182821406,1.0,1.0,0.08049588254257566,0.1066465207648852,0.05382129389943475,0.07556361521532066
Erastin,Nucleus,-0.09193871500223302,-0.0451624359141843,0.009584020098513557,0.2032131048474599,1.0,1.0,0.04650024566315837,0.3502752201975954,0.025798081498053613,0.2912041940020118
Erastin,Actin filaments,0.10445218055719487,0.09642148769607269,0.003244799547290178,0.006607323705223989,0.4250687406950133,0.8655594053843425,0.018481249595435362,0.02984687604773595,0.01048714183803949,0.017139790205630546
Erastin,Transcription elongation,0.050900447434805186,0.046706657186889725,0.15142202666991444,0.18833152970619205,1.0,1.0,0.30054978020846657,0.333397707993394,0.24166033088843197,0.27362030009069677
Erastin,Type I interferon signaling pathway,0.02480842916548222,0.03635257245039281,0.4843714494741076,0.30590467175207103,1.0,1.0,0.6409359583950313,0.4430196605695339,0.5967334785057188,0.4030864576649251
Erastin,Nuclear transport,0.12346354380429278,0.11285965018285668,0.0005028075120467879,0.0014774245658639718,0.06586778407812921,0.1935426181281803,0.004480681834553879,0.009677130906409015,0.002171465409169095,0.0047886833351302345
Erastin,Mediator/CCR-NOT complex,-0.007729293620566881,-0.040447950507730895,0.827756447734415,0.254435503442477,1.0,1.0,0.8815942654732388,0.40209175936181246,0.8762231544385223,0.3488303688642878
Erastin,Apoptosis Regulation,0.013787019895266265,-0.002343593830566262,0.6974828237634176,0.9471945848316832,1.0,1.0,0.8014934202895413,0.9526018096540483,0.7848554036908321,0.959003729933097
Erastin,Actin cytoskeleton,-0.005682096573720403,-0.020157522321907553,0.8729656278780495,0.5699981912858512,1.0,1.0,0.8944562563372899,0.6632166304170457,0.9064081684440514,0.6505666629442416
Erastin,NeST:49,-0.03583197566340503,0.05110926047948024,0.312746716956116,0.14999371904972691,1.0,1.0,0.5119425001413737,0.28070253136448897,0.42639881964875487,0.22936782718499096
Erastin,Cell motility,-0.11148483809770503,-0.09067885886349193,0.001682166600467827,0.010629079567541888,0.22036382466128535,1.0,0.011000215010030208,0.0449164330112254,0.006107080591074883,0.02606694708295764
Erastin,Checkpoint-regulated DNA repair,-0.03555192492458464,-0.02821638729267267,0.31654459932405543,0.42656991215412177,1.0,1.0,0.5119425001413737,0.5478495930606858,0.43120286840330596,0.5247010187060089
Erastin,ECM-cytoskeleton assembly,0.17248667085777775,0.13316609185368886,1.16994167309592e-06,0.00017604602087240018,0.00015326235917556552,0.023062028734284423,3.831558979389138e-05,0.0023062028734284422,1.2179790133157526e-05,0.0007301961604522772
Erastin,INSR-FOXO,-0.03824188249709419,-0.04209615636759913,0.2813090811986485,0.23559369950507936,1.0,1.0,0.4664745523673791,0.3857846829395674,0.3924540572308581,0.32803657716739126
Erastin,Integrator-PP2A complex,-0.1269056390101349,-0.14636210375579242,0.0003491483415798413,3.735198228937975e-05,0.04573843274695921,0.004893109679908747,0.004158039340632655,0.0006117949496410036,0.0016142976263632664,0.0001852754421625752
Erastin,Cell-extracellular matrix interactions,0.0764495522712269,0.058843741066436694,0.03120366344308989,0.09743127287649389,1.0,1.0,0.09290181616010852,0.20259518645747143,0.06664695507138221,0.16122311680194568
Erastin,Histone deacetylase binding,0.050127064360896555,0.06672732036208799,0.1577340169369008,0.060173614629865035,1.0,1.0,0.30840531669752247,0.15159122147139076,0.249705815332133,0.10860266612875756
Erastin,Histone acetyltransferase complex,0.07277192164493546,0.11177600372949774,0.04028300517931149,0.001640798391992826,1.0,0.2149445893510602,0.11076202625237053,0.009770208606866372,0.08202705199725087,0.005231916982175907
Erastin,Cyclin D associated events in G1,-0.03936038037229505,-0.07045268641577739,0.26747288851630424,0.04715728464575464,1.0,1.0,0.4492172871235366,0.12870008934570537,0.37710078990818857,0.08895482894303103
Erastin,Chromosome centrometric region,0.06665416425467324,0.11192381278093333,0.06032031073057453,0.0016175752646547803,1.0,0.21190235966977622,0.15494040599422085,0.009770208606866372,0.11386560194146692,0.0051894455429332955
Erastin,Transcription,-0.11099381951270006,-0.03739518847982606,0.001763393245882705,0.29204562896761654,0.23100451521063436,1.0,0.011000215010030208,0.4298649145478401,0.00628583714858869,0.3874225558962812
Erastin,Nuclear receptor signaling,-0.006630342312023551,-0.0642392849184853,0.851964118865405,0.07031884056867632,1.0,1.0,0.8857722188203814,0.17007812633060546,0.8928583965709445,0.12329271598250537
Erastin,Culin-RIng uniqutin ligase complex,0.02630241178705297,0.020063317394920996,0.45845858915407045,0.5720876277643219,1.0,1.0,0.6191554142183838,0.6632166304170457,0.5710770622855099,0.6512105364558393
Erastin,Actin and actin-associated proteins,-0.08846745191907178,-0.09811867664925072,0.012678602795180405,0.005705476204231452,1.0,0.7474173827543202,0.05357732148931074,0.026693477955511438,0.03251348057752625,0.01507396402193587
Erastin,Mitosis,0.01730048639315243,0.04301272055825919,0.6257443978777706,0.2257147259060044,1.0,1.0,0.7520414323118161,0.3840081700478776,0.7264920188063925,0.3173734786442209
Erastin,PcG protein complex,0.022458004945006396,0.004027026439645593,0.5266962779507147,0.9098464457243114,1.0,1.0,0.6678053409975109,0.9239525921696495,0.6334862654464603,0.931170971795975
Erastin,Protein nuclear transport,-0.04473959292700515,0.040244184660768796,0.20749628686235133,0.25701230163348043,1.0,1.0,0.36732450782389225,0.40209175936181246,0.31006099139507254,0.3507147032706868
Erastin,Metabolism,-0.06846891390145463,-0.12484362308668001,0.05371348540768173,0.00043629802407330054,1.0,0.05715504115360237,0.1407293317681261,0.004082502939543027,0.10398719096166954,0.0016024777893533374
Erastin,Regulation of nuclear protein ubiquitiation,-0.008503896952849649,0.013855910415630264,0.8107898709763077,0.6964515120155592,1.0,1.0,0.8815942654732388,0.7540094882151923,0.86177260119997,0.7581868261000408
Erastin,EGFR-MAPK signaling,0.006698020519810891,0.0284397607064838,0.8501224117501434,0.423162516816564,1.0,1.0,0.8857722188203814,0.5478495930606858,0.891522635938109,0.5221440160405327
Erastin,Ubiquitin regulation of mitophagy,-0.019766469600026974,-0.03619950902270489,0.5776837724015398,0.30774648176967623,1.0,1.0,0.7207292779485877,0.4430196605695339,0.68433978162413,0.40510265608588775
Erastin,NeST:78,0.1352305978494906,0.08653858141045039,0.00013849769220186658,0.014784762816219654,0.018143197678444523,1.0,0.002591885382634932,0.05696482143896396,0.0007380283801401162,0.034483156004595394
Erastin,Homologous recombination (HR) and Fanconi Anemia repair,-0.040969237267470586,-0.029949065703022026,0.2484032575575439,0.39873365030866315,1.0,1.0,0.4226081394810162,0.5384959607261327,0.35563745071080055,0.4974676970517607
Erastin,Immune system,-0.02810289010243446,-0.06399186178504328,0.42854716648391755,0.07140684693269694,1.0,1.0,0.5892557686728433,0.17007812633060546,0.5437257027544136,0.12486269563759687
Erastin,NeST:80,0.048251958983323504,0.05783475143886344,0.17386288480096668,0.10331029555003357,1.0,1.0,0.3253719701275234,0.2050552835917333,0.26847981817988176,0.16881890291543947
Erastin,TGF-beta/Smad signaling,0.001810071730137166,-0.026743646467688474,0.9591450558607737,0.4510970347322023,1.0,1.0,0.9591450558607737,0.5682087649030625,0.9721315459788114,0.5471639958325787
Erastin,Extended PRC1 complex,0.07802871951398564,0.07014414785777182,0.02788044223247943,0.04818055431513035,1.0,1.0,0.08645792865245515,0.128809237046573,0.062080273176569105,0.09048964322985055
Erastin,TNFR/Traf signaling,0.025249202707636312,-0.006884094919729583,0.47664475472154555,0.8460682094230716,1.0,1.0,0.6371475802910456,0.8698286123699157,0.5895244330623679,0.8796423447176379
Erastin,Lymphoid JAK/STAT signaling,0.011382660922879357,0.014353192701781805,0.7482338449223365,0.6861218323725189,1.0,1.0,0.8377660998703083,0.7490163336733332,0.8184634627502803,0.7484965444063842
Erastin,Positive regulators of transcription,0.19109333481732857,0.19947162264437535,7.245591682192298e-08,1.9210105284273027e-08,9.49172510367191e-06,2.5165237922397665e-06,9.49172510367191e-06,2.5165237922397665e-06,1.178592402339973e-06,2.4957260749485286e-07
Erastin,RTK-JAK-STAT signaling,0.0031476363244444245,0.021165019049909497,0.9291476901002844,0.5511652715905047,1.0,1.0,0.9362949800241328,0.6504743295347397,0.9500907523150344,0.6361671126988888
Erastin,Nucleolus,-0.1152404204612253,-0.04228537774658187,0.0011658840490751388,0.23349547454060993,0.15273081042884318,1.0,0.008354402928383976,0.3857846829395674,0.004547815695151658,0.3259661159483323
Erastin,Mediator complex,0.07181242403210857,0.08419104696048084,0.042990961806923966,0.017717099086478783,1.0,1.0,0.11493502034096,0.06447055500913113,0.08653238407232328,0.04048151128480326
Erastin,G1/S phase,-0.11567797924713046,-0.10553086233410292,0.0011163734712982265,0.0029485818172798606,0.14624492474006767,0.38626421806366174,0.008354402928383976,0.01609434241931924,0.004409394715780935,0.008704102774712183
Erastin,Polybromo- and BAF containing complex,-0.08979395188377068,-0.08840268544853444,0.01140460684151745,0.012754842004849998,1.0,1.0,0.05151736193926849,0.05221513445735468,0.02963312719812468,0.030611620811639994
Erastin,Nuclear pore,0.06194783703454824,0.07810575141760798,0.08084099850289106,0.027803110276681142,1.0,1.0,0.1961142741459024,0.08470249874988905,0.14607132143281004,0.05843113550126037
Erastin,p53 regulation,0.01653798049959353,0.029412663813339786,0.6410444635410617,0.4074702395139109,1.0,1.0,0.7565479704853971,0.5446796058808401,0.7366388133673604,0.50588190995459
Erastin,Cell projection morphogenesis,-0.05852819564030871,-0.059720493059852754,0.09914271021227061,0.09246115983881587,1.0,1.0,0.22440256365232453,0.19536148288524,0.17145471997105546,0.1544622138858858
Erastin,Histone methyltransferase complex,-0.028583278064086212,0.0401751163497732,0.42069453299937054,0.25782983043047514,1.0,1.0,0.5892557686728433,0.40209175936181246,0.5372313613931847,0.35152514608560875
Saracatinib,Cell,-0.2357369423063283,-0.05639313223944247,2.7807756097786296e-11,0.11099924378532089,3.6428160488100048e-09,1.0,1.2142720162700016e-09,0.17951729550465478,9.502998388200012e-10,0.17914867682805383
Saracatinib,Signaling pathways,-0.12365746026759737,-0.08028990068209502,0.00047881099251334547,0.023266039914468406,0.06272424001924826,1.0,0.0022995761102719914,0.05976178879990904,0.002096631978359273,0.05051687119550322
Saracatinib,Chromatin binding,0.11044772032775235,0.08083664027586865,0.0018124261305092482,0.022349286930711587,0.2374278230967115,1.0,0.006248100607808197,0.058555131758464364,0.006407167982929844,0.04893186497921813
Saracatinib,CDK holoenzyme complex II,-0.05701456406290784,-0.0709307899768438,0.1073584420634528,0.04501114721204735,1.0,1.0,0.17151165744283312,0.09359460769489211,0.18344290317798673,0.08525002821366076
Saracatinib,MAPK and MAP2K activation,0.07927255042603032,0.05223894562876287,0.025162423091434905,0.13988717204633971,1.0,1.0,0.05232186388853925,0.2155908180949471,0.057160880201930164,0.2164396008433524
Saracatinib,Ubiquitin regulation of p53 activity,0.03362004356081711,0.0457812409472747,0.3423349326985301,0.19576306062470628,1.0,1.0,0.4312103479183408,0.28782412780779043,0.4576965163877819,0.2825891012874548
Saracatinib,HDACs deacetylate histones,0.20370915632896047,0.263918083092682,8.752143898504983e-09,8.770761894538737e-14,1.1465308507041527e-06,1.1489698081845745e-11,2.2930617014083054e-07,1.1489698081845745e-11,1.7868013257727057e-07,3.726388567085107e-12
Saracatinib,EMT,-0.12177062436329307,-0.17284734331797635,0.0005837600967042444,1.0358668831589313e-06,0.07647257266825602,0.00013569856169382,0.0026369852644226215,1.9385508813402857e-05,0.0024801915459974925,8.344558897893084e-06
Saracatinib,Metabolic pathways,-0.14264424929890282,-0.11143311173098126,5.6116730596800224e-05,0.0016375121694576222,0.007351291708180829,0.2145140941989485,0.00035006150991337285,0.007150469806631617,0.0003432509747010504,0.005231916982175907
Saracatinib,CDK holoenzyme complex I,-0.08401499208151947,-0.09976221798460139,0.017656758627458746,0.004812508139260707,1.0,0.6304385662431526,0.037918612790116324,0.016590488585346123,0.042183016052226664,0.013112648017875997
Saracatinib,Transcription factor (TF) binding,0.08724830889106806,0.050439637975880906,0.013733675175082283,0.15405226728855492,1.0,1.0,0.031019162895444465,0.23196375879081257,0.0349342028725394,0.23330458976648202
Saracatinib,Regulation of TP53 Activity,0.04410756255000761,0.005898721124540363,0.21285436725619467,0.8676515332719261,1.0,1.0,0.2864438406106759,0.9092988068689786,0.31596512306585267,0.8967443854723655
Saracatinib,Regulation of E2F transcription via DREAM complex,0.2394291327495448,0.07942708500908066,1.3599343873238467e-11,0.0247973700784494,1.7815140473942392e-09,1.0,8.907570236971196e-10,0.06129161283541267,5.090040135412113e-10,0.053180717276019716
Saracatinib,Protein Transport,-0.024391455804973566,-0.004244357436871655,0.4909337723258038,0.9044832388725408,1.0,1.0,0.5954844830988917,0.9403754308912924,0.6019304354739617,0.9274935756736035
Saracatinib,Extended cohesin complex,-0.10077247861247708,-0.08234322629421435,0.004427069057534094,0.019961842079618597,0.5799460465369664,1.0,0.011835633602795232,0.05336737372306196,0.01353959641720544,0.044510660637107
Saracatinib,PML body,0.10665884050103612,0.0518980274101601,0.0025922869607299948,0.14249115747612828,0.3395895918556293,1.0,0.008279150665164312,0.21705048406247449,0.008726070882799896,0.2191742657069214
Saracatinib,Extended mismatch repair complex,0.11883132239929085,0.14606085788101345,0.0007903962543704957,3.6655783559380595e-05,0.10354190932253493,0.004801907646278858,0.00321706403828427,0.00036937751125221986,0.0032441329291655855,0.00018292981509633745
Saracatinib,Regulation of beta catenin transcriptional activity,0.04918997585477001,0.0429915537080382,0.16474314998158368,0.2244114207363439,1.0,1.0,0.23520316285996823,0.31954234909196794,0.2584232598911415,0.31667392585056786
Saracatinib,Fas,0.21827626764061808,0.12207768507721471,7.061506934746831e-10,0.0005609074415628967,9.250574084518348e-08,0.07347887484473947,2.312643521129587e-08,0.003061619785197478,1.9139118795555203e-08,0.00200396931394744
Saracatinib,BAF (SWI/SNF) complex,-0.18421286256689803,-0.13416196902480398,1.9655043170807573e-07,0.00014976691149715116,2.574810655375792e-05,0.0196194654061268,2.8609007281953246e-06,0.0010326034424277264,2.6635972296990955e-06,0.0006328859808428
Saracatinib,Ribosome biogenesis,0.042463018618943214,0.022340769708893222,0.23040780367637703,0.5278492631717371,1.0,1.0,0.30183422281605393,0.6462453595840892,0.33661809235991147,0.6135474734935461
Saracatinib,Homologous recombination,0.15778902340380782,0.07026295676078055,8.334872007020877e-06,0.047081350608824124,0.001091868232919735,1.0,7.799058806569535e-05,0.09636963952743688,6.584130047757195e-05,0.08895482894303103
Saracatinib,Cell Proliferation,0.07761936054935542,0.10814455088322483,0.02836435457854991,0.0022423880904371973,1.0,0.29375283984727285,0.05629894620893997,0.009179776245227277,0.06248220053874909,0.006871411458415739
Saracatinib,Histone methyltransferase subcomplex,-0.05271949820633515,-0.01815191745127112,0.13651964740288003,0.6079332579589527,1.0,1.0,0.20556406677904923,0.7047721840055116,0.22301647720092505,0.6797091618147039
Saracatinib,RPA complex associated proteins,0.1529040001681641,0.1447744034435928,1.571417883994286e-05,4.290506300774766e-05,0.0020585574280325147,0.005620563254014943,0.00013723716186883432,0.00040146880385821023,0.00011436430155736193,0.00020625920198219974
Saracatinib,mTOR regulation of autophagy/ribosome biogenesis,0.021769739874222652,0.008231237434071956,0.5386337324333588,0.816103950967225,1.0,1.0,0.630009097756875,0.86217433529602,0.6439028345134905,0.8552769406136518
Saracatinib,PIK3/AKT signaling,0.023636018791198074,-0.0007996358784675787,0.5043962163861357,0.9819274837116112,1.0,1.0,0.600690039514398,0.9819274837116113,0.6118045279216866,0.9856896579787056
Saracatinib,Locomotion,0.04585556392392278,0.06059032030998739,0.19527787453237533,0.08685610717103787,1.0,1.0,0.271923111443296,0.1497125005184995,0.29533968722297227,0.14713125050955986
Saracatinib,Regulation of adherens junction stability,0.16509162254790785,0.17681474159942218,3.1217864799870654e-06,5.831726801464043e-07,0.00040895402887830556,7.639562109917897e-05,3.145800222140812e-05,1.2732603516529828e-05,2.788322924170265e-05,5.093041406611931e-06
Saracatinib,mTOR regulation of mRNA translation,0.12340612430488924,0.10133629338916077,0.000491512451050502,0.004187292272001875,0.06438813108761576,0.5485352876322456,0.0022995761102719914,0.015237091323117933,0.002128533259094736,0.011691693519692624
Saracatinib,SMAD-TGFbeta signaling,0.0058584114704015545,-0.026617514022319128,0.8685460158379263,0.4518931898820373,1.0,1.0,0.9030121275775266,0.5637905511861608,0.9042081701306095,0.5477070890474653
Saracatinib,Cellular response to DNA damage,-0.07272656580317663,-0.014969171837812614,0.03998287123687061,0.6722355643969207,1.0,1.0,0.07702582547103015,0.7591625770344534,0.0817335157143831,0.7359013281559605
Saracatinib,G1 to S cell cycle control,0.1484176198593379,0.12673690860285294,2.768409052156251e-05,0.0003416080476270622,0.003626615858324689,0.04475065423914515,0.00019087451885919414,0.0020341206472338706,0.0001851888948931756,0.0012953501448994883
Saracatinib,EGFR/PI3K signaling,-0.03191609607313257,0.07574357665102907,0.3674083125414773,0.032318473763262245,1.0,1.0,0.45406121644276914,0.0742757905787255,0.48325903846083473,0.06572398545387871
Saracatinib,H3 acetylation and H3K4 methylation crosstalk,-0.15220765470203831,-0.13967427917267977,1.718294421060307e-05,7.905966415089338e-05,0.002250965691589002,0.010356816003767033,0.00013956847722719408,0.0006212974891733956,0.00012222438144374672,0.0003591959307664867
Saracatinib,Histone modifications in DNA damage response,-0.010812901113062188,-0.009197624992297343,0.7601126194800343,0.7948802672738393,1.0,1.0,0.8229318442304504,0.8465797968526256,0.8274910234228627,0.8386253558083727
Saracatinib,NeST:16,0.06434753872767834,0.01015678660504289,0.0691587540474572,0.774131710934546,1.0,1.0,0.1207972904028919,0.8450937844368794,0.12760277155235059,0.8216982103910238
Saracatinib,NeST:163,0.07074788297911315,0.10024359347024367,0.04570120217618312,0.004613982569614761,1.0,0.6044317166195337,0.0855265355011427,0.016335992341068476,0.09070996189515135,0.012698113334616012
Saracatinib,Transcription coactivator activity,0.14579781199207284,0.0661649955624784,3.826131727557858e-05,0.06151718416088703,0.005012232563100794,1.0,0.0002506116281550397,0.11851104595700296,0.0002485404576744195,0.11061474827106074
Saracatinib,Foxo signaling,-0.1517938571271242,-0.07097820729228013,1.811193979284198e-05,0.04486795538376431,0.0023726641128622994,1.0,0.00013956847722719408,0.09359460769489211,0.0001276769926203928,0.08508133397259046
Saracatinib,Neg Regulation EGFR,0.13023699811037467,0.18156516316899224,0.00023483020819203837,2.8827684950272214e-07,0.030762757273157026,3.77642672848566e-05,0.001230510290926281,7.5528534569713205e-06,0.0011536033977433886,2.729947032640236e-06
Saracatinib,RNA processing 1,-0.06675173160358293,-0.021522773789214612,0.059405279113972975,0.5429979319872402,1.0,1.0,0.10660399402644466,0.6586363804660044,0.1129203128986282,0.6281035681265207
Saracatinib,Phosphatase 2A catalytic subunit,0.10312606805371043,0.07621196432616836,0.0035845460908774385,0.0312648141532712,0.46957553790494444,1.0,0.01031182136670096,0.07323362461332159,0.011406693228460189,0.06441453191211315
Saracatinib,Wnt/beta-catenin,-0.020550036529829202,-0.07500697932471025,0.5616898355092574,0.03402773437476658,1.0,1.0,0.6398379865366324,0.07685574488093833,0.667909547216757,0.0685789723552988
Saracatinib,p53 regulation of cell cycle,0.09081893103722125,0.06988276812605695,0.010317641127716604,0.04828817283479281,1.0,1.0,0.024574745231470456,0.09731924063627473,0.02758389770879337,0.09058354140369247
Saracatinib,Regulation of immune responses,0.17775183649186485,0.18280906481636494,5.161897678185312e-07,2.39020196524109e-07,6.762085958422759e-05,3.131164574465828e-05,6.7620859584227585e-06,7.5528534569713205e-06,6.1942772138223745e-06,2.3135003369230896e-06
Saracatinib,Regulation of beta catenin transcription,0.12343866044278644,0.15842645780409728,0.0004898270761093393,7.567892031268286e-06,0.06416734697032345,0.0009913938560961455,0.0022995761102719914,0.00011015487289957172,0.0021270943747068545,4.797067045626511e-05
Saracatinib,MDM2-p53 pathway,0.05424421094884157,0.019639635723086135,0.1255128987537879,0.5789228233176751,1.0,1.0,0.19118825275286297,0.6771329451304949,0.20812898400944577,0.6566137649750254
Saracatinib,RNA metabolism,0.07868094382594,0.031169340162198154,0.026270360398986004,0.3784331947181365,1.0,1.0,0.053772143941674476,0.48971344424885616,0.059080123815745345,0.4766802741161143
Saracatinib,Resolution of D-loop structures,0.1727817536468063,0.09025528238162535,1.0617839234505766e-06,0.010755361278123932,0.00013909369397202553,1.0,1.1591141164335461e-05,0.03062939842248337,1.1277867078812881e-05,0.026335557522135233
Saracatinib,NeST:195,0.05114440111510801,0.09524453797924474,0.1486005010880267,0.007112210028589194,1.0,0.9316995137451844,0.22121210957422155,0.022700457394798524,0.23836733439834487,0.018238815929758914
Saracatinib,Cohesin,-0.0861701307781544,-0.11799228663379908,0.01494930316654286,0.0008545216731015159,1.0,0.11194233917629859,0.032666276394102335,0.004305474583703792,0.036980690257474344,0.00291390036901428
Saracatinib,Oncogene induced senescence,-0.060279347598405066,0.02876288778960323,0.0886830289151892,0.41634374058297086,1.0,1.0,0.15055708618595093,0.5279892276325404,0.15628892539762043,0.51494284830561
Saracatinib,Cytoplasm/extracellular space,-0.03512480216718069,0.009825715508221467,0.3212168945212044,0.7813051162719495,1.0,1.0,0.41212415121762297,0.8458757870382264,0.43718870838730156,0.8275045794684577
Saracatinib,Extracellular matrix organization,-0.006394035958049411,0.03517260841483312,0.8567338589050624,0.3202624369600089,1.0,1.0,0.8978570841325054,0.43702478376834547,0.8960649542240573,0.4181499592202109
Saracatinib,MHC class I including non-classical MHCs,-0.10301782203411847,-0.12959151128040342,0.003620944907391177,0.0002499657204708683,0.4743437828682442,0.032745509381683746,0.01031182136670096,0.0015593099705563688,0.011466293210575289,0.0009799154927187157
Saracatinib,Endoplasmic Reticulum protein processing,0.11220710721867098,0.21261736508755397,0.0015293690852442587,1.8726407091662622e-09,0.2003473501669979,2.4531593290078035e-07,0.005565204171305497,8.177197763359345e-08,0.005710613306422743,3.0664491612597544e-08
Saracatinib,Regulation of androgen receptor signaling pathway,0.0970994126865505,0.06758014739488312,0.006099683106138176,0.05616517861878223,0.7990584869041011,1.0,0.015366509363540405,0.10981549849343988,0.017529619456762728,0.10242652063657269
Saracatinib,RAS-RAF-MAPK,0.10034974301795284,0.10872538938311903,0.00459446905486538,0.0021226581261222233,0.6018754461873648,0.27806821452201125,0.012037508923747296,0.008969942403935846,0.01387366079534898,0.006539471471035144
Saracatinib,Structural constituent of muscle,-0.009508756105962189,0.012121582577933741,0.7883139626112772,0.7319749687368244,1.0,1.0,0.8395864154640432,0.8057875706262522,0.8476676137529858,0.7865103560179686
Saracatinib,Beta-catenin,0.1493919822651598,0.09442052043833293,2.45123081501486e-05,0.007624581109703321,0.0032111123676694664,0.9988201253711351,0.00017839513153719257,0.022700457394798524,0.00016681103208672553,0.019332002426538097
Saracatinib,Actin filament-based process,0.1189554664616663,0.13951176624198613,0.0007804343113591017,8.06263917247918e-05,0.10223689478804232,0.010562057315947726,0.00321706403828427,0.0006212974891733956,0.0032116302027657274,0.00036525846625755826
Saracatinib,MutS homologs,0.11858629852817747,0.09453207392345309,0.0008104054447586329,0.007553334129856593,0.1061631132633809,0.9894867710112136,0.00321706403828427,0.022700457394798524,0.003291879481035067,0.019213335359441044
Saracatinib,Beta-catenin destruction complex,0.10615051196679315,0.10202058570326142,0.0027175838061226365,0.003938644896487764,0.3560034786020654,0.5159624814398971,0.008279150665164312,0.014942929122933199,0.009031800725633794,0.011135880894386269
Saracatinib,Epithelial differentiation,0.04585854371767339,0.06370125513846488,0.19524884938780973,0.07183935956310084,1.0,1.0,0.271923111443296,0.13254867750374943,0.29533968722297227,0.12547941470354945
Saracatinib,Lymphocyte activation,0.05497931936711476,0.0710997259701862,0.1204709467153382,0.044514374405769885,1.0,1.0,0.18566698846716828,0.09359460769489211,0.20082719007300118,0.08467101933325324
Saracatinib,PI3-K/Akt,0.0439698415469599,0.11178692396322308,0.21428623190722318,0.001582952664515247,1.0,0.20736679905149735,0.2864438406106759,0.007150469806631617,0.31779052505486305,0.005088755804944721
Saracatinib,MAPK signaling,0.10839753651186378,0.10186943120320766,0.002202599327903343,0.003992385643531771,0.2885405119553379,0.523002519302662,0.007213512798883448,0.014942929122933199,0.007543542796217985,0.011267558764150707
Saracatinib,RNA processing 2,0.02885959910097069,0.001067397302637202,0.4150063247837785,0.9759796038730633,1.0,1.0,0.5080918555764018,0.9819274837116113,0.5316951447107578,0.9822278727839023
Saracatinib,Contractile fiber,-0.0006116620468537291,-0.04535302102789098,0.9862570976363652,0.19993889794281627,1.0,1.0,0.9862570976363652,0.28782412780779043,0.989063752797012,0.2871131045016184
Saracatinib,MutL alpha/beta complex,0.13383158138798143,0.12372725508209778,0.0001569669046241895,0.0004714713593889641,0.020562664505768824,0.0617627480799543,0.0008567776877403677,0.002685336873041491,0.0008195310040736743,0.0017125721882642916
Saracatinib,NeST:29,0.06385604334210658,0.023143817839392948,0.071309687982412,0.5131204501076563,1.0,1.0,0.12291538323284172,0.6341394241896506,0.1306513164433003,0.6010621069815467
Saracatinib,RBL-TP53 complex,-0.01721024859806089,0.045561605264568844,0.6269603589391977,0.19791641216021105,1.0,1.0,0.7080328191468525,0.28782412780779043,0.7271785341189347,0.28507743085771836
Saracatinib,Regulation of cellular homeostasis,-0.1062782378694671,-0.06483428811254396,0.0026864695755384194,0.06691211564990596,0.35192751439553294,1.0,0.008279150665164312,0.1270360456541693,0.009004541946154361,0.11831928661603168
Saracatinib,Mismatch and excision repair,0.007549175829303114,-0.0014909180048406398,0.831126554902992,0.9663488085298177,1.0,1.0,0.8780449894539675,0.9819274837116113,0.8780449894539674,0.974623947646982
Saracatinib,Extracellular matrix,-0.04914256697203029,-0.16104926348547094,0.165180847199367,5.331869209035389e-06,1.0,0.000698474866383636,0.23520316285996823,8.73093582979545e-05,0.2586297727065786,3.47788315211769e-05
Saracatinib,Ubiquitin/Proteasome System,-0.01463850144258968,-0.031600511856696184,0.6793302857017842,0.3718135574912287,1.0,1.0,0.760617670315673,0.48825511072971994,0.7693855973510122,0.47060459933672416
Saracatinib,Ribosome abundance control,-0.013448550656153779,0.030982150391548835,0.7041160980785977,0.38130359781208645,1.0,1.0,0.7751194020865234,0.48971344424885616,0.7883693063956949,0.4799113336754202
Saracatinib,Epigenetic modification,-0.058985171031279045,-0.009460002378658457,0.09574621972694963,0.7891663033664589,1.0,1.0,0.15675198145125857,0.8465797968526256,0.16668112670073623,0.8348381082719202
Saracatinib,Spliceosomal complex,0.050250474848892494,0.01245388161320272,0.15582736912022965,0.7249205352894725,1.0,1.0,0.2268153928305565,0.8047846620586516,0.2471852918839566,0.7805308777226376
Saracatinib,Interferon signaling,0.010300955762405077,-0.05830396976324367,0.7710712643102031,0.09941057592562541,1.0,1.0,0.8279535706937428,0.1627848180782116,0.8336478868608248,0.1639805092917976
Saracatinib,Transmembrane tyrosine kinase signaling,-0.03746395113297532,-0.07125501295540002,0.29004469791332066,0.04403969795010787,1.0,1.0,0.3761965883826238,0.09359460769489211,0.40056524790848386,0.08414065312727499
Saracatinib,Regulation of mRNA processing,0.05605081011077122,0.02044136145833465,0.11340746769994481,0.5635237417967316,1.0,1.0,0.17686164605586632,0.6650595511294761,0.19211622032309847,0.6450019316935897
Saracatinib,Nucleus,-0.056308159691924285,-0.013591897183674762,0.11178297363059397,0.7008597077687901,1.0,1.0,0.17642854874226277,0.7847232625445428,0.18997063194302025,0.7608780805335208
Saracatinib,Actin filaments,-0.1877530064158841,-0.10349925973612618,1.1419423007197338e-07,0.003445323559170488,1.4959444139428513e-05,0.4513373862513339,2.1370634484897877e-06,0.013676890492464663,1.7096507587918301e-06,0.009865298060138446
Saracatinib,Transcription elongation,0.05877352804223093,0.02107183700855114,0.09692298089734308,0.5515543004239647,1.0,1.0,0.15675198145125857,0.6628771867480676,0.16817099996757542,0.6361671126988888
Saracatinib,Type I interferon signaling pathway,0.02107545181729771,-0.020678495263918153,0.5516616864973982,0.5589333343639358,1.0,1.0,0.6339270257119225,0.6650595511294761,0.6579758506630576,0.6422830421199612
Saracatinib,Nuclear transport,0.03491720344509371,0.06398377543820608,0.324036546377215,0.07058801817205684,1.0,1.0,0.41212415121762297,0.13210043400770638,0.4395042717040397,0.1235683347065405
Saracatinib,Mediator/CCR-NOT complex,0.02139707295956525,-0.038584529848166946,0.5456074212528601,0.27551543475458695,1.0,1.0,0.6325183379126077,0.38182757095108677,0.6517438193081277,0.37017971233693225
Saracatinib,Apoptosis Regulation,-0.1116208343512849,-0.14796782267586467,0.0016193713340397764,2.8945552817738474e-05,0.2121376447592107,0.00379186741912374,0.005733449858357046,0.000315988951593645,0.005936585198305932,0.00015117079411788997
Saracatinib,Actin cytoskeleton,-0.06435624159559752,-0.062149093712354164,0.0691363887708929,0.07902344029223962,1.0,1.0,0.1207972904028919,0.13985445832227883,0.12760277155235059,0.13576486135453628
Saracatinib,NeST:49,-0.002120465201377956,-0.07618953083529958,0.9522852119015695,0.031305976933938995,1.0,1.0,0.9746043965555125,0.07323362461332159,0.9680352616391288,0.06441491589025145
Saracatinib,Cell motility,0.012255547985231803,-0.0010342901929550597,0.7292101688701225,0.9766382635197592,1.0,1.0,0.7960544343498837,0.9819274837116113,0.8038638384664972,0.9822619003538462
Saracatinib,Checkpoint-regulated DNA repair,0.07157950487351016,0.15039949501503627,0.043214628316966985,2.135641021161483e-05,1.0,0.0027976897377215426,0.08204516390612572,0.0002797689737721543,0.08687135001825076,0.00011738558340090388
Saracatinib,ECM-cytoskeleton assembly,-0.17487268752371832,-0.003666895767708239,7.861224298189029e-07,0.9174225929369375,0.00010298203830627628,1.0,9.362003482388753e-06,0.9463177927144789,9.020324523177484e-06,0.9358782064223659
Saracatinib,INSR-FOXO,-0.11302981644996568,-0.0960761120644492,0.001411994256281801,0.00662449606282034,0.18497124757291594,0.8678089842294645,0.005284892787797598,0.022251512416140116,0.005322913599220602,0.017156026047369974
Saracatinib,Integrator-PP2A complex,-0.04566287139246109,-0.05006724202745909,0.19719614951994746,0.1570834577305118,1.0,1.0,0.271923111443296,0.23384014730337552,0.2975700005846327,0.2363016225381479
Saracatinib,Cell-extracellular matrix interactions,-0.08948023188237031,-0.08839568767380863,0.011501195131456754,0.012485880448243503,1.0,1.0,0.026904581468229192,0.03480107103659359,0.02983478341031356,0.03010399396416992
Saracatinib,Histone deacetylase binding,0.06752413764177961,0.033758590064072294,0.056508135161837725,0.34010452753602594,1.0,1.0,0.10281341258612141,0.459316423785767,0.10793534444035104,0.4385925490456381
Saracatinib,Histone acetyltransferase complex,0.07356501345117668,0.11430823514912646,0.03773651623318153,0.0012366825529859238,1.0,0.16200541444115601,0.07378333770965344,0.00600020053485763,0.07785013585113039,0.004110073939310512
Saracatinib,Cyclin D associated events in G1,-0.0010546687929312976,0.07820781297326179,0.9762771088781275,0.027099033443482412,1.0,1.0,0.9837869327925746,0.0657402477980777,0.9830382459213851,0.0572576351789709
Saracatinib,Chromosome centrometric region,0.1096013849140497,0.058939404295652205,0.0019650769239960564,0.09579999609054268,0.2574250770434834,1.0,0.006600643001114959,0.16038308028022621,0.006819207338900222,0.15885822136533026
Saracatinib,Transcription,0.0597615039855039,0.03154494764194434,0.09143801852100042,0.372713824984519,1.0,1.0,0.1516250686867222,0.48825511072971994,0.159978330800164,0.4709856373598584
Saracatinib,Nuclear receptor signaling,0.050596069452843916,0.05359961949965782,0.15300244299369092,0.12985756761327027,1.0,1.0,0.22520584305812935,0.20251596853974294,0.24344113399401027,0.2033228050677897
Saracatinib,Culin-RIng uniqutin ligase complex,0.00339424204189026,0.016590168659589122,0.9235908784806957,0.6392259949758428,1.0,1.0,0.9526803549682766,0.7281617855811774,0.9465764975978485,0.7066548973994549
Saracatinib,Actin and actin-associated proteins,0.02404036956648953,0.03231040196458817,0.49713248638211893,0.36122512106302085,1.0,1.0,0.5974711533583265,0.4828621516250585,0.6053387053390324,0.4590508409952051
Saracatinib,Mitosis,0.1026697502231225,0.06854254415315396,0.003735271117710548,0.052751576762786856,0.4893205164200818,1.0,0.01041107481744855,0.10470388721098603,0.011696904774982034,0.09733037402711377
Saracatinib,PcG protein complex,-0.13575783262214064,-0.13801276038213398,0.00012603380769937722,9.608209147571323e-05,0.016510428808618416,0.012586753983318433,0.0007178447308094964,0.0006992641101843574,0.0006808424250976667,0.000424272606179273
Saracatinib,Protein nuclear transport,0.11819304000233957,-0.04152419087741149,0.0008435047834938203,0.24058597993966058,0.11049912663769046,1.0,0.0032499743128732487,0.3388899287322101,0.0034087134181292685,0.33321688146708933
Saracatinib,Metabolism,-0.032673169099618954,-0.06219908497569018,0.35615303811011056,0.07878267495342683,1.0,1.0,0.4443433142135665,0.13985445832227883,0.47246630878404544,0.13570704027183925
Saracatinib,Regulation of nuclear protein ubiquitiation,0.08800739163371046,0.09454402270911583,0.012933570495064828,0.0075457381828301084,1.0,0.9884917019507442,0.029724521664096358,0.022700457394798524,0.033059467997141316,0.019213335359441044
Saracatinib,EGFR-MAPK signaling,0.08615601846860811,0.11941270443300775,0.01496165331027588,0.0007394091922083845,1.0,0.09686260417929837,0.032666276394102335,0.003874504167171935,0.036980690257474344,0.002571573562282258
Saracatinib,Ubiquitin regulation of mitophagy,0.08367880320323198,0.05592382361046751,0.018110882340421908,0.11402776131083403,1.0,1.0,0.03826654171927854,0.18216630160633243,0.043136828847186726,0.18347148493411577
Saracatinib,NeST:78,0.11953626263574739,0.07148170928417931,0.0007353576800264161,0.043382406858043954,0.09633185608346051,1.0,0.0032110618694486835,0.09359460769489211,0.003042058613161911,0.0834726359618667
Saracatinib,Homologous recombination (HR) and Fanconi Anemia repair,-0.06955890784115396,-0.017747358961203746,0.04947637224882717,0.6159538099425119,1.0,1.0,0.09128739105065295,0.70780657107429,0.09673738454621432,0.6869592380216377
Saracatinib,Immune system,0.022213620961251207,-0.038473613946471495,0.5303861583266107,0.2768978567965896,1.0,1.0,0.6259512318989731,0.38182757095108677,0.6354931714096281,0.37108561882714314
Saracatinib,NeST:80,-0.0962839478270346,-0.11379604313129074,0.006543136892382062,0.0013002840555611517,0.8571509329020501,0.17033721127851087,0.016172659111359438,0.006083471831375388,0.018556696455632134,0.004303255863878169
Saracatinib,TGF-beta/Smad signaling,-0.09330980687114708,-0.13250784147914443,0.008407613529653357,0.00018060213139392545,1.0,0.023658879212604234,0.02039624763675166,0.0011829439606302118,0.02310623858149489,0.00074712250145066
Saracatinib,Extended PRC1 complex,-0.18644286930190537,-0.07948626219657243,1.3976902346612974e-07,0.024683078854534912,1.8309742074062996e-05,1.0,2.2887177592578745e-06,0.06129161283541267,1.988561661522911e-06,0.05300792344170612
Saracatinib,TNFR/Traf signaling,0.09790058052064898,0.09553430783866669,0.005692261820637423,0.0069395157710197,0.7456862985035024,0.9090765660035807,0.01462129997065691,0.022700457394798524,0.01654126676188252,0.01785420424229618
Saracatinib,Lymphoid JAK/STAT signaling,-0.013680594183306244,-0.06297389052189616,0.6992570615496603,0.07512682694998185,1.0,1.0,0.7751194020865234,0.13668908792288365,0.7857270198399326,0.13049654360814528
Saracatinib,Positive regulators of transcription,0.13685318726916917,0.141303092294959,0.00011103566255377117,6.520042394364545e-05,0.014545671794544024,0.008541255536617554,0.0006611668997520011,0.0005694170357745036,0.0006167776025955064,0.0003005720423443127
Saracatinib,RTK-JAK-STAT signaling,0.06009485206642759,0.059204166716305684,0.08964467727102421,0.09431792379056003,1.0,1.0,0.15055708618595093,0.16038308028022621,0.15763023788596203,0.15673126448071922
Saracatinib,Nucleolus,0.0777376789874568,0.05423252731256851,0.028124061440932158,0.1253868450972797,1.0,1.0,0.05629894620893997,0.19789971937040532,0.06239772884750768,0.1981462059436359
Saracatinib,Mediator complex,0.1897534958528617,0.1492700513994962,8.3613757029255e-08,2.4615287137041975e-05,1.0953402170832405e-05,0.0032246026149524987,1.8255670284720675e-06,0.00029314569226840897,1.327685111616049e-06,0.00013117027586247453
Saracatinib,G1/S phase,-0.045364877509994975,-0.0824668230218009,0.20013571600473945,0.019776723188815737,1.0,1.0,0.2731018624648007,0.05336737372306196,0.300777577016683,0.04422334118466335
Saracatinib,Polybromo- and BAF containing complex,-0.04353606236774508,-0.0913341685322033,0.21887885177116218,0.009847257135740861,1.0,1.0,0.2896275715355782,0.028666459661823396,0.32233233548171775,0.024263147676151463
Saracatinib,Nuclear pore,-0.1041895704290075,0.0285890164282697,0.0032555503924702744,0.4191670204105664,0.42647710141360595,1.0,0.009692661395763772,0.5279892276325404,0.01048714183803949,0.5179143974181563
Saracatinib,p53 regulation,0.10150665395642028,0.05877677329395398,0.004145855775720353,0.09671956749723565,0.5431071066193662,1.0,0.011314731387903463,0.16038308028022621,0.012824405010851976,0.16021407808815008
Saracatinib,Cell projection morphogenesis,-0.001603364670037745,-0.06193335437279921,0.9639214898745012,0.0800693463677169,1.0,1.0,0.9788660090973618,0.13985445832227883,0.974459538316859,0.13741158568782857
Saracatinib,Histone methyltransferase complex,-0.3203682661102261,-0.247560596961804,0.0,2.632116746781321e-12,0.0,3.4480729382835307e-10,0.0,1.7240364691417653e-10,0.0,8.994972882478776e-11
Sorafenib,Cell,-0.10792081600326225,0.0827831335201828,0.00047213398126877415,0.007362077283144641,0.061849551546209414,0.964432124091948,0.0024739820618483767,0.014829872086056115,0.002078976522561661,0.018818187787159962
Sorafenib,Signaling pathways,-0.19836744401574732,-0.19367668773073005,1.3089462846949118e-10,3.4611735699741075e-10,1.7147196329503345e-08,4.534137376666081e-08,5.715732109834448e-09,3.4877979820508314e-09,4.034634430471375e-09,6.477339109522973e-09
Sorafenib,Chromatin binding,0.19486713102643205,0.27771273937394925,2.7402458080416636e-10,0.0,3.5897220085345793e-08,0.0,8.974305021336448e-09,0.0,7.977160018965732e-09,0.0
Sorafenib,CDK holoenzyme complex II,0.016664491169049295,-0.020619466419555418,0.5892764997316282,0.5028775667931986,1.0,1.0,0.7282568062721066,0.5728431413035566,0.6944097882894449,0.5921524606733395
Sorafenib,MAPK and MAP2K activation,0.020831960600197742,0.0075639196213120015,0.4997450266809109,0.8079283766592102,1.0,1.0,0.6294865239923013,0.8268641979871605,0.607578640326676,0.8489728663825391
Sorafenib,Ubiquitin regulation of p53 activity,0.07118534463887717,0.09891138053771505,0.02110496357378655,0.0013623104767441774,1.0,0.17846267245348724,0.05421078878756938,0.003130924078131355,0.04929718088854749,0.004470881147060223
Sorafenib,HDACs deacetylate histones,-0.1398151751070176,-0.14728881368511199,5.917573351998939e-06,1.808480710074889e-06,0.000775202109111861,0.00023691097301981046,5.963093147014316e-05,8.169343897234843e-06,4.948098568799113e-05,1.347360983998922e-05
Sorafenib,EMT,-0.026476016141298398,0.05738611632386527,0.3910787110863201,0.06328142373894718,1.0,1.0,0.5392769594979783,0.09987790975665159,0.5064050525763552,0.11304363422457384
Sorafenib,Metabolic pathways,0.0020354093863286494,0.013126568886826184,0.9474001113327994,0.6720656030093866,1.0,1.0,0.9620884851519126,0.7335640168039695,0.964580942367332,0.7359013281559605
Sorafenib,CDK holoenzyme complex I,-0.03329892871164553,0.011248530278966619,0.280724733780106,0.7169999216474809,1.0,1.0,0.43880549360467674,0.7636340628928455,0.3922660280020681,0.7730616439162141
Sorafenib,Transcription factor (TF) binding,0.03456735425791214,0.006254264452106088,0.2627766217134553,0.8409566159729434,1.0,1.0,0.4317291191959983,0.8539947030422913,0.3714791810553522,0.8760661367193286
Sorafenib,Regulation of TP53 Activity,0.008257287548980502,-0.05326917123496879,0.789060112158483,0.08403583700484796,1.0,1.0,0.8407760071371078,0.1295140546780598,0.8476676137529858,0.14343576088123886
Sorafenib,Regulation of E2F transcription via DREAM complex,-0.09726936329210613,-0.17645754722100626,0.0016269524832068782,1.0733109512273131e-08,0.21313077530010105,1.4060373461077802e-06,0.006660336728128158,8.787733413173626e-08,0.005936585198305932,1.4800393116924e-07
Sorafenib,Protein Transport,-0.10646712500364428,-0.0074606786635526235,0.0005626776555316404,0.8074953323938212,0.07371077287464489,1.0,0.0028350297259478806,0.8268641979871605,0.0023970983048665004,0.8489728663825391
Sorafenib,Extended cohesin complex,0.09773876210286264,0.12323309168320076,0.0015438825467273265,6.593978167979131e-05,0.20224861362127977,0.008638111400052662,0.006660336728128158,0.00020088631162913165,0.005751145411031652,0.0003030916280720232
Sorafenib,PML body,0.08535032418227831,0.21175411948269954,0.005692636970851428,6.966871524127782e-12,0.7457354431815371,9.126601696607395e-10,0.017755605790036596,1.1408252120759244e-10,0.01654126676188252,2.0900725998403273e-10
Sorafenib,Extended mismatch repair complex,0.06817461065911008,0.18035981355022065,0.027204704381473155,5.181464812764602e-09,1.0,6.787718904721629e-07,0.06688973076326855,4.525145936481086e-08,0.060919936307230485,7.541909894135144e-08
Sorafenib,Regulation of beta catenin transcriptional activity,-0.06720628180043582,0.023518565128474937,0.0294708764399203,0.4472614942886488,1.0,1.0,0.07019426933871926,0.5326477795619363,0.0641665065977212,0.544191229893
Sorafenib,Fas,-0.039643416565506975,0.0181560925137385,0.19906359427028564,0.5577019650930501,1.0,1.0,0.35239636282982995,0.6286988759545192,0.29945260305539617,0.6418063610002012
Sorafenib,BAF (SWI/SNF) complex,0.18661188714827104,0.16642758687698686,1.4906456069496699e-09,7.050904837768712e-08,1.9527457451040675e-07,9.236685337477013e-06,3.905491490208135e-08,4.6183426687385066e-07,3.719515704960129e-08,8.271658511173444e-07
Sorafenib,Ribosome biogenesis,0.056397332758679836,0.1193623103316931,0.06769373765144882,0.00011105438962788483,1.0,0.014548125041252913,0.15030304461592872,0.0003162635878533242,0.12563701958450713,0.00048359418419677275
Sorafenib,Homologous recombination,-0.028624788491501893,0.040865805877437024,0.3537849263712638,0.18617017535399039,1.0,1.0,0.49834220811436086,0.24886013236094634,0.4705159934480767,0.27098103301525267
Sorafenib,Cell Proliferation,0.04038433830130096,0.12418968303640877,0.19077321753820486,5.7835875317824303e-05,1.0,0.007576499666634984,0.34710127079867825,0.00018039284920559484,0.2895952396011923,0.000268988153845029
Sorafenib,Histone methyltransferase subcomplex,0.09729347001330267,0.08056291543037825,0.0016222252815309979,0.009105246547864931,0.21251151188056072,1.0,0.006660336728128158,0.017802795489109045,0.005936585198305932,0.022647860084246314
Sorafenib,RPA complex associated proteins,0.0753507195727129,0.1267758028746839,0.014645039576002272,4.038702248543302e-05,1.0,0.005290699945591726,0.03968583247702954,0.00013226749863979315,0.036427218692208184,0.0001959661438162121
Sorafenib,mTOR regulation of autophagy/ribosome biogenesis,0.01149505010896279,0.09353049861723477,0.7095805850635186,0.0024602092232124395,1.0,0.3222874082408296,0.8083048403767039,0.005371456804013826,0.7899863170820476,0.007437401728634528
Sorafenib,PIK3/AKT signaling,0.026067773128661306,0.1398385955591297,0.39838646352567997,5.9416566384751235e-06,1.0,0.0007783570196402412,0.5436315283527507,2.289285351883062e-05,0.5129228183991534,3.827985342492989e-05
Sorafenib,Locomotion,-0.010242408676323913,0.00917694071655716,0.7400621985771374,0.7677210915361838,1.0,1.0,0.8229609890305128,0.8045717039299206,0.8118477153965526,0.8165477374119627
Sorafenib,Regulation of adherens junction stability,0.04907005280863321,0.15493604549300194,0.11190897236959074,5.232832507306995e-07,1.0,6.855010584572163e-05,0.23269960921295854,2.8562544102384013e-06,0.18997937857990999,4.595537822059551e-06
Sorafenib,mTOR regulation of mRNA translation,-0.02427353907280472,0.12111537032318616,0.4316841613875151,8.786400357174706e-05,1.0,0.011510184467898865,0.5672944407359406,0.00026159510154315604,0.5455802984002903,0.0003901757446745378
Sorafenib,SMAD-TGFbeta signaling,0.05798032745538927,0.13940674694336788,0.06033717965473406,6.347707239617861e-06,1.0,0.0008315496483899398,0.1362788023236235,2.3758561382569708e-05,0.11386560194146692,4.07289623701195e-05
Sorafenib,Cellular response to DNA damage,-0.15514979455722458,-0.1685022567162698,5.006018899411657e-07,4.734954295315674e-08,6.557884758229271e-05,6.202790126863533e-06,6.557884758229271e-06,3.2646263825597543e-07,6.10035791463188e-06,5.725652424797108e-07
Sorafenib,G1 to S cell cycle control,0.06688689324679939,0.06721883558298633,0.03024613676816923,0.02957294641964614,1.0,1.0,0.07075435565411016,0.053069260013337595,0.06526669534360625,0.06165606335767074
Sorafenib,EGFR/PI3K signaling,0.017338820274546262,0.10814582320141031,0.5743001051400805,0.00046231462265211576,1.0,0.060563215567427164,0.7165077502223861,0.001121541029026429,0.6813583134190238,0.0016862148185826588
Sorafenib,H3 acetylation and H3K4 methylation crosstalk,0.11264481358105784,0.041461022868988485,0.00026306711995371934,0.1798304036904783,0.034461792713937234,1.0,0.001498338813649445,0.24286374106652225,0.0012711074542073482,0.26321545121176154
Sorafenib,Histone modifications in DNA damage response,-0.12050067706405147,0.07580766048320034,9.47664212189725e-05,0.014126946791740647,0.012414401179685397,1.0,0.0006207200589842699,0.02682072506837717,0.0005378079933437717,0.033195157483731384
Sorafenib,NeST:16,-0.02323752861849561,0.03058600200217997,0.4515994710626301,0.3226851526961778,1.0,1.0,0.5857379278139064,0.40258814288761235,0.5652184462662855,0.42041997626581734
Sorafenib,NeST:163,0.05335319436846983,0.050189886665450406,0.08391214737299646,0.10436089415382388,1.0,1.0,0.18320818843104228,0.15190307926834365,0.1507541664804005,0.1701818730392232
Sorafenib,Transcription coactivator activity,0.07909732226122707,0.24994041524819743,0.010394793889996867,6.661338147750939e-16,1.0,8.72635297355373e-14,0.02960256520846934,2.90878432451791e-14,0.027649096438367302,3.878379099357213e-14
Sorafenib,Foxo signaling,0.08297152244281321,0.12890959749153827,0.007189912745216853,2.987937229148585e-05,0.9418785696234078,0.003914197770184646,0.020930634880520174,0.0001003640453893499,0.020075564539042436,0.00015501773347265926
Sorafenib,Neg Regulation EGFR,0.013379720721327383,0.14317799814046372,0.6646705871283536,3.541135247919769e-06,1.0,0.0004638887174774897,0.7915622446710393,1.4057233862954234e-05,0.7571464949027332,2.4308579081789856e-05
Sorafenib,RNA processing 1,-0.02491041192233222,0.007889767433927802,0.41969839254585084,0.7997612933714591,1.0,1.0,0.5610254022806782,0.8268641979871605,0.5368314671131632,0.8426439364476768
Sorafenib,Phosphatase 2A catalytic subunit,-0.008272093621180076,-0.0248631576662458,0.788743862989177,0.4194052340415477,1.0,1.0,0.8407760071371078,0.5134774360695584,0.8476676137529858,0.5179143974181563
Sorafenib,Wnt/beta-catenin,0.03229751918474734,0.10549121371694839,0.29541302507353207,0.0006362085243876159,1.0,0.08334331669477768,0.4448173136164678,0.0014882735124067442,0.40664560018878493,0.0022458054887968897
Sorafenib,p53 regulation of cell cycle,0.04226411317810525,0.05936351970214343,0.1709395993821179,0.05469745854495556,1.0,1.0,0.3199012502722492,0.08846132184431084,0.26500695288825377,0.10044907106620343
Sorafenib,Regulation of immune responses,0.038167308833404495,-0.033883035271754326,0.216282449831819,0.2714741395434124,1.0,1.0,0.3679610510125752,0.34527293475909726,0.31954512324776263,0.36568752987338843
Sorafenib,Regulation of beta catenin transcription,0.0630146189281039,0.14712779169472595,0.04121021452300133,1.8922314568570187e-06,1.0,0.00024788232084826944,0.09471119478093289,8.262744028275649e-06,0.083698265155243,1.3965201174550391e-05
Sorafenib,MDM2-p53 pathway,0.00994999958401395,0.05080545622466589,0.7471745767259088,0.10017357113830427,1.0,1.0,0.8229609890305128,0.14744649234963889,0.8179376285606745,0.16489304065907257
Sorafenib,RNA metabolism,0.050658071117075945,0.06199359033661328,0.10077348308450551,0.04480514758254528,1.0,1.0,0.21292461748500358,0.07429714345966369,0.1735114078957751,0.0850648454103396
Sorafenib,Resolution of D-loop structures,-0.13869484176070412,0.07307386326432307,7.022028869263508e-06,0.018008116124886397,0.0009198857818735195,1.0,6.570612727667997e-05,0.03370090303371597,5.7194970893690336e-05,0.04084957943480724
Sorafenib,NeST:195,0.025197312533816116,0.04695208153844325,0.4143241966990985,0.12871884958581492,1.0,1.0,0.5595512347173391,0.17938477974193356,0.53125419022103,0.20174080912153647
Sorafenib,Cohesin,-0.08736177142790919,-0.023674418869073247,0.004653752510221043,0.44192804537580965,0.6096415788389566,1.0,0.014869306800950163,0.5311245315984502,0.01401474893882659,0.5390010254346195
Sorafenib,Oncogene induced senescence,0.17295595394712074,0.2512707847625525,2.1069047173583044e-08,4.440892098500626e-16,2.760045179739379e-06,5.81756864903582e-14,3.94292168534197e-07,2.90878432451791e-14,4.1400677696090683e-07,2.6850316841703785e-14
Sorafenib,Cytoplasm/extracellular space,-0.08322613434938582,-0.059982407277722624,0.007015722586923623,0.051747798745914286,0.9190596588869946,1.0,0.020887719520158967,0.08473702044643464,0.019659030136620206,0.09592870239219016
Sorafenib,Extracellular matrix organization,-0.048161706424903805,-0.022490693274194774,0.11871826736376745,0.46502848553447773,1.0,1.0,0.2430014535102115,0.5439172464733624,0.19832637225913116,0.5588874459175833
Sorafenib,MHC class I including non-classical MHCs,0.01415625250268164,0.08263052544045117,0.646500066497472,0.007471538608242012,1.0,0.9787715576797036,0.7769863184510902,0.014829872086056115,0.7407420586982697,0.019066978396357865
Sorafenib,Endoplasmic Reticulum protein processing,-0.03204032343689434,0.011832191063992753,0.2993073557572803,0.7029210635189107,1.0,1.0,0.44555981368413317,0.7547758960735844,0.4115120611607108,0.76258931114681
Sorafenib,Regulation of androgen receptor signaling pathway,-0.10407244698064404,-0.09641358608831195,0.0007478214813532169,0.0017750227850672484,0.09796461405727142,0.23252798484380954,0.003498736216331122,0.004009103186962234,0.0030854996553471314,0.005580671636251429
Sorafenib,RAS-RAF-MAPK,0.008242420432490433,0.022628003334554763,0.7894309074646126,0.4646957480478333,1.0,1.0,0.8407760071371078,0.5439172464733624,0.8476676137529858,0.5588874459175833
Sorafenib,Structural constituent of muscle,-0.04305793616364595,-0.06550411366841853,0.1630646352518943,0.03366054510330496,1.0,1.0,0.3112747373570285,0.05726664166925909,0.256961942220039,0.06801333792081671
Sorafenib,Beta-catenin,-0.024201663203439392,0.017660436686097562,0.43304919140148135,0.5685418414297365,1.0,1.0,0.5672944407359406,0.6286988759545192,0.5463509862625431,0.6499983816200333
Sorafenib,Actin filament-based process,0.13543142883196357,0.14409596199475835,1.1472982215599004e-05,3.0654885025960255e-06,0.0015029606702434695,0.00040157899384007933,0.0001001973780162313,1.2954161091615462e-05,8.712815479672287e-05,2.1417546338137564e-05
Sorafenib,MutS homologs,0.03857616223412898,0.13590299401878453,0.21140227271113332,1.077771546897921e-05,1.0,0.0014118807264362765,0.36439075954155875,3.8158938552331796e-05,0.31433042426749186,6.54153232325688e-05
Sorafenib,Beta-catenin destruction complex,0.0680123212081256,0.06839340303924098,0.027572866116156503,0.026841406728159267,1.0,1.0,0.06688973076326855,0.04883644835262311,0.0616565370335676,0.05686616088499511
Sorafenib,Epithelial differentiation,-0.009680171565718043,0.09092010867795654,0.7538573945317675,0.0032439474582679484,1.0,0.42495711703310124,0.8229609890305128,0.006854147048920988,0.8223898849437464,0.009374054052200763
Sorafenib,Lymphocyte activation,0.027086604154652062,-0.049435115466452635,0.3802087499925251,0.10881966428302103,1.0,1.0,0.5298653856278807,0.15665248374808521,0.49436571959325837,0.1761735450596386
Sorafenib,PI3-K/Akt,0.04296499203363533,0.15308023035922955,0.1639538692949234,7.14246354727166e-07,1.0,9.356627246925875e-05,0.3112747373570285,3.74265089877035e-06,0.2574780045270925,6.169204778192884e-06
Sorafenib,MAPK signaling,0.00988794586184622,0.05224638493847974,0.7486978001383573,0.09089505430867817,1.0,1.0,0.8229609890305128,0.13530968311860045,0.8184634627502803,0.15216935609503948
Sorafenib,RNA processing 2,0.03279273640688531,0.02461112279709813,0.2880707820610855,0.42638989229264124,1.0,1.0,0.43880549360467674,0.5171951471327407,0.3991364986908168,0.5247010187060089
Sorafenib,Contractile fiber,0.03163967886370716,0.04418497992910195,0.30535859885445515,0.15285295628191053,1.0,1.0,0.449460409549816,0.21077618182031874,0.41777521096536424,0.23175789970953797
Sorafenib,MutL alpha/beta complex,0.03394540290502456,0.11409270082914232,0.2714610100199737,0.00022044577293667267,1.0,0.02887839625470412,0.43367551600751897,0.0005662430638177278,0.38101491763517736,0.0008728986273462202
Sorafenib,NeST:29,-0.0046407233059222825,0.004911077678277484,0.8805255810825423,0.8751232864358216,1.0,1.0,0.9082586702504963,0.8818550040237895,0.9109277515923959,0.9026862245912807
Sorafenib,RBL-TP53 complex,0.11675774289708717,0.22268652859515084,0.0001553043334987514,5.493383525845275e-13,0.020344867688336432,7.19633241885731e-11,0.0009688032232541158,1.1993887364762182e-11,0.0008165164289633351,2.056094976816374e-11
Sorafenib,Regulation of cellular homeostasis,-0.21601199475132735,-0.11473646835919957,2.601474591301667e-12,0.00019992199004814637,3.4079317146051835e-10,0.026189780696307174,3.4079317146051835e-10,0.0005237956139261435,1.2027994286841823e-10,0.0008099932174115621
Sorafenib,Mismatch and excision repair,-0.09588356330644414,-0.14321804173981895,0.0018954848103902577,3.4531364387913044e-06,0.24830851016112376,0.0004523608734816609,0.007524500307912841,1.4057233862954234e-05,0.006651120807887244,2.3808467025350572e-05
Sorafenib,Extracellular matrix,0.010670428540632345,0.06302677515167521,0.7295639646865266,0.041355138283895476,1.0,1.0,0.8229609890305128,0.06945542455372189,0.8038638384664972,0.08006191795847745
Sorafenib,Ubiquitin/Proteasome System,-0.09209702346064257,-0.05545526853967484,0.00284998382826096,0.07208856968638666,0.3733478815021858,1.0,0.01066708232863388,0.11242384082043634,0.00937275016323479,0.12577495177247486
Sorafenib,Ribosome abundance control,0.08938593713568439,0.11641148777889813,0.0037829674261953272,0.000163589642989459,0.49556873283158787,0.021430243231619128,0.01339374953598886,0.00044646340065873186,0.011822713308109451,0.0006821297580356221
Sorafenib,Epigenetic modification,0.0004545220727123218,-0.035593364174002565,0.9882246345064518,0.24805589997716337,1.0,1.0,0.9882246345064518,0.3217358702674099,0.9901141653563685,0.34265718344824325
Sorafenib,Spliceosomal complex,0.10422970050717191,0.21005587394845499,0.0007339258783265468,1.0224043833773067e-11,0.09614429006077763,1.3393497422242717e-09,0.003498736216331122,1.4881663802491907e-10,0.003042058613161911,2.819683667840572e-10
Sorafenib,Interferon signaling,0.04164609065763893,0.0663034765265847,0.17728238791143802,0.03186434040237085,1.0,1.0,0.32709849037180816,0.054924060430402384,0.27268876105360135,0.06522232176110283
Sorafenib,Transmembrane tyrosine kinase signaling,0.005694224840751452,0.06687755537650442,0.8536210309856711,0.03041013474123222,1.0,1.0,0.8891667648914109,0.0538341574473165,0.8939988412454863,0.06315024017598024
Sorafenib,Regulation of mRNA processing,0.07676687914920916,0.20426253468541639,0.012885557714118256,3.699907047405304e-11,1.0,4.8468782321009485e-09,0.03591506511807429,4.4062529382735897e-10,0.03299038554819853,8.94808289003252e-10
Sorafenib,Nucleus,-0.0735827787377511,-0.020670477044960157,0.01713965595698741,0.5018246310135439,1.0,1.0,0.04490589860730701,0.5728431413035566,0.041135174296769786,0.5913555621838763
Sorafenib,Actin filaments,0.04612393419987427,0.06646525308143973,0.13511530463198107,0.03144862987363317,1.0,1.0,0.26418067025058983,0.054924060430402384,0.221251311334869,0.0645403635655035
Sorafenib,Transcription elongation,-0.12440912095375754,-0.052264008670255845,5.572225677519249e-05,0.09004320700125534,0.007299615637550216,1.0,0.0004480805259888091,0.13530968311860045,0.0003421694830101664,0.1510650175090431
Sorafenib,Type I interferon signaling pathway,0.20051513416335043,0.20897166817148874,8.260858663788895e-11,1.3040679647247089e-11,1.0821724849563452e-08,1.7083290337893686e-09,5.410862424781726e-09,1.7083290337893686e-10,2.5972139638952285e-09,3.5344738630124867e-10
Sorafenib,Nuclear transport,-0.1209311552811153,0.017878464471642073,8.944955464440518e-05,0.5637612303734048,0.011717891658417079,1.0,0.0006167311399166884,0.6286988759545192,0.0005131923354051276,0.6450019316935897
Sorafenib,Mediator/CCR-NOT complex,0.04719397855899049,0.08791376878594195,0.12629043730889755,0.00442408472918987,1.0,0.579555099523873,0.2506673831434179,0.009055548430060515,0.2088908473628667,0.012244406662870057
Sorafenib,Apoptosis Regulation,0.005630955427748334,0.15597916368415585,0.8552291021092959,4.386586334170772e-07,1.0,5.746428097763712e-05,0.8891667648914109,2.4984469990277005e-06,0.8950866501436839,3.91490539302549e-06
Sorafenib,Actin cytoskeleton,0.012319606772004417,0.1598892857530476,0.689796566835865,2.2422305145930466e-07,1.0,2.937321974116891e-05,0.806815627281235,1.335146351871314e-06,0.7784351780803874,2.224766240083165e-06
Sorafenib,NeST:49,0.09226752390415882,0.11749169880239171,0.002798335687383524,0.00014210609763876114,0.36658197504724166,0.01861589879067771,0.01066708232863388,0.00039608295299314275,0.009241562396148949,0.0006021314972725944
Sorafenib,Cell motility,0.021473479357317842,0.01754375827889013,0.4866335450824337,0.571108139225861,1.0,1.0,0.6249901412333217,0.6286988759545192,0.5985821070967026,0.6505666629442416
Sorafenib,Checkpoint-regulated DNA repair,-0.16763489597426645,-0.1864029239889999,5.6183787400243546e-08,1.532362459144565e-09,7.3600761494319045e-06,2.0073948214793802e-07,9.200095186789881e-07,1.433853443913843e-08,9.395841892891793e-07,2.6183410714948438e-08
Sorafenib,ECM-cytoskeleton assembly,0.1088267778407994,0.16372026124469027,0.0004226760214094405,1.1444126979398561e-07,0.055370558804636705,1.4991806343012115e-05,0.002307106616859863,7.138955401434341e-07,0.0019038587554602879,1.215551865649631e-06
Sorafenib,INSR-FOXO,-0.01150244463508454,0.08948284942149196,0.7094534970988435,0.00376678095260341,1.0,0.49344830479104673,0.8083048403767039,0.00783251277446106,0.7899863170820476,0.010688410934102095
Sorafenib,Integrator-PP2A complex,0.007718941413203337,0.04698066195976931,0.8025166277831797,0.12848600729170956,1.0,1.0,0.847819985803198,0.17938477974193356,0.8552922975424803,0.20174080912153647
Sorafenib,Cell-extracellular matrix interactions,-0.03875892468295514,-0.002196712889770018,0.20927167742971875,0.9417108806463217,1.0,1.0,0.36439075954155875,0.9417108806463217,0.3118247174592586,0.9550770995974307
Sorafenib,Histone deacetylase binding,-0.11459034248290573,-0.10758285608853418,0.0002055074246205546,0.0004878204322722457,0.026921472625292653,0.06390447662766419,0.001223703301149666,0.0011618995750484397,0.001022334403492126,0.0017628821138665983
Sorafenib,Histone acetyltransferase complex,0.08816656558610436,0.1755119435668469,0.004287282685539573,1.3144288768529577e-08,0.561634031805684,1.7219018286773746e-06,0.014779842942254843,1.0128834286337498e-07,0.013189057498372228,1.7812777538041806e-07
Sorafenib,Cyclin D associated events in G1,-0.012639684430851223,0.0695185000085276,0.6822231528427267,0.024432021481768373,1.0,1.0,0.8051462434450198,0.04507880019875573,0.7721056848587231,0.05254054414410381
Sorafenib,Chromosome centrometric region,-0.015832594555515656,0.12452447192115731,0.6080447428664135,5.52295950024817e-05,1.0,0.007235076945325103,0.7444286104252352,0.00017646529134939274,0.7101384366909377,0.00025762885265252593
Sorafenib,Transcription,-0.15389109698229628,0.025863027943176128,6.1863766709358e-07,0.4031870051486508,8.104153438925898e-05,1.0,7.367412217205362e-06,0.4982782799478609,7.257450840829163e-06,0.5022266022929311
Sorafenib,Nuclear receptor signaling,0.03594829956874605,0.11605697685295968,0.24418557220920878,0.0001712821605437398,1.0,0.022437963031229913,0.4101065379411071,0.0004579176128822431,0.35087725732438413,0.0007123162867057115
Sorafenib,Culin-RIng uniqutin ligase complex,0.06844252565539691,0.05302520917198953,0.02660620679672987,0.08617541152768182,1.0,1.0,0.06688973076326855,0.1312671966293758,0.059749938692084795,0.14629346319818123
Sorafenib,Actin and actin-associated proteins,0.08759830422564618,0.11944412372583262,0.004542515291166227,0.00010985453483325358,0.5950695031427757,0.014390944063156219,0.014869306800950163,0.0003162635878533242,0.013812058100025743,0.0004796981354385406
Sorafenib,Mitosis,-0.15956902999108427,-0.23192299721276288,2.350425534203282e-07,5.6621374255882984e-14,3.0790574498062995e-05,7.417400027520671e-12,3.4211749442292216e-06,1.8543500068801677e-12,3.131244864209796e-06,2.5403383100789747e-12
Sorafenib,PcG protein complex,0.07519993359607721,0.09264119787626279,0.014844319018125551,0.0027052793349722215,1.0,0.354391592881361,0.03968583247702954,0.005809698243956738,0.036806418764185125,0.008100379265859681
Sorafenib,Protein nuclear transport,0.0914110975275158,0.13094252854553565,0.0030632369890031264,2.232755121278629e-05,0.40128404555940955,0.002924909208875004,0.011146779043316932,7.697129497039484e-05,0.009977702707878794,0.0001211498585596009
Sorafenib,Metabolism,0.03285092404948711,0.036396127740529055,0.28721622450322615,0.2391204873177899,1.0,1.0,0.43880549360467674,0.31324783838630477,0.3985030052242467,0.33177176175072
Sorafenib,Regulation of nuclear protein ubiquitiation,0.034504072082106686,0.14874635315374354,0.263651370501373,1.4570126072310785e-06,1.0,0.00019086865154727128,0.4317291191959983,7.341101982587357e-06,0.3723809114359015,1.1395143375956495e-05
Sorafenib,EGFR-MAPK signaling,0.014823661142423871,-0.00964765457072259,0.6310491941632921,0.7531331067307507,1.0,1.0,0.7654393003276968,0.795648685336519,0.7296548018020809,0.8059395805178626
Sorafenib,Ubiquitin regulation of mitophagy,0.052188085318322884,0.11021672021834822,0.09089784172125226,0.00035864309649724646,1.0,0.046982245641139286,0.19520684041777123,0.0008864574649271563,0.1592992276318936,0.0013455535744479033
Sorafenib,NeST:78,0.0988288313815917,0.22751982411412322,0.0013665755316529804,1.7186252421197423e-13,0.17902139464654043,2.2513990671768624e-11,0.006173151539535877,4.502798134353725e-12,0.005164078691727128,6.927381745159577e-12
Sorafenib,Homologous recombination (HR) and Fanconi Anemia repair,-0.08444678480159214,-0.11316016251044632,0.006225903726304383,0.0002444104259311519,0.8155933881458741,0.0320177657969809,0.018967288096415676,0.0006157262653265558,0.017794764832273616,0.000960532973909427
Sorafenib,Immune system,-0.0031535444116523805,0.03444893795050987,0.9186571014308957,0.26523453417167264,1.0,1.0,0.9401881272456823,0.3406443527106776,0.94264292653353,0.3588198689482525
Sorafenib,NeST:80,0.047626163493291004,0.1376121755695799,0.12285603697785197,8.337673522929023e-06,1.0,0.001092235231503702,0.24760216683228628,3.03398675417695e-05,0.20415400647905213,5.1822881211949046e-05
Sorafenib,TGF-beta/Smad signaling,0.030531548157675035,0.0941436907815479,0.32260856535910065,0.002303248437955041,1.0,0.3017255453721104,0.46957468957824644,0.005113992294442549,0.43832382432541594,0.007044176156547324
Sorafenib,Extended PRC1 complex,0.12409748985617874,0.14794725904456635,5.8147854517631714e-05,1.6582438675527555e-06,0.0076173689418097545,0.00021722994664941098,0.0004480805259888091,7.758212380336107e-06,0.0003542962298516165,1.25930403854731e-05
Sorafenib,TNFR/Traf signaling,0.021005566543189958,0.16991747382647776,0.49617842999204287,3.7352589465911024e-08,1.0,4.893189220034344e-06,0.6294865239923013,2.7184384555746357e-07,0.6051733588972408,4.551803925613343e-07
Sorafenib,Lymphoid JAK/STAT signaling,-0.0013597216504679654,-0.021119525596015487,0.9648931553753413,0.49260616952539626,1.0,1.0,0.97231541041669,0.5710744089188222,0.9748149358933397,0.5848768115513013
Sorafenib,Positive regulators of transcription,0.12122937616602453,0.21367989204559842,8.590823544007975e-05,4.4935166698678586e-12,0.011253978842650447,5.886506837526895e-10,0.0006167311399166884,8.409295482181278e-11,0.0004983311664642265,1.4415935112310763e-10
Sorafenib,RTK-JAK-STAT signaling,0.012009921255371174,0.04755635330362279,0.6972030494763084,0.12386527841202222,1.0,1.0,0.8082619423132426,0.1763733855649447,0.7848554036908321,0.1960888395404823
Sorafenib,Nucleolus,-0.14517338444560127,-0.04192308507300928,2.5649997470456043e-06,0.1737822050285418,0.00033601496686297416,1.0,2.800124723858118e-05,0.23714030061186434,2.3442904664858664e-05,0.25627169446985715
Sorafenib,Mediator complex,0.03996768028935764,0.20223512436739394,0.1953901238625262,5.7560178845506016e-11,1.0,7.540383428761288e-09,0.35063159213686207,6.283652857301073e-10,0.29533968722297227,1.3306558991931684e-09
Sorafenib,G1/S phase,-0.08748056821461801,-0.07722617966593467,0.004598077146550139,0.01228399496903565,0.6023481061980682,1.0,0.014869306800950163,0.023664755013877502,0.01387366079534898,0.029754144978927644
Sorafenib,Polybromo- and BAF containing complex,-0.029872617513691573,-0.058743670832103724,0.3331959628169967,0.05676784830457593,1.0,1.0,0.4744420774894192,0.09069009912072497,0.4496000459642222,0.10328594622082565
Sorafenib,Nuclear pore,0.1812785298296338,0.1480610639048918,4.290185984245909e-09,1.6280353185571528e-06,5.620143639362141e-07,0.00021327262673098701,9.366906065603568e-08,7.758212380336107e-06,9.366906065603568e-08,1.2423648159086622e-05
Sorafenib,p53 regulation,-0.029905640971205384,-0.040021530928615615,0.33266179899740633,0.19409998558182284,1.0,1.0,0.4744420774894192,0.2568393748607959,0.4495861083424954,0.28044593505020726
Sorafenib,Cell projection morphogenesis,0.034141268576518585,0.03351309195194975,0.268705159781097,0.2784600869492828,1.0,1.0,0.43367551600751897,0.3507526095226543,0.37748392419650084,0.3725440482419341
Sorafenib,Histone methyltransferase complex,0.03290493350049243,0.012894173366871828,0.28642456144037576,0.6775667636128269,1.0,1.0,0.43880549360467674,0.7335640168039695,0.3977556630603098,0.7407058083444811
Erlotinib,Cell,-0.06944443846983998,-0.020978495946888144,0.023578035066216918,0.49352511797467447,1.0,1.0,0.0454223910834473,0.5575769623231059,0.05418811567849853,0.5848885693698292
Erlotinib,Signaling pathways,0.14469501254580966,0.05608660216812019,2.3828997484098835e-06,0.06743160959069394,0.00031215986704169474,1.0,1.2006148732372875e-05,0.09707187754264733,2.2165197659765307e-05,0.11897024722398528
Erlotinib,Chromatin binding,0.1242198654442145,0.18276904968267627,5.114625930868755e-05,2.513608432508363e-09,0.006700159969438069,3.2928270465859555e-07,0.00020303515058903238,2.7440225388216295e-08,0.0003177941487480507,3.951392455903146e-08
Erlotinib,CDK holoenzyme complex II,-0.06243842315251828,-0.06967165010491604,0.041799483086165434,0.023035012335556715,1.0,1.0,0.07020169595240604,0.03771983269947412,0.08456729396583278,0.05015379417104592
Erlotinib,MAPK and MAP2K activation,-0.0783216749070282,-0.020591259983256924,0.010668574984734613,0.5015308101976301,1.0,1.0,0.022406886903318143,0.5615430438964919,0.028045150294319084,0.5913555621838763
Erlotinib,Ubiquitin regulation of p53 activity,-0.13672526993567635,-0.1459333004626895,8.28934005769888e-06,1.934509579637478e-06,0.0010859035475585532,0.0002534207549325096,3.744494991581218e-05,7.919398591640925e-06,6.584130047757195e-05,1.4210509622383716e-05
Erlotinib,HDACs deacetylate histones,0.02360814245036906,0.03805377918996012,0.44132049100234516,0.21473841445980302,1.0,1.0,0.5403082646851142,0.2757914930807274,0.5541180605876092,0.3046649706956772
Erlotinib,EMT,-0.08951777170325653,-0.14242752222402819,0.003518208566525738,3.387509451391324e-06,0.46088532221487166,0.00044376373813226344,0.008534913374349475,1.3051874650948925e-05,0.011241105419874919,2.3458876024613044e-05
Erlotinib,Metabolic pathways,-0.1833163729346082,-0.0849445178485045,2.277932287242379e-09,0.005588747726752441,2.9840912962875166e-07,0.7321259522045698,2.9840912962875166e-08,0.01061052104644304,5.266043464036794e-08,0.01481536496872654
Erlotinib,CDK holoenzyme complex I,-0.16136678411424413,-0.16245039529842642,1.4328383013406665e-07,1.1652942255580001e-07,1.877018174756273e-05,1.52653543548098e-05,1.2513454498375155e-06,8.321459595547023e-07,2.011090901524578e-06,1.2212283483847842e-06
Erlotinib,Transcription factor (TF) binding,0.1045052903893401,0.09109147518451721,0.0006554911528506846,0.0029733480852547345,0.08586934102343968,0.3895085991683702,0.0018270072558178657,0.006601840663870682,0.0027625525262232604,0.008704102774712183
Erlotinib,Regulation of TP53 Activity,0.07833958006030665,0.06577199870396314,0.0106359368567428,0.03197857807433113,1.0,1.0,0.022406886903318143,0.049871353901635454,0.028045071957765184,0.06537103346274192
Erlotinib,Regulation of E2F transcription via DREAM complex,-0.1465121795082935,-0.18026721213212551,1.7822589690741353e-06,4.10370493142409e-09,0.00023347592494871172,5.375853460165558e-07,9.339036997948469e-06,3.739970996600543e-08,1.7083604264539883e-05,6.143832525903496e-08
Erlotinib,Protein Transport,-0.14989027299281796,-0.15951659499028703,1.0248530741829853e-06,1.9591647237859888e-07,0.00013425575271797108,2.5665057881596454e-05,5.837206639911786e-06,1.222145613409355e-06,1.095965328309968e-05,1.9742352216612658e-06
Erlotinib,Extended cohesin complex,0.14345482375205346,0.156836910234439,2.904416554594391e-06,3.1409793543879516e-07,0.00038047856865186525,4.1146829542482166e-05,1.4091798838957973e-05,1.7889925888035725e-06,2.608995899327076e-05,2.9216683698803906e-06
Erlotinib,PML body,0.0917171381820804,0.11943630568965682,0.002784280397489125,9.821721559966079e-05,0.3647407320710754,0.012866455243555563,0.00688190060511463,0.00030634417246560864,0.009214502704953484,0.0004324858905396828
Erlotinib,Extended mismatch repair complex,0.027660544961816243,0.023178974959459222,0.36700881149762354,0.4499519479701035,1.0,1.0,0.466778197147463,0.5262830820007461,0.48319753071546423,0.5466185952156126
Erlotinib,Regulation of beta catenin transcriptional activity,0.029550899924892987,0.03163589536713875,0.3351843632264613,0.30239082143485296,1.0,1.0,0.4390915158266642,0.36342383126574074,0.4511214203698605,0.39879057994596384
Erlotinib,Fas,-0.05728422469781464,-0.09492986623246179,0.06183700518469126,0.0019571612313311615,1.0,0.25638812130438215,0.10000799603943895,0.004837511722724191,0.11613831798128395,0.006086939808091172
Erlotinib,BAF (SWI/SNF) complex,-0.02159266532290515,-0.058506465362082344,0.48157649216809495,0.05630107480661839,1.0,1.0,0.5787754171928481,0.08381182726894329,0.5942215429264092,0.1025553761251496
Erlotinib,Ribosome biogenesis,0.045953182382087746,0.08992420987802885,0.13400167760937887,0.0033634317494555255,1.0,0.44060955917867384,0.19290351392119373,0.007106605793204416,0.21988584259075528,0.009683726575355468
Erlotinib,Homologous recombination,0.029151155600608016,0.024082456197398808,0.3417614707382226,0.4324755983041175,1.0,1.0,0.4432747788782887,0.5103991295300847,0.4576965163877819,0.5303054918362502
Erlotinib,Cell Proliferation,0.07652481533354558,0.04524702650404308,0.012586163307767295,0.1401451577262165,1.0,1.0,0.02536595989719255,0.1892682027024161,0.03232916457485325,0.2166255535355087
Erlotinib,Histone methyltransferase subcomplex,-0.22673688876302353,-0.15391590882282075,1.4432899320127035e-13,5.153633129140189e-07,1.8907098109366416e-11,6.751259399173648e-05,6.302366036455472e-12,2.596638230451403e-06,9.07540709249588e-12,4.551410830903583e-06
Erlotinib,RPA complex associated proteins,0.08489980009867548,0.08317239571245882,0.00563446333218276,0.006683885537079215,0.7381146965159415,0.8755890053573772,0.013180619580641813,0.012332239512075734,0.016524955892147947,0.017252985327238957
Erlotinib,mTOR regulation of autophagy/ribosome biogenesis,-0.08211868220785268,-0.1037609661443183,0.007424709031928378,0.0007125976052113625,0.9726368831826175,0.09335028628268849,0.01676960143418306,0.0018670057256537699,0.020694401769842927,0.00248934096753836
Erlotinib,PIK3/AKT signaling,0.003541970314931672,-0.021042421085627268,0.9078708700419178,0.49221014452399303,1.0,1.0,0.9245540855037104,0.5575769623231059,0.9334028827376684,0.58484833498996
Erlotinib,Locomotion,0.14737450254569653,0.17837327263499586,1.5454752744226141e-06,5.984163164995948e-09,0.00020245726094936245,7.839253746144692e-07,8.435719206223435e-06,4.8995335913404325e-08,1.5474440327339804e-05,8.551913177612391e-08
Erlotinib,Regulation of adherens junction stability,0.1398888134034825,0.20701098191385653,5.086228608730536e-06,1.4660050950965342e-11,0.0006662959477437003,1.92046667457646e-09,2.3796283847989296e-05,2.743523820823514e-10,4.3691537556963954e-05,3.9060339143928e-10
Erlotinib,mTOR regulation of mRNA translation,-0.07592093651023864,-0.12688005276870123,0.013319996936490996,3.492470508770218e-05,1.0,0.0045751363664889855,0.026438175737580616,0.00011437840916222463,0.033991940234032215,0.00017653259291918914
Erlotinib,SMAD-TGFbeta signaling,-0.1853272282181292,-0.19342849970012493,1.5202905601086059e-09,2.8045055167069677e-10,1.9915806337422737e-07,3.6739022268861277e-08,2.2128673708247486e-08,3.6739022268861275e-09,3.734213688266763e-08,5.311665870196811e-09
Erlotinib,Cellular response to DNA damage,-0.033206501211865115,-0.00556593003089938,0.27906210696382905,0.855560893942092,1.0,1.0,0.37687769084805783,0.8623536971492206,0.39028970831596016,0.8862132856078946
Erlotinib,G1 to S cell cycle control,-0.053500756746659925,-0.08358543750073213,0.08114063189117049,0.00639798083151133,1.0,0.8381354889279842,0.12654074735408732,0.011973364127542631,0.14627646024417432,0.016679313212497198
Erlotinib,EGFR/PI3K signaling,-0.03347697812541699,-0.04150834203000356,0.2751640730767244,0.17564086406106716,1.0,1.0,0.3754843080526135,0.23241366860605855,0.3855239954336995,0.25850597800438435
Erlotinib,H3 acetylation and H3K4 methylation crosstalk,-0.04507948751219762,-0.003372524092721566,0.14168707832088367,0.9120213485921318,1.0,1.0,0.2017500789134322,0.9120213485921318,0.22938422978417006,0.9315773619147701
Erlotinib,Histone modifications in DNA damage response,0.027966905448665296,0.07059844078830009,0.3617270815356528,0.02132987062523628,1.0,1.0,0.46457105569775015,0.03548631131003585,0.4782464021648833,0.04709347840290931
Erlotinib,NeST:16,0.1219834414886196,0.14645186380339567,6.967009982838945e-05,1.7875045001947143e-06,0.009126783077519018,0.00023416308952550757,0.00025352175215330604,7.553648049209922e-06,0.0004180205989703367,1.3380747972886147e-05
Erlotinib,NeST:163,0.04896292518103177,0.079469383704652,0.11034670171784744,0.009558013507998897,1.0,1.0,0.1652868294082656,0.0169202671560521,0.18793609436669143,0.02358743678897059
Erlotinib,Transcription coactivator activity,0.1791723090165951,0.19410170976961713,5.157633209407209e-09,2.448643510177817e-10,6.756499504323443e-07,3.20772299833294e-08,5.630416253602869e-08,3.6739022268861275e-09,1.0956485682686665e-07,4.81158449749941e-09
Erlotinib,Foxo signaling,-0.10729454769553794,-0.09108922646198603,0.00046874811581498754,0.0029645159273334887,0.06140600317176337,0.388351586480687,0.0013645778482614082,0.006601840663870682,0.0020756958818624236,0.008704102774712183
Erlotinib,Neg Regulation EGFR,0.16379154577091717,0.10905769833194072,9.267634082377185e-08,0.0003758953349064509,1.2140600647914113e-05,0.049242288872745066,8.671857605652937e-07,0.0010258810181821888,1.4424476017323698e-06,0.0014002546598884853
Erlotinib,RNA processing 1,-0.012738326648931113,0.0575857175013592,0.678082654059903,0.060424888448164404,1.0,1.0,0.7668685769600821,0.08894000434505098,0.7693855973510122,0.10893110623912207
Erlotinib,Phosphatase 2A catalytic subunit,-0.016664492796242568,0.059117048013767534,0.5870676315628875,0.053901756364262754,1.0,1.0,0.6746128046906866,0.08210616376416768,0.6923258190674113,0.0992196264691113
Erlotinib,Wnt/beta-catenin,0.15765389618355766,0.050090606429697045,2.741324389710087e-07,0.10242160429451652,3.591134950520214e-05,1.0,1.9901336773513115e-06,0.14427129207077058,3.475291887600207e-06,0.16771537703227082
Erlotinib,p53 regulation of cell cycle,0.05562427524175627,0.0903490302173576,0.06970474985286645,0.0032163680910268777,1.0,0.421344219924521,0.11135758817957933,0.0069072822938446065,0.12845939832204697,0.009328654315672051
Erlotinib,Regulation of immune responses,0.20304330859799263,0.2522621244716957,3.5847325108306904e-11,2.220446049250313e-16,4.6959995891882045e-09,2.90878432451791e-14,5.869999486485256e-10,7.271960811294775e-15,1.1989786185161372e-09,1.396216475768597e-14
Erlotinib,Regulation of beta catenin transcription,0.1542060876272241,0.18107029335749406,4.956167010128354e-07,3.5229656969448797e-09,6.492578783268144e-05,4.6150850629977924e-07,3.182405342646736e-06,3.550065433075225e-08,6.086792609313885e-06,5.3767981316479136e-08
Erlotinib,MDM2-p53 pathway,-0.004939866841296223,0.016002994268159817,0.87223621210393,0.6020543303155055,1.0,1.0,0.8997082187843687,0.6464681743551739,0.9063739510276744,0.6746098884643655
Erlotinib,RNA metabolism,-0.008676663434908641,0.058733933057065715,0.7774422298826544,0.055475946352038896,1.0,1.0,0.8280075781677051,0.08353274680594362,0.8399582030072391,0.10152291928452287
Erlotinib,Resolution of D-loop structures,0.001814183511990113,0.07384445690267546,0.9526402988268017,0.01604177486514269,1.0,1.0,0.9526402988268017,0.027650954043864372,0.9680352616391288,0.037139425755529164
Erlotinib,NeST:195,0.11244174223909602,0.14342473655707852,0.00024607514792451823,2.9061503683536216e-06,0.03223584437811189,0.00038070569825432443,0.0007496707994909742,1.1536536310737104e-05,0.0011976165094035377,2.0578686392125644e-05
Erlotinib,Cohesin,-0.06304269660201049,-0.08574875810707193,0.039858452636459596,0.005154558024224487,1.0,0.6752471011734078,0.06811450351698026,0.009930104429020703,0.08158527024025324,0.013874940435070022
Erlotinib,Oncogene induced senescence,0.09504450108214044,0.15006217296782412,0.0019411736924885847,9.889456693557008e-07,0.2542937537160046,0.0001295518826855968,0.004986152033647149,4.467306299503338e-06,0.00676613091927285,8.055039337964569e-06
Erlotinib,Cytoplasm/extracellular space,-0.06461231473071222,0.016513979314873188,0.035170583499319896,0.5904980174775594,1.0,1.0,0.06311433477275215,0.642584099475117,0.07371754301457449,0.6658987686332305
Erlotinib,Extracellular matrix organization,0.22305014583821745,0.2526306276850781,3.526068326209497e-13,2.220446049250313e-16,4.619149507334441e-11,2.90878432451791e-14,9.238299014668882e-12,7.271960811294775e-15,1.911372209931493e-11,1.396216475768597e-14
Erlotinib,MHC class I including non-classical MHCs,-0.17953127841411212,-0.180050760205665,4.821295140899906e-09,4.2824095380922245e-09,6.315896634578877e-07,5.609956494900814e-07,5.630416253602869e-08,3.739970996600543e-08,1.0382295837663907e-07,6.350894145170733e-08
Erlotinib,Endoplasmic Reticulum protein processing,0.021198023754008942,0.12781701718794225,0.48932339407025505,3.0688850662041744e-05,1.0,0.0040202394367274685,0.5827396783927583,0.0001030830624801915,0.6009502933425319,0.00015860709252740109
Erlotinib,Regulation of androgen receptor signaling pathway,-0.01109284399620372,0.018120765860409657,0.717777014352277,0.5548419055874854,1.0,1.0,0.7901578897491454,0.6159685562030558,0.7962917900929989,0.6394512284336707
Erlotinib,RAS-RAF-MAPK,0.0966337921417722,0.11477774510635999,0.0016276515397390945,0.00018182599008631506,0.21322235170582138,0.023819204701307273,0.004264447034116428,0.0005293156600290505,0.005936585198305932,0.0007502111716947172
Erlotinib,Structural constituent of muscle,0.11776332756529834,0.09334553719343727,0.00012312640343803416,0.0023345761905844142,0.016129558850382475,0.30582948096655826,0.0004135784320610891,0.005470074461137893,0.0006720649520992698,0.007123817902877256
Erlotinib,Beta-catenin,-0.07804621763205671,-0.10718376949345866,0.01094687604436917,0.00047171994753081314,1.0,0.06179531312653652,0.022406886903318143,0.0012611288393170718,0.028680815236247225,0.0017125721882642916
Erlotinib,Actin filament-based process,0.04827010190866173,0.07515497691742039,0.11547639254259545,0.014257607826151375,1.0,1.0,0.16808230470088895,0.024903288336344403,0.1951923538461936,0.033388871753693525
Erlotinib,MutS homologs,0.07838302290992476,0.08650361562635306,0.010592742524594634,0.004789724126713857,1.0,0.6274538605995152,0.022406886903318143,0.009506876675750231,0.02798620377926515,0.013112648017875997
Erlotinib,Beta-catenin destruction complex,0.00941831151503935,-0.013230269888632686,0.7586015559553614,0.6657396940217137,1.0,1.0,0.8212958994227466,0.697695199334756,0.8264183270698741,0.7313366869337065
Erlotinib,Epithelial differentiation,-0.09312014297319209,-0.11112914822130134,0.002398484766169773,0.00028896019243052073,0.31420150436824024,0.037853785208398216,0.006042336622466158,0.0008053996852850684,0.008125900975040696,0.0011160821191665321
Erlotinib,Lymphocyte activation,0.1661455424280918,0.19389589717354647,6.05132353115323e-08,2.5574653506055256e-10,7.927233825810731e-06,3.3502796092932385e-08,6.097872173700563e-07,3.6739022268861275e-09,1.0013347990497765e-06,4.963377198952946e-09
Erlotinib,PI3-K/Akt,0.06640127384045019,0.03437767260239433,0.0303724092165647,0.26239696088219744,1.0,1.0,0.05603923390661938,0.32737144643397964,0.06540469491567083,0.3562072733219468
Erlotinib,MAPK signaling,-0.04840628628950992,-0.06320940602000358,0.11456448031223054,0.039199587574180406,1.0,1.0,0.16808230470088895,0.0604134820260898,0.19385937895675612,0.07693102580101323
Erlotinib,RNA processing 2,0.01229758701911393,0.03211921221107847,0.6882772390868159,0.2950611016950866,1.0,1.0,0.7706351993194264,0.3612430310472556,0.777278606210111,0.39076331243864876
Erlotinib,Contractile fiber,-0.017879599267983423,-0.031848434318269676,0.5600900020651274,0.29869364153949096,1.0,1.0,0.6551052702726043,0.3623043244599381,0.6665113423515369,0.39490866652656
Erlotinib,MutL alpha/beta complex,0.09884397099863233,0.08762165669382165,0.0012687038462326772,0.0042724716191928636,0.1662002038564807,0.5596937821142651,0.003462504247010015,0.008610673570988695,0.004852560696539583,0.011908378342856706
Erlotinib,NeST:29,0.08515694465680232,0.05697339134674234,0.0054911731640092665,0.06321030771320246,0.7193436844852139,1.0,0.013078976081549345,0.09200611456032802,0.01619435182241571,0.11304363422457384
Erlotinib,RBL-TP53 complex,0.1239468548534167,0.1587320682023675,5.312736468732204e-05,2.259702649443085e-07,0.006959684774039188,2.9602104707704413e-05,0.00020469661100115257,1.3455502139865643e-06,0.0003288040050727175,2.224766240083165e-06
Erlotinib,Regulation of cellular homeostasis,0.055398281102739616,0.08299795626289161,0.07084711817122624,0.006799502261903623,1.0,0.8907347963093746,0.11181894554735708,0.01237131661540798,0.13025926288323703,0.01752265173067622
Erlotinib,Mismatch and excision repair,-0.06354137403839757,-0.0383969917045666,0.03831472820187787,0.2102705303928718,1.0,1.0,0.06720416194664831,0.27272712357887335,0.07893938759285977,0.29967839871042107
Erlotinib,Extracellular matrix,-0.06298615551887313,-0.08844164791637407,0.04003676924280519,0.003913613435080565,1.0,0.512683359995554,0.06811450351698026,0.00813783111104054,0.08173740422037631,0.011085045621525492
Erlotinib,Ubiquitin/Proteasome System,0.22498105479231148,0.14736018920573066,2.2071233729548112e-13,1.542113824415381e-06,2.8913316185708027e-11,0.0002020169109984149,7.228329046427007e-12,6.733897033280496e-06,1.2850362749203568e-11,1.1975070758980916e-05
Erlotinib,Ribosome abundance control,0.10706632410601458,0.1410021788585856,0.00048112718249271325,4.258884892527348e-06,0.06302766090654544,0.0005579139209210826,0.0013701665414466398,1.594039774060236e-05,0.002100922030218181,2.836850445361437e-05
Erlotinib,Epigenetic modification,-0.0209331193115089,0.04190445400855966,0.49507121371479235,0.17186622792070416,1.0,1.0,0.5842732342039442,0.22973954956747192,0.6047023682670191,0.25416153367012884
Erlotinib,Spliceosomal complex,-0.024581106520237796,0.020998694824602242,0.4230130549832458,0.4937322719807655,1.0,1.0,0.527759144788621,0.5575769623231059,0.5384425282863664,0.5848885693698292
Erlotinib,Interferon signaling,-0.029798959688969676,-0.05025181110701019,0.33138467012567285,0.101115396213735,1.0,1.0,0.43849890693397114,0.14397953156520962,0.4483104143180359,0.16598259389568162
Erlotinib,Transmembrane tyrosine kinase signaling,-0.12323542225307078,-0.15017539168944963,5.875741162419956e-05,9.656855066708658e-07,0.007697220922770143,0.00012650480137388342,0.00021992059779343264,4.467306299503338e-06,0.0003552563502816989,7.947945636055502e-06
Erlotinib,Regulation of mRNA processing,0.03619858287465391,0.06617101321864981,0.23781490516603832,0.030951766504436096,1.0,1.0,0.32793423765001073,0.04885158327808589,0.3451939343684323,0.06402128545391256
Erlotinib,Nucleus,-0.20995411167079273,-0.1647661535360877,7.640332810865402e-12,7.68437573572811e-08,1.0008835982233677e-09,1.0066532213803825e-05,1.6681393303722794e-10,5.921489537531662e-07,3.002650794670103e-10,8.857598182264388e-07
Erlotinib,Actin filaments,0.04473225823983362,0.040161456296486236,0.14464786245571126,0.19040450340031656,1.0,1.0,0.2037512901257868,0.24942989945441468,0.2330856565058268,0.2763766198940883
Erlotinib,Transcription elongation,-0.01714509361408347,0.013020004425178857,0.5763256021798551,0.6714509320897637,1.0,1.0,0.6681296804031948,0.6980958103472941,0.6832457365209141,0.7359013281559605
Erlotinib,Type I interferon signaling pathway,-0.04413197495487853,-0.045318311998908525,0.15025125105064907,0.13925723930845257,1.0,1.0,0.20939270093228754,0.1892682027024161,0.24027972192433403,0.21567722186491373
Erlotinib,Nuclear transport,0.07806214210233438,0.15510464100915536,0.010915500786491616,4.2303961622636166e-07,1.0,5.541818972565338e-05,0.022406886903318143,2.216727589026135e-06,0.02864635598725346,3.8001044383305174e-06
Erlotinib,Mediator/CCR-NOT complex,-0.10829507945577842,-0.09431233928784988,0.0004145729460334202,0.0020943485746443002,0.05430905593037805,0.27435966327840333,0.00123429672569041,0.005080734505155617,0.001878122971655725,0.006468204242319921
Erlotinib,Apoptosis Regulation,-0.1501234482689421,-0.16120640595667776,9.860215293144847e-07,1.4540535353546602e-07,0.0001291688203401975,1.904810131314605e-05,5.837206639911786e-06,9.524050656573025e-07,1.0764068361683124e-05,1.4939687304428274e-06
Erlotinib,Actin cytoskeleton,0.005257941152968226,0.09290134019652696,0.8636951507646999,0.002449514438956024,1.0,0.32088639150323917,0.8979687678585372,0.005629585815846301,0.9015463326707226,0.007419338531866802
Erlotinib,NeST:49,0.02644151268911219,0.06660356044597121,0.3884977287766054,0.02987075911661141,1.0,1.0,0.48935771605514716,0.047720359076537745,0.5038930937597554,0.06219448123352734
Erlotinib,Cell motility,-0.009750326992174456,-0.03387287897234173,0.750743077380911,0.2690440335637203,1.0,1.0,0.8195611928074945,0.33249781506459775,0.8195611928074944,0.3633481278025501
Erlotinib,Checkpoint-regulated DNA repair,0.00788191205544642,0.08578776898516811,0.7970053233848096,0.005150006636935434,1.0,0.6746508694385418,0.8399585712438429,0.009930104429020703,0.8523077335788576,0.013874940435070022
Erlotinib,ECM-cytoskeleton assembly,0.11723485303873697,0.10316821477261613,0.00013205948682482038,0.0007671969337270657,0.01729979277405147,0.1005027983182456,0.00043249481935128675,0.0019327461215047231,0.0007085239361386268,0.0026564616295571527
Erlotinib,INSR-FOXO,-0.11492995464683056,-0.1327465141643144,0.00017899527918063818,1.4907044991741003e-05,0.0234483815726636,0.0019528228939180714,0.0005582947993491334,5.277899713292085e-05,0.0009106167601034409,8.552509024458706e-05
Erlotinib,Integrator-PP2A complex,-0.15405071431490247,-0.15005208838836706,5.101565816456599e-07,9.856424914023165e-07,6.683051219558145e-05,0.00012911916637370346,3.182405342646736e-06,4.467306299503338e-06,6.1689703565152105e-06,8.055039337964569e-06
Erlotinib,Cell-extracellular matrix interactions,-0.07907446178350075,-0.06767890550414712,0.009939841128993931,0.02725406562139865,1.0,1.0,0.022069816744037372,0.044077562918558306,0.026664556748768706,0.05746033594440544
Erlotinib,Histone deacetylase binding,-0.011185616498593308,0.016379392776068025,0.7155174337257173,0.5935318781411385,1.0,1.0,0.7901578897491454,0.642584099475117,0.7944161348040526,0.6686262537048916
Erlotinib,Histone acetyltransferase complex,0.15735635708577606,0.21319625668929942,2.8864534251660245e-07,3.5769165407373293e-12,3.781253986967492e-05,4.685760668365901e-10,1.9901336773513115e-06,7.80960111394317e-11,3.6011942733023736e-06,1.1714401670914754e-10
Erlotinib,Cyclin D associated events in G1,0.05265686932049082,0.08793837985138668,0.08596552244814482,0.004135446352917516,1.0,0.5417434722321945,0.13248804047890556,0.00846474175362804,0.1526980805519589,0.011567476275420523
Erlotinib,Chromosome centrometric region,-0.0029309183460667163,0.01782367692335925,0.9240617728954008,0.5613546125993165,1.0,1.0,0.9311699403792115,0.6179618004244577,0.9465764975978485,0.6436538665252557
Erlotinib,Transcription,-0.06681797538887578,-0.015240043329019732,0.029383513208228296,0.6188000704785068,1.0,1.0,0.05498914614682724,0.6590472295340195,0.0641507996753619,0.6889190586347116
Erlotinib,Nuclear receptor signaling,0.04886886565026235,0.11157968522887228,0.11103237395364407,0.0002740086911801054,1.0,0.03589513854459381,0.1652868294082656,0.0007803290987955175,0.1888992336094464,0.0010635596605805572
Erlotinib,Culin-RIng uniqutin ligase complex,-0.01269742212704778,-0.0055577276421071905,0.6790591979188514,0.8557708444992265,1.0,1.0,0.7668685769600821,0.8623536971492206,0.7693855973510122,0.8862132856078946
Erlotinib,Actin and actin-associated proteins,-0.023148294219613872,0.07056028184913643,0.450555516426125,0.02140014193505979,1.0,1.0,0.5465071541835406,0.03548631131003585,0.5643611727664292,0.047182360619795215
Erlotinib,Mitosis,-0.1216423967656433,-0.13484718754031386,7.31480286457753e-05,1.0896573744423321e-05,0.009582391752596564,0.001427451160519455,0.0002589835608809882,3.965142112554042e-05,0.0004346547613843339,6.588236125474409e-05
Erlotinib,PcG protein complex,0.11909768334247639,0.15566643529755367,0.00010303903006780857,3.8422842263408086e-07,0.013498112938882922,5.033392336506459e-05,0.00035521349839165586,2.0972468068776915e-06,0.000576431869276139,3.4913704068252898e-06
Erlotinib,Protein nuclear transport,-0.06348859680224064,-0.027346481904557032,0.03847566523663071,0.37217509322819664,1.0,1.0,0.06720416194664831,0.4432267019353978,0.07916720648165376,0.47068322329422774
Erlotinib,Metabolism,0.0646492549789548,0.03659412051681687,0.035024380635592545,0.23285613997295052,1.0,1.0,0.06311433477275215,0.2961568382180244,0.07362379193821926,0.32537764625553617
Erlotinib,Regulation of nuclear protein ubiquitiation,0.05098113030888954,0.011318617953954236,0.09642485656759492,0.7123764386734661,1.0,1.0,0.14687972337622018,0.7290727614548754,0.16749157405995493,0.7696603172472088
Erlotinib,EGFR-MAPK signaling,0.09684873966672423,0.07161691396959682,0.0015890261045594656,0.019527138108369257,0.20816241969729,1.0,0.004248212646883469,0.033221494703849,0.005891389236715754,0.043727437473442266
Erlotinib,Ubiquitin regulation of mitophagy,-0.15828139418283707,-0.16225372618648037,2.464347765851471e-07,1.2069292543159804e-07,3.228295573265427e-05,1.5810773231539343e-05,1.8989973960384867e-06,8.321459595547023e-07,3.228295573265427e-06,1.2564852899236565e-06
Erlotinib,NeST:78,0.11665294338947264,0.09333062826211813,0.00014260080933437003,0.002338352441402458,0.018680706022802473,0.306324169823722,0.000455626976165914,0.005470074461137893,0.000754776000921312,0.007123817902877256
Erlotinib,Homologous recombination (HR) and Fanconi Anemia repair,0.13273011570682233,0.12906309675195557,1.5060892845530915e-05,2.5657740106765914e-05,0.00197297696276455,0.0033611639539863347,6.576589875881834e-05,8.845168299964039e-05,0.00011063422221109626,0.00013580460420146808
Erlotinib,Immune system,0.007703964826760453,-0.02158541327991016,0.8014871863013768,0.48111668264183205,1.0,1.0,0.8399585712438429,0.5575769623231059,0.8547746654448877,0.5728603355122599
Erlotinib,NeST:80,-0.024148888132595112,-0.034750970448838826,0.4312158683031151,0.2568340156400608,1.0,1.0,0.5329177240349818,0.32351207739276894,0.5455802984002903,0.3507147032706868
Erlotinib,TGF-beta/Smad signaling,-0.204222481897314,-0.22162010007261046,2.7708502159384807e-11,4.876099524153688e-13,3.6298137828794097e-09,6.387690376641331e-11,5.1854482612563e-10,1.277538075328266e-11,9.502998388200012e-10,1.8695679151145357e-11
Erlotinib,Extended PRC1 complex,-0.12981026322608807,-0.1258534267299456,2.3150555238826698e-05,4.038996857280708e-05,0.0030327227362862974,0.005291085883037727,9.47725855089468e-05,0.00012905087519604212,0.00015891996871369245,0.0001959661438162121
Erlotinib,TNFR/Traf signaling,0.03285979641166435,-0.013233112954397665,0.2838962679726278,0.6656723011486092,1.0,1.0,0.37949399086136976,0.697695199334756,0.3956426713235558,0.7313366869337065
Erlotinib,Lymphoid JAK/STAT signaling,-0.07016356552666424,-0.09045957424698567,0.022173489280301606,0.003168932828627069,1.0,0.41513020055014604,0.04335413575700762,0.0069072822938446065,0.05148703862427493,0.009208063598154811
Erlotinib,Positive regulators of transcription,0.22731714190132365,0.27144412391342804,1.2456702336294256e-13,0.0,1.6318280060545476e-11,0.0,6.302366036455472e-12,0.0,8.159140030272738e-12,0.0
Erlotinib,RTK-JAK-STAT signaling,0.06863235632991668,0.11726830932545482,0.025224831391283953,0.0001311736525173579,1.0,0.017183748479773886,0.047890621916785475,0.0003996220576691601,0.057219963848626806,0.0005603396243404528
Erlotinib,Nucleolus,0.05820803270817941,0.048091927975200455,0.05768742167454355,0.11687228002918593,1.0,1.0,0.09446315299206506,0.16116072298761427,0.10992075984531206,0.18709085968012248
Erlotinib,Mediator complex,0.08462481112456102,0.10340363719972527,0.005791421705866773,0.0007461239311494783,0.7586762434685472,0.09774223498058165,0.013310109534535916,0.001916514411383954,0.01673550537062972,0.002589198277631302
Erlotinib,G1/S phase,-0.2520720749676577,-0.2910631383087442,2.220446049250313e-16,0.0,2.90878432451791e-14,0.0,2.90878432451791e-14,0.0,2.053259523189113e-14,0.0
Erlotinib,Polybromo- and BAF containing complex,0.15843278408810768,0.18496278252765377,2.3940000803968076e-07,1.6182415407683948e-09,3.136140105319818e-05,2.1198964184065971e-07,1.8989973960384867e-06,1.9271785621878156e-08,3.162494223851917e-06,2.7062507469020388e-08
Erlotinib,Nuclear pore,0.13013829061863674,0.11599467052760108,2.202649019578118e-05,0.00015513354535734436,0.0028854702156473344,0.02032249444181211,9.307968437572046e-05,0.000461874873677548,0.00015253587043069608,0.0006503198221379876
Erlotinib,p53 regulation,0.05852200161775671,0.048354067603484145,0.05635213777948356,0.11489042741358113,1.0,1.0,0.09344468416597906,0.16011325522530986,0.107899586588731,0.1843728731706265
Erlotinib,Cell projection morphogenesis,-0.0034574320570867787,-0.0816084933952815,0.9104387559540355,0.007763707052361735,1.0,1.0,0.9245540855037104,0.013932131833690235,0.9354311923919894,0.0195585696896036
Erlotinib,Histone methyltransferase complex,0.00892783989353602,0.01166120637376131,0.7708017791480517,0.7040642190040258,1.0,1.0,0.8276642054786457,0.7262394699962785,0.8336478868608248,0.7633027257064334
Rapamycin,Cell,0.07477489750691411,0.17459697839987443,0.018413510948158684,3.687499305904396e-08,1.0,4.830624090734759e-06,0.037110306680135194,5.367360100816398e-07,0.043791284736014305,4.528710085063836e-07
Rapamycin,Signaling pathways,-0.2609218173040597,-0.061146028732781695,2.220446049250313e-16,0.05374906292079218,2.90878432451791e-14,1.0,2.90878432451791e-14,0.0902708620849202,2.053259523189113e-14,0.0990545450310496
Rapamycin,Chromatin binding,-0.006858888799428248,0.033231406535739354,0.8288446759860577,0.29496218307490585,1.0,1.0,0.8756342947917223,0.3751460775030356,0.8762231544385223,0.39076331243864876
Rapamycin,CDK holoenzyme complex II,0.07284921915704276,0.15551115984036726,0.021647752899747186,9.422224560573511e-07,1.0,0.000123431141743513,0.04179043894647737,8.228742782900867e-06,0.050415211197633446,7.797068843668223e-06
Rapamycin,MAPK and MAP2K activation,-0.06473386133223777,-0.022430748085959164,0.04129027976426913,0.4789552673008026,1.0,1.0,0.07024709933921112,0.5552490266938508,0.0837526706960401,0.5712577239733397
Rapamycin,Ubiquitin regulation of p53 activity,-0.0005958638993097213,0.019847778468164344,0.9850395031537389,0.5318062959974277,1.0,1.0,0.9855653894275447,0.6057967371796785,0.989063752797012,0.6169737987512592
Rapamycin,HDACs deacetylate histones,-0.053666195614253585,0.03953657422529377,0.09070088702330037,0.21271716235986204,1.0,1.0,0.1381606534889808,0.29122071115108467,0.1591314669649868,0.30206989993649785
Rapamycin,EMT,-0.06642573864282415,0.011138411943980145,0.036265585866636085,0.7258847241718036,1.0,1.0,0.06407760811184825,0.7668620876331151,0.07570982866182194,0.7810340769322898
Rapamycin,Metabolic pathways,-0.005271759795990286,0.011630944940315503,0.8680375347415263,0.7142630076463885,1.0,1.0,0.9097033364091196,0.7607191382250155,0.9042081701306095,0.7711685769368974
Rapamycin,CDK holoenzyme complex I,0.011817305553541938,0.07341185982432726,0.7094798069201804,0.02064737704560282,1.0,1.0,0.7775394074366275,0.04226259989021827,0.7899863170820476,0.04577951581902346
Rapamycin,Transcription factor (TF) binding,0.08379800470174739,0.08345556189464895,0.008250670114235081,0.008511028311268598,1.0,1.0,0.01965159609026901,0.020271721977748843,0.022754479683469383,0.021338654713419832
Rapamycin,Regulation of TP53 Activity,0.13320488371949324,0.1182953006566628,2.6796384486882374e-05,0.00019166921397428816,0.003510326367781591,0.02510866703063175,0.0002064897863400936,0.0008099570009881209,0.00018078934082995317,0.0007826078035521583
Rapamycin,Regulation of E2F transcription via DREAM complex,-0.10010772454344871,0.016791679039302843,0.0016010796715686393,0.5968898814459738,0.20974143697549175,1.0,0.004877707836639343,0.6626489361815472,0.00591186492014132,0.6711808967332409
Rapamycin,Protein Transport,-0.039873105542789535,0.007109092506454698,0.20878765127545096,0.8231135905375588,1.0,1.0,0.2762745688594351,0.8490384280348048,0.3116215302003639,0.8614214963036134
Rapamycin,Extended cohesin complex,-0.017587413932448344,0.06423321235769075,0.5793161833028173,0.042874921905647456,1.0,1.0,0.6715966372802572,0.07703544241874953,0.6852408127554769,0.08269862237506478
Rapamycin,PML body,0.1399584796059059,0.16017589085195105,1.0241600787663785e-05,4.4080041639027456e-07,0.0013416497031839558,5.774485454712597e-05,8.944331354559706e-05,4.441911888240459e-06,7.970196256538351e-05,3.91490539302549e-06
Rapamycin,Extended mismatch repair complex,0.011399062663139205,0.030321441927919062,0.7193180518166546,0.339307983577976,1.0,1.0,0.7787658246940641,0.4211994918566526,0.797396617172733,0.43792458964251085
Rapamycin,Regulation of beta catenin transcriptional activity,0.06943871387900301,0.0655698694436274,0.028598200273880492,0.03872687037641542,1.0,1.0,0.05276569346307527,0.07247457170443458,0.06287604311963654,0.07619354221742809
Rapamycin,Fas,0.1052258348472552,0.06637956143241816,0.000909520563383559,0.03638393062769807,0.11914719380324623,1.0,0.002978679845081156,0.07009257223865363,0.003638330333529005,0.0722393675829784
Rapamycin,BAF (SWI/SNF) complex,-0.1521116323956723,-0.1283706734172971,1.6263151862982994e-06,5.149117869884812e-05,0.00021304728940507722,0.006745344409549103,1.9367935400461565e-05,0.00025943632344419627,1.5781280696672388e-05,0.00024090515748389655
Rapamycin,Ribosome biogenesis,0.04184277744948799,0.05399762891365408,0.1871484729177566,0.08872692809575256,1.0,1.0,0.25274690672398054,0.14003888651257332,0.2853515028387133,0.14949488849573742
Rapamycin,Homologous recombination,-0.059754140929209956,0.06395859863671241,0.05961569103069042,0.043772107629681756,1.0,1.0,0.09641550030889438,0.07703544241874953,0.1131834134060934,0.08391433316324357
Rapamycin,Cell Proliferation,0.07974280104445748,0.07586105987516897,0.011943752956522502,0.016774861382759854,1.0,1.0,0.02607719395507413,0.036625114019025684,0.03083018004540784,0.038507087382451316
Rapamycin,Histone methyltransferase subcomplex,0.14861341907918424,0.1693410367318609,2.8017548248104873e-06,9.322593585991967e-08,0.00036702988205017384,1.2212597597649477e-05,2.8233067850013374e-05,1.1102361452408616e-06,2.531240565863268e-05,1.0320505012098149e-06
Rapamycin,RPA complex associated proteins,0.029017549511832972,0.03929435209382882,0.3603144293579472,0.21553431792832178,1.0,1.0,0.4411326191204774,0.29122071115108467,0.47677969945344534,0.3053665222481294
Rapamycin,mTOR regulation of autophagy/ribosome biogenesis,0.06627484688643515,0.06193756383661699,0.03668565349914976,0.050874823360405275,1.0,1.0,0.06407760811184825,0.08655327091185833,0.07628286679981935,0.0946510327717966
Rapamycin,PIK3/AKT signaling,0.10264165690513571,0.08869229587548214,0.0012136477692810121,0.0051702117765870526,0.1589878577758126,0.6772977427329039,0.003877752628678356,0.01372858953523711,0.004687602686264745,0.013893287030418542
Rapamycin,Locomotion,-0.0860177186794396,-0.029287024886570635,0.006697061557698447,0.3553855339702061,0.8773150640584966,1.0,0.016246575260342528,0.4283824273958725,0.01886804878798778,0.4534627105528929
Rapamycin,Regulation of adherens junction stability,0.11081905025767196,0.15783452021546454,0.00047685282993925604,6.470987607976042e-07,0.06246772072204254,8.476993766448615e-05,0.00168831677627142,6.054995547463296e-06,0.002093890080068465,5.620106364496319e-06
Rapamycin,mTOR regulation of mRNA translation,0.03649713776034096,0.03489290813272964,0.24991796794566135,0.27146604690393317,1.0,1.0,0.32097307647923173,0.3520995261823292,0.3565073009170414,0.36568752987338843
Rapamycin,SMAD-TGFbeta signaling,0.03560492119021907,0.02953353575734875,0.2616826749524126,0.3520153927305276,1.0,1.0,0.3328197128035539,0.4283824273958725,0.3702656750901824,0.45025890754466186
Rapamycin,Cellular response to DNA damage,-0.25055577845514104,-0.19389642749542543,2.886579864025407e-15,9.650884535972182e-10,3.781419621873283e-13,1.2642658742123558e-07,1.8907098109366416e-13,2.176110517707978e-08,2.388265024341021e-13,1.7046281450054237e-08
Rapamycin,G1 to S cell cycle control,0.12482073348558122,0.12406651419241282,8.326099081568117e-05,9.163218785057659e-05,0.010907189796854233,0.012003816608425533,0.0005193899903263921,0.0004139247106353632,0.0004865660875920104,0.0004057628149326941
Rapamycin,EGFR/PI3K signaling,0.09092627610384466,0.07143690780746025,0.004152431393462885,0.024316471044867338,0.543968512543638,1.0,0.011332677344659125,0.04826451071026699,0.012824405010851976,0.05236368833223487
Rapamycin,H3 acetylation and H3K4 methylation crosstalk,0.1215550277238485,0.14398718334078675,0.0001271739194710353,5.62720592034438e-06,0.016659783450705623,0.0007371639755651138,0.0006170290166928008,4.095355419806188e-05,0.000684648634960505,3.6403159287166116e-05
Rapamycin,Histone modifications in DNA damage response,0.09514153402230927,0.10178047745703907,0.002706689004591034,0.0013321460051558542,0.35457625960142547,0.1745111266754169,0.007544175736200542,0.004078643826114081,0.009031800725633794,0.004399440168287821
Rapamycin,NeST:16,-0.08857554041161195,-0.03924500104515111,0.0052354937522549605,0.2156367097836276,0.6858496815453998,1.0,0.01318941695279615,0.29122071115108467,0.01558749276239545,0.3053665222481294
Rapamycin,NeST:163,0.0512175454759204,0.07519760045646359,0.10640018106498017,0.017755222538624826,1.0,1.0,0.16021176689094715,0.03813006807475167,0.18220161724852812,0.040509738506122245
Rapamycin,Transcription coactivator activity,0.1950953911406446,0.1964173264701693,7.742668728383251e-10,5.891933607671263e-10,1.0142896034182058e-07,7.718433026049354e-08,3.3809653447273526e-08,1.9296082565123385e-08,2.062961905257368e-08,1.0769906547975843e-08
Rapamycin,Foxo signaling,-0.03711632493611965,-0.02465733690732349,0.24199984634294447,0.43645206527078884,1.0,1.0,0.3138809888210468,0.5150920770312913,0.348373405175008,0.5339320207048094
Rapamycin,Neg Regulation EGFR,0.08950959721216584,0.05796157259028827,0.0047772062933708614,0.06767677241639536,0.6258140244315828,1.0,0.012516280488631657,0.10945255785861473,0.014359021593076471,0.11926893076073262
Rapamycin,RNA processing 1,0.04195325418912054,0.0793687232322261,0.18598695162863033,0.012341784992623728,1.0,1.0,0.25274690672398054,0.027619038067574053,0.2838558135535989,0.02984813232062231
Rapamycin,Phosphatase 2A catalytic subunit,-0.0045084980277412855,0.026852975937575994,0.8870080579678434,0.39746521507656274,1.0,1.0,0.9167963572636428,0.47334493795481564,0.9149453196361219,0.4962790453537384
Rapamycin,Wnt/beta-catenin,0.038992797726755075,0.032333715969930316,0.2189891439532281,0.30820787320529375,1.0,1.0,0.2868757785787288,0.3882233787489758,0.32233233548171775,0.40510265608588775
Rapamycin,p53 regulation of cell cycle,0.05863892890101163,0.08464117227007462,0.0645250383386049,0.007619473864626913,1.0,0.9981510762661256,0.10308268319947857,0.018801340783050624,0.12003947960744012,0.019332002426538097
Rapamycin,Regulation of immune responses,-0.044160212280279144,-0.047306254750565366,0.16390709770546907,0.13558850913211873,1.0,1.0,0.23087989031630587,0.2018419851853131,0.2574780045270925,0.21103478847098084
Rapamycin,Regulation of beta catenin transcription,0.07199305981009406,0.11474286823737366,0.023237747654616392,0.0002972022957397069,1.0,0.038933500741901605,0.04388566326064343,0.0011798030527848972,0.05364132057717616,0.001145102962997106
Rapamycin,MDM2-p53 pathway,0.08130994993144064,0.10752187753431579,0.010371115613370785,0.0006988864005494921,1.0,0.09155411847198347,0.023027392294094454,0.002474435634377932,0.027649096438367302,0.002446880671857019
Rapamycin,RNA metabolism,0.11787920688939126,0.1421551458777716,0.00020240679451233312,7.389107593569477e-06,0.02651529008111564,0.0009679730947576015,0.0008935588071336653,5.094595235566324e-05,0.0010133231878133365,4.702703294368914e-05
Rapamycin,Resolution of D-loop structures,-0.12887962906431208,-0.06033270781072596,4.850832850178399e-05,0.05701371099710384,0.006354591033733703,1.0,0.00031772955168668515,0.09335995175775753,0.00030380514902312526,0.1034937109554818
Rapamycin,NeST:195,0.13693407988375336,0.148843819723515,1.584013296151987e-05,2.6911548436370225e-06,0.002075057417959103,0.00035254128451644995,0.00012969108862244394,2.0737722618614704e-05,0.00011474971896548035,1.922952460998818e-05
Rapamycin,Cohesin,0.01681674721585252,0.08253432602782433,0.5960047855477613,0.009266994556764496,1.0,1.0,0.6789936288209771,0.021297829595371034,0.7008311202490266,0.022977469153365595
Rapamycin,Oncogene induced senescence,0.023210817710973306,0.06565759921077421,0.4643408284403856,0.03846697201260585,1.0,1.0,0.5580609956485368,0.07247457170443458,0.5761197966126962,0.07577704261129874
Rapamycin,Cytoplasm/extracellular space,-0.16288959277062515,-0.1016945071726874,2.824261389200444e-07,0.0013387914849076754,3.699782419852582e-05,0.17538168452290548,4.624728024815727e-06,0.004078643826114081,3.551791123058479e-06,0.0044121178496328425
Rapamycin,Extracellular matrix organization,-0.014205878140617648,-0.014131475457979473,0.6543075662930229,0.6554022745348047,1.0,1.0,0.7326007793537265,0.7154808163671618,0.748051995791005,0.7224583857807584
Rapamycin,MHC class I including non-classical MHCs,0.02241476072833063,0.04550079324876677,0.4798005884517156,0.15151299531718054,1.0,1.0,0.5713988826106795,0.22301350996124325,0.5924953063991334,0.23124119285301728
Rapamycin,Endoplasmic Reticulum protein processing,0.063709052808061,0.09413023404511846,0.04460478338641005,0.0030002142336797988,1.0,0.39302806461205364,0.07491316184127843,0.0085440883611316,0.08909621281249887,0.008750160993218263
Rapamycin,Regulation of androgen receptor signaling pathway,0.06534165238563705,0.06089086707159412,0.039415014581541064,0.054917672717256893,1.0,1.0,0.06793903829186683,0.0910660142526665,0.08088825446760124,0.10073580106362642
Rapamycin,RAS-RAF-MAPK,-0.1298083978006197,-0.030186254999825426,4.277089840143411e-05,0.3408179094412609,0.005602987690587868,1.0,0.00031127709392154827,0.4211994918566526,0.0002711123076090904,0.43879259102511237
Rapamycin,Structural constituent of muscle,0.02125852012656829,0.044612254437218585,0.5027464830211326,0.15966829678457106,1.0,1.0,0.5933314349168322,0.23240607643087566,0.6102837616287417,0.23973119631838177
Rapamycin,Beta-catenin,0.12327319072118938,0.10149342548021716,0.0001018966885504291,0.0013747002434643107,0.013348466200106213,0.1800857318938247,0.0005803680956567919,0.00409285754304147,0.0005730323706448739,0.004483462204825511
Rapamycin,Actin filament-based process,0.020473462059314836,0.012005800306095023,0.5186505978579117,0.7054620258664861,1.0,1.0,0.6066359671373789,0.7575043064631941,0.6266861951057933,0.7642910438746494
Rapamycin,MutS homologs,0.04430067683955935,0.10527928230696786,0.16255096734560537,0.000902445987081002,1.0,0.11822042430761126,0.23087989031630587,0.0029555106076902815,0.25655634605149763,0.003037783922251253
Rapamycin,Beta-catenin destruction complex,0.09979150901402446,0.13658027351587704,0.0016562950669951615,1.6596325901563347e-05,0.21697465377636616,0.0021741186931047984,0.004931242131281049,0.00010352946157641898,0.006027073716010171,9.418564735472051e-05
Rapamycin,Epithelial differentiation,0.1018579067662838,0.07057816390822427,0.0013229852172884637,0.026080453373867885,0.17331106346478875,1.0,0.00412645389201878,0.05099312525338348,0.005023509085935906,0.05540334149151394
Rapamycin,Lymphocyte activation,-0.04922570433938841,-0.08279567031605596,0.12072626884159421,0.009012873706920166,1.0,1.0,0.17971751384373683,0.021083686707259675,0.20082719007300118,0.022453625146241683
Rapamycin,PI3-K/Akt,0.11506476172320257,0.07455233457860524,0.0002864310407799664,0.018756499680318894,0.0375224663421756,1.0,0.0011036019512404589,0.03963066867938347,0.001372773158860083,0.042303038016443764
Rapamycin,MAPK signaling,0.12072222964235843,0.08835156714475012,0.00014145203184567912,0.005344718063336584,0.018530216171783964,0.7001580662970925,0.0006617934347065701,0.01372858953523711,0.0007512249799371877,0.01426468046785248
Rapamycin,RNA processing 2,0.06205331656470723,0.13747032743760992,0.05044537045253383,1.4614029683057694e-05,1.0,0.001914437888480558,0.08364991809217635,9.57218944240279e-05,0.0983872485749171,8.42916925958989e-05
Rapamycin,Contractile fiber,0.08241227959475647,0.1294879816481057,0.009378131977092252,4.451410081274254e-05,1.0,0.005831347206469273,0.021553250684194475,0.0002365564994598568,0.025287175759843947,0.00021269351512957833
Rapamycin,MutL alpha/beta complex,0.04661712192770734,0.11554911457235725,0.14167943676661632,0.0002693206805561843,1.0,0.03528100915286014,0.20622229129363043,0.0011025315360268795,0.22938422978417006,0.001047950766916638
Rapamycin,NeST:29,0.013948844062504228,0.021519433747118275,0.6601194186032595,0.49779326364232146,1.0,1.0,0.732844439296839,0.5720255924310887,0.7530535022092336,0.5885939090349772
Rapamycin,RBL-TP53 complex,0.05500106840442294,0.10438861777258036,0.08294351789492382,0.0009975754017508276,1.0,0.13068237762935841,0.12935239100279786,0.003187375064130693,0.14918445095059527,0.0033436855683417932
Rapamycin,Regulation of cellular homeostasis,-0.17455720913081765,-0.036031464562015704,3.741974108351087e-08,0.2555898932546343,4.901986081939924e-06,1.0,9.803972163879847e-07,0.334822760163571,6.609419436323494e-07,0.349566434090219
Rapamycin,Mismatch and excision repair,-0.04685424253610885,-0.003571780620720482,0.13968215186322785,0.9098128952880296,1.0,1.0,0.2055995718436275,0.9239185215715648,0.2270737773826207,0.931170971795975
Rapamycin,Extracellular matrix,-0.01681613378257492,0.07928050471985842,0.5960631092703235,0.012439108747991368,1.0,1.0,0.6789936288209771,0.027619038067574053,0.7008311202490266,0.030037294856900817
Rapamycin,Ubiquitin/Proteasome System,0.041956305685425556,0.023029375451115656,0.18595494485612307,0.46809546698831905,1.0,1.0,0.25274690672398054,0.5475045194238375,0.2838558135535989,0.5612860977159706
Rapamycin,Ribosome abundance control,0.026986544896747445,0.04317465924454102,0.3949127939271082,0.1735598031577945,1.0,1.0,0.47901459263380713,0.24984982652385804,0.5096904039847406,0.256184047477984
Rapamycin,Epigenetic modification,-0.08173344584775248,-0.02922282820180889,0.009980936539283558,0.3564403403522909,1.0,1.0,0.02254314976976114,0.4283824273958725,0.026729186098387994,0.45407148706142725
Rapamycin,Spliceosomal complex,0.15012099513509028,0.20636545441254917,2.2191738331400757e-06,7.666400847483601e-11,0.0002907117721413499,1.0042985110203517e-08,2.4225981011779158e-05,3.3476617034011724e-09,2.1015308829495175e-05,1.721654590320603e-09
Rapamycin,Interferon signaling,0.12173024255172919,0.12632807273433067,0.00012434815688866507,6.803333897287267e-05,0.016289608552415125,0.00891236740544632,0.0006170290166928008,0.00033008768168319704,0.0006763851302040882,0.00031180294129841353
Rapamycin,Transmembrane tyrosine kinase signaling,-0.05545408234153904,0.06385813705656185,0.08045148288702353,0.044104260926765004,1.0,1.0,0.12697764166506123,0.07703544241874953,0.14570245518248962,0.08414065312727499
Rapamycin,Regulation of mRNA processing,0.1172924547749892,0.21684048635892234,0.00021773576719907872,8.068212764555938e-12,0.028523385503079313,1.0569358721568278e-09,0.000920109209776752,5.284679360784139e-10,0.0010729800189246137,2.2648625831932024e-10
Rapamycin,Nucleus,-0.0437791606626726,0.036881942339488355,0.16757480327746133,0.2450665254381783,1.0,1.0,0.23353509818454718,0.32758892686123836,0.2608193967843259,0.3391237482295918
Rapamycin,Actin filaments,0.0728242504449081,0.1293843676612805,0.021692746934049323,4.514437012592687e-05,1.0,0.00591391248649642,0.04179043894647737,0.0002365564994598568,0.05044526358036321,0.00021505136314532437
Rapamycin,Transcription elongation,0.12899677413685937,0.12444305572920436,4.7733137381600343e-05,8.722914887182576e-05,0.006253040996989645,0.011427018502209174,0.00031772955168668515,0.00040810780365032766,0.00030135137334889856,0.0003895574489389491
Rapamycin,Type I interferon signaling pathway,0.12373506038228953,0.13600818501621398,9.595843172927054e-05,1.8003046622361296e-05,0.012570554556534441,0.00235839910752933,0.0005713888434788382,0.00010719995943315135,0.0005426138657496881,0.00010071455263470448
Rapamycin,Nuclear transport,0.11644043529320151,0.0943247302057651,0.0002419453996915788,0.002940894454122711,0.03169484735959682,0.38525717349007516,0.0009612888645754074,0.0085440883611316,0.0011822061812790726,0.008704102774712183
Rapamycin,Mediator/CCR-NOT complex,0.04641151307676253,0.04295003194102751,0.14344436292210183,0.1758095857567683,1.0,1.0,0.2064968301406081,0.25033756232757226,0.23151389991123622,0.25850597800438435
Rapamycin,Apoptosis Regulation,0.011699341333446706,0.0153077752369475,0.7122498388732466,0.6297462529275888,1.0,1.0,0.7775394074366275,0.6932500767522196,0.7918364545323505,0.6986316934383695
Rapamycin,Actin cytoskeleton,0.10550213567964593,0.10668359395010393,0.000881571597060038,0.0007693833374795567,0.11548587921486497,0.10078921720982192,0.002961176390124743,0.0026413229911661394,0.0035443236587682342,0.0026581771571821166
Rapamycin,NeST:49,-0.033457090717105564,0.08753398192064225,0.29158494854110106,0.005785339380113497,1.0,0.7578794587948681,0.3637869357988975,0.014574604976824387,0.4020802974619394,0.015259317962312781
Rapamycin,Cell motility,-0.15915304958744536,0.013510549092120624,5.247821881493309e-07,0.6705383369859195,6.874646664756234e-05,1.0,7.638496294173594e-06,0.7259547284723591,6.249678786142031e-06,0.7355800877472892
Rapamycin,Checkpoint-regulated DNA repair,0.0017723446180485747,0.03384126282234542,0.9554192098482162,0.2861843511811826,1.0,1.0,0.9778118475790337,0.36755049024249914,0.9702319107760955,0.3807786469339881
Rapamycin,ECM-cytoskeleton assembly,0.18400457987975927,0.23442258249736772,6.611968528247303e-09,1.4477308241112041e-13,8.661678772003967e-07,1.8965273795856774e-11,2.1654196930009917e-07,1.8965273795856774e-11,1.3858686035206346e-07,5.98903383027056e-12
Rapamycin,INSR-FOXO,0.09887270235305637,0.06398941402288849,0.0018279914128527253,0.04367064790731878,0.239466875083707,1.0,0.0052058016322545,0.07703544241874953,0.006443054934987633,0.08382204946313201
Rapamycin,Integrator-PP2A complex,-0.08687189572873584,-0.06383016861129735,0.006172564127019831,0.04406241286725843,0.8086059006395978,1.0,0.015256715106407507,0.07703544241874953,0.017674445915619626,0.08414065312727499
Rapamycin,Cell-extracellular matrix interactions,0.16335739906622046,0.1937740090362271,2.6100958039343425e-07,9.96691840171593e-10,3.4192255031539887e-05,1.3056663106247868e-07,4.624728024815727e-06,2.176110517707978e-08,3.335829759174623e-06,1.7408884141663825e-08
Rapamycin,Histone deacetylase binding,0.11779150206908975,0.09116080136254837,0.0002046317878932058,0.004052111769169864,0.02680676421400996,0.5308266417612522,0.0008935588071336653,0.011058888370026087,0.0010212100652956175,0.011395205189865878
Rapamycin,Histone acetyltransferase complex,0.032133038782632475,0.07343367007980874,0.3110710854621841,0.02060971244684784,1.0,1.0,0.384436907505152,0.04226259989021827,0.42448241870360537,0.04576054797520453
Rapamycin,Cyclin D associated events in G1,0.05410414768447884,0.04926031923677057,0.08808581770544643,0.12047982872588592,1.0,1.0,0.13575578964015864,0.18471114852370202,0.15558528700332785,0.191694626272361
Rapamycin,Chromosome centrometric region,0.0899140812013335,0.11229858007600171,0.00459066783036155,0.000399147425095725,0.601377485777363,0.05228831268753997,0.012273009913823735,0.0015378915496335286,0.01387366079534898,0.0014763758876481874
Rapamycin,Transcription,0.06873365315591919,0.15007661845001602,0.03025351533583409,2.2236129073593958e-06,1.0,0.00029129329086408084,0.055044590402698136,1.8205830679005053e-05,0.06526669534360625,1.6182960603560047e-05
Rapamycin,Nuclear receptor signaling,0.009573446943588061,0.04197032992715589,0.7627888132422211,0.18587658687434394,1.0,1.0,0.819060119137139,0.26182616000579634,0.8298297677624717,0.27080444352777444
Rapamycin,Culin-RIng uniqutin ligase complex,-0.0339570746662144,-0.006079092478324073,0.2844337774225194,0.8474746845246912,1.0,1.0,0.35827716194567344,0.8673373724432387,0.39604065377165676,0.8805222763204327
Rapamycin,Actin and actin-associated proteins,0.15247786588455894,0.17026971374467334,1.5347027362277998e-06,7.928803880119517e-08,0.00020104605844584178,1.0386733082956567e-05,1.9367935400461565e-05,1.0386733082956567e-06,1.5465081418910905e-05,8.966963812624375e-07
Rapamycin,Mitosis,-0.10749461533822068,-0.036349527733129716,0.0007025799365893981,0.25142024890682535,0.09203797169321115,1.0,0.002422051886663451,0.33268740006862746,0.002929590610924493,0.3457853292051876
Rapamycin,PcG protein complex,0.004434383816587903,-0.007503271614688663,0.8888025753624629,0.8124609828031166,1.0,1.0,0.9167963572636428,0.8447014979937165,0.9161951793244535,0.8525959045170223
Rapamycin,Protein nuclear transport,0.08857407420224896,0.17480821408433597,0.005235193310522357,3.550593419276993e-08,0.6858103236784288,4.6512773792528606e-06,0.01318941695279615,5.367360100816398e-07,0.01558749276239545,4.394907759923963e-07
Rapamycin,Metabolism,-0.01646329904603196,-0.009013078913750305,0.6037971131705138,0.7757487038614495,1.0,1.0,0.681874326080494,0.812984641646799,0.7072794798092755,0.8228589490352216
Rapamycin,Regulation of nuclear protein ubiquitiation,0.06749574509320937,0.052341393546418716,0.03335929554126449,0.09895867119219193,1.0,1.0,0.059863941313776,0.1543284038830612,0.07048496315976852,0.16340654528794718
Rapamycin,EGFR-MAPK signaling,-0.07434329133241822,0.03954511504802853,0.019102442309970158,0.2126183162605466,1.0,1.0,0.03791545367584986,0.29122071115108467,0.045088647614524156,0.30206989993649785
Rapamycin,Ubiquitin regulation of mitophagy,0.06113112618517197,0.049156961841186335,0.05396750112472937,0.12126075399265934,1.0,1.0,0.08837178309174434,0.18471114852370202,0.10422225032932994,0.19254737906713182
Rapamycin,NeST:78,0.08340712337262363,0.11174423302785637,0.008555733149609335,0.00042642456013730623,1.0,0.055861617377987116,0.020014304332121837,0.0015517115938329755,0.023386680792698948,0.00156988151881931
Rapamycin,Homologous recombination (HR) and Fanconi Anemia repair,0.0005728968643981135,0.0008776581210684838,0.9855653894275447,0.9784305684317616,1.0,1.0,0.9855653894275447,0.9784305684317617,0.989063752797012,0.983435328372589
Rapamycin,Immune system,-0.07612597744632651,0.017570812233158473,0.016407517554758444,0.57995673409085,1.0,1.0,0.03411721904243423,0.6493532663752253,0.039846151534711466,0.6573121744706678
Rapamycin,NeST:80,0.09950829141147098,0.13072196558176732,0.0017075683204563763,3.76216910833449e-05,0.2236914499797853,0.004928441531918182,0.004970921110661895,0.00021428006660513833,0.00614255697884994,0.00018561406936503592
Rapamycin,TGF-beta/Smad signaling,0.07744418520498414,0.047873125894995594,0.014632810786695538,0.13129413296406578,1.0,1.0,0.03142456086978878,0.19769576342865078,0.036427218692208184,0.2049596594036856
Rapamycin,Extended PRC1 complex,0.11643335622421865,0.07243088707288135,0.0002421567368777744,0.022404668766521585,0.031722532530988445,1.0,0.0009612888645754074,0.04515402474483581,0.0011822061812790726,0.04898489471623356
Rapamycin,TNFR/Traf signaling,0.07647386868088661,0.05458331674908795,0.015919593181102032,0.08531959399331335,1.0,1.0,0.03363655978587688,0.13630325381858596,0.039022626785866814,0.14546898238339326
Rapamycin,Lymphoid JAK/STAT signaling,0.12188491694417841,0.10649254344326445,0.00012190294517333555,0.0007863480660723621,0.015969285817706957,0.10301159665547943,0.0006170290166928008,0.0026413229911661394,0.0006677053303570853,0.0027048996933605103
Rapamycin,Positive regulators of transcription,0.04078673672203296,0.0844598355745,0.19852275794916796,0.0077501710098071275,1.0,1.0,0.2653722580749082,0.018801340783050624,0.2989250723142644,0.019555808711744466
Rapamycin,RTK-JAK-STAT signaling,0.11408836986915456,0.12073202548574173,0.00032253604914789236,0.0001408949560777195,0.0422522224383739,0.018457239246181256,0.001173672845510386,0.0006152413082060418,0.0015000789031375348,0.0006002354226400409
Rapamycin,Nucleolus,-0.0013452146109764367,0.08841736447011023,0.9662010073526393,0.005310610790900894,1.0,0.6956900136080171,0.9811808679317499,0.01372858953523711,0.9752492254716404,0.014197755379755452
Rapamycin,Mediator complex,0.1472527293411072,0.16409395357097573,3.4513855169393537e-06,2.2914534070217485e-07,0.00045213150271905533,3.0018039631984905e-05,3.229510733707538e-05,2.5015033026654088e-06,3.0480775464205978e-05,2.2373694135640925e-06
Rapamycin,G1/S phase,-0.07188452069729116,-0.01841309130955097,0.023450354414084273,0.5610458123543216,1.0,1.0,0.04388566326064343,0.6335948398139322,0.05397358292670641,0.6436538665252557
Rapamycin,Polybromo- and BAF containing complex,-0.11460144501861219,-0.11172111537890905,0.0003031394660155673,0.0004255388670104665,0.039711270048039315,0.05574559157837111,0.001134607715658266,0.0015517115938329755,0.0014267522172948257,0.00156988151881931
Rapamycin,Nuclear pore,0.16700809288442986,0.1799381083598862,1.4041370510753381e-07,1.3980295365811912e-08,1.839419536908693e-05,1.8314186929213605e-06,3.065699228181155e-06,2.6163124184590867e-07,1.988561661522911e-06,1.8783781465860108e-07
Rapamycin,p53 regulation,0.12223873725942769,0.09239787660973202,0.00011647886016552533,0.0035787506774442868,0.015258730681683819,0.46881633874520157,0.0006170290166928008,0.009974815717983011,0.0006424728708077398,0.010191659537939164
Rapamycin,Cell projection morphogenesis,0.07584373968570947,0.06289192441078632,0.01680759253490738,0.04740883283720354,1.0,1.0,0.03440304096988854,0.08171785660096927,0.04048098362757406,0.08925351523363349
Rapamycin,Histone methyltransferase complex,0.009260339432997653,-0.0026645350858433632,0.7703245603828586,0.9325277580995059,1.0,1.0,0.8204269708142641,0.9397010485464252,0.8336478868608248,0.947597696013202
