drug,system,semi_partial_pearson,semi_partial_spearman,p_pearson,p_spearman,p_bonferroni_pearson,p_bonferroni_spearman,q_fdr_pearson,q_fdr_spearman,q_fdr_pearson_all,q_fdr_spearman_all
5-FU,Cell,0.47546462950086643,0.4365421405060981,0.0,0.0,0.0,0.0,0.0,0.0,0.0,0.0
5-FU,Signaling pathways,-0.06658920890760296,-0.0315571242132963,0.0265000495611043,0.2929368930227003,1.0,1.0,0.06943012985009327,0.3956158039791108,0.06063766799134783,0.40679928960396194
5-FU,Chromatin binding,0.21797808810282132,0.2592853131317409,3.7481129311345285e-13,0.0,4.910027939786232e-11,0.0,9.820055879572464e-12,0.0,2.215847258766088e-11,0.0
5-FU,CDK holoenzyme complex II,-0.10806218214445049,-0.12617273782598948,0.00031713795162091607,2.607540081212001e-05,0.041545071662340005,0.003415877506387721,0.0015978873716284618,0.00011018959698024907,0.0014552468952221853,0.00013528227748070182
5-FU,MAPK and MAP2K activation,0.11266152913571693,0.16483003734944757,0.00017355393972029454,3.9298052145753104e-08,0.022735566103358584,5.148044831093657e-06,0.0009885028740590689,4.290037359244714e-07,0.0009071028582850218,4.610189400979394e-07
5-FU,Ubiquitin regulation of p53 activity,-0.1856524983129042,-0.20462275762866974,6.148892506274706e-10,9.100276088247483e-12,8.055049183219865e-08,1.1921361675604203e-09,1.1507213118885521e-08,1.7030516679434575e-10,1.5342950825180693e-08,2.307360324310491e-10
5-FU,HDACs deacetylate histones,-0.05728809694012298,-0.029438158671010014,0.056281914320699844,0.3265559768175641,1.0,1.0,0.12623995860771875,0.432109423869706,0.11225068784212003,0.44064033953408654
5-FU,EMT,-0.03876210025043669,0.07967243934193147,0.19654041150879387,0.007915948366026493,1.0,1.0,0.32590878364116455,0.019942100691335972,0.30773060447392825,0.020266890604875645
5-FU,Metabolic pathways,0.006410061179918446,0.022351669349318756,0.8306384045622084,0.45620810531442624,1.0,1.0,0.9144002604844479,0.533600551751695,0.8793020686678732,0.563361462336432
5-FU,CDK holoenzyme complex I,-0.046539714995145934,-0.0177705297265095,0.12098353536873785,0.5537254466669785,1.0,1.0,0.2330712225485979,0.6161318189040875,0.2110833713647679,0.6530055530086198
5-FU,Transcription factor (TF) binding,-0.24036610269568828,-0.21137506031373116,1.1102230246251565e-15,1.8529622280993863e-12,1.454392162258955e-13,2.427380518810196e-10,3.6359804056473877e-14,4.045634198016993e-11,1.163513729807164e-13,5.632525215468412e-11
5-FU,Regulation of TP53 Activity,-0.07782540851515135,-0.12870650082702223,0.009507406572917931,1.78885652146743e-05,1.0,0.0023434020431223335,0.030377323440298757,8.369293011151191e-05,0.025374606337227483,9.564906298458504e-05
5-FU,Regulation of E2F transcription via DREAM complex,-0.017094655424741437,-0.06859299287891069,0.5690796768710973,0.022247008461214746,1.0,1.0,0.7032965817935259,0.04857263514031886,0.6701073048998989,0.0491183950857157
5-FU,Protein Transport,0.027219289004388643,0.05314887117722077,0.36422359485749345,0.0764625193928472,1.0,1.0,0.5186227274601266,0.13355453387283978,0.48154709093017634,0.13445087302634878
5-FU,Extended cohesin complex,0.024264253032545154,-0.004413022480548657,0.4185896552472035,0.8831519326584898,1.0,1.0,0.5712004670560797,0.9109677415611194,0.5332438720004894,0.9212440863564338
5-FU,PML body,0.08591485280014326,0.12675151337805374,0.004191671349697668,2.391508726251601e-05,0.5491089468103945,0.0031328764313895974,0.0144502354423788,0.00010442921437965324,0.01272067058248018,0.00012573417115944871
5-FU,Extended mismatch repair complex,-0.0988193826851871,-0.11191267289279969,0.0009917077479209002,0.00019148764157117526,0.12991371497763793,0.02508488104582396,0.004692092116354621,0.0006779697579952421,0.0039467457714725445,0.0008005813099731051
5-FU,Regulation of beta catenin transcriptional activity,-0.11376372464325678,-0.12910176687511254,0.00015011078203563955,1.6856904535123007e-05,0.01966451244666878,0.002208254494101114,0.0009364053546032753,8.178720348522644e-05,0.0007999123707119503,9.075018468908687e-05
5-FU,Fas,-0.054650044919234766,0.06351568367025308,0.0686169251686688,0.03424953231406813,1.0,1.0,0.14981361995159354,0.06989610697963579,0.13269000299548936,0.06965877278362918
5-FU,BAF (SWI/SNF) complex,-0.058115709687178455,-0.1366164421225323,0.05281549865181612,5.279126402246703e-06,1.0,0.0006915655586943181,0.12138298812961248,3.18213817681298e-05,0.10658018469917194,3.315268387923986e-05
5-FU,Ribosome biogenesis,0.03619307886188374,0.040745287828413405,0.2276646970930547,0.1744086836866603,1.0,1.0,0.35932620866494175,0.26879455956414705,0.33987550221299334,0.27001732661632405
5-FU,Homologous recombination,-0.010958413412643215,0.0033407812879285206,0.7151723865710076,0.9112490273773775,1.0,1.0,0.8146746316591478,0.9248583405684411,0.7939625647525592,0.9436650006832922
5-FU,Cell Proliferation,-0.07024893253869567,0.026040069494019207,0.019244338438837882,0.38537168082358786,1.0,1.0,0.05363847522314388,0.4781474979305698,0.04611600613697127,0.4961542033207863
5-FU,Histone methyltransferase subcomplex,0.08410277189411873,0.08328106872518867,0.005063313294752181,0.005504722112316118,0.6632940416125357,0.7211185967134115,0.017007539528526554,0.01442237193426823,0.014905484081180578,0.01476693372109375
5-FU,RPA complex associated proteins,-0.12728697494511107,-0.10150856520612202,2.2198548210727864e-05,0.000716423276091227,0.00290800981560535,0.09385144916795074,0.00017105940091796177,0.0023462862291987684,0.0001436054229928568,0.002519501991085926
5-FU,mTOR regulation of autophagy/ribosome biogenesis,-0.03787792296746761,-0.027425303292530304,0.2069466498089798,0.36072466385737423,1.0,1.0,0.33887513906220446,0.45437433620496176,0.3186289260526114,0.4725493096531602
5-FU,PIK3/AKT signaling,-0.08327319601264684,-0.031934293954380855,0.005523652457477324,0.287205525110247,0.7235984719295294,1.0,0.018089961798238234,0.3919158728066912,0.016109799003996946,0.3995460933392109
5-FU,Locomotion,0.07743401173201064,0.08679183103999687,0.009858801616474455,0.003816703485265416,1.0,0.49998815656976947,0.030750071708527466,0.01063804588446318,0.026223411406256926,0.01077173766398067
5-FU,Regulation of adherens junction stability,-0.04299600690457882,-0.08473519624954913,0.151982153123563,0.004740599754643693,1.0,0.6210185678583238,0.26401082755608773,0.012673848323639261,0.25362626826989493,0.012937886830381745
5-FU,mTOR regulation of mRNA translation,-0.129608584258922,-0.0756978760290962,1.567995071782846e-05,0.011638053720415709,0.0020540735440355284,1.0,0.00013693823626903523,0.02771972795226287,0.0001075180515215302,0.028496916586438468
5-FU,SMAD-TGFbeta signaling,-0.05388813792336199,-0.06751384743763118,0.07256717069800489,0.02443907529221545,1.0,1.0,0.15332740905546197,0.05163740102064878,0.13928643753023648,0.0529176671616566
5-FU,Cellular response to DNA damage,0.134732475640002,0.17339915500397016,7.1155207090889405e-06,7.488274222922087e-09,0.0009321332128906512,9.809639232027934e-07,7.17025548377424e-05,9.809639232027933e-08,5.564974405317321e-05,1.0332278408292357e-07
5-FU,G1 to S cell cycle control,-0.04335818898083479,0.036517157531584,0.14856049841562635,0.22350996967664627,1.0,1.0,0.26401082755608773,0.3223445123622473,0.24950545246726988,0.3280523835037969
5-FU,EGFR/PI3K signaling,-0.06932429861957755,0.02189674149215427,0.020890892911602066,0.4654254728461025,1.0,1.0,0.056863161633563475,0.5388011355074769,0.049177359785562806,0.5724951825618726
5-FU,H3 acetylation and H3K4 methylation crosstalk,0.04285595183224973,-0.021734321011335045,0.15316658697910435,0.4688803774645218,1.0,1.0,0.26401082755608773,0.5388011355074769,0.25452206631200003,0.5753941868651276
5-FU,Histone modifications in DNA damage response,-0.06199187786101953,-0.0298741239085993,0.038866360745407835,0.319441868155836,1.0,1.0,0.09606591052166844,0.42700902784096445,0.08283993569922617,0.4344312097028808
5-FU,NeST:16,-0.01028548819987987,-0.01929919513436858,0.73197975883958,0.5201345321063218,1.0,1.0,0.819567080410128,0.592501075703723,0.8066187800086654,0.6241614385275861
5-FU,NeST:163,0.05713899005306716,0.14344162007100963,0.05685616456378173,1.7434613013289635e-06,1.0,0.00022839343047409422,0.12623995860771875,1.3434907674946718e-05,0.11285087208871827,1.263005145478862e-05
5-FU,Transcription coactivator activity,0.03530855424532953,0.03648493762461994,0.23922753953411746,0.22391870706079775,1.0,1.0,0.3730810437972546,0.3223445123622473,0.3533842954570757,0.3280523835037969
5-FU,Foxo signaling,0.0029294475874358356,0.0030930858981289924,0.9220180010862986,0.9177983532358576,1.0,1.0,0.9712029577519752,0.9248583405684411,0.9459109098944104,0.9485726569932729
5-FU,Neg Regulation EGFR,0.0036019446829367633,0.017287827363331315,0.9042432030317222,0.5643955593014542,1.0,1.0,0.9709496688291444,0.6161318189040875,0.9346650362050087,0.6611250515811371
5-FU,RNA processing 1,0.04508168856034464,0.05059780817669556,0.13294025652727326,0.0916874925972182,1.0,1.0,0.24528413528271548,0.1559878120809816,0.22814637910575716,0.1580403719909782
5-FU,Phosphatase 2A catalytic subunit,0.023213680824439264,-0.06918381805125876,0.4390133797451654,0.0211208916557013,1.0,1.0,0.592894358212543,0.04689553909994696,0.5529880071790064,0.04762772065276331
5-FU,Wnt/beta-catenin,-0.09354381044442725,-0.09526216280970894,0.0018266362230960898,0.0014982609068974195,0.23928934522558776,0.19627217880356196,0.007477792038299617,0.004606714991999381,0.006338790602002325,0.004738966087812361
5-FU,p53 regulation of cell cycle,-0.2566531361166342,-0.25021884455604804,0.0,0.0,0.0,0.0,0.0,0.0,0.0,0.0
5-FU,Regulation of immune responses,-0.06606954149770264,-0.05433365424817808,0.02770161126059545,0.0701635545987116,1.0,1.0,0.07115511912035302,0.12590994044426326,0.06274774193322197,0.1259099404442633
5-FU,Regulation of beta catenin transcription,0.00011170363140514754,-0.04596029698244956,0.9968154327733281,0.12558035084810215,1.0,1.0,0.9968154327733282,0.20563782451376728,0.9975538581975105,0.2052103030490817
5-FU,MDM2-p53 pathway,-0.14189849723359793,-0.1393032274256008,2.2621564974567576e-06,3.435028324227929e-06,0.00029634250116683525,0.0004499887104738587,2.6940227378803204e-05,2.2499435523692935e-05,2.104207108876937e-05,2.3175384230413322e-05
5-FU,RNA metabolism,0.11135762693190172,0.10023919852611354,0.00020624571403016212,0.0008343696976129689,0.027018188537951238,0.10930243038729892,0.0011257578557479682,0.0026659129362755834,0.0010425024516251282,0.0028575798794065075
5-FU,Resolution of D-loop structures,0.06098789366432191,0.06835551822730397,0.04208497062419725,0.02270063941507061,1.0,1.0,0.10209502132907111,0.048750553497938526,0.08856435585172433,0.04983995134146788
5-FU,NeST:195,-0.011266410506701503,-0.02562577957192958,0.7075249264365173,0.39310159111670484,1.0,1.0,0.8146746316591478,0.48127391061951713,0.7888150243675214,0.5036313783500082
5-FU,Cohesin,-0.07387590110831894,-0.13529663679959286,0.013830655687717908,6.501479439924296e-06,1.0,0.0008516938066300828,0.040262575446467684,3.548724194292011e-05,0.0348426133671355,3.9613665424655015e-05
5-FU,Oncogene induced senescence,0.03708543791436068,0.04271705898958552,0.2164087349819348,0.154477323594868,1.0,1.0,0.3457261497882129,0.24381360711961092,0.32837309979884316,0.24332500269652554
5-FU,Cytoplasm/extracellular space,0.022377289390805508,0.10771949254034872,0.4556748085239384,0.0003301003383164858,1.0,0.04324314431945964,0.6029636355215751,0.0011379774820910432,0.5700278027327838,0.0012812783502062115
5-FU,Extracellular matrix organization,0.0007726116978234388,-0.016559494759509005,0.9792446471214471,0.5810699598382651,1.0,1.0,0.9868619290577579,0.6290922705687003,0.9843379855051805,0.6776275792772647
5-FU,MHC class I including non-classical MHCs,-0.09554482601622752,-0.07102063696550483,0.001453831686465179,0.0179310680428737,0.19045195092693845,1.0,0.006143611320223821,0.04098127963746652,0.005277891304354115,0.041330848919937616
5-FU,Endoplasmic Reticulum protein processing,0.011342282876208745,0.0275798657058006,0.7052462001355972,0.3579054614023187,1.0,1.0,0.8146746316591478,0.45437433620496176,0.787391354128664,0.4696388859135602
5-FU,Regulation of androgen receptor signaling pathway,-0.018191651293578515,-0.00607496001398701,0.5445382534033933,0.8396290845247496,1.0,1.0,0.6859087614985051,0.8799312805819376,0.6499727671603146,0.8888194753352905
5-FU,RAS-RAF-MAPK,-0.08632390702720227,-0.14396926568021376,0.004021640440393659,1.5989721864340112e-06,0.5268348976915693,0.00020946535642285546,0.014238781018691063,1.3091584776428467e-05,0.012251974364920216,1.1912721692295098e-05
5-FU,Structural constituent of muscle,0.0031156479425248473,0.02300102749921113,0.9170922470909983,0.4432309709076576,1.0,1.0,0.9712029577519752,0.527038073991373,0.9416518696453622,0.5512334543250299
5-FU,Beta-catenin,-0.022824881646475833,0.04171600418840251,0.4470357528673081,0.16436866506093528,1.0,1.0,0.5975682002614017,0.2563368467021729,0.5621921628059268,0.2565914016641413
5-FU,Actin filament-based process,-0.06912075227462708,7.63930174856879e-05,0.02126942687056954,0.9978779505569517,1.0,1.0,0.056863161633563475,0.9978779505569518,0.04997838421604681,0.9986043119486842
5-FU,MutS homologs,0.045725000164875365,0.05152117486685476,0.12749725511755838,0.08591728060326731,1.0,1.0,0.24206000609275577,0.14809425998721074,0.22073313330925307,0.14940482865966395
5-FU,Beta-catenin destruction complex,0.08664125382896617,0.07863371306992648,0.00388227280316511,0.008766898932456968,0.5085777372146294,1.0,0.014127159367073039,0.021669127550035146,0.011943117116586209,0.02219253642805532
5-FU,Epithelial differentiation,-0.1335245338578969,-0.07816648637046729,8.610594832481056e-06,0.00918171409997437,0.0011279879230550183,1.0,8.057056593250131e-05,0.02227415827956745,6.445645274600104e-05,0.023130856674935432
5-FU,Lymphocyte activation,-0.0324050319901505,-0.024463870653057915,0.2803101539047115,0.41491253948111795,1.0,1.0,0.4320074136649083,0.4986563547892335,0.39733774746456846,0.5243107010163324
5-FU,PI3-K/Akt,-0.07485048462037507,-0.09518192826476893,0.01262735300965323,0.0015121278218013234,1.0,0.19808874465597337,0.03759507373328575,0.004606714991999381,0.03227674622955265,0.004773222762794539
5-FU,MAPK signaling,-0.09086420311223331,-0.12827289826007685,0.002463705507320446,1.9089397304217215e-05,0.32274542145897844,0.002500711046852455,0.009492512395852307,8.623141540870535e-05,0.008102395517798622,0.00010172383919399818
5-FU,RNA processing 2,-0.09191696478004296,-0.09199834333034704,0.0021924218673263773,0.0021677250922720326,0.28720726461975543,0.28397198708763627,0.008703250443022892,0.006310488601947472,0.007395895226259797,0.006629696196598512
5-FU,Contractile fiber,-0.0012487959670206207,0.0851146936587495,0.9670191677977076,0.004553577320297819,1.0,0.5965186289590143,0.9868619290577579,0.012427471436646131,0.9769628096259616,0.012558286925452933
5-FU,MutL alpha/beta complex,0.028513801190875467,0.04010431278399083,0.34186543000892455,0.18128487703686913,1.0,1.0,0.49651797991920515,0.27463093249869636,0.4607907486236775,0.2783006120136311
5-FU,NeST:29,0.058318877683675614,0.02595651845954574,0.05192747863080727,0.3868979754247359,1.0,1.0,0.12138298812961248,0.4781474979305698,0.10519329433972813,0.4977116345071071
5-FU,RBL-TP53 complex,0.0220090239247728,0.057911122630832014,0.4631222211143511,0.053567342268446616,1.0,1.0,0.6066901096598,0.10170031648067401,0.5754729644180353,0.10133316732370407
5-FU,Regulation of cellular homeostasis,0.075681442493653,0.16254860757318199,0.01165773983039986,6.029086097036895e-08,1.0,7.898102787118333e-06,0.03551543994842748,6.075463682398718e-07,0.03009189985778092,6.67445305953662e-07
5-FU,Mismatch and excision repair,-0.011165998647498199,-0.0488036660947837,0.7100149221907437,0.10383563907024307,1.0,1.0,0.8146746316591478,0.1743906245923313,0.790469870880913,0.1747640520539851
5-FU,Extracellular matrix,0.05364950781825323,0.10325614517508527,0.07375526243607045,0.0005780919268052465,1.0,0.07573004241148729,0.15336411712897188,0.0019417959592689048,0.14122201284957703,0.002123272217144503
5-FU,Ubiquitin/Proteasome System,0.04692200892011584,0.06583514369325325,0.11783260965021736,0.02820449144493642,1.0,1.0,0.23038913230117122,0.05864743459185192,0.20742761743576896,0.05959336095623663
5-FU,Ribosome abundance control,0.04080556449194963,0.032310413619623675,0.17379619697571025,0.28146465052706393,1.0,1.0,0.2956792442054291,0.388124939147846,0.27992584185022185,0.393299938336484
5-FU,Epigenetic modification,0.13837050085983738,0.11262255041370363,3.998893363776901e-06,0.00017412035348729482,0.000523855030654774,0.02280976630683562,4.3654585887897834e-05,0.0006336046196343229,3.37970987519209e-05,0.0007437967273968137
5-FU,Spliceosomal complex,-0.017455772383573095,0.05766430230423392,0.5609428783180346,0.054594155494899654,1.0,1.0,0.6998430196158336,0.10216906242616935,0.664007684274059,0.10229083723239839
5-FU,Interferon signaling,0.010490825701235006,0.003120676640870387,0.7264335768090913,0.9170685406668206,1.0,1.0,0.819567080410128,0.9248583405684411,0.803626729587538,0.9484419381106856
5-FU,Transmembrane tyrosine kinase signaling,0.049074711467087105,0.09310545579154454,0.10190775727444001,0.00191334897164408,1.0,0.25064871528537447,0.20538332619925603,0.0056965617110312375,0.1847739266844518,0.005920835794142704
5-FU,Regulation of mRNA processing,-0.03894984015541975,-0.028620000829559913,0.19438103238832793,0.34018237684093666,1.0,1.0,0.32590878364116455,0.4412266471897297,0.30526172119325823,0.4535765024545822
5-FU,Nucleus,0.028334459132424668,0.00795491954406407,0.344909436432425,0.7908132876457477,1.0,1.0,0.49651797991920515,0.8354559732386527,0.46302103678204276,0.8561697576991152
5-FU,Actin filaments,0.026783171210541492,0.07460597216633971,0.3719573503868472,0.012891008955565608,1.0,1.0,0.5239399236631934,0.030155753092483834,0.48971269246911536,0.031033179292724557
5-FU,Transcription elongation,-0.11288497511612126,-0.12130727266776843,0.0001688285847449844,5.274547349487513e-05,0.022116544601592958,0.006909657027828642,0.0009885028740590689,0.00021592678211964506,0.0008905991114735419,0.000255125797950596
5-FU,Type I interferon signaling pathway,0.012297450456695364,0.03287062908118539,0.6817479890248688,0.2732069293690347,1.0,1.0,0.8045854645248451,0.38074582709939936,0.765505599105067,0.3844846382154543
5-FU,Nuclear transport,-0.09747319808690529,-0.1199951416491056,0.0011621626815949693,6.350804864441173e-05,0.15224331128894097,0.008319554372417937,0.005249769354791068,0.00025210770825508897,0.004434271202590514,0.0003016152642568436
5-FU,Mediator/CCR-NOT complex,-0.11793643286482564,-0.1299603001326771,8.496676841396322e-05,1.4807965326379957e-05,0.011130646662229182,0.0019398434577557744,0.0005565323331114591,7.460936375983748e-05,0.0004703090138970077,8.167761927392734e-05
5-FU,Apoptosis Regulation,0.029538391560367423,0.146992609041188,0.32480577282237033,9.610652971225875e-07,1.0,0.00012589955392305896,0.4862957448597451,8.393303594870598e-06,0.44331878980820905,7.868722120191185e-06
5-FU,Actin cytoskeleton,-0.026499208341708474,-0.04829635695438103,0.377337640812891,0.107479235303656,1.0,1.0,0.5258641590051992,0.1782250610731511,0.49307961043879023,0.17974187010356088
5-FU,NeST:49,-0.025129292023919385,-0.03868739294695559,0.4025025299361502,0.19727436209740068,1.0,1.0,0.5550298044382703,0.2903701284804437,0.5182096454214808,0.29704530384781025
5-FU,Cell motility,0.1287436143035454,0.11475969976931584,1.7817042224699264e-05,0.00013071414618526234,0.0023340325314356036,0.017123553150269366,0.00014587703321472523,0.0004892443757219819,0.00011919948036673845,0.0005804594288226903
5-FU,Checkpoint-regulated DNA repair,-0.04293276061592719,-0.08820472558630547,0.15258576732824625,0.0032843222172498354,1.0,0.43024621045972844,0.26401082755608773,0.009353178488254966,0.254232906153347,0.009438673721237186
5-FU,ECM-cytoskeleton assembly,0.17688487775180192,0.23833355728752975,3.748532151348627e-09,1.9984014443252818e-15,4.910577118266701e-07,2.617905892066119e-13,6.138221397833377e-08,5.2358117841322385e-14,7.963098029621678e-08,1.0832714036135666e-13
5-FU,INSR-FOXO,-0.031713114002267784,-0.01471613912314817,0.2907102385822846,0.6238631952758467,1.0,1.0,0.44282606109627076,0.6698858900093108,0.4069709701324966,0.7122515756999951
5-FU,Integrator-PP2A complex,0.00873202221489984,0.03981216418355816,0.7708511155376871,0.18448490122049832,1.0,1.0,0.8557753909782798,0.27463093249869636,0.8397629616252559,0.2812902664584126
5-FU,Cell-extracellular matrix interactions,0.004602809145130099,0.132258942402115,0.8778805646607906,1.0415279399378363e-05,1.0,0.0013644016013185656,0.950432677442674,5.457606405274262e-05,0.9175719731693902,6.0194188293466126e-05
5-FU,Histone deacetylase binding,-0.2756417096874548,-0.34839402275829373,0.0,0.0,0.0,0.0,0.0,0.0,0.0,0.0
5-FU,Histone acetyltransferase complex,-0.0009302732399269147,0.06135826785089553,0.9754829431935459,0.040833778941404164,1.0,1.0,0.9868619290577579,0.07983917972125291,0.9820153018253548,0.08054040212783857
5-FU,Cyclin D associated events in G1,-0.04431736806020753,-0.04337165876805452,0.13978309483651175,0.1483217616860948,1.0,1.0,0.25432757532754224,0.23695305830339533,0.23832866061062524,0.2359937341807095
5-FU,Chromosome centrometric region,0.09584983759337942,0.1365325060602502,0.0014009914883179597,5.344048846556149e-06,0.18352988496965272,0.0007000703988988555,0.006117662832321758,3.18213817681298e-05,0.005157748523737313,3.320492010587457e-05
5-FU,Transcription,0.045413472540609935,0.06336383395290725,0.1301110134646679,0.034681274455544475,1.0,1.0,0.2434934680553071,0.06989610697963579,0.22427029952462496,0.07043793726629963
5-FU,Nuclear receptor signaling,-0.01445061296486586,0.017358646228223834,0.6303067029594915,0.5628014824450474,1.0,1.0,0.764538685997161,0.6161318189040875,0.7269568136847547,0.6599003035833138
5-FU,Culin-RIng uniqutin ligase complex,-0.10956206037787596,-0.1404576854885856,0.0002613571428344841,2.8491042927125676e-06,0.034237785711317414,0.00037323266234534636,0.0013695114284526966,2.0735147908074796e-05,0.0012450103895024515,1.9817663487363524e-05
5-FU,Actin and actin-associated proteins,-0.02117559598811153,-0.039905227155031274,0.4805588489476271,0.18353574586219223,1.0,1.0,0.6169765799422369,0.27463093249869636,0.5911099456538887,0.2801147499955011
5-FU,Mitosis,0.001655179885491301,-0.03408895332465387,0.9557980218108466,0.2559198327017187,1.0,1.0,0.9868619290577579,0.36440758786875166,0.9693641872817103,0.36540052407547846
5-FU,PcG protein complex,0.028678027473677443,0.054655721259467965,0.33909311029159883,0.06848309638174532,1.0,1.0,0.49651797991920515,0.12460118925011995,0.4587386999814057,0.12417004326655552
5-FU,Protein nuclear transport,0.06384357037787593,0.14700751136750853,0.033350033965376724,9.586388112214905e-07,1.0,0.00012558168427001526,0.08401643172046828,8.393303594870598e-06,0.07301706600776074,7.868722120191185e-06
5-FU,Metabolism,0.03745804600501057,0.05324301047643166,0.21182928586068406,0.07594273716391275,1.0,1.0,0.3425881042932051,0.13355453387283978,0.32361092067346486,0.1337319064783748
5-FU,Regulation of nuclear protein ubiquitiation,-0.013647577088822076,0.00548547368833714,0.6494443918784685,0.8548397230510347,1.0,1.0,0.7734292303279944,0.8887619342832186,0.742832443184057,0.8976673644864573
5-FU,EGFR-MAPK signaling,-0.0007855824339024614,0.11721152185216577,0.9793286318893781,9.35150593850409e-05,1.0,0.012250472779440358,0.9868619290577579,0.0003603080229247164,0.9843379855051805,0.00042984115015580205
5-FU,Ubiquitin regulation of mitophagy,-0.17087358938787273,-0.1964085743592831,1.2405223515088437e-08,5.898859178898874e-11,1.6250842804765853e-06,7.727505524357525e-09,1.805649200529539e-07,9.659381905446907e-10,2.2504412145290894e-07,1.253109003949869e-09
5-FU,NeST:78,0.05051178567821025,0.06165889581375015,0.09226584589404996,0.039856415276310786,1.0,1.0,0.1888566533143835,0.07910894547267747,0.16983830180965637,0.078909678607507
5-FU,Homologous recombination (HR) and Fanconi Anemia repair,-0.0058282890590003016,-0.028401716313960775,0.8462088676637527,0.34387861615914983,1.0,1.0,0.9237780138662633,0.44164802663577085,0.8909848224832011,0.4561832781453025
5-FU,Immune system,0.09870860983980723,0.0830323057582834,0.001002889917999461,0.005646726538945934,0.1313785792579294,0.7397211766019174,0.004692092116354621,0.014504336796116027,0.0039622503898361335,0.015122068346206148
5-FU,NeST:80,-0.05397127222242386,-0.04359605997543173,0.07212729471735169,0.146233696382835,1.0,1.0,0.15332740905546197,0.23650141019939983,0.13861137811207438,0.23338007179067677
5-FU,TGF-beta/Smad signaling,-0.06050329690541438,-0.055010708148396016,0.04380078111441854,0.06674015249674392,1.0,1.0,0.10432549683616052,0.12314028136723175,0.09131940041361532,0.12171173982004808
5-FU,Extended PRC1 complex,0.0881301364284214,0.1398475604900564,0.0033120206976191557,3.142189293425801e-06,0.4338747113881094,0.00041162679743877995,0.012396420325374554,2.1664568286251578e-05,0.010433860794904435,2.156996318456489e-05
5-FU,TNFR/Traf signaling,-0.12607181603824924,-0.03297958320039665,2.656787829402596e-05,0.27171924570054706,0.0034803920565174007,1.0,0.00019335511425096671,0.38074582709939936,0.00016908787319112878,0.3834314670029264
5-FU,Lymphoid JAK/STAT signaling,-0.0141538094159673,-0.017494902319320015,0.6373520570627065,0.5598932346409073,1.0,1.0,0.7659919217909591,0.6161318189040875,0.7329315535497986,0.6583037882240137
5-FU,Positive regulators of transcription,0.18895896550309083,0.17398311968081895,3.0289237784586476e-10,6.6689997968438774e-09,3.967890149780828e-08,8.736389733865479e-07,6.613150249634714e-09,9.707099704294977e-08,8.65721487224908e-09,9.444745658232951e-08
5-FU,RTK-JAK-STAT signaling,0.07294607224415792,0.028894998191244362,0.015049610977084571,0.33544840930384545,1.0,1.0,0.04285867473908867,0.43943741618803756,0.0374335260379382,0.44957646234538245
5-FU,Nucleolus,-0.020956944383178938,-0.0228395170841214,0.48510372316069006,0.4465742459010871,1.0,1.0,0.6169765799422369,0.527038073991373,0.594838574733701,0.5540763335094783
5-FU,Mediator complex,-0.0217701707445036,-0.008413566419834673,0.46831823857578336,0.7792359821316748,1.0,1.0,0.607422665875521,0.82991799722967,0.5801389054697648,0.847136212939829
5-FU,G1/S phase,0.15474705082414222,0.17191642166355464,2.5068963571683867e-07,1.003299665569557e-08,3.2840342278905865e-05,1.3143225618961196e-06,3.2840342278905865e-06,1.194838692632836e-07,3.226524795611921e-06,1.3714670211089944e-07
5-FU,Polybromo- and BAF containing complex,0.12132981909636234,0.13584798787092398,5.2645151743524465e-05,5.9546856217007615e-06,0.006896514878401705,0.0007800638164427998,0.00036297446728430024,3.391581810620868e-05,0.00030314351113853647,3.656549139575624e-05
5-FU,Nuclear pore,-0.015481375310754188,0.06056395548168467,0.6061022561748146,0.043514349487044246,1.0,1.0,0.7420504257841188,0.0838291144529823,0.7052499975624046,0.08497460545792988
5-FU,p53 regulation,-0.048532938175134516,-0.07088922450431,0.10586051063010848,0.018144383350939375,1.0,1.0,0.21011707412945776,0.04098127963746652,0.1906216754988895,0.04176130399367013
5-FU,Cell projection morphogenesis,-0.029440769945959535,-0.025402305931545906,0.3266719507454776,0.39724172787019985,1.0,1.0,0.4862957448597451,0.48183950324996466,0.44525999379840997,0.5072818815694184
5-FU,Histone methyltransferase complex,-0.002767927091995644,0.01841349116439935,0.9267203795343275,0.5393185060096581,1.0,1.0,0.9712029577519752,0.6090579679936657,0.9477164360413084,0.6384101592222761
Gemcitabine,Cell,0.1335052604400608,0.10320972632446594,2.255286485453034e-05,0.0010532144572366064,0.0029544252959434747,0.13797109389799544,0.00011817701183773899,0.0021940243116786045,0.00014529960471853154,0.0034846268479601364
Gemcitabine,Signaling pathways,-0.28993546167884743,-0.31514576029314667,0.0,0.0,0.0,0.0,0.0,0.0,0.0,0.0
Gemcitabine,Chromatin binding,0.031596801429678203,-8.895658077771531e-05,0.31582370898844747,0.9982148760388083,1.0,1.0,0.3940276750236821,0.9982148760388083,0.43504863121109644,0.9986043119486842
Gemcitabine,CDK holoenzyme complex II,-0.020848051770082743,-0.0036145926641368655,0.508165147377388,0.9091409209978654,1.0,1.0,0.583944160582788,0.9377752807143336,0.6178156316142723,0.9421025232753093
Gemcitabine,MAPK and MAP2K activation,0.01394926830286013,0.006971252130168418,0.6578485684427908,0.8244570945016372,1.0,1.0,0.712216218727319,0.8852776998337252,0.7466747905712047,0.8786756288519144
Gemcitabine,Ubiquitin regulation of p53 activity,-0.09451816746383034,-0.12060511268456592,0.002697736369328574,0.00012983192949045375,0.3534034643820432,0.01700798276324944,0.007362572174625899,0.00034710168904590697,0.008708093578202295,0.0005798175942016855
Gemcitabine,HDACs deacetylate histones,0.08034736377525828,0.07077345848700685,0.010754311694989749,0.024668308091398528,1.0,1.0,0.02236214019116916,0.040905675442698824,0.028270531746695464,0.05326728065889901
Gemcitabine,EMT,-0.05083893451990243,-0.11301704041280526,0.10659077424301522,0.00033582465349546453,1.0,0.043993029607905854,0.16610882994936987,0.0007998732655982883,0.1914979395543085,0.0012970917820512783
Gemcitabine,Metabolic pathways,-0.01433018022173328,-0.03227288678181141,0.6492542310114011,0.30603200637827466,1.0,1.0,0.712216218727319,0.38548262341878825,0.742832443184057,0.4220020298479366
Gemcitabine,CDK holoenzyme complex I,-0.17812482042701897,-0.22006504168751861,1.5658631280501822e-08,2.887245997840182e-12,2.0512806977457387e-06,3.7822922571706385e-10,1.5779082290351837e-07,3.782292257170638e-11,2.7350409303276517e-07,8.104911979651369e-11
Gemcitabine,Transcription factor (TF) binding,0.3195909017242198,0.25452622531119035,0.0,6.661338147750939e-16,0.0,8.72635297355373e-14,0.0,2.1815882433884326e-14,0.0,4.18864942730579e-14
Gemcitabine,Regulation of TP53 Activity,-0.09856294164597618,-0.1244722182114856,0.0017562505492487723,7.831510265643438e-05,0.23006882195158918,0.010259278447992903,0.005228836862536118,0.00021828252017006176,0.006176344213465481,0.0003653155530442577
Gemcitabine,Regulation of E2F transcription via DREAM complex,0.08786237748766922,0.1327538714511406,0.0052849205923715115,2.514598944047819e-05,0.692324597600668,0.0032941246167026428,0.012362939242869072,8.034450284640593e-05,0.015499804423895555,0.0001317649846681057
Gemcitabine,Protein Transport,-0.23246974362789685,-0.25164267701016174,1.5920598173124745e-13,1.3322676295501878e-15,2.0855983606793416e-11,1.745270594710746e-13,2.9794262295419165e-12,3.490541189421492e-14,1.0427991803396708e-11,7.479731120188911e-14
Gemcitabine,Extended cohesin complex,0.12890319239450873,0.13103102254158588,4.278417553194025e-05,3.1990799831627115e-05,0.005604726994684173,0.004190794777943152,0.000207582481284599,9.746034367309656e-05,0.00025967847079617787,0.0001622243139848962
Gemcitabine,PML body,0.005624919967141446,-0.044833532624110495,0.8582180903837846,0.15497067533746622,1.0,1.0,0.9140371531729738,0.20715467825722528,0.9006133765576164,0.2438577593898868
Gemcitabine,Extended mismatch repair complex,-0.15511101703591204,-0.17383904360986857,8.494407477410704e-07,3.465298403781958e-08,0.00011127673795408022,4.539540908954365e-06,6.182040997448901e-06,2.0140851266008783e-07,8.902139036326418e-06,4.1583580845383494e-07
Gemcitabine,Regulation of beta catenin transcriptional activity,0.2982712740029149,0.21027658195523644,0.0,2.4953150656870093e-11,0.0,3.2688627360499822e-09,0.0,2.3349019543214157e-10,0.0,5.94338679281815e-10
Gemcitabine,Fas,-0.16700214170280048,-0.09634438100471522,1.1509730990511002e-07,0.002236605095066402,1.5077747597569413e-05,0.29299526745369864,9.423592248480883e-07,0.004507619499287671,1.6753052886188236e-06,0.006827074193095891
Gemcitabine,BAF (SWI/SNF) complex,-0.12689770792458904,-0.11493950718871972,5.6237320971819216e-05,0.0002653394292466693,0.007367089047308317,0.03475946523131368,0.00024556963491027725,0.000643693800579883,0.0003226462356485394,0.001069522007117344
Gemcitabine,Ribosome biogenesis,0.1020547165595504,0.05553114847092808,0.0011967815021758366,0.0779261134970266,0.1567783767850346,1.0,0.003732818494881776,0.11096000943598354,0.0045333506540250965,0.13671858305505116
Gemcitabine,Homologous recombination,0.11485525499634304,0.05968675835444227,0.000266376947883451,0.05812884623878256,0.03489538017273208,1.0,0.0010263347109627083,0.08752734318713237,0.001265089311398142,0.10817502758481047
Gemcitabine,Cell Proliferation,-0.1372064208676825,-0.0518565115749859,1.3288485878559797e-05,0.09995674701208812,0.0017407916500913334,1.0,8.289484048053968e-05,0.1407992888019736,9.268497058363628e-05,0.16965447518361002
Gemcitabine,Histone methyltransferase subcomplex,0.10225382408071818,0.0959605768732048,0.0011705265127486264,0.002320139331533966,0.15333897317007006,0.3039382524309495,0.003732818494881776,0.004605125036832568,0.004455369680486297,0.007013959671483451
Gemcitabine,RPA complex associated proteins,-0.035792463852968984,-0.11180987099134662,0.2559218762611788,0.00038866495722578165,1.0,0.050915109396577396,0.33461630447422186,0.0008932475332732876,0.3701096499379697,0.001475800272364562
Gemcitabine,mTOR regulation of autophagy/ribosome biogenesis,-0.09557473548315837,-0.06745010371064007,0.002415173266662851,0.03236116947246437,0.3163876979328335,1.0,0.006731653147507096,0.05169894147430283,0.007975626860713313,0.06658607121821203
Gemcitabine,PIK3/AKT signaling,-0.07951080659190587,-0.08194009688382119,0.011607784224757278,0.009329010361559309,1.0,1.0,0.023394149745280052,0.01629467143152359,0.03001223158111586,0.023389480523718077
Gemcitabine,Locomotion,-0.13603753003609592,-0.15354074059536776,1.5731012627195895e-05,1.1048629267040866e-06,0.0020607626541626622,0.00014473704339823534,9.367102973466646e-05,4.668936883814043e-06,0.0001075180515215302,8.83558579589435e-06
Gemcitabine,Regulation of adherens junction stability,-0.00012444598442691598,-0.07867872574072482,0.9969192819518378,0.012551150966602975,1.0,1.0,0.9969192819518378,0.021634220745065654,0.9975538581975105,0.03040124702542354
Gemcitabine,mTOR regulation of mRNA translation,-0.18364441797381573,-0.15758571255681422,5.5628117667794186e-09,5.722806963870397e-07,7.287283414481038e-07,7.49687712267022e-05,7.287283414481038e-08,2.5704613789997073e-06,1.1506236970233218e-07,5.025839411845957e-06
Gemcitabine,SMAD-TGFbeta signaling,-0.1277761478182376,-0.16586673498158255,4.993059851288173e-05,1.4161594097394925e-07,0.006540908405187507,1.8551688267587352e-05,0.00022554856569612092,7.135264718302828e-07,0.00029097488134023717,1.3657684614174737e-06
Gemcitabine,Cellular response to DNA damage,0.0015044241823481926,-0.05841463836317088,0.9618400508406046,0.06385608883493288,1.0,1.0,0.9798519026841109,0.09505849587927508,0.9729810552904958,0.11726842482303095
Gemcitabine,G1 to S cell cycle control,-0.05725912346639038,-0.11866536858981099,0.06913963789060817,0.00016640245796772923,1.0,0.02179872199377253,0.11321615704587089,0.0004274259214465202,0.1335227404963588,0.000717955167928654
Gemcitabine,EGFR/PI3K signaling,-0.10291418182214296,-0.17126339138232102,0.0010878972979100343,5.4980899832912655e-08,0.1425145460262145,7.202497878111558e-06,0.0035628636506553624,3.0010407825464824e-07,0.0042122525919078176,6.129785428180049e-07
Gemcitabine,H3 acetylation and H3K4 methylation crosstalk,0.05421829309869741,0.04216477679199323,0.08522205743954636,0.18067787849640804,1.0,1.0,0.13614743322659237,0.23668802083029455,0.15873113068124037,0.2776399071323103
Gemcitabine,Histone modifications in DNA damage response,0.031203283998824532,0.035177030020714095,0.3218880456458382,0.2640298333588724,1.0,1.0,0.3978050375434415,0.3390971389216891,0.4410447902695772,0.3742605031921979
Gemcitabine,NeST:16,0.04669088080940193,0.05730788532626447,0.13828352409011702,0.06887600567580132,1.0,1.0,0.19906749072313548,0.10025285270588859,0.23602790431016715,0.12445181715213756
Gemcitabine,NeST:163,-0.026459538852360416,-0.0834187503416914,0.4010066594713262,0.008128612738486307,1.0,1.0,0.4732601116283219,0.014389841469482518,0.516706941548299,0.02077752719496012
Gemcitabine,Transcription coactivator activity,0.06901161712540459,-0.0063025533050261,0.028470036410167987,0.8419312953664,1.0,1.0,0.05039965905043252,0.8894596749435354,0.06402703467351084,0.8900578320887564
Gemcitabine,Foxo signaling,-0.11053182709061533,-0.128948539056086,0.0004505406364805342,4.28493912498773e-05,0.05902082337894998,0.005613270253733926,0.00159515738862027,0.00012473933897186502,0.0019806885176328723,0.0002118215190088274
Gemcitabine,Neg Regulation EGFR,-0.11620663987118782,-0.10323036798936866,0.0002254055885073658,0.0010551414628683364,0.02952813209446492,0.13822353163575207,0.0009227541279520288,0.0021940243116786045,0.0011142691356401857,0.0034846268479601364
Gemcitabine,RNA processing 1,0.1973516438675001,0.14379655472272415,3.7357228421797117e-10,5.020692609880584e-06,4.8937969232554224e-08,0.0006577107318943565,5.437552136950469e-09,1.8269742552621012e-05,1.0302730364748257e-08,3.16969027418967e-05
Gemcitabine,Phosphatase 2A catalytic subunit,-0.0022358151881539845,-0.15741423604345428,0.9434908631168408,5.886552776335208e-07,1.0,7.711384136999122e-05,0.9732071107740642,2.5704613789997073e-06,0.9599790529577177,5.140922757999415e-06
Gemcitabine,Wnt/beta-catenin,-0.067152150531754,-0.17947727874868755,0.033044362663051,1.233244351084295e-08,1.0,1.6155500999204264e-06,0.05771748678479574,8.077750499602132e-08,0.07244872818175198,1.6291261511802618e-07
Gemcitabine,p53 regulation of cell cycle,0.1442430625589576,0.10773723662894394,4.6755096991812906e-06,0.0006271539198621223,0.0006124917705927491,0.08215716350193802,3.0624588529637456e-05,0.0014165028189989314,3.848115836184811e-05,0.00226640451039829
Gemcitabine,Regulation of immune responses,-0.0005871564294935232,-0.007422728680909999,0.9852008170609239,0.8142303679862495,1.0,1.0,0.9927792848844695,0.8815221339355264,0.9896074660829216,0.8711245734943567
Gemcitabine,Regulation of beta catenin transcription,-0.07651801873136302,-0.14433492018322602,0.015146891954256114,4.653435690782359e-06,1.0,0.0006096000754924891,0.028346326371536442,1.7417145014071117e-05,0.0374975026017175,2.985796288126477e-05
Gemcitabine,MDM2-p53 pathway,0.16804505433480574,0.21322947316677016,9.586134752659348e-08,1.31161748129216e-11,1.2557836525983745e-05,1.7182189004927295e-09,8.371891017322497e-07,1.3217068465328688e-10,1.4216418708660843e-06,3.221660438423868e-10
Gemcitabine,RNA metabolism,0.026711602775046125,0.019738326303251875,0.3964354555674876,0.5306757127904622,1.0,1.0,0.47211858799400797,0.6262929583382933,0.5133414630577352,0.6329455390793677
Gemcitabine,Resolution of D-loop structures,0.038634082897177964,0.011832194829280464,0.22002419983982469,0.7068600788162631,1.0,1.0,0.29714608431976325,0.7982643993528489,0.3327299407125772,0.7841806943536807
Gemcitabine,NeST:195,-0.10499592687881035,-0.11769420570826727,0.0008596700136724866,0.00018816283294231795,0.11261677179109575,0.02464933111544365,0.002887609533105019,0.0004740255983739164,0.003482992941992652,0.0007951397134014081
Gemcitabine,Cohesin,-0.03032918331360853,-0.057653081250359214,0.33571809936793473,0.06739727858703604,1.0,1.0,0.40721362052962456,0.09920273589777213,0.4550536711695303,0.12262560409585722
Gemcitabine,Oncogene induced senescence,-0.049693042352370445,-0.2201776771900608,0.11471878960917836,2.814637412029697e-12,1.0,3.687175009758903e-10,0.17210813864670332,3.782292257170638e-11,0.20331221788684148,8.044745475837606e-11
Gemcitabine,Cytoplasm/extracellular space,-0.23289692671249057,-0.2357831379909901,1.4366285938649526e-13,7.327471962526033e-14,1.881983457963088e-11,9.598988270909103e-12,2.9794262295419165e-12,1.5998313784848506e-12,9.819044128503068e-12,3.113185385159709e-12
Gemcitabine,Extracellular matrix organization,0.042817517082846444,-0.00640645085321218,0.17406424038319201,0.83935319503608,1.0,1.0,0.24518726333546403,0.8894596749435354,0.28007060991031507,0.8888194753352905
Gemcitabine,MHC class I including non-classical MHCs,-0.04073954577481901,-0.02827041305291509,0.1959696431698641,0.3699503280224987,1.0,1.0,0.2702318237394968,0.4504837734872805,0.30714285051149187,0.4822238106561923
Gemcitabine,Endoplasmic Reticulum protein processing,0.04139670491986198,0.03495661862660852,0.18879283578881223,0.2670325205986266,1.0,1.0,0.26310490945036596,0.3396238854215542,0.2997801392525382,0.37817578592886575
Gemcitabine,Regulation of androgen receptor signaling pathway,0.03948728417191652,0.03591390358064548,0.21000662354318056,0.2541607575541449,1.0,1.0,0.2865715383766318,0.32965405187715824,0.32205906597580064,0.36357660633019684
Gemcitabine,RAS-RAF-MAPK,-0.03337247734681566,-0.06066473170041059,0.28947936052417544,0.054280762797312976,1.0,1.0,0.3646326560448748,0.08268348751683721,0.4066911448249833,0.10219084924236647
Gemcitabine,Structural constituent of muscle,0.07026630130100879,0.001242495055112194,0.02570924015392473,0.9680804907110787,1.0,1.0,0.04743535859386112,0.9820630730158837,0.05917265815808151,0.982017023686361
Gemcitabine,Beta-catenin,0.04956508231407053,-0.16998868972271713,0.11561462748786178,6.892598669594463e-08,1.0,9.029304257168747e-06,0.17210813864670332,3.6117217028674986e-07,0.20443891384805254,7.472527661105169e-07
Gemcitabine,Actin filament-based process,-0.1998333074243652,-0.1603679216144749,2.249151975775021e-10,3.606468998995638e-07,2.9463890882652777e-08,4.7244743886842855e-05,3.682986360331597e-09,1.687312281672959e-06,6.799359434458333e-09,3.2396395808120813e-06
Gemcitabine,MutS homologs,0.08410455219866528,0.08959032778543322,0.007588558549368685,0.004459234832024261,0.9941011699672977,0.5841597629951782,0.016568352832788295,0.008345139471359689,0.020965226783141604,0.012322383336622101
Gemcitabine,Beta-catenin destruction complex,0.0202796039873962,-0.017658424486084456,0.519684746063027,0.5756168827815547,1.0,1.0,0.5919887107326655,0.6732661753962826,0.6274534722051293,0.6722657798904932
Gemcitabine,Epithelial differentiation,-0.1828155798722733,-0.22128396295668076,6.510513461677192e-09,2.190470027585434e-12,8.528772634797122e-07,2.8695157361369183e-10,7.753429667997383e-08,3.586894670171148e-11,1.3121188668918649e-07,6.497016761064721e-11
Gemcitabine,Lymphocyte activation,0.0013837844824691357,0.0012348551859291833,0.9648923316507658,0.9682737828968573,1.0,1.0,0.9798519026841109,0.9820630730158837,0.9754409937974302,0.982017023686361
Gemcitabine,PI3-K/Akt,-0.09241555697866281,-0.21942734624588042,0.0033517597337378024,3.33422178755427e-12,0.4390805251196521,4.367830541696094e-10,0.00860942206116965,3.97075503790554e-11,0.010537932602871652,9.195432719360197e-11
Gemcitabine,MAPK signaling,0.07710756509024813,-0.20033124790604503,0.014375521684289794,2.059203918491903e-10,1.0,2.697557133224393e-08,0.027694019715322985,1.6859732082652457e-09,0.03609955285575648,3.900082602252135e-09
Gemcitabine,RNA processing 2,-0.035446898925423936,-0.04277159734945603,0.2605409393616078,0.1748585486612073,1.0,1.0,0.33461630447422186,0.23137848358200158,0.37437875381759367,0.27001732661632405
Gemcitabine,Contractile fiber,-0.06973713023383443,-0.1194635830565925,0.026856325420703264,0.00015031338102433622,1.0,0.019691052914188045,0.04886359208489066,0.0003938210582837609,0.06136358075776966,0.0006600352932130072
Gemcitabine,MutL alpha/beta complex,0.0890007679819537,0.08492478583834598,0.004724075569303432,0.007025242294208089,0.6188538995787496,0.9203067405412597,0.011251889083249993,0.012606941651250134,0.014038273714451786,0.018193872959629518
Gemcitabine,NeST:29,0.06137306684183401,0.012694623915173621,0.05138207715929921,0.6866206488435245,1.0,1.0,0.08520319123883793,0.7821504782478409,0.10449240012214536,0.7655089787106528
Gemcitabine,RBL-TP53 complex,-0.004961870445474996,-0.065083578299781,0.8749161432796022,0.03894004535832263,1.0,1.0,0.9243065707228055,0.061459589661930894,0.915081954248526,0.07738780190048442
Gemcitabine,Regulation of cellular homeostasis,-0.18082431411770886,-0.22890016489968407,9.474522055796797e-09,3.772537837676282e-13,1.2411623893093804e-06,4.942024567355929e-11,1.0343019910911504e-07,7.060035096222756e-12,1.7522292554955958e-07,1.4120070192445512e-11
Gemcitabine,Mismatch and excision repair,-0.047227374195356844,-0.09929873243589402,0.13385675616840675,0.0016292076981150316,1.0,0.21342620845306914,0.19483594508956983,0.0033347845070792054,0.22921875892890567,0.005112004992887884
Gemcitabine,Extracellular matrix,-0.035581472371526035,0.03114857606389267,0.2587353251874387,0.3226262918215874,1.0,1.0,0.33461630447422186,0.40251470693931385,0.3730385297126103,0.4375914846794956
Gemcitabine,Ubiquitin/Proteasome System,-0.09345565509244907,-0.14810090842016382,0.003012056876685154,2.609945761955501e-06,0.3945794508457552,0.00034190289481617064,0.00804200095461837,1.0055967494593254e-05,0.009589937459589314,1.8340085951156532e-05
Gemcitabine,Ribosome abundance control,0.050661356780676056,0.04605740695830874,0.10778053851676672,0.1436858424523193,1.0,1.0,0.16610882994936987,0.19607130584639407,0.19319385011215198,0.23024887292053614
Gemcitabine,Epigenetic modification,-0.06373546627290569,-0.06974409709128919,0.04306418692496328,0.02691696311334746,1.0,1.0,0.07326504528792453,0.04353237244257429,0.09026253579472301,0.057103193001595415
Gemcitabine,Spliceosomal complex,-0.030756924548159946,-0.004337599978318659,0.3289464935892785,0.8909781533273924,1.0,1.0,0.4027288846747242,0.9337451046871071,0.44732170235497043,0.9281760483967268
Gemcitabine,Interferon signaling,0.036090256514615976,-0.010090912106926394,0.25191340758456526,0.7492366738050986,1.0,1.0,0.3333399635714954,0.8388889253715207,0.3659961892078897,0.8219121083193405
Gemcitabine,Transmembrane tyrosine kinase signaling,-0.0831813486752172,-0.056624607668185764,0.00828170145298368,0.07243453370485886,1.0,1.0,0.01778529328427643,0.10427388917952209,0.02248503399670181,0.12910100565083688
Gemcitabine,Regulation of mRNA processing,0.07662274567249827,0.04586066877902236,0.015001180917080248,0.14540404871012957,1.0,1.0,0.028346326371536442,0.19637041629924715,0.03737219715000024,0.2324241074011113
Gemcitabine,Nucleus,-0.09101770941022487,-0.1394053354790385,0.003863262251342592,9.716142495674873e-06,0.5060873549258795,0.0012728146669334084,0.009732449133189991,3.2636273511113034e-05,0.011907937762961871,5.6779836443126025e-05
Gemcitabine,Actin filaments,0.0039062055623567474,0.06319336485538686,0.9012478183751027,0.044855611498131776,1.0,1.0,0.9412498510295539,0.06995339412208645,0.9333080174477348,0.08726859068695934
Gemcitabine,Transcription elongation,0.04917703800901751,0.02470483704182396,0.11849253633429013,0.43269668203294476,1.0,1.0,0.17441036246957312,0.5192045224431394,0.20787126778804238,0.5428564917444446
Gemcitabine,Type I interferon signaling pathway,0.03407092694271912,0.007480681900030448,0.2794240835849089,0.811894573840362,1.0,1.0,0.35538402863711716,0.8815221339355264,0.3969144222902557,0.86995426488915
Gemcitabine,Nuclear transport,0.10025202571197067,0.07032660791210085,0.0014604851891819592,0.025590053550865965,0.19132355978283666,1.0,0.00444938511122876,0.041903712689543016,0.005277891304354115,0.05473137983940313
Gemcitabine,Mediator/CCR-NOT complex,-0.17644162657557882,-0.18511989454644176,2.134188425984007e-08,4.250640506242576e-09,2.7957868380390494e-06,5.568339063177774e-07,1.996990598599321e-07,2.9307047700935653e-08,3.64667848439876e-07,6.42500661135897e-08
Gemcitabine,Apoptosis Regulation,-0.11370159385200349,-0.12915994381542076,0.00030716838180655515,4.1626413289863606e-05,0.040239058016658724,0.005453060140972132,0.0011177516115738534,0.00012393318502209393,0.0014269472510921614,0.00020642498956361386
Gemcitabine,Actin cytoskeleton,-0.02246502486469773,-0.0010230882921224303,0.4758299452198915,0.9745664083363732,1.0,1.0,0.5516258656973964,0.9820630730158837,0.5866703324593486,0.9864896290436437
Gemcitabine,NeST:49,-0.0653683508848239,-0.0904283419988608,0.03799393871301682,0.004116058664055844,1.0,0.5392036849913155,0.06548955225533162,0.007814546159294429,0.08126050565559516,0.011492796127701219
Gemcitabine,Cell motility,0.0850121257114314,0.07721618119620259,0.00696197999330872,0.01424538787977414,0.9120193791234423,1.0,0.015724472053852454,0.024235659899356006,0.019613319981149298,0.03387859265810129
Gemcitabine,Checkpoint-regulated DNA repair,-0.11565781378995618,-0.1285790333953401,0.0002413432160053297,4.5069248668427875e-05,0.03161596129669819,0.005904071575564052,0.0009580594332332785,0.00012834938207747937,0.001178234582485647,0.00022140268408365194
Gemcitabine,ECM-cytoskeleton assembly,0.11401768042948865,0.19412289629076174,0.0002952978298857989,7.228204701448249e-10,0.038684015715039655,9.468948158897206e-08,0.0011052575918582758,5.56996950523365e-09,0.0013856960853148533,1.3060618150203043e-08
Gemcitabine,INSR-FOXO,-0.12953733284313923,-0.1508576746107288,3.924885612405227e-05,1.6943444411943176e-06,0.005141600152250847,0.0002219591217964556,0.00019775385200964795,6.936222556139238e-06,0.0002400747152801952,1.2331062322025312e-05
Gemcitabine,Integrator-PP2A complex,-0.05032511191230172,-0.13681205547993563,0.11017711276705877,1.4177175778673501e-05,1.0,0.0018572100270062286,0.16782792758703138,4.643025067515572e-05,0.1968182150296792,7.903021391515867e-05
Gemcitabine,Cell-extracellular matrix interactions,-0.026802862171467292,0.12317727206672247,0.39492326186805915,9.2458576358867e-05,1.0,0.012112073503011578,0.47211858799400797,0.0002523348646460745,0.5122272010367895,0.0004262313256191758
Gemcitabine,Histone deacetylase binding,-0.06288688096709845,-0.16218079014470893,0.045917598709703356,2.6586218671020845e-07,1.0,3.482794645903731e-05,0.07711801834578384,1.2899239429273077e-06,0.09497692785743904,2.401927342002573e-06
Gemcitabine,Histone acetyltransferase complex,-0.06948885770966975,-0.10600535772110413,0.027403698967874757,0.000769723075915163,1.0,0.10083372294488635,0.04917650088755607,0.0017090461516082432,0.062340045904036405,0.002677001494112027
Gemcitabine,Cyclin D associated events in G1,-0.09574335355519965,-0.1427370076665036,0.002372672160412481,5.9228319502224736e-06,0.31082005301403504,0.000775890985479144,0.006731653147507096,2.097002663457146e-05,0.00788549817371759,3.6512516963724425e-05
Gemcitabine,Chromosome centrometric region,-0.014993025138934002,-0.030782761838409525,0.6341888142248309,0.3289183173641854,1.0,1.0,0.704057073419092,0.40649339221422914,0.7303625025358491,0.4434473369609772
Gemcitabine,Transcription,0.08054551343131687,0.08512624942233711,0.010561799119847004,0.006891573711450549,1.0,0.902796156200022,0.022316059430644478,0.012538835502778083,0.027857631235569613,0.017877151607921225
Gemcitabine,Nuclear receptor signaling,-0.13439885288708922,-0.20094792786655136,1.9884985092977203e-05,1.8126411482910498e-10,0.0026049330471800136,2.3745599042612753e-08,0.0001085388769658339,1.5830399361741835e-09,0.0001307916174316325,3.474965713553086e-09
Gemcitabine,Culin-RIng uniqutin ligase complex,-0.015217814533031716,-0.06077244918318818,0.6291135287210303,0.05385417482367649,1.0,1.0,0.704057073419092,0.08268348751683721,0.7269568136847547,0.10163116785452514
Gemcitabine,Actin and actin-associated proteins,-0.128324536716771,-0.17852068301832308,4.633985214419489e-05,1.4727474129117013e-08,0.006070520630889531,1.9292991109143287e-06,0.00021680430824605468,9.187138623401566e-08,0.0002748915002666957,1.8976712566370446e-07
Gemcitabine,Mitosis,-0.015968073230449367,-0.05061277825361469,0.6123017151297676,0.10836316832158466,1.0,1.0,0.6914786610517204,0.1510167558524212,0.7108850045672044,0.18064358494329913
Gemcitabine,PcG protein complex,-0.07992973738194595,-0.10334458052912752,0.01117599955222004,0.00104168257872006,1.0,0.13646041781232787,0.022875874083450393,0.0021940243116786045,0.029183839362275588,0.0034546941218310855
Gemcitabine,Protein nuclear transport,-0.07881481932320845,-0.1315509541892884,0.012357911618093853,2.991140312080809e-05,1.0,0.00391839380882586,0.02452858215106507,9.329509068633e-05,0.0317948233447521,0.00015217063335246057
Gemcitabine,Metabolism,0.05323025920634765,0.046344859956758806,0.09106716939185677,0.141203434044314,1.0,1.0,0.1437325203654607,0.19471210378742249,0.16842069445176333,0.22696502895466425
Gemcitabine,Regulation of nuclear protein ubiquitiation,-0.08924781013883312,-0.14860142498746548,0.004612294437348785,2.4143691645939214e-06,0.6042105712926908,0.0003162823605618037,0.011189084653568349,9.584313956418294e-06,0.013784271588426407,1.7164336364720304e-05
Gemcitabine,EGFR-MAPK signaling,-0.10994959713820388,-0.173726816968827,0.00048288054937528635,3.536179993268718e-08,0.06325735196816251,4.63239579118202e-06,0.0016646671570569082,2.0140851266008783e-07,0.002102737461545568,4.2112689010745635e-07
Gemcitabine,Ubiquitin regulation of mitophagy,-0.12297196366192552,-0.14055277607613514,9.48308408736942e-05,8.203248853089207e-06,0.01242284015445394,0.001074625599754686,0.0004007367791759336,2.827962104617595e-05,0.0005230669538717448,4.884661817066755e-05
Gemcitabine,NeST:78,-0.054630548796478905,-0.08794276780077838,0.0829062861424601,0.0052667581955121445,1.0,0.6899453236120909,0.13408300598348485,0.00971753976918438,0.15515319263803248,0.014176958704358034
Gemcitabine,Homologous recombination (HR) and Fanconi Anemia repair,0.023121482574662514,-0.004048967122395377,0.462923058516322,0.8982226251692087,1.0,1.0,0.5414546488003409,0.9338663801362407,0.5754729644180353,0.9332491518612004
Gemcitabine,Immune system,0.01401650509290321,-0.008415397677386314,0.6563054435208466,0.7898740697418278,1.0,1.0,0.712216218727319,0.8695252364384828,0.74653556961995,0.8557422726630968
Gemcitabine,NeST:80,-0.1350481772514949,-0.11750055721981656,1.8127346451457527e-05,0.00019281010052840664,0.002374682385140936,0.02525812316922127,0.00010324706022351896,0.00047656836168342016,0.00012022674533555204,0.00080397209026699
Gemcitabine,TGF-beta/Smad signaling,-0.09005685679768478,-0.09454415213572893,0.004254940649288663,0.002702089657853568,0.5573972250568149,0.3539737451788174,0.010516928774656884,0.005205496252629668,0.012863012885926497,0.008014499890841149
Gemcitabine,Extended PRC1 complex,0.09828889548108033,0.09479609259241088,0.0018078575160198618,0.0026218853847852497,0.2368293345986019,0.3434669854068677,0.005262874102191153,0.005126372916520414,0.006302852089962941,0.007835748716506488
Gemcitabine,TNFR/Traf signaling,-0.09327260460343557,-0.18958904279214556,0.003069466013213118,1.788246883904776e-09,0.40210004773091845,2.3426034179152566e-07,0.00804200095461837,1.3014463432862536e-08,0.009728226961231897,3.022714087632589e-08
Gemcitabine,Lymphoid JAK/STAT signaling,0.036149058884535186,0.028148548962216056,0.25114164784359927,0.3713912025696664,1.0,1.0,0.3333399635714954,0.4504837734872805,0.3652124610639575,0.4829007199665141
Gemcitabine,Positive regulators of transcription,-0.07861369064618823,-0.1046454142794996,0.012582537244330894,0.0008992027601506525,1.0,0.11779556157973547,0.02460167729861712,0.001963259359662258,0.03226712650585345,0.003039885460122206
Gemcitabine,RTK-JAK-STAT signaling,0.003744062679332478,-0.01724107034800889,0.9053242841963649,0.5846852395482847,1.0,1.0,0.9412498510295539,0.6776200913345058,0.9346650362050087,0.679826328823893
Gemcitabine,Nucleolus,0.043144627372053775,0.008949803022210759,0.1707982170974287,0.7759470195632447,1.0,1.0,0.24320180912786044,0.8614327081591954,0.27622921530571803,0.8453144246385451
Gemcitabine,Mediator complex,0.4166920668414816,0.37546777260198055,0.0,0.0,0.0,0.0,0.0,0.0,0.0,0.0
Gemcitabine,G1/S phase,-0.1484987390871642,-0.2169759879145213,2.431921895862388e-06,5.775824263309914e-12,0.0003185817683579728,7.566329784935988e-10,1.6767461492524883e-05,6.30527482077999e-11,2.2356615323366513e-05,1.4884583183480633e-10
Gemcitabine,Polybromo- and BAF containing complex,0.08446823269226249,0.0725894577281599,0.007331647618512349,0.021212102179181125,0.9604458380251177,1.0,0.016278743017374878,0.03562545365990676,0.020435017830321655,0.04762772065276331
Gemcitabine,Nuclear pore,-0.36008980913144634,-0.4250332930079076,0.0,0.0,0.0,0.0,0.0,0.0,0.0,0.0
Gemcitabine,p53 regulation,-0.08527559412223111,-0.11197877751813126,0.006792650112799281,0.00038083067655225733,0.8898371647767058,0.04988881862834571,0.015611178329415892,0.0008908717612204591,0.019274451222600124,0.0014495540521553233
Gemcitabine,Cell projection morphogenesis,0.15570071805778235,0.02452917845940052,7.71077320660396e-07,0.43597326312019336,0.00010101112900651188,1.0,5.94183111803011e-06,0.5192045224431394,8.135124483745924e-06,0.5447209694922763
Gemcitabine,Histone methyltransferase complex,-0.013614943678662849,-0.017012271452262032,0.6656727476976783,0.5896846596346081,1.0,1.0,0.7147797536753758,0.6776200913345058,0.7532335762152337,0.6831129586924127
CD437,Cell,0.4784104993730018,0.47779655937835824,0.0,0.0,0.0,0.0,0.0,0.0,0.0,0.0
CD437,Signaling pathways,-0.11725564621440113,0.13783979289192216,0.001028809871521652,0.00011525379929144819,0.13477409316933642,0.015098247707179713,0.0026426292778301257,0.00037745619267949283,0.004031284964176669,0.0005176542071033044
CD437,Chromatin binding,0.035715888146416776,0.01627833075175906,0.3175011260830394,0.6490331360555515,1.0,1.0,0.40381211181435106,0.7205367866379427,0.43666821540029566,0.7329598346834245
CD437,CDK holoenzyme complex II,0.16096325646157122,0.26505038783150736,6.616791351055085e-06,1.2168044349891716e-13,0.0008667996669882161,1.5940138098358148e-11,2.626665657540049e-05,1.4491034634871043e-12,5.268866695839699e-05,4.904657876417891e-12
CD437,MAPK and MAP2K activation,0.11149205405077184,0.14332517516171636,0.001803549030483964,6.085484115470052e-05,0.2362649229933993,0.007971984191265769,0.004543556211411525,0.00020978905766488865,0.006302852089962941,0.0002903508314021944
CD437,Ubiquitin regulation of p53 activity,-0.22681811927677858,-0.2085236603514844,2.1600077282357688e-10,5.406967762411341e-09,2.829610123988857e-08,7.083127768758857e-07,3.1440112488765077e-09,3.5415638843794285e-08,6.791064297573257e-09,7.797938827991402e-08
CD437,HDACs deacetylate histones,0.01872767311533041,0.17254495759503782,0.6002403358390773,1.386415415138842e-06,1.0,0.0001816204193831883,0.6819031362146871,6.262773082178907e-06,0.7007825752095537,1.0683554081364018e-05
CD437,EMT,-0.12531901498702228,0.07489159372603031,0.0004510728303515066,0.03617828595232364,0.05909054077604736,1.0,0.0013685813448957836,0.0686863110109333,0.0019806885176328723,0.07281980219853107
CD437,Metabolic pathways,0.1251528612329049,0.10845023184554611,0.00045967617691156093,0.0024150917095073776,0.06021757917541448,0.31637701394546647,0.0013685813448957836,0.006731425828626946,0.0020128438721587014,0.007245275128522133
CD437,CDK holoenzyme complex I,0.23242423648300198,0.31142232504418116,7.714495708910363e-11,0.0,1.0105989378672575e-08,0.0,1.263248672334072e-09,0.0,2.756178921456157e-09,0.0
CD437,Transcription factor (TF) binding,-0.2804642947130698,-0.24069891534189403,4.218847493575595e-15,1.6472379016363448e-11,5.526690216584029e-13,2.1578816511436116e-09,1.8422300721946763e-13,1.3486760319647573e-10,3.901193094059315e-13,3.9837815098035906e-10
CD437,Regulation of TP53 Activity,-0.09422047442303252,-0.0546199677906851,0.00834694976713557,0.12641263274572845,1.0,1.0,0.01708516280460562,0.1881824419283003,0.022623112127477786,0.20635582417059722
CD437,Regulation of E2F transcription via DREAM complex,0.07524705064882875,0.0722013320327888,0.0351867755119748,0.04341939159962127,1.0,1.0,0.06145956789424931,0.07791699040479981,0.07618954697634213,0.08497460545792988
CD437,Protein Transport,-0.040677332352334124,0.06666928793202505,0.2547574033264923,0.062197656321226535,1.0,1.0,0.3405430595486785,0.10184866222600845,0.36876486006376236,0.11462452020746555
CD437,Extended cohesin complex,0.03937035617753193,-0.0025211280603066335,0.27050264928401635,0.9435226139599178,1.0,1.0,0.35084997085352615,0.9507804802211479,0.3858712928080524,0.9656364252246034
CD437,PML body,0.03392577094659357,-0.04311684658304417,0.34236869872293596,0.2275932161306662,1.0,1.0,0.423116033327402,0.30736815786718835,0.4607907486236775,0.3321973405361256
CD437,Extended mismatch repair complex,-0.2428422921878922,-0.28139842605005244,1.0602629885170245e-11,3.552713678800501e-15,1.388944514957302e-09,4.654054919228656e-13,2.4059039945475053e-10,5.81756864903582e-14,4.902157111614008e-10,1.8015696461530283e-13
CD437,Regulation of beta catenin transcriptional activity,-0.0592557197321165,0.055591952831115427,0.09712890799863105,0.11995189090007963,1.0,1.0,0.15329984274482733,0.18061721503345324,0.1773364034539466,0.19683128652914947
CD437,Fas,-0.15334792618420676,0.09525748598656655,1.763870837878656e-05,0.007705916656811196,0.0023106707976210394,1.0,6.418529993391776e-05,0.019416814956568242,0.00011900450459850847,0.01982993867904842
CD437,BAF (SWI/SNF) complex,0.05486693542610114,0.04922917433614181,0.12461157368045517,0.16852297456692478,1.0,1.0,0.18981530409464684,0.24259900734359502,0.21645236886814972,0.26229516437545125
CD437,Ribosome biogenesis,0.049520104249100465,0.036143445563181754,0.16573843292668933,0.31207944585376124,1.0,1.0,0.23859049135600333,0.40080791575336006,0.2702705565982942,0.42808803567374576
CD437,Homologous recombination,0.03369706735577759,0.06001148064613116,0.3456331715398617,0.09322615529943179,1.0,1.0,0.42315836889459707,0.14538840885982815,0.46358021466139854,0.15999073813395936
CD437,Cell Proliferation,-0.15680602866462423,-0.005288688140204786,1.1352717465218376e-05,0.8821291976433179,0.0014872059879436073,1.0,4.374135258657668e-05,0.9171343245339257,8.068109384272624e-05,0.9207882461456146
CD437,Histone methyltransferase subcomplex,0.2910030458040357,0.2920219928298056,4.440892098500626e-16,2.220446049250313e-16,5.81756864903582e-14,2.90878432451791e-14,2.90878432451791e-14,4.847973874196517e-15,4.986487413459275e-14,1.5176266040963008e-14
CD437,RPA complex associated proteins,-0.24045033963603005,-0.19435662240780008,1.68365321684405e-11,5.394596502839022e-08,2.2055857140657054e-09,7.066921418719119e-06,3.150836734379579e-10,3.072574529877878e-07,7.153250964537422e-10,6.057361216044959e-07
CD437,mTOR regulation of autophagy/ribosome biogenesis,-0.15432177078608225,-0.0878560166226261,1.559445389420766e-05,0.013961938212347924,0.0020428734601412035,1.0,5.836781314689153e-05,0.032660962603885325,0.0001075180515215302,0.03335587670184033
CD437,PIK3/AKT signaling,-0.1304797546167041,-0.046901962029524215,0.0002594872417469585,0.1893591337885452,0.03399282866885156,1.0,0.0008290933821671113,0.26447259974859066,0.0012398600122377468,0.28746971138258676
CD437,Locomotion,0.14863450241708387,0.14292556036368942,3.1749876220343864e-05,6.380137949713038e-05,0.004159233784865046,0.00835798071412408,0.00011241172391527152,0.00021430719779805333,0.00019964322167352223,0.00030209568846231613
CD437,Regulation of adherens junction stability,-0.019807325150766313,-0.06260856751899962,0.5791302252952539,0.07979133972952668,1.0,1.0,0.6654917501199847,0.12747153054351212,0.6800261653279149,0.13983499002766547
CD437,mTOR regulation of mRNA translation,-0.14765938068655715,-0.03339067041218199,3.570946106301598e-05,0.3500592000278573,0.004677939399255093,1.0,0.00012310366840144983,0.4326203321098991,0.0002227590190121473,0.46165525372801314
CD437,SMAD-TGFbeta signaling,-0.18264020620745125,-0.16869142464201123,3.1735445071845447e-07,2.3612528714522796e-06,4.1573433044117536e-05,0.0003093241261602486,1.9796872878151206e-06,1.031080420534162e-05,3.8672960971272124e-06,1.6884717846651658e-05
CD437,Cellular response to DNA damage,-0.03518206229643594,0.05151796071178021,0.32460403135250315,0.14958517732106547,1.0,1.0,0.40498217244931345,0.21772953587843974,0.44331878980820905,0.2372834497968869
CD437,G1 to S cell cycle control,-0.10783567028044944,-0.01577489896138355,0.0025374958939188286,0.6587487485307206,0.33241196210336654,1.0,0.005935927894702974,0.7251771937607093,0.008327648319917325,0.7423319230754788
CD437,EGFR/PI3K signaling,-0.18880210106352016,0.0473730207792749,1.2547973837762072e-07,0.18515919516886403,1.6437845727468314e-05,1.0,9.132136515260175e-07,0.26365059312088246,1.8096710892625667e-06,0.2820448205479208
CD437,H3 acetylation and H3K4 methylation crosstalk,0.06201292367668839,-0.011771606585941617,0.08260993206836797,0.7416704775936198,1.0,1.0,0.13527376376195255,0.8010084865612529,0.15496755753159241,0.8165832574540999
CD437,Histone modifications in DNA damage response,-0.0611340189105818,0.03420528030339865,0.08698623913977799,0.33874663742074507,1.0,1.0,0.14068144848531994,0.42804471364695734,0.16182528748843905,0.4528143826746694
CD437,NeST:16,0.09772563150487304,0.08634812752348472,0.006229589830850646,0.01571641697063253,0.8160762678414346,1.0,0.013258974853799028,0.036120186371102835,0.0179029528594099,0.0368749365340811
CD437,NeST:163,0.004330631737922076,0.06882699450179255,0.9036606081436025,0.05419811271367525,1.0,1.0,0.9106118435908609,0.09220717877261633,0.9346650362050087,0.10215759374807852
CD437,Transcription coactivator activity,-0.08570876289331274,-0.0742656653267618,0.01642038587970651,0.03770692099463857,1.0,1.0,0.029875979864466013,0.06957192465207962,0.04020692617273931,0.07512709734293008
CD437,Foxo signaling,-0.16930387347216594,-0.10550485570802444,2.142315284503482e-06,0.003157235496815902,0.00028064330226995615,0.4135978500828832,1.0394196380368746e-05,0.008616621876726733,2.0165985791853137e-05,0.009143816674871085
CD437,Neg Regulation EGFR,-0.10834738678872216,0.021124512915974968,0.0024200852497202607,0.5547304899965075,0.31703116771335416,1.0,0.005764203049333712,0.6430946388455087,0.007975626860713313,0.6537003975071288
CD437,RNA processing 1,0.03186636304369932,0.09495856250800024,0.3724752682790813,0.00789967957111748,1.0,1.0,0.4476537627941252,0.01952562309087528,0.48998420228846506,0.020258232113860814
CD437,Phosphatase 2A catalytic subunit,0.18537595387150402,0.11503389122459895,2.113789394631027e-07,0.0012910067764524413,2.7690641069666455e-05,0.16912188771526981,1.4574021615613924e-06,0.004015156983535942,2.864549076172392e-06,0.004184459077491212
CD437,Wnt/beta-catenin,-0.035365651188995505,-8.26318761082495e-05,0.3220861445480119,0.9979081306722428,1.0,1.0,0.40498217244931345,0.9979081306722428,0.4410447902695772,0.9986043119486842
CD437,p53 regulation of cell cycle,-0.2015205093068852,-0.12079949254948734,1.6871758212744226e-08,0.0007251364328546561,2.2102003258694936e-06,0.09499287270395995,1.5787145184782097e-07,0.0023168993342429257,2.914549880267464e-07,0.0025444519474274985
CD437,Regulation of immune responses,-0.01853042147855628,0.03412924707005377,0.6038226244343794,0.33982175739911114,1.0,1.0,0.6819031362146871,0.42804471364695734,0.7032072703148581,0.45348030783650484
CD437,Regulation of beta catenin transcription,0.05665321726510072,0.07973435253422612,0.11280623532191747,0.025720706681936933,1.0,1.0,0.17592400984727605,0.051051705686874824,0.20105601125402978,0.054936074597832694
CD437,MDM2-p53 pathway,-0.09349760897049858,-0.024769270765631093,0.008858467944657944,0.4881368629718472,1.0,1.0,0.01758271667803319,0.5920919356417776,0.02389110168516993,0.5948458516215068
CD437,RNA metabolism,0.09387941275533093,0.09777231308724199,0.008594451379652535,0.006237127119098185,1.0,0.8170636526018622,0.0173211250882228,0.016341273052037242,0.023253834025497046,0.016506336416199235
CD437,Resolution of D-loop structures,0.1657409030394128,0.1648227842700264,3.4942614148825157e-06,4.009180505804011e-06,0.00045774824534960956,0.0005252026462603254,1.514395792249105e-05,1.641258269563517e-05,3.001073446044476e-05,2.6260132313016273e-05
CD437,NeST:195,0.10743509843454804,0.0706423406626228,0.0026362918153965964,0.048150540200724734,0.34535422781695413,1.0,0.006058846102051827,0.0841029435505992,0.008544846873821545,0.09264706143884856
CD437,Cohesin,0.053558369654352685,0.17270086913551827,0.1338552289797128,1.3563791696480365e-06,1.0,0.00017768567122389278,0.20155212639474,6.262773082178907e-06,0.22921875892890567,1.0503586476289229e-05
CD437,Oncogene induced senescence,0.017201332641083356,0.11408472855763592,0.6302833532861789,0.0014157683930886567,1.0,0.18546565949461402,0.7057018741922174,0.004127578992973172,0.7269568136847547,0.0045580626916268165
CD437,Cytoplasm/extracellular space,-0.07840977817156904,0.16270457032912838,0.028155374429277735,5.3228093364054985e-06,1.0,0.0006972880230691203,0.04984262230047815,2.1129940093003647e-05,0.063410098284849,3.320419157472001e-05
CD437,Extracellular matrix organization,0.01354115278887488,0.02413694217902068,0.7047854301309961,0.49969821069971143,1.0,1.0,0.7630321598938884,0.6005547302904788,0.787391354128664,0.6051815001694502
CD437,MHC class I including non-classical MHCs,-0.10116732922320655,-0.022130086536486526,0.004623369620356144,0.535627035789799,0.6056614202666548,1.0,0.010265447801129743,0.6265336825709513,0.013791151884629711,0.6350386646872992
CD437,Endoplasmic Reticulum protein processing,0.01582783193517007,-0.0037289525622083326,0.657852789402747,0.916666078533414,1.0,1.0,0.7181559617646656,0.9429609944034887,0.7466747905712047,0.9484419381106856
CD437,Regulation of androgen receptor signaling pathway,-0.12623254833309994,-0.0952329519350892,0.0004096031733198391,0.007707437998027089,0.05365801570489892,1.0,0.0012775718024975932,0.019416814956568242,0.001824068522546139,0.01982993867904842
CD437,RAS-RAF-MAPK,0.0162059390699469,-0.05899077479973367,0.6502146576471135,0.09880316799159461,1.0,1.0,0.7181559617646656,0.1505025000802197,0.742832443184057,0.16827581807452516
CD437,Structural constituent of muscle,0.04021277870223382,0.040195533165373894,0.26038243075963874,0.2609142632771422,1.0,1.0,0.3445464487829563,0.34179768489305623,0.37437875381759367,0.37118300621870365
CD437,Beta-catenin,-0.17388655409968523,-0.07265075914160092,1.128491988744429e-06,0.042068028770011257,0.0001478324505255202,1.0,6.159685438563341e-06,0.07654044123432605,1.1371726963501552e-05,0.08256047593814943
CD437,Actin filament-based process,-0.05035141198608477,0.06542425303860057,0.15863521334735298,0.06724216942625794,1.0,1.0,0.23090236609448042,0.10874968141777519,0.2611251888817161,0.12248515682280124
CD437,MutS homologs,0.02253136541501763,0.04146520133798645,0.528346754462476,0.24614893623942802,1.0,1.0,0.6179770074516461,0.32903582293229666,0.6349855489411409,0.35564901449299713
CD437,Beta-catenin destruction complex,0.11749041994407776,0.08327479725298005,0.0010064358482013702,0.019835066326931328,0.1318430961143795,1.0,0.00263686192228759,0.04259661784963941,0.003964378878557871,0.04505885009528331
CD437,Epithelial differentiation,-0.1621196029007683,-0.0835005402948849,5.668143962411776e-06,0.019470985938097263,0.0007425268590759426,1.0,2.3203964346123207e-05,0.04251165263151235,4.5929496437687176e-05,0.04429578855960767
CD437,Lymphocyte activation,-0.0074020662559859274,0.0535005799859692,0.8357013015892252,0.13453236213003206,1.0,1.0,0.8552880508452226,0.19801954425881124,0.8822850544649175,0.21780110532277072
CD437,PI3-K/Akt,-0.13193452018816065,0.023259347498419798,0.0002212466001976221,0.5154258884854146,0.028983304625888495,1.0,0.0007245826156472123,0.6138253762871756,0.001100631821236272,0.6204054339196567
CD437,MAPK signaling,-0.19409117993837624,-0.07986585405786761,5.5294859357957193e-08,0.02543692622303384,7.243626575892392e-06,1.0,4.260956809348466e-07,0.051051705686874824,8.606289001060268e-07,0.054477994581211435
CD437,RNA processing 2,0.02448353428677713,0.022150328989474916,0.4932310973330345,0.5356623850988287,1.0,1.0,0.5873933977329774,0.6265336825709513,0.6033924396945761,0.6350386646872992
CD437,Contractile fiber,0.09763975704950327,0.2707626294549521,0.006275240007141525,3.597122599785507e-14,0.8220564409355398,4.7122306057190144e-12,0.013258974853799028,4.712230605719014e-13,0.018001235932895033,1.615621921960805e-12
CD437,MutL alpha/beta complex,0.03995795000262339,0.011590243137659596,0.26341571803609787,0.7459773691639149,1.0,1.0,0.3450745906272882,0.8010084865612529,0.3778188948473959,0.8194803803813236
CD437,NeST:29,0.07285898463027701,0.03375334769489067,0.04141478592642467,0.34516912184240556,1.0,1.0,0.07045892151119001,0.43063957106052503,0.08738797782059005,0.4571237232824444
CD437,RBL-TP53 complex,0.0862020954405159,0.18421510384676065,0.015827591243074757,2.5574938389283375e-07,1.0,3.350316928996122e-05,0.02920302046257455,1.2885834342292777e-06,0.0389457640298626,2.3239192571071367e-06
CD437,Regulation of cellular homeostasis,0.11990503606295488,0.21450582615503536,0.0007898889109947405,1.9625228109276804e-09,0.103475447340311,2.5709048823152614e-07,0.0022016052625598087,1.353107832797506e-08,0.0032168532851910153,3.2474587987140146e-08
CD437,Mismatch and excision repair,0.10425032799879265,0.09932641749265467,0.0035218109651657947,0.005460607494753189,0.4613572364367191,0.7153395818126678,0.007954435110977915,0.01459876697576873,0.011050472729023212,0.01467363244743934
CD437,Extracellular matrix,0.08817620759442811,0.4141817138100521,0.013582158964733138,0.0,1.0,0.0,0.025418040348286302,0.0,0.03432661397517764,0.0
CD437,Ubiquitin/Proteasome System,-0.1213153397488983,0.0028083674759347994,0.0006833579370677523,0.9376218955724369,0.08951988975587555,1.0,0.001946084559910338,0.9507804802211479,0.0028494394617254817,0.9608485135853134
CD437,Ribosome abundance control,0.09434756114590609,0.06903673707534261,0.008269023095344386,0.053468493241278114,1.0,1.0,0.01708516280460562,0.09216279756062412,0.02248503399670181,0.10126803780155326
CD437,Epigenetic modification,0.1986988222612991,0.151439223523318,2.6671712838322037e-08,2.270546461580203e-05,3.493994381820187e-06,0.002974415864670066,2.3293295878801245e-07,8.038961796405583e-05,4.460418359770451e-07,0.00011977513549006976
CD437,Spliceosomal complex,0.004642686896962385,0.008912012804343792,0.8967454096406142,0.8033455421004525,1.0,1.0,0.9106118435908609,0.8419061281212743,0.9310989325991054,0.8661585680260023
CD437,Interferon signaling,0.04827366769505867,0.04688015674009186,0.17665179740433912,0.1897742318806681,1.0,1.0,0.24652125168280348,0.26447259974859066,0.2830750514980847,0.2876808992443686
CD437,Transmembrane tyrosine kinase signaling,-0.03234464790482979,0.1148219408344852,0.3651407093551846,0.0013179522923056908,1.0,0.1726517502920455,0.44290215671786276,0.004015156983535942,0.4823539454675212,0.004263006180050506
CD437,Regulation of mRNA processing,0.04443674141516402,0.003539452441646664,0.21359927572629678,0.9213664678140958,1.0,1.0,0.2945421591594198,0.9429609944034887,0.3250513663521186,0.9496623968585151
CD437,Nucleus,-0.04313643963962182,-0.013302218830839575,0.22715969312893503,0.709547666093546,1.0,1.0,0.3067826783493865,0.7745895354854544,0.33976692445165163,0.7866071446396716
CD437,Actin filaments,0.015846425256591048,0.25636496150460963,0.6574763415911531,7.391864897954292e-13,1.0,9.683343016320123e-11,0.7181559617646656,7.448725397169325e-12,0.7466747905712047,2.526089482518293e-11
CD437,Transcription elongation,-0.04341289831211773,0.07709938548278747,0.22419577815461267,0.03103022172436498,1.0,1.0,0.30593382227348187,0.0606710305356987,0.3366148646218253,0.0645231594586002
CD437,Type I interferon signaling pathway,0.1773677444930938,0.2557102322623025,6.874783791133154e-07,8.451017663446692e-13,9.005966766384432e-05,1.1070833139115166e-10,4.093621257447469e-06,7.907737956510834e-12,7.557454629133789e-06,2.826595695093234e-11
CD437,Nuclear transport,-0.020983634082368162,0.039527631444467706,0.5568115097719419,0.2689226082619913,1.0,1.0,0.645507148496676,0.3488006107160481,0.660994988245646,0.3798260019657236
CD437,Mediator/CCR-NOT complex,-0.1702042630154533,-0.15861966316161316,1.891174628232406e-06,9.080607599187829e-06,0.0002477438762984452,0.0011895595954936056,9.909755051937807e-06,3.498704692628252e-05,1.8127600704764283e-05,5.346335260645418e-05
CD437,Apoptosis Regulation,-0.1235094712424557,0.15767082298471,0.0005450285782446773,1.0298141682962836e-05,0.07139874375005273,0.0013490565604681315,0.0015866387500011717,3.747379334633699e-05,0.0023345638283395987,5.973682186574752e-05
CD437,Actin cytoskeleton,-0.012416997182571662,0.1874068127761631,0.7280068245047246,1.5821371746049806e-07,1.0,2.0725996987325246e-05,0.7753568618708857,8.290398794930099e-07,0.804800793334337,1.4982648424572467e-06
CD437,NeST:49,0.05138134379566759,0.08532357660329655,0.15039733175437164,0.016997048524786562,1.0,1.0,0.22137135348115378,0.037739209436390496,0.2515155377849705,0.03929317688377129
CD437,Cell motility,0.08553976866934272,0.07447131475724436,0.016650917159738876,0.037236651321101766,1.0,1.0,0.029880412985284835,0.06957192465207962,0.040581770193968233,0.07447330264220353
CD437,Checkpoint-regulated DNA repair,0.007755585166279536,0.08571163137302376,0.8282760151562782,0.016501609506395454,1.0,1.0,0.8543634487045074,0.03727087664375525,0.8785761780200199,0.03831688352149727
CD437,ECM-cytoskeleton assembly,0.26087210581549497,0.35936523537309123,2.8266278206956486e-13,0.0,3.7028824451112996e-11,0.0,9.257206112778249e-12,0.0,1.777383573653424e-11,0.0
CD437,INSR-FOXO,-0.11789855685933964,0.019498344385646512,0.0009650432077956683,0.5856218183071396,0.12642066022123255,1.0,0.0026337637546090115,0.6613487775709939,0.0038601728311826733,0.6799095261291163
CD437,Integrator-PP2A complex,-0.09042941158560708,-0.08923165999029553,0.011354979410146182,0.012534531687305783,1.0,1.0,0.02187503386366397,0.030407845389575142,0.029553025882036094,0.03040124702542354
CD437,Cell-extracellular matrix interactions,-0.023061130058428015,0.2522471355440606,0.518448121060574,1.7041923427996153e-12,1.0,2.232491969067496e-10,0.6118621969273441,1.4883279793783306e-11,0.6274060402672997,5.457112095541561e-11
CD437,Histone deacetylase binding,-0.2223529513549331,-0.23707707909341594,4.830409405798264e-10,3.2899682977927114e-11,6.327836321595726e-08,4.309858470108452e-09,5.7525784741779325e-09,2.5352108647696774e-10,1.2465569472827483e-08,7.719149498701705e-10
CD437,Histone acetyltransferase complex,-0.051546669745019,-0.04451107033954731,0.14898233088251156,0.21291576551076252,1.0,1.0,0.22137135348115378,0.2935996345464199,0.24994687742508878,0.31635499374566983
CD437,Cyclin D associated events in G1,-0.16936559625547057,-0.08884529209165068,2.124123253954835e-06,0.012921776019082287,0.0002782601462680834,1.0,1.0394196380368746e-05,0.030777321063632356,2.0115191296487954e-05,0.031059681807335406
CD437,Chromosome centrometric region,0.19671102930417309,0.1956570015568828,3.6636089717489995e-08,4.411109855162465e-08,4.799327752991189e-06,5.778553910262829e-06,2.9995798456194933e-07,2.626615413755831e-07,6.062308740620449e-07,5.06150707468277e-07
CD437,Transcription,0.22336906081264993,0.2714323916954344,4.037186140948279e-10,3.108624468950438e-14,5.2887138446422455e-08,4.072298054325074e-12,5.288713844642245e-09,4.524775615916749e-13,1.078787251619757e-08,1.4372816662323791e-12
CD437,Nuclear receptor signaling,-0.03732299696229408,0.07663073300502192,0.29603590971414206,0.032067073470750884,1.0,1.0,0.3802029820838491,0.06177627389218185,0.41219526135574075,0.06624105058609775
CD437,Culin-RIng uniqutin ligase complex,-0.16818284937032915,-0.18759685864913378,2.49995884282761e-06,1.5319969737248584e-07,0.0003274946084104169,2.0069160355795646e-05,1.1696236014657746e-05,8.290398794930099e-07,2.2716389022687877e-05,1.4680113147071759e-06
CD437,Actin and actin-associated proteins,0.06841747666016487,0.28770325556196125,0.05548968995445547,8.881784197001252e-16,1.0,1.163513729807164e-13,0.09201454916498311,1.6621624711530916e-14,0.11097937990891094,5.370063368340757e-14
CD437,Mitosis,-0.060713867197117515,0.04040078568501354,0.08917742354966496,0.258486697428677,1.0,1.0,0.1424663717683672,0.34179768489305623,0.16531475214631286,0.36806258003431186
CD437,PcG protein complex,-0.08832101901873197,-0.08003136587936094,0.013414915173749042,0.025134297115262827,1.0,1.0,0.025418040348286302,0.051051705686874824,0.034068249843511304,0.05405077300300023
CD437,Protein nuclear transport,0.14745765414674164,0.2571924958051485,3.665778186667801e-05,6.24167384444263e-13,0.004802169424534819,8.176592736219845e-11,0.00012313254934704664,6.8138272801832045e-12,0.0002277708817961179,2.2299798371508668e-11
CD437,Metabolism,0.04915766719215624,0.02052894819618906,0.1688581574112047,0.5659512182582218,1.0,1.0,0.24043933283551971,0.6503474525598865,0.273654663350942,0.6624536970230266
CD437,Regulation of nuclear protein ubiquitiation,-0.16554073266007796,0.016929487796479997,3.583684699215439e-06,0.6359826962525514,0.00046946269559722253,1.0,1.514395792249105e-05,0.7120831898212328,3.045163430900903e-05,0.7228957328337028
CD437,EGFR-MAPK signaling,-0.0916763683197385,0.15824512816747255,0.01027346437963228,9.560409695907879e-06,1.0,0.0012524136701639321,0.02008692289151983,3.578324771896949e-05,0.027142665554255367,5.607822403719099e-05
CD437,Ubiquitin regulation of mitophagy,-0.2069640554725364,-0.17789551421288113,6.883774661403663e-09,6.449094918092868e-07,9.017744806438799e-07,8.448314342701657e-05,6.936726774183691e-08,3.1290053121117247e-06,1.36978402123121e-07,5.50977022350108e-06
CD437,NeST:78,0.00336833277410911,-0.03165815458288143,0.9250291078885986,0.37561526358879993,1.0,1.0,0.9250291078885986,0.45986541616946536,0.9473262264500827,0.4859812299272374
CD437,Homologous recombination (HR) and Fanconi Anemia repair,-0.07064282723128888,-0.06770872300882233,0.0479632012088258,0.05814751800837459,1.0,1.0,0.08055358151738692,0.09765801101406502,0.09837618371040525,0.10817502758481047
CD437,Immune system,0.05574058061357779,0.05902800999818413,0.1187226440567355,0.09871703887316619,1.0,1.0,0.18297254554626294,0.1505025000802197,0.20787126778804238,0.16827581807452516
CD437,NeST:80,0.17452009585098407,0.16649911240812754,1.0334821567425934e-06,3.195999780825076e-06,0.00013538616253327973,0.000418675971288085,5.886354892751292e-06,1.3505676493164032e-05,1.0481509357415206e-05,2.1805890587469133e-05
CD437,TGF-beta/Smad signaling,-0.11754953198717487,-0.07172985156526752,0.0009991919841780827,0.04474088030541723,0.13089414992732884,1.0,0.00263686192228759,0.07920345027040078,0.0039622503898361335,0.08715323895925141
CD437,Extended PRC1 complex,0.18345518677365966,0.2200156446130742,2.817336197669107e-07,7.506513188815234e-10,3.69071041894653e-05,9.833532277347956e-08,1.845355209473265e-06,5.4630734874155315e-09,3.487285435225068e-06,1.3409362196383577e-08
CD437,TNFR/Traf signaling,-0.2162344425301048,-0.08284479396854283,1.4195955522211534e-09,0.02044697704142484,1.859670173409711e-07,1.0,1.5497251445080924e-08,0.043202483748817,3.381218497108565e-08,0.04631505462409201
CD437,Lymphoid JAK/STAT signaling,0.013201772263457229,-0.009111336468267475,0.711853197222315,0.7985561707840374,1.0,1.0,0.7643669576731416,0.8419061281212743,0.7919555739798154,0.8627699659604858
CD437,Positive regulators of transcription,0.009300280346672926,-0.019652544248116906,0.7947451128953817,0.5822332904659469,1.0,1.0,0.83289287831436,0.6613487775709939,0.8551261584336346,0.678480898897308
CD437,RTK-JAK-STAT signaling,0.10925831276412218,0.04344489339470898,0.002226114904648524,0.22431286310571164,0.29162105250895665,1.0,0.005400389861276975,0.30609359444633566,0.007493474582671263,0.3283238554955109
CD437,Nucleolus,-0.008808465615170742,0.08149891891409163,0.8050905168800753,0.022621342170916714,1.0,1.0,0.8370385532642053,0.047038028958572856,0.8618701080999234,0.0498049718384889
CD437,Mediator complex,-0.16575832906001553,-0.11404724528990864,3.4796527921265863e-06,0.0014178706464411661,0.0004558345157685828,0.18574105468379276,1.514395792249105e-05,0.004127578992973172,3.001073446044476e-05,0.0045580626916268165
CD437,G1/S phase,0.24265716482010774,0.29610851244762015,1.1019407608614529e-11,2.220446049250313e-16,1.4435423967285033e-09,2.90878432451791e-14,2.4059039945475053e-10,4.847973874196517e-15,4.949288217354868e-10,1.5176266040963008e-14
CD437,Polybromo- and BAF containing complex,0.04824676535120852,0.06682415758154285,0.17689311189453072,0.061592654368276545,1.0,1.0,0.24652125168280348,0.10184866222600845,0.2831730874727111,0.11364278482034122
CD437,Nuclear pore,0.07423584338680636,0.19735984830067585,0.03771897060485174,3.367130463338697e-08,1.0,4.410940906973693e-06,0.0650155940688892,2.1004480509398535e-07,0.08089252631763566,4.0716377602834086e-07
CD437,p53 regulation,-0.10993016408033883,-0.06097570111819707,0.002087692768977467,0.08796793474315345,0.2734877527360482,1.0,0.005160146278038645,0.1388409572452181,0.007165617975616983,0.15237089048352484
CD437,Cell projection morphogenesis,-0.010803193467532187,-0.01113250570807406,0.7621925077058114,0.7552214027929365,1.0,1.0,0.8052195041085588,0.8043414940315015,0.8314827356790668,0.8267465495755545
CD437,Histone methyltransferase complex,0.100161999885745,0.1087050486066941,0.005052822430293702,0.0023586385620657513,0.661919738368475,0.3089816516306134,0.011031995639474582,0.006716992426752466,0.014902508180903752,0.007089445161696675
Ceralasertib,Cell,0.10527824280452588,0.1276667536236194,0.0005362545475626757,2.684875055480873e-05,0.07024934573071051,0.003517186322679944,0.0025089052046682325,0.00013026616009925718,0.002309567530872674,0.00013747959567478608
Ceralasertib,Signaling pathways,0.019406385615714353,0.0031090810700734797,0.5235492642764255,0.9185805251148647,1.0,1.0,0.653190034478207,0.9626723903203782,0.630666240185855,0.9487572834957735
Ceralasertib,Chromatin binding,0.1825754898392025,0.21449360473400025,1.924622017313027e-09,1.7357226766989697e-12,2.521254842680065e-07,2.2737967064756504e-10,6.303137106700163e-08,7.579322354918834e-11,4.515680315247878e-08,5.457112095541561e-11
Ceralasertib,CDK holoenzyme complex II,-0.14324954357646486,-0.16687335554007457,2.460212476407264e-06,4.0615636187624204e-08,0.0003222878344093516,5.320648340578771e-06,2.929889403721378e-05,5.911831489531968e-07,2.2485197749489647e-05,4.729465191625574e-07
Ceralasertib,MAPK and MAP2K activation,-0.010437515678875034,0.06482196815659945,0.7311502909486829,0.033020582568890955,1.0,1.0,0.825695587192047,0.06976929542781798,0.8065742156991786,0.06758900494569868
Ceralasertib,Ubiquitin regulation of p53 activity,-0.08754932669517247,-0.10303948275810274,0.003982046925641525,0.0007020229227154839,0.5216481472590397,0.0919650028757284,0.012723125542903408,0.002243048850627522,0.012178555967137114,0.0024911513194328236
Ceralasertib,HDACs deacetylate histones,-0.03468249815820821,-0.0054024187586231495,0.25389355627071963,0.8589554844342224,1.0,1.0,0.3912947749584032,0.9138213255799291,0.368085051968169,0.9013871972834431
Ceralasertib,EMT,0.04576626686521396,0.04368309634115537,0.13237956168959775,0.15082640924223,1.0,1.0,0.228180560280754,0.24697824513415165,0.22743242729622695,0.23877050889102275
Ceralasertib,Metabolic pathways,0.05076608742725398,0.005798788665148929,0.09507500169350447,0.8487755854129497,1.0,1.0,0.17298368363679284,0.9113901777794788,0.1739905735299057,0.8942863406629739
Ceralasertib,CDK holoenzyme complex I,-0.031969466719285126,-0.04127826456015826,0.29292828678588534,0.17459465562052445,1.0,1.0,0.43443802600965775,0.2789256083693744,0.4093184594021438,0.27001732661632405
Ceralasertib,Transcription factor (TF) binding,-0.15082902744002138,-0.1247196138967703,7.025154800111011e-07,4.0994288960094494e-05,9.202952788145424e-05,0.005370251853772379,9.255798470597653e-06,0.00016782037043038683,7.6075055922720445e-06,0.00020393361470021692
Ceralasertib,Regulation of TP53 Activity,-0.10729857556305486,-0.12614182014549932,0.00041701307169428325,3.345488242545436e-05,0.054628712391951106,0.004382589597734521,0.002023285644146337,0.00014137385799143615,0.0018518207590491902,0.00016802260438598802
Ceralasertib,Regulation of E2F transcription via DREAM complex,-0.11220961617678515,-0.1571364598700339,0.0002237379282106211,2.3670452509172435e-07,0.029309668595591365,3.100829278701589e-05,0.0013322576634359712,1.938018299188493e-06,0.0011095142686028277,2.163369264210411e-06
Ceralasertib,Protein Transport,0.13953686750629435,0.13589858296317742,4.461679837808319e-06,7.844010251112365e-06,0.0005844800587528898,0.0010275653428957199,4.496000451945306e-05,4.670751558616909e-05,3.69145300264983e-05,4.688511070246631e-05
Ceralasertib,Extended cohesin complex,0.04596319402771678,0.0306913043733742,0.13072207147074133,0.31280920289179814,1.0,1.0,0.228180560280754,0.4553111730980618,0.2250767758510464,0.4283415217298838
Ceralasertib,PML body,0.13300507094419645,0.12708768720346533,1.2209306404775688e-05,2.9198958074294623e-05,0.0015994191390256152,0.0038250635077325956,9.996369618910095e-05,0.00013660941099044984,8.568316816208652e-05,0.00014902844835321802
Ceralasertib,Extended mismatch repair complex,-0.05701940624708379,-0.06624540252192042,0.060718530129032944,0.02935354417809677,1.0,1.0,0.12051708252883812,0.06408857145551128,0.11916295800604218,0.06160717149261431
Ceralasertib,Regulation of beta catenin transcriptional activity,-0.1802350686646829,-0.16244982166530736,3.0711975185226947e-09,9.158599878489326e-08,4.02326874926473e-07,1.1997765840821017e-05,6.934806529024229e-08,1.0837656448302115e-06,6.705447915441216e-08,9.534648350321339e-07
Ceralasertib,Fas,0.0022655345969755025,0.0129751084762321,0.9408744571794905,0.6696011661138748,1.0,1.0,0.9479440617079815,0.7829321780759756,0.9580070072186113,0.7502587549044983
Ceralasertib,BAF (SWI/SNF) complex,-0.06274134378880389,-0.13311466937844887,0.039044502541265125,1.1982860697923314e-05,1.0,0.0015697547514279542,0.0897338567176444,6.82502065838241e-05,0.0829431864795524,6.82502065838241e-05
Ceralasertib,Ribosome biogenesis,0.0907935907564157,0.0763937550384664,0.002830199914249487,0.01199112443964001,0.3707561887666828,1.0,0.009506568942735457,0.03020840964601618,0.009116955461475807,0.02922488002963426
Ceralasertib,Homologous recombination,-0.20261282652914436,-0.17618923394829414,2.670419441130889e-11,6.851112566153006e-09,3.4982494678814646e-09,8.974957461660438e-07,1.7491247339407323e-09,1.1218696827075547e-07,1.1047103582783573e-09,9.61602585177904e-08
Ceralasertib,Cell Proliferation,-0.006985103030234596,-0.01123275112608372,0.8180483217335035,0.711791075070437,1.0,1.0,0.8642284689281368,0.8108228768193674,0.8694874656964622,0.7879827957822022
Ceralasertib,Histone methyltransferase subcomplex,0.02739775817714249,-0.014947747134421386,0.36774942035687896,0.6229806951491279,1.0,1.0,0.5180126243736682,0.7363141289331031,0.4845784482824926,0.712236838381403
Ceralasertib,RPA complex associated proteins,-0.05274908599000015,-0.050146466129460755,0.08272290267685789,0.09909756956703442,1.0,1.0,0.1548100035809769,0.17783262483947274,0.1549945208677242,0.16859456640625334
Ceralasertib,mTOR regulation of autophagy/ribosome biogenesis,0.03508494371949294,0.02512356222737347,0.24870260621055218,0.4086717502783659,1.0,1.0,0.3912947749584032,0.5527926562413144,0.36335667989411374,0.5180940901769647
Ceralasertib,PIK3/AKT signaling,0.01345293224833606,-0.0013056957723560061,0.658422624196757,0.9657245850908496,1.0,1.0,0.7633041041573023,0.9806970592783046,0.7467823703010837,0.9816091146084469
Ceralasertib,Locomotion,0.07087178303149873,0.059378209104081196,0.01978332443589248,0.05084344003920305,1.0,1.0,0.051832310022038294,0.10091652492629696,0.047263504579366226,0.09699743657964466
Ceralasertib,Regulation of adherens junction stability,-0.06050912234558235,-0.09464161205531339,0.046557209298580204,0.0018544777512476962,1.0,0.2429365854134482,0.09998351505104928,0.005281230117683657,0.09592127525212069,0.005761341946563989
Ceralasertib,mTOR regulation of mRNA translation,0.03761075385750859,0.030470583480649068,0.21624566252366528,0.31630208501491675,1.0,1.0,0.3541022723825019,0.45533596853795705,0.32837309979884316,0.43199554964678466
Ceralasertib,SMAD-TGFbeta signaling,-0.003892931858247356,-0.045279109428797114,0.8978614426686793,0.13644340074242378,1.0,1.0,0.9261405432251731,0.22625424680072803,0.9316423682344315,0.2204409311069786
Ceralasertib,Cellular response to DNA damage,0.11118274388776091,0.15235114135771236,0.00025603842796795284,5.429191172190428e-07,0.03354103406380182,7.112240435569461e-05,0.0013975430859917426,4.183670844452624e-06,0.0012346392906920915,4.794768832968176e-06
Ceralasertib,G1 to S cell cycle control,-0.06417793435420557,-0.10945198043684896,0.03477550238558025,0.00031860674235550945,1.0,0.04173748324857174,0.08436279282427801,0.0010983548223308353,0.07550703004161899,0.001245895022345425
Ceralasertib,EGFR/PI3K signaling,-0.009413546981294374,0.009612166259552314,0.7566214749798961,0.7519302981655374,1.0,1.0,0.832919438843415,0.8419048637579948,0.8288564171905202,0.8242917912944384
Ceralasertib,H3 acetylation and H3K4 methylation crosstalk,0.13423006168559581,0.12381425579223714,1.0142974454785403e-05,4.6617387044811665e-05,0.0013287296535768878,0.006106877702870328,9.49092609697777e-05,0.00018505690008697962,7.381831408760487e-05,0.00022758550445479484
Ceralasertib,Histone modifications in DNA damage response,-0.14260944563562586,-0.12618171504063622,2.727398879409648e-06,3.326369501088777e-05,0.0003572892532026639,0.004357544046426298,2.9774104433555326e-05,0.00014137385799143615,2.436063090018163e-05,0.00016759784793947302
Ceralasertib,NeST:16,0.0803734903606097,0.055418128259244304,0.008219547108021752,0.06837008544918532,1.0,1.0,0.02290980151384786,0.12794973134061824,0.02239363614178543,0.12410828444124634
Ceralasertib,NeST:163,-0.00736499892252824,0.0024419964784795902,0.8083543348424822,0.9360122794021384,1.0,1.0,0.8640909652613944,0.9731556238228581,0.8630349257054738,0.9598247248663806
Ceralasertib,Transcription coactivator activity,0.026906301561840866,0.021743190202138732,0.3764077704847488,0.47457210677992134,1.0,1.0,0.5190465045631799,0.609499470472252,0.49268360966030406,0.5819246114337258
Ceralasertib,Foxo signaling,-0.020008110028052365,-0.02657841748334688,0.510316477864873,0.38204236175252326,1.0,1.0,0.6490432873815375,0.5324207381870271,0.6189949870397996,0.4930793043308428
Ceralasertib,Neg Regulation EGFR,0.03184290710602198,-0.01787769322898323,0.29515255202182855,0.5565388124924382,1.0,1.0,0.43443802600965775,0.6688677471239395,0.41132962037084614,0.655080278750843
Ceralasertib,RNA processing 1,-0.09606376350493433,-0.07006528913426112,0.0015798822073338492,0.021203907437976177,0.20696456916073425,1.0,0.006435791961003244,0.05050385226136144,0.00567026216878724,0.04762772065276331
Ceralasertib,Phosphatase 2A catalytic subunit,-0.05777254199457638,-0.1506073480558565,0.057392707484815064,7.300362998563514e-07,1.0,9.563475528118204e-05,0.11747569813298084,5.313041960065669e-06,0.1136812836991484,6.136989643712216e-06
Ceralasertib,Wnt/beta-catenin,0.03594548536372361,-0.02508704937638979,0.2372822523343423,0.4093197530947137,1.0,1.0,0.3790728665341322,0.5527926562413144,0.35123135656269877,0.5184936759588153
Ceralasertib,p53 regulation of cell cycle,-0.20906918436628102,-0.27626118079707074,6.154854403916943e-12,0.0,8.062859269131195e-10,0.0,8.062859269131195e-10,0.0,3.0340438494924626e-10,0.0
Ceralasertib,Regulation of immune responses,-0.02257645323208566,-0.021278338625035805,0.4575964950038549,0.48403311512325553,1.0,1.0,0.59945140845505,0.6155828901894667,0.5704533625266137,0.5903026043240944
Ceralasertib,Regulation of beta catenin transcription,0.0019954582292258803,-0.027887854287782975,0.9479440617079815,0.35903571339954854,1.0,1.0,0.9479440617079815,0.5057384780144178,0.9626408688662449,0.47072905876904947
Ceralasertib,MDM2-p53 pathway,-0.10041184076501036,-0.17829313937606123,0.0009579587344703544,4.525908314789717e-09,0.12549259421561643,5.92893989237453e-07,0.0041830864738538805,8.469914131963613e-08,0.003841610027008666,6.712007425329656e-08
Ceralasertib,RNA metabolism,0.09773407983805552,0.14161107282011526,0.0013096559410643582,3.2043007160975634e-06,0.17156492827943093,0.0004197633938087808,0.005534352525142933,2.098816969043904e-05,0.004890211732430335,2.1805890587469133e-05
Ceralasertib,Resolution of D-loop structures,0.019596408830988798,-0.012523350511409476,0.5194890591925521,0.6804150128505271,1.0,1.0,0.653190034478207,0.7829321780759756,0.6274534722051293,0.7602078181954716
Ceralasertib,NeST:195,0.007269015115617835,-0.022168770389451455,0.8113220513523016,0.4659312803280842,1.0,1.0,0.8640909652613944,0.6043267101285051,0.8640909652613944,0.5726692515056672
Ceralasertib,Cohesin,-0.0924901540053582,-0.1611513619501252,0.0023495726300828412,1.1582228265361039e-07,0.3077940145408522,1.517271902762296e-05,0.008318757149752762,1.0837656448302115e-06,0.007841885720786044,1.1523584071612376e-06
Ceralasertib,Oncogene induced senescence,0.030888019240923055,0.007665544779010905,0.3098762910364401,0.8009833054958011,1.0,1.0,0.4510421569530406,0.8744067751662495,0.4295639590028958,0.8642043625527792
Ceralasertib,Cytoplasm/extracellular space,0.09549907512869832,0.13880406119640737,0.0016874460829128246,4.99605967863026e-06,0.22105543686158002,0.0006544838179005641,0.0065016304959288245,3.116589609050305e-05,0.006015113928206259,3.16969027418967e-05
Ceralasertib,Extracellular matrix organization,0.05012148272084252,0.05187355704566615,0.09934965741619806,0.08801066702229043,1.0,1.0,0.1782850016646842,0.1601305191655562,0.1809522383228107,0.15237089048352484
Ceralasertib,MHC class I including non-classical MHCs,-0.08164359945220172,-0.13238688748606064,0.0072452123780573086,1.336975575672028e-05,0.9491228215255074,0.0017514380041303568,0.021091618256122387,7.177654181571569e-05,0.020265967719405854,7.560164046605856e-05
Ceralasertib,Endoplasmic Reticulum protein processing,-0.01695328688364928,-0.029285252581354646,0.5769258660786187,0.3354664060630621,1.0,1.0,0.699789707928695,0.4776749912419689,0.6788379202661592,0.44957646234538245
Ceralasertib,Regulation of androgen receptor signaling pathway,-0.04273970092419314,-0.03136717472212587,0.1597474871054012,0.30224462509276395,1.0,1.0,0.2682938565488149,0.44511485201336765,0.26240653054304147,0.4181026050574113
Ceralasertib,RAS-RAF-MAPK,0.03391835086895465,-0.04619583233533115,0.26479021949987325,0.12868293958005195,1.0,1.0,0.40334324133120225,0.2161213472434206,0.3790985656227694,0.2091929483142106
Ceralasertib,Structural constituent of muscle,-0.013006689271937903,-0.02589417704766855,0.6685866988917022,0.39441610060089016,1.0,1.0,0.7682882241650262,0.5438790439864907,0.7555846805591343,0.5049039984890874
Ceralasertib,Beta-catenin,0.006685618892639513,0.033118620135054656,0.8262336070760048,0.2760769541064749,1.0,1.0,0.8658928202156531,0.4205358254412583,0.877001505957785,0.3871480569628712
Ceralasertib,Actin filament-based process,-0.13072016923131255,-0.10050658675771759,1.713038492012764e-05,0.0009481180525108268,0.0022440804245367207,0.12420346487891831,0.00013200473085510123,0.00295722535425996,0.00011607312540707176,0.003184704227664572
Ceralasertib,MutS homologs,-0.060915879426188514,-0.08228239460289237,0.045103994051701735,0.006807247702391717,1.0,0.8917494490133149,0.09847705367954879,0.017834988980266298,0.09366377628702131,0.01771687647046321
Ceralasertib,Beta-catenin destruction complex,0.03210372351918774,0.005170692051824026,0.29121378405634957,0.864991178411536,1.0,1.0,0.43443802600965775,0.9138213255799291,0.40728475848450313,0.9059068170972249
Ceralasertib,Epithelial differentiation,0.025619417019194582,0.023634933765121494,0.3996689944146423,0.43699632579128056,1.0,1.0,0.545381648628314,0.5832889441512166,0.5158289484563364,0.5447209694922763
Ceralasertib,Lymphocyte activation,-0.015337107296144797,-0.00985745423092272,0.6137490478629133,0.7457707391730317,1.0,1.0,0.7193573416003897,0.8419048637579948,0.7114294876334882,0.8194803803813236
Ceralasertib,PI3-K/Akt,0.012782166852363632,-0.04832062519221206,0.6744617288067338,0.11201609462447792,1.0,1.0,0.7682998823798446,0.19565477861075475,0.7611298188687621,0.1857482075418558
Ceralasertib,MAPK signaling,0.02874237051025111,0.02324220097311802,0.34470101724612556,0.44465322449963995,1.0,1.0,0.49621794790376317,0.5832889441512166,0.46302103678204276,0.5525651137655605
Ceralasertib,RNA processing 2,-0.016627255665331332,-0.001956909318761648,0.5842698763276217,0.9486611506543396,1.0,1.0,0.7021959064120958,0.9785402420135315,0.6854270489455383,0.9696328535946827
Ceralasertib,Contractile fiber,-0.015281984459075299,-0.07583973274973736,0.6150230706812492,0.012622589281499286,1.0,1.0,0.7193573416003897,0.03119923011087559,0.7119412865323445,0.03045669645426082
Ceralasertib,MutL alpha/beta complex,-0.03475340291442207,-0.04747153372169151,0.2529244053036539,0.11845973925670372,1.0,1.0,0.3912947749584032,0.20153540055361283,0.36712572958203504,0.19478944572336637
Ceralasertib,NeST:29,0.038671957791698984,0.006483747076681011,0.2035604644818778,0.8311648777604026,1.0,1.0,0.33754963097627844,0.8998561899720061,0.31520988432866615,0.8846250425452626
Ceralasertib,RBL-TP53 complex,0.008167979882682393,0.0077233134940859855,0.7884797977949765,0.7995151651743848,1.0,1.0,0.8607571125928494,0.8744067751662495,0.8507139616566253,0.8632128019602562
Ceralasertib,Regulation of cellular homeostasis,0.1547588078215516,0.1595611021163642,3.5951282417734376e-07,1.5408515707804327e-07,4.709617996723203e-05,2.0185155577223668e-05,5.887022495904004e-06,1.3456770384815778e-06,4.314153890128125e-06,1.4680113147071759e-06
Ceralasertib,Mismatch and excision repair,0.05587621439118303,0.04333892138978737,0.06616987171558675,0.15407069096422443,1.0,1.0,0.12937691335435617,0.24917605575695556,0.1287364335852752,0.24292790992553742
Ceralasertib,Extracellular matrix,0.03688747584164291,-0.03835418508408565,0.22521148145795689,0.20715744034191186,1.0,1.0,0.3642309144566957,0.32306696053321965,0.33749518479686197,0.3098491876474647
Ceralasertib,Ubiquitin/Proteasome System,0.009938674195426973,0.014910025060947175,0.7440323070251926,0.6238997581036216,1.0,1.0,0.832919438843415,0.7363141289331031,0.8174777181248785,0.7122515756999951
Ceralasertib,Ribosome abundance control,0.09339485548039765,0.05711059573460748,0.002132353673889531,0.060350852813090716,0.27933833127952856,1.0,0.007892750057320338,0.11457915534079541,0.007255541072195547,0.11187681677143703
Ceralasertib,Epigenetic modification,0.18008744887001002,0.1816286001222335,3.176247265201937e-09,2.324092918115639e-09,4.1608839174145373e-07,3.044561722731487e-07,6.934806529024229e-08,6.089123445462974e-08,6.839809179311569e-08,3.766468110595654e-08
Ceralasertib,Spliceosomal complex,-0.06901700214391987,-0.12622039126623186,0.023201162106938122,3.3079338934927094e-05,1.0,0.004333393400475449,0.05819341282486135,0.00014137385799143615,0.054032928640158115,0.00016720489005049965
Ceralasertib,Interferon signaling,-0.002242467917023,-0.03758320182881298,0.9409432691765496,0.21643467006304928,1.0,1.0,0.9479440617079815,0.3335640209206995,0.9580070072186113,0.32067417656843866
Ceralasertib,Transmembrane tyrosine kinase signaling,0.10938383105055736,0.16147699234095478,0.000321930640857504,1.0925316185073086e-07,0.042172913952333024,1.4312164202445743e-05,0.0016220351520128086,1.0837656448302115e-06,0.0014668839635594096,1.0939233785308848e-06
Ceralasertib,Regulation of mRNA processing,-0.0035304885249546228,-0.047646294712725676,0.9073009630942224,0.11711027682570152,1.0,1.0,0.9285658294167431,0.20153540055361283,0.9352636813010606,0.19297416684486668
Ceralasertib,Nucleus,0.10059429771477114,0.07271990110770614,0.0009399174427904278,0.016776034280800323,0.12312918500554604,1.0,0.0041830864738538805,0.0406974164960156,0.003778900818584533,0.03889664585459898
Ceralasertib,Actin filaments,-0.02699905450445765,-0.06583954777648451,0.3744025514487481,0.030360288811399183,1.0,1.0,0.5190465045631799,0.06519996449661136,0.49169658385750376,0.06329757826461474
Ceralasertib,Transcription elongation,-0.16959683020307262,-0.21108085766599163,2.4345943927528424e-08,3.864464304115245e-12,3.1893186545062235e-06,5.062448238390971e-10,4.556169506437462e-07,1.2656120595977427e-10,4.115249876782224e-07,1.0430210367712018e-10
Ceralasertib,Type I interferon signaling pathway,-0.051326786329570516,-0.06708233563818068,0.09134871371093989,0.02736785488386473,1.0,1.0,0.16854480980469191,0.060765915081123376,0.1685448098046919,0.057903456093452696
Ceralasertib,Nuclear transport,-0.055357584130776856,-0.17843221885657395,0.06862402826675118,4.402827658012143e-09,1.0,5.767704231995907e-07,0.1322021721021236,8.469914131963613e-08,0.13269000299548936,6.591661979423893e-08
Ceralasertib,Mediator/CCR-NOT complex,-0.025100153410074915,-0.06817924214285487,0.4089132541592626,0.02494162424191293,1.0,1.0,0.5522436731429217,0.05818226114301724,0.5243161790688098,0.05370990864148922
Ceralasertib,Apoptosis Regulation,0.08645203941294473,0.11041488971579133,0.004471607516400633,0.0002820068085607197,0.5857805846484829,0.03694289192145428,0.013829236823957017,0.0009984565384176833,0.013414822549201899,0.0011251642209579983
Ceralasertib,Actin cytoskeleton,-0.06240366904501503,-0.08646344196377279,0.04011018176246672,0.004460201093217542,1.0,0.584286343211498,0.09059368639453691,0.011924211085948938,0.08474893243359904,0.012322383336622101
Ceralasertib,NeST:49,-0.007329307897038004,-0.03135668849584078,0.8092638536655827,0.30240627350526506,1.0,1.0,0.8640909652613944,0.44511485201336765,0.8630349257054738,0.4181026050574113
Ceralasertib,Cell motility,0.059135870761594975,0.023211309117305182,0.05183857524597624,0.44525873599329513,1.0,1.0,0.10952989285843366,0.5832889441512166,0.10519329433972813,0.5528805157831437
Ceralasertib,Checkpoint-regulated DNA repair,-0.022042930079918976,-0.05219240445408791,0.4682898797832673,0.08606486859834739,1.0,1.0,0.6073858836792874,0.15879574347019026,0.5801389054697648,0.1494961032448642
Ceralasertib,ECM-cytoskeleton assembly,0.0535171542244086,0.032853072986723436,0.0784606348613035,0.27994577195702663,1.0,1.0,0.14896149517146026,0.4215275416824194,0.1482453341369821,0.39187422396834004
Ceralasertib,INSR-FOXO,0.04645359846373487,0.018925654563942938,0.12666441657326755,0.5336810002290351,1.0,1.0,0.22423025096078444,0.6533851498131177,0.21953303511926855,0.6336478259964743
Ceralasertib,Integrator-PP2A complex,0.1140143299675653,0.11409960792661214,0.000177353021379556,0.00017509797585590903,0.023233245800721836,0.022937834837124083,0.0011077407398101151,0.0006746422010918848,0.0009152480866627837,0.0007459458483617588
Ceralasertib,Cell-extracellular matrix interactions,-0.1333340570293955,-0.14944550252462038,1.1582181334679476e-05,8.87882371403137e-07,0.0015172657548430113,0.00011631259065381094,9.996369618910095e-05,6.121715297568997e-06,8.164658770455666e-05,7.346058357082796e-06
Ceralasertib,Histone deacetylase binding,-0.19288152384224372,-0.25421084808233657,2.243811803026574e-10,0.0,2.939393461964812e-08,0.0,9.797978206549374e-09,0.0,6.799359434458333e-09,0.0
Ceralasertib,Histone acetyltransferase complex,0.09585506043235387,0.05844747622134825,0.0016212300359779164,0.05458199304117661,0.21238113471310704,1.0,0.006435791961003244,0.10672001624468859,0.005792212764902919,0.10229083723239839
Ceralasertib,Cyclin D associated events in G1,-0.020121956343414876,-0.06207245128349615,0.5079141456699636,0.04120455382397625,1.0,1.0,0.6490432873815375,0.08434057110845139,0.6178156316142723,0.08116987294647954
Ceralasertib,Chromosome centrometric region,0.05739318928268874,0.001458511264597134,0.05913879450824622,0.96176561470277,1.0,1.0,0.1191874166243116,0.9806970592783046,0.116353172674547,0.9792069600471208
Ceralasertib,Transcription,-0.003999228919748587,0.06117144826933904,0.8950957064935601,0.0442436830023778,1.0,1.0,0.9261405432251731,0.08916803805094602,0.9300002978241086,0.08629164972672194
Ceralasertib,Nuclear receptor signaling,0.06993883834915118,0.09787801102776902,0.021462373306089244,0.0012864800250711461,1.0,0.16852888328432014,0.055128841237209625,0.003919276355449306,0.050356493786824316,0.004178402064900499
Ceralasertib,Culin-RIng uniqutin ligase complex,-0.0688462876866138,-0.06800415050504595,0.02354389984517291,0.025315945688183072,1.0,1.0,0.05819341282486135,0.05818226114301724,0.054750015616289664,0.05432561965803545
Ceralasertib,Actin and actin-associated proteins,0.022598662216616893,0.008823687066369745,0.4575612104374571,0.771691033132786,1.0,1.0,0.59945140845505,0.856707841867754,0.5704533625266137,0.8418447634175847
Ceralasertib,Mitosis,-0.058791974129670306,-0.07907044459766721,0.053133514835916884,0.009308934855239981,1.0,1.0,0.11048397529373194,0.023911185608557598,0.1070844683616171,0.023376430658845447
Ceralasertib,PcG protein complex,0.08411453348668028,0.09138750930983229,0.005675760080201986,0.0026512766592150516,0.7435245705064601,0.34731724235717176,0.01689828569332864,0.0073897285607908885,0.01643148222113724,0.007878652000540758
Ceralasertib,Protein nuclear transport,-0.0795592507618403,0.0006362588651360014,0.0088755746718443,0.983328740887391,1.0,1.0,0.0242229225419084,0.9908928081249863,0.02389110168516993,0.990258027338231
Ceralasertib,Metabolism,0.06348544142677455,0.06741624164542985,0.0368414553694103,0.02661261716386809,1.0,1.0,0.08679464010871604,0.060107807732184826,0.07955325252845193,0.05656789567867723
Ceralasertib,Regulation of nuclear protein ubiquitiation,0.09168988967986746,0.10759631490201774,0.0025691191988574946,0.000402264055422652,0.3365546150503318,0.05269659126036741,0.008856700396061363,0.0013511946477017284,0.008378953071792494,0.0015128208017330357
Ceralasertib,EGFR-MAPK signaling,0.11139563500114816,0.16166966494012996,0.0002491378915965292,1.0551745299736126e-07,0.03263706379914533,1.3822786342654325e-05,0.0013975430859917426,1.0837656448302115e-06,0.001210079011146094,1.0748429159529987e-06
Ceralasertib,Ubiquitin regulation of mitophagy,-0.09321961062145619,-0.1291883050575863,0.002169000015752154,2.1494810664046682e-05,0.28413900206353215,0.0028158201969901153,0.007892750057320338,0.00010830077680731212,0.007332619408091152,0.00011377051300970163
Ceralasertib,NeST:78,0.11554168475282828,0.1052726899689005,0.00014499059069250642,0.0005358292273949239,0.01899376738071834,0.07019362878873503,0.0009996719674062284,0.0017548407197183757,0.0007779017357290788,0.00197265467321972
Ceralasertib,Homologous recombination (HR) and Fanconi Anemia repair,-0.07346342628896688,-0.05711729369355895,0.015677591954771142,0.06031269707087383,1.0,1.0,0.04191356216479632,0.11457915534079541,0.038689441998273524,0.11187681677143703
Ceralasertib,Immune system,0.11400471484415185,0.11146055541742918,0.0001775767598168887,0.0002466812911219307,0.02326255553601242,0.03231524913697292,0.0011077407398101151,0.000897645809360359,0.0009152480866627837,0.001002023229053424
Ceralasertib,NeST:80,-0.02458876500856874,-0.0400467470299559,0.41852119053271997,0.18781004695989045,1.0,1.0,0.5594517955080236,0.29642308616561025,0.5332438720004894,0.2858058023436087
Ceralasertib,TGF-beta/Smad signaling,0.06339761492104982,0.019358480639148152,0.037103052260214486,0.5243648743272109,1.0,1.0,0.08679464010871604,0.6480358352534399,0.07968032534570652,0.627800138950781
Ceralasertib,Extended PRC1 complex,0.01874028877395735,0.0643732899303074,0.5379091116439318,0.034253327838260406,1.0,1.0,0.6647292622533989,0.07122517375892243,0.6449985686531358,0.06965877278362918
Ceralasertib,TNFR/Traf signaling,-0.018488302743231287,-0.012485392261667585,0.5429468019932342,0.6813302923714597,1.0,1.0,0.6647292622533989,0.7829321780759756,0.648896282966093,0.7606897866533626
Ceralasertib,Lymphoid JAK/STAT signaling,0.009581628743954004,-0.019371914345253916,0.7529317155763575,0.524038753931535,1.0,1.0,0.832919438843415,0.6480358352534399,0.8259655665638758,0.627800138950781
Ceralasertib,Positive regulators of transcription,0.15081564399337968,0.13222709062334684,7.0654950157234e-07,1.3697813323609864e-05,9.255798470597654e-05,0.0017944135453928922,9.255798470597653e-06,7.177654181571569e-05,7.6075055922720445e-06,7.717907722119966e-05
Ceralasertib,RTK-JAK-STAT signaling,0.04423983573312201,-0.00013698223525570927,0.14578437675422817,0.996382022590262,1.0,1.0,0.24802277084160898,0.9963820225902619,0.2458938200189342,0.9986043119486842
Ceralasertib,Nucleolus,-0.06091739439040326,-0.02105139212589457,0.045098653879335204,0.4887070273259888,1.0,1.0,0.09847705367954879,0.6155828901894667,0.09366377628702131,0.5950793547300189
Ceralasertib,Mediator complex,0.01536176865170815,-0.01827707674468463,0.613651462343731,0.5477566025807481,1.0,1.0,0.7193573416003897,0.6644084716488704,0.7114294876334882,0.6474235934262677
Ceralasertib,G1/S phase,0.08630617432855091,0.11359641077068831,0.004539367812443906,0.00018702648307677983,0.5946571834301517,0.024500469283058157,0.013829236823957017,0.0007000134080873759,0.013592164192689183,0.0007924680091555199
Ceralasertib,Polybromo- and BAF containing complex,0.11015892552968969,0.08814156881616231,0.0002918002565979183,0.0037463311570866686,0.0382258336143273,0.4907693815783536,0.001529033344573092,0.0102243621162157,0.0013733832436285257,0.010630383716498633
Ceralasertib,Nuclear pore,-0.08112061608218278,-0.09661401453723499,0.007626821652857219,0.0014856742132483003,0.9991136365242956,0.19462332193552734,0.021719861663571646,0.0044232573167165305,0.021033971295248328,0.004718141137830966
Ceralasertib,p53 regulation,-0.08847491153320462,-0.09632521819711314,0.003614053306986831,0.0015350766702202367,0.47344098321527484,0.20109504379885101,0.011836024580381872,0.004468778751085578,0.011317314339807366,0.004835952957086598
Ceralasertib,Cell projection morphogenesis,-0.028265405200322464,-0.04934358018394957,0.3524210172468649,0.10462379510190845,1.0,1.0,0.501816883253688,0.18521239403175685,0.46989468966248654,0.17552679391696915
Ceralasertib,Histone methyltransferase complex,0.12711559253643612,0.1624955450070627,2.9134442712797082e-05,9.08585104930637e-08,0.0038166119953764177,1.1902464874591345e-05,0.00021203399974313431,1.0837656448302115e-06,0.00018467477396982667,9.521971899673076e-07
MK-1775,Cell,0.11230041212670153,0.15166010749664355,0.00025755694329032686,7.98691196290946e-07,0.03373995957103282,0.00010462854671411392,0.0008033323707388766,5.231427335705696e-06,0.0012381636539828557,6.6430823310548525e-06
MK-1775,Signaling pathways,-0.140997257184924,-0.09431862445609425,4.424101138544856e-06,0.0021355933283435657,0.0005795572491493761,0.2797627260130071,3.050301311312506e-05,0.005086595018418311,3.679728566027785e-05,0.006556938890929854
MK-1775,Chromatin binding,-0.06633540603786553,-0.08061720800290076,0.030765132976057652,0.008671797961332217,1.0,1.0,0.05166964640850708,0.018031833856103498,0.06847261567812646,0.021987203863248782
MK-1775,CDK holoenzyme complex II,0.16155667851311348,0.26152136776352547,1.456678231370745e-07,0.0,1.908248483095676e-05,0.0,2.120276092328529e-06,0.0,2.0445519461739385e-06,0.0
MK-1775,MAPK and MAP2K activation,-0.09862344911579611,-0.12034508156689866,0.001322296392658906,8.934777163727148e-05,0.17322082743831668,0.011704558084482564,0.0034644165487663337,0.0003080146864337517,0.004890941010023059,0.0004143206401586748
MK-1775,Ubiquitin regulation of p53 activity,-0.09076754507085621,-0.11144057498457036,0.0031228318700895485,0.00028562355571604137,0.40909097498173086,0.03741668579880142,0.0074380177269405615,0.0008701554836930563,0.00987744808809008,0.001133838963600043
MK-1775,HDACs deacetylate histones,-0.0711580095972365,-0.06693488080917562,0.020499561727183258,0.029303333829814537,1.0,1.0,0.03750054376342003,0.049214573483406465,0.04867871757572822,0.06158401173859419
MK-1775,EMT,-0.22983888799438928,-0.20184224414941826,7.30526750203353e-14,5.0148551977713396e-11,9.569900427663924e-12,6.569460309080455e-09,9.569900427663924e-12,1.5788299556618313e-09,5.468514530093671e-12,1.1103313198445838e-09
MK-1775,Metabolic pathways,0.03747071120365669,0.04938993238483826,0.2228950738083053,0.10807947417419994,1.0,1.0,0.294941966352404,0.14903590649284412,0.3353024459585225,0.1803619250550343
MK-1775,CDK holoenzyme complex I,0.08285616102725468,0.17535076263098623,0.00701366395890668,1.1512241160360759e-08,0.918789978616775,1.5081035920072594e-06,0.014583967914551984,1.2567529933393828e-07,0.019723577358499642,1.5467729148792404e-07
MK-1775,Transcription factor (TF) binding,-0.13220925362880145,-0.13520070497639913,1.6748565010660244e-05,1.0756841101633441e-05,0.002194062016396492,0.0014091461843139808,8.776248065585968e-05,4.545632852625744e-05,0.00011397724760501257,6.171443142980937e-05
MK-1775,Regulation of TP53 Activity,-0.04824363742239559,-0.0689538613603348,0.1161368121363413,0.02476187029741661,1.0,1.0,0.17094294820068215,0.04268164485475758,0.20513153784081856,0.05339596722570495
MK-1775,Regulation of E2F transcription via DREAM complex,0.06754446984150504,0.08433929733123939,0.02796419598784916,0.0060611337532563425,1.0,0.7940085216765809,0.04820144308431895,0.01301653314223903,0.06316051162772827,0.01612200044013362
MK-1775,Protein Transport,-0.04251524532006562,-0.03433198291893063,0.16613378605603124,0.26348720972565154,1.0,1.0,0.23152687205680952,0.33511480071903255,0.2706345198757317,0.37382842390679083
MK-1775,Extended cohesin complex,0.1522237612413676,0.14765215671960522,7.264350483371373e-07,1.545723030904611e-06,9.516299133216499e-05,0.00020248971704850405,6.797356523726071e-06,8.099588681940161e-06,7.715918216121486e-06,1.1738534321652409e-05
MK-1775,PML body,-0.05453349756982602,-0.07079384493955286,0.07574333324135174,0.0211672816138484,1.0,1.0,0.11673384299549504,0.0369721852188552,0.14397644480701927,0.04762772065276331
MK-1775,Extended mismatch repair complex,-0.11294366919236228,-0.13636933939407275,0.00023578075743690974,9.020573988438585e-06,0.030887279224235176,0.0011816951924854546,0.0007533482737618336,4.074811008570533e-05,0.001155073079265408,5.33095575557348e-05
MK-1775,Regulation of beta catenin transcriptional activity,-0.0020356647193196797,-0.004366396834960592,0.9465062156373154,0.8864211385304421,1.0,1.0,0.9537870326806793,0.9289693531799034,0.9620528160148158,0.9240411337996386
MK-1775,Fas,-0.14809869140774318,-0.11157443088135814,1.4244646941996564e-06,0.0002808426584808288,0.00018660487494015499,0.03679038826098857,1.2440324996010333e-05,0.0008701554836930563,1.3995365620511623e-05,0.0011233706339233152
MK-1775,BAF (SWI/SNF) complex,0.08334050723767905,0.060160132764794906,0.006688654197439803,0.050295076663187555,0.8762136998646142,1.0,0.014132479030074422,0.07683694856226234,0.019048123910100308,0.09618474515149736
MK-1775,Ribosome biogenesis,0.09256389431705347,0.10572049847883719,0.002593715287072973,0.0005808670949376538,0.33977670260655946,0.07609358943683264,0.006292161159380731,0.0016190125412092052,0.00842421576710478,0.0021244857467266095
MK-1775,Homologous recombination,0.14297539533843773,0.11634768011746123,3.2695168721286194e-06,0.0001529073621584498,0.00042830671024884914,0.020030864442756924,2.519451236757936e-05,0.0005007716110689231,2.855378068325661e-05,0.0006695553574180588
MK-1775,Cell Proliferation,-0.13070111089976544,-0.10920597622422686,2.088183023052359e-05,0.000377594896340927,0.0027355197601985903,0.04946493142066144,9.76971342928068e-05,0.0011242029868332145,0.0001362084527899713,0.001440726157883343
MK-1775,Histone methyltransferase subcomplex,0.10548260741239858,0.15324092926113211,0.0005975989935946835,6.127925076260254e-07,0.07828546816090354,8.027581849900933e-05,0.0016656482587426285,4.459767694389407e-06,0.0025321445227246427,5.263988098295694e-06
MK-1775,RPA complex associated proteins,-0.11176454212956603,-0.1601547475842291,0.000273860140967086,1.8520695288515299e-07,0.035875678466688266,2.426211082795504e-05,0.0008343181038764712,1.6174740551970027e-06,0.0012967112698802988,1.7433852091943743e-06
MK-1775,mTOR regulation of autophagy/ribosome biogenesis,-0.08692604025696557,-0.07969779893805445,0.0046498964743002524,0.0094645154925459,0.6091364381333331,1.0,0.010324346409039543,0.01907463891574635,0.013844009957575752,0.023616219609971675
MK-1775,PIK3/AKT signaling,-0.12454703140943436,-0.10820268493448516,5.014988015061839e-05,0.00042731780273075337,0.006569634299731009,0.05597863215772869,0.0001797833106985399,0.001243969603505082,0.00029097488134023717,0.0015993894902208198
MK-1775,Locomotion,0.04796993158397164,0.05492503396632313,0.11861270937177948,0.07392971525165204,1.0,1.0,0.17264738808559013,0.10881789548276873,0.20787126778804238,0.13131922302327345
MK-1775,Regulation of adherens junction stability,-0.04063585487040592,-0.03402933778052797,0.18564968099610768,0.26771673307719546,1.0,1.0,0.250722765056599,0.3372201157030058,0.2950872583679285,0.378803514309047
MK-1775,mTOR regulation of mRNA translation,-0.12257131956825343,-0.09761601271384869,6.590175439291635e-05,0.0014828217829878643,0.008633129825472041,0.19424965357141022,0.00022718762698610635,0.003665087803234155,0.0003726530859915989,0.004718141137830966
MK-1775,SMAD-TGFbeta signaling,-0.1316711977515938,-0.19630174734038894,1.812457055283545e-05,1.6571699568146414e-10,0.002374318742421444,2.1708926434271802e-08,9.1319951631594e-05,3.6181544057119672e-09,0.00012022674533555204,3.25633896514077e-09
MK-1775,Cellular response to DNA damage,-0.1337564279173549,-0.1487608810034842,1.33249385190215e-05,1.2805846205665716e-06,0.0017455669459918166,0.00016775658529422088,7.382126791728265e-05,6.9898577205925365e-06,9.268497058363628e-05,1.008710198350471e-05
MK-1775,G1 to S cell cycle control,0.0436543185235628,0.07541314432153305,0.15556495020716787,0.01413093963795009,1.0,1.0,0.22151096170803253,0.026554543653214614,0.2576903074032328,0.03370840229265181
MK-1775,EGFR/PI3K signaling,-0.10672968916882405,-0.08945071258698549,0.0005109292351805905,0.003588336236467038,0.06693172980865736,0.47007204697718197,0.001487371773525719,0.007967322830121729,0.0022126191672283426,0.010218957542982217
MK-1775,H3 acetylation and H3K4 methylation crosstalk,0.08042532826976992,0.07238750674277857,0.00886882961760227,0.018500996499907663,1.0,1.0,0.017874102767783034,0.03275176407416086,0.02389110168516993,0.042457761310737
MK-1775,Histone modifications in DNA damage response,-0.017865531840951635,-0.020825588368652986,0.5603186205435204,0.497412932086311,1.0,1.0,0.622048638061027,0.5817954830652388,0.6637685542535148,0.6033434639195069
MK-1775,NeST:16,0.19038594257315214,0.18078636898272632,5.778166833891873e-10,4.011453835772727e-09,7.569398552398354e-08,5.255004524862272e-07,2.5231328507994515e-08,4.777276840783884e-08,1.4650448811093588e-08,6.122335368771579e-08
MK-1775,NeST:163,-0.0546106204168729,-0.05581297589398267,0.07533043449793841,0.06915991827783641,1.0,1.0,0.11673384299549504,0.10323720522632046,0.14336494313651232,0.12467820129903535
MK-1775,Transcription coactivator activity,0.004607933342260295,-0.003696695377917605,0.8814281370734156,0.9036625132589287,1.0,1.0,0.9113802109009056,0.9321243247001547,0.9200564618057167,0.9376616969260962
MK-1775,Foxo signaling,-0.09260334517396228,-0.1380327674171659,0.002568627286035685,7.004448602243585e-06,0.33649017447067475,0.0009175827668939096,0.006292161159380731,3.2770813103353914e-05,0.008378953071792494,4.234997385664198e-05
MK-1775,Neg Regulation EGFR,-0.12545771296793706,-0.08676912374572263,4.415837701920999e-05,0.004728531060130381,0.005784747389516509,0.6194375688770799,0.00017013962910342675,0.010323959481284666,0.0002629430631598413,0.012927392741782538
MK-1775,RNA processing 1,0.04088911533006962,0.030590618673857088,0.18347298801816914,0.31974358118717117,1.0,1.0,0.25036418156645995,0.39515480316527757,0.29192260846615575,0.4344312097028808
MK-1775,Phosphatase 2A catalytic subunit,0.03273115634943676,0.026963679468828293,0.2870614820947559,0.38052391314583645,1.0,1.0,0.3612590117270422,0.4658750712346222,0.40435542101519384,0.4915230825515653
MK-1775,Wnt/beta-catenin,-0.03398968081250008,-0.009024588071362886,0.2681984388620058,0.7684109451800736,1.0,1.0,0.3478613414942847,0.8183888928340621,0.3829318309637358,0.8388486151549137
MK-1775,p53 regulation of cell cycle,0.06688162475138557,0.0910108074344829,0.02953939611740397,0.0030603785259910588,1.0,0.4009095869048287,0.05025533625168727,0.006912234256979805,0.06605395547163448,0.008909101931218416
MK-1775,Regulation of immune responses,0.06980406391548485,0.04917864442345966,0.02312642188722136,0.10959673535499537,1.0,1.0,0.04094001712467565,0.14955387845317078,0.05393877627108602,0.1821430614877782
MK-1775,Regulation of beta catenin transcription,-0.023261400596520942,-0.01664718055154095,0.44844637441326585,0.5874310277588344,1.0,1.0,0.510838913462068,0.652748440136551,0.5630652560524392,0.6815066978870019
MK-1775,MDM2-p53 pathway,0.019914698186892562,0.060121602601604845,0.5173697439275977,0.0504425769187371,1.0,1.0,0.579277234653977,0.07683694856226234,0.6265833878691708,0.09634961229192555
MK-1775,RNA metabolism,0.032562190511090355,0.05289874926167266,0.2895587498575529,0.08523370112483275,1.0,1.0,0.3612590117270422,0.1200603747027214,0.4066911448249833,0.14838026375220054
MK-1775,Resolution of D-loop structures,0.1561267821936975,0.14968965385244867,3.7504636107854594e-07,1.10725852531246e-06,4.913107330128952e-05,0.00014505086681593227,4.466461209208138e-06,6.306559426779664e-06,4.43287879410131e-06,8.83558579589435e-06
MK-1775,NeST:195,0.0893486721882427,0.10403011441197897,0.0036429462329705675,0.0007108135608744348,0.47722595651914435,0.09311657647455096,0.008521892080699006,0.001939928676553145,0.011385112282762887,0.0025053787392255865
MK-1775,Cohesin,0.0711529218232687,0.12409329785142346,0.02059947391075534,5.3814197625845495e-05,1.0,0.00704965988898576,0.03750054376342003,0.00019053134835096648,0.04876863401763162,0.0002594966830301507
MK-1775,Oncogene induced senescence,0.1425204299499509,0.15000437545920972,3.5127068325202515e-06,1.0512482930824518e-06,0.00046016459506015295,0.0001377135263938012,2.5564699725564052e-05,6.306559426779664e-06,3.001073446044476e-05,8.518362457348527e-06
MK-1775,Cytoplasm/extracellular space,-0.01211754028361144,-0.01803387459421509,0.6926457926931158,0.5567348933913017,1.0,1.0,0.7482368147174332,0.6396458543006035,0.7760792488336266,0.655080278750843
MK-1775,Extracellular matrix organization,0.026563530189260862,0.04510743786873039,0.38768160650467953,0.14224165211475115,1.0,1.0,0.4575341482172344,0.186336564270324,0.504082287365886,0.22840028306883434
MK-1775,MHC class I including non-classical MHCs,-0.02585917852341119,-3.186901633347369e-05,0.3994705270036989,0.998604311948684,1.0,1.0,0.4631030003317217,0.9986043119486842,0.5158289484563364,0.9986043119486842
MK-1775,Endoplasmic Reticulum protein processing,-0.02921577989647942,-0.01595304484237848,0.34118472633026453,0.6030851362537553,1.0,1.0,0.41771214158191267,0.6639004441112768,0.4603797337263312,0.6945420030702588
MK-1775,Regulation of androgen receptor signaling pathway,-0.08888789197928101,-0.05453964191161452,0.0038012970512939503,0.07574481935204291,0.4979699137195075,1.0,0.008736314275780832,0.10921186865946252,0.011763068828019863,0.1337319064783748
MK-1775,RAS-RAF-MAPK,0.007994057961735615,-0.01662305775576016,0.795342198237627,0.5879718773749085,1.0,1.0,0.8354602780528111,0.652748440136551,0.8551832665044798,0.6816311144788763
MK-1775,Structural constituent of muscle,0.027175363964172798,0.04638873910518192,0.37683385998155394,0.13124782239196797,1.0,1.0,0.44877486961439605,0.1736713609429071,0.49283097162313044,0.21314212479356784
MK-1775,Beta-catenin,-0.12445754745196816,-0.06453701864548442,5.077849233470211e-05,0.03561171542672392,0.006651982495845976,1.0,0.0001797833106985399,0.05620644242049198,0.00029346981599320484,0.07214125857063144
MK-1775,Actin filament-based process,0.028518400636800674,0.04847627019178979,0.3536867930345222,0.11476177690923306,1.0,1.0,0.42900898044002234,0.15498755438257247,0.47118274461887194,0.1897008552064294
MK-1775,MutS homologs,0.15557963264384564,0.1448622413543488,4.1185359433981716e-07,2.4239711660101193e-06,5.395282085851605e-05,0.00031754022274732563,4.496068404876337e-06,1.176074899064169e-05,4.831595897777556e-06,1.7164336364720304e-05
MK-1775,Beta-catenin destruction complex,0.0721362471760405,0.06718622607450177,0.0189123607977133,0.028805453830691663,1.0,1.0,0.03643410683088886,0.04900668119247543,0.04552868479939558,0.06069996437244946
MK-1775,Epithelial differentiation,-0.1309916296345266,-0.09626004233193992,2.0016769112007893e-05,0.0017250611200148036,0.002622196753673034,0.22598300672193927,9.711839828418645e-05,0.0041848704948507275,0.0001311098376836517,0.00536989322903618
MK-1775,Lymphocyte activation,-0.03317986610414392,-0.012562239776973148,0.2797590202910962,0.6820983428246279,1.0,1.0,0.35929834958954515,0.7446240242502188,0.3969144222902557,0.761006809737626
MK-1775,PI3-K/Akt,-0.10625754803806865,-0.03922123457072927,0.0005409951863966089,0.20148663770381114,0.07087036941795577,1.0,0.0015406602047381688,0.26133415385345804,0.0023236186694411726,0.30251861936044994
MK-1775,MAPK signaling,-0.029754566731013003,-0.024266738844161414,0.3323631601265937,0.42919363817284895,1.0,1.0,0.41075069789229984,0.50652582523102,0.4515772581841014,0.5393224613970572
MK-1775,RNA processing 2,0.02729584686148524,0.00043802817594791485,0.37471998475856294,0.9891925924794713,1.0,1.0,0.44877486961439605,0.996801766267775,0.49170268450789734,0.9936170960880056
MK-1775,Contractile fiber,0.06228014957698883,0.13293515147478094,0.04272064642391271,1.516991154293379e-05,1.0,0.0019872584121243264,0.07084056558901981,6.103507624521289e-05,0.08966202427021466,8.338147183738433e-05
MK-1775,MutL alpha/beta complex,0.18073224401722007,0.1685468180665976,4.0501695330874554e-09,4.126887276356683e-08,5.305722088344567e-07,5.406222332027255e-06,1.3264305220861417e-07,3.861587380019468e-07,8.489155341351306e-08,4.770196175318166e-07
MK-1775,NeST:29,0.07098671220443997,0.07572872996845952,0.020897249578089028,0.013732347633954811,1.0,1.0,0.03750054376342003,0.026454963824236476,0.049177359785562806,0.03290739402526976
MK-1775,RBL-TP53 complex,0.10270734832610792,0.18327882345057253,0.0008306771394746004,2.448626190698633e-09,0.10881870527117266,3.207700309815209e-07,0.0022207899034933196,3.436626871966553e-08,0.0033742234192611674,3.927796297732909e-08
MK-1775,Regulation of cellular homeostasis,-0.13365634489918066,-0.07532373625837051,1.3524507099349492e-05,0.014189450807061244,0.0017717104300147835,1.0,7.382126791728265e-05,0.026554543653214614,9.365870114615595e-05,0.033796691922273144
MK-1775,Mismatch and excision repair,-0.0415275700216114,-0.09173654089155482,0.17618838471030518,0.002820495637654963,1.0,0.3694849285328001,0.24295450944263136,0.006597945152371431,0.28290923469315604,0.008303032101860676
MK-1775,Extracellular matrix,0.20229378551886107,0.28622004631456227,4.580336110393546e-11,0.0,6.000240304615545e-09,0.0,3.0001201523077725e-09,0.0,1.756167894033818e-09,0.0
MK-1775,Ubiquitin/Proteasome System,-0.11983375947779318,-0.10211663718380777,9.55956924051371e-05,0.0008857220646862896,0.01252303570507296,0.11602959047390393,0.0003211034796172554,0.0023205918094780786,0.0005254420575555088,0.003000765270876826
MK-1775,Ribosome abundance control,0.025925486631624414,0.011769924992271362,0.39919452970086877,0.7021732550771764,1.0,1.0,0.4631030003317217,0.7602041026042158,0.5158289484563364,0.7795313255517806
MK-1775,Epigenetic modification,0.07141171382424992,0.07979544552372438,0.02014319555008881,0.009416316302570227,1.0,1.0,0.03750054376342003,0.01907463891574635,0.048019851004527034,0.02357077902490509
MK-1775,Spliceosomal complex,0.058560561099809234,0.09113284808435765,0.056733856998116394,0.0030211315497312707,1.0,0.39576823301479647,0.09175475637966972,0.006912234256979805,0.11275047180915167,0.008827544230813304
MK-1775,Interferon signaling,-0.011943486831278362,0.1003417379323981,0.6968312320269225,0.0010934024030990752,1.0,0.14323571480597885,0.7482368147174332,0.0028085434275682128,0.780212746970315,0.003595875685505745
MK-1775,Transmembrane tyrosine kinase signaling,-0.13602955872819836,-0.1355212538307874,9.480636243397456e-06,1.0251204449973628e-05,0.0012419633478850667,0.0013429077829465452,5.87606622992923e-05,4.4763592764884844e-05,7.029981214443773e-05,5.968479035317979e-05
MK-1775,Regulation of mRNA processing,0.06199766201210809,0.06314571303960187,0.043670918555178684,0.03991536060586931,1.0,1.0,0.0715111291341051,0.0622489552305819,0.09131940041361532,0.07892697719802083
MK-1775,Nucleus,-0.16602750716187523,-0.18446760206047458,6.47554370125647e-08,1.9137316176198738e-09,8.482962248645975e-06,2.5069884190820346e-07,1.2118517498065678e-06,3.133735523852543e-08,9.82477174615859e-07,3.2004107477642995e-08
MK-1775,Actin filaments,-0.004474116781652433,0.05312850356984222,0.8835518075146185,0.08388560589942018,1.0,1.0,0.9113802109009056,0.11944580840026134,0.9210500274621886,0.14652019163765392
MK-1775,Transcription elongation,-0.013692576133842171,-0.017362756513179978,0.655210387369118,0.5714931012587205,1.0,1.0,0.7152713395446205,0.6453930712490723,0.7461681061997602,0.668442823793682
MK-1775,Type I interferon signaling pathway,0.1071104055533471,0.15472462688284147,0.0004908735573503353,4.7676662440210293e-07,0.06430443601289393,6.245642779667548e-05,0.0014614644548384985,3.903526737292218e-06,0.0021316387628583624,4.234334087910202e-06
MK-1775,Nuclear transport,-0.03413850512229956,-0.003948000455329073,0.26611010709731886,0.8971869245374713,1.0,1.0,0.3478613414942847,0.9321243247001547,0.3806415726633169,0.9327895802730852
MK-1775,Mediator/CCR-NOT complex,-0.15787217608273765,-0.17025332753421724,2.751999192973642e-07,2.985186875470447e-08,3.605118942795471e-05,3.9105948068662855e-06,3.605118942795471e-06,3.008149851435604e-07,3.472703859344506e-06,3.637762611038405e-07
MK-1775,Apoptosis Regulation,-0.13044086751382028,-0.08390462965781699,2.1686862324399314e-05,0.006300246136361043,0.00284097896449631,0.8253322438632966,9.79647918791831e-05,0.01331181038489188,0.00014087498997502365,0.016645356178755562
MK-1775,Actin cytoskeleton,0.024838074693295457,0.0467737393277225,0.41928368453889187,0.12807653394869356,1.0,1.0,0.4818084445139898,0.17120434640080465,0.5332637152873284,0.20842268257489263
MK-1775,NeST:49,0.0820614754233506,0.07435373581920135,0.007577736354958287,0.015544650750892508,0.9926834624995355,1.0,0.015510679101555243,0.028282628449540534,0.020965226783141604,0.0365264439168954
MK-1775,Cell motility,0.08014500895665186,0.06566702243018128,0.009108762864265652,0.03262320772877758,1.0,1.0,0.018079514169981825,0.05276099027740572,0.02443511130140888,0.06703749352893904
MK-1775,Checkpoint-regulated DNA repair,-0.13576380332333918,-0.1327745203798441,9.868202828888784e-06,1.5433956777277658e-05,0.0012927345705844306,0.002021848337823373,5.87606622992923e-05,6.103507624521289e-05,7.248978900473443e-05,8.453721273129087e-05
MK-1775,ECM-cytoskeleton assembly,0.056937045549986735,0.12451558241179933,0.0639527590153477,5.0747522874372564e-05,1.0,0.006647925496542806,0.10216843208549448,0.00018466459712618906,0.1251976801645412,0.0002463365292129423
MK-1775,INSR-FOXO,-0.13894735659703353,-0.0660059371615738,6.077696055317716e-06,0.03162288372137012,0.0007961781832466208,1.0,3.980890916233104e-05,0.05178247209374357,4.874560305591556e-05,0.06540943843420241
MK-1775,Integrator-PP2A complex,-0.01624240999478168,-0.03192035639446488,0.5964346929583557,0.29848368299116146,1.0,1.0,0.656579367878526,0.37239392830325857,0.6970969050784648,0.41340647547322096
MK-1775,Cell-extracellular matrix interactions,-0.03902101656151925,0.06663037697971946,0.20373061854491148,0.03015515694638804,1.0,1.0,0.2723337860141164,0.050004121012364976,0.31520988432866615,0.06303710999963032
MK-1775,Histone deacetylase binding,-0.15234611632627865,-0.15328170994754373,7.056308066744066e-07,6.041289528635474e-07,9.243763567434726e-05,7.914089282512471e-05,6.797356523726071e-06,4.459767694389407e-06,7.6075055922720445e-06,5.218080845612618e-06
MK-1775,Histone acetyltransferase complex,-0.1254839043479392,-0.15224674053406323,4.3996539337287643e-05,7.188329491647494e-07,0.005763546653184681,9.416711634058217e-05,0.00017013962910342675,4.956164017925377e-06,0.0002629430631598413,6.075297828424656e-06
MK-1775,Cyclin D associated events in G1,-0.1256539701791833,-0.1449777916560043,4.295930257747216e-05,2.3630012253583743e-06,0.005627668637648853,0.00030955316052194704,0.00017013962910342675,1.176074899064169e-05,0.00025973855250687014,1.6884717846651658e-05
MK-1775,Chromosome centrometric region,0.1266676717891973,0.18293268494151804,3.751232635051949e-05,2.623379291577521e-09,0.004914114751918053,3.4366268719665527e-07,0.0001638038250639351,3.436626871966553e-08,0.00023125245891379072,4.1656083296564277e-08
MK-1775,Transcription,-0.06772003306717565,-0.09969038225840206,0.027442310283456228,0.0011722668247422519,1.0,0.153566954041235,0.047932568628436874,0.0029532106546391345,0.062340045904036405,0.0038311922006129314
MK-1775,Nuclear receptor signaling,-0.1262451368391564,-0.10647161060402335,3.953132724210384e-05,0.0005277403770738154,0.005178603868715603,0.06913398939666981,0.00016705173770050334,0.001502912812971083,0.0002408652962193304,0.0019520185241412654
MK-1775,Culin-RIng uniqutin ligase complex,-0.08463953292959604,-0.10366572054268554,0.00585291387136988,0.0007383256837196761,0.7667317171494543,0.09672066456727757,0.012778861952490905,0.0019738911136179095,0.016882166249162295,0.0025792177217940685
MK-1775,Actin and actin-associated proteins,0.04659292386579421,0.05581856201412183,0.12956980649939442,0.06935018366348245,1.0,1.0,0.18652356759802935,0.10323720522632046,0.22382828111763522,0.12487799395073815
MK-1775,Mitosis,-0.049031142117193345,-0.01781529252632384,0.11030333806688764,0.5615211698058733,1.0,1.0,0.16608893433060093,0.6396458543006035,0.1968182150296792,0.6597244237181112
MK-1775,PcG protein complex,0.007920304156021888,-0.02554971792605042,0.7971949218061174,0.405221534713994,1.0,1.0,0.8354602780528111,0.4915187134030854,0.8565894853583161,0.5157069370735025
MK-1775,Protein nuclear transport,0.16188466433097368,0.22213521203796835,1.3744639049129148e-07,4.845013279464183e-13,1.8005477154359184e-05,6.34696739609808e-11,2.120276092328529e-06,2.11565579869936e-11,1.9465380707415335e-06,1.7712467151901617e-11
MK-1775,Metabolism,0.07111489128448042,0.05054981588409243,0.020667279770006486,0.10004433746514407,1.0,1.0,0.03750054376342003,0.13942349157376463,0.048855584659323596,0.16965447518361002
MK-1775,Regulation of nuclear protein ubiquitiation,-0.0035972891959878133,0.0016728018541900072,0.9061256457865352,0.95714529812905,1.0,1.0,0.9273629656096571,0.9719847601155469,0.9346650362050087,0.9764000056189919
MK-1775,EGFR-MAPK signaling,-0.1660598897076747,-0.14974418885265614,6.437569721740033e-08,1.0894665471994358e-06,8.433216335479443e-06,0.0001427201176831261,1.2118517498065678e-06,6.306559426779664e-06,9.82477174615859e-07,8.78277647280776e-06
MK-1775,Ubiquitin regulation of mitophagy,-0.08740353882709549,-0.11905638575414781,0.004428886088867712,0.00010623598964087932,0.5801840776416702,0.013916914642955192,0.01000317375244259,0.00035684396520397927,0.013337565003256786,0.0004798936083777652
MK-1775,NeST:78,-0.04331228077452137,-0.036500583076406974,0.15833952757373293,0.23452908679220097,1.0,1.0,0.22303739905547326,0.3012089251939052,0.26091167436678003,0.34105432417885284
MK-1775,Homologous recombination (HR) and Fanconi Anemia repair,-0.04957953227515825,-0.05451730747803655,0.10637964325272686,0.07586473319092435,1.0,1.0,0.16204341007101417,0.10921186865946252,0.19133729884815404,0.1337319064783748
MK-1775,Immune system,-0.07384151886856866,-0.07473156733570502,0.016197854105392206,0.014967823837287675,1.0,1.0,0.03167043116128924,0.027616689051896976,0.03977575602304173,0.03543587209671118
MK-1775,NeST:80,-0.03281608299596314,-0.007059399043989792,0.28506090990020816,0.817711838704382,1.0,1.0,0.3612590117270422,0.8638729908893068,0.4026197217997549,0.8738565672626027
MK-1775,TGF-beta/Smad signaling,-0.09798461123289326,-0.07384271113298674,0.0014212437948659673,0.0162067866675617,0.18618293712744172,1.0,0.003650645826028269,0.029083411691103876,0.005207914325243125,0.037743805394677025
MK-1775,Extended PRC1 complex,0.16853019624767793,0.11383840700732556,4.1359603075719065e-08,0.0002117037409341549,5.4181080029191975e-06,0.02773319006237429,1.0836216005838396e-06,0.0006764192698140071,6.772635003648997e-07,0.0008757849493381356
MK-1775,TNFR/Traf signaling,-0.04858794114535951,-0.01120791709956586,0.11355721325482127,0.7147236815742728,1.0,1.0,0.1690453970043362,0.7674491990674569,0.20193658284680885,0.7906725034727353
MK-1775,Lymphoid JAK/STAT signaling,-0.00045499656866888996,0.02034919078117369,0.9875192452450872,0.5082046777719251,1.0,1.0,0.9875192452450872,0.5891576352931167,0.991302843885873,0.6130044585377535
MK-1775,Positive regulators of transcription,-0.11515782101986417,-0.13259794472976189,0.00017732752939036978,1.584116482700182e-05,0.02322990635013844,0.0020751925923372383,0.000580747658753461,6.103507624521289e-05,0.0009152480866627837,8.587003830360987e-05
MK-1775,RTK-JAK-STAT signaling,0.09437745571987483,0.07844361449702665,0.002131851769817894,0.010693554676578731,0.2792725818461441,1.0,0.00537062657396431,0.020908293472116625,0.007255541072195547,0.02630714859402467
MK-1775,Nucleolus,-0.05485487427360347,-0.06511122357029232,0.07403486356461775,0.034004090106152685,1.0,1.0,0.11673384299549504,0.05432360736470733,0.14158492156153174,0.06933129655884827
MK-1775,Mediator complex,-0.002965328378262825,-0.001982098092470583,0.9224436544962666,0.9479929267652156,1.0,1.0,0.9367451065039607,0.9702115109862753,0.9459109098944104,0.9695802738288346
MK-1775,G1/S phase,0.1442510564742576,0.20104406192917462,2.6707335514242203e-06,6.026068533060425e-11,0.00034986609523657286,7.894149778309156e-09,2.1866630952285804e-05,1.5788299556618313e-09,2.4128696223211922e-05,1.263063964529465e-09
MK-1775,Polybromo- and BAF containing complex,0.009023530148289364,-0.024859992840523003,0.7696063276935581,0.4180079164239354,1.0,1.0,0.8196620238037081,0.4978094277412322,0.8389883128531715,0.526951439148698
MK-1775,Nuclear pore,0.10460881932018061,0.18850446804211815,0.0006634372641591835,8.519269734108548e-10,0.08691028160485303,1.1160243351682197e-07,0.0018106308667677716,1.5943204788117426e-08,0.002781129011355297,1.4880324468909597e-08
MK-1775,p53 regulation,-0.12454533901016036,-0.12938387606609747,5.016170028193656e-05,2.530750359075462e-05,0.0065711827369336895,0.0033152829703888553,0.0001797833106985399,9.472237058253873e-05,0.00029097488134023717,0.00013217074965005403
MK-1775,Cell projection morphogenesis,0.08395308665619143,0.07924839758225487,0.00629701547911421,0.009915808509078028,0.8249090277639615,1.0,0.013523098815802647,0.01968137749529124,0.018030798421070193,0.024586200278029432
MK-1775,Histone methyltransferase complex,-0.022386938122403024,-0.024865418209003478,0.46566937945267295,0.41790642057421534,1.0,1.0,0.5258852474853462,0.4978094277412322,0.5777681645616431,0.526951439148698
Bleomycin-a2,Cell,0.20646037011940602,0.19869600243605479,1.4741962095499161e-08,4.957918786629989e-08,1.93119703451039e-06,6.4948736104852856e-06,3.218661724183984e-07,9.278390872121836e-07,2.603861170126369e-07,5.647716183030683e-07
Bleomycin-a2,Signaling pathways,0.11422694379709472,0.1678067885501226,0.0017219887718873395,4.117641119627535e-06,0.22558052911724147,0.0005394109866712071,0.007145225164707852,4.7595854392679104e-05,0.006110533520105863,2.6858638340475045e-05
Bleomycin-a2,Chromatin binding,0.08852717155134308,0.1602853924124676,0.015122946704811735,1.0875000044485716e-05,1.0,0.0014246250058276289,0.03962212036660675,0.0001095865389098176,0.03749727479489598,6.216545479975108e-05
Bleomycin-a2,CDK holoenzyme complex II,-0.21053983196173465,-0.12196234822860087,7.717216199409904e-09,0.0008240579648968183,1.0109553221226975e-06,0.10795159340148319,2.1309086686294166e-07,0.003855414050052971,1.479446812862484e-07,0.0028284260279864593
Bleomycin-a2,MAPK and MAP2K activation,-0.035938426300418484,0.0009315488060931043,0.324676844129967,0.9784108361956376,1.0,1.0,0.4340068018472008,0.9932944506386527,0.44331878980820905,0.9878367594730523
Bleomycin-a2,Ubiquitin regulation of p53 activity,-0.00991715271992904,-0.06299492948157481,0.7863275746215943,0.08420560774113284,1.0,1.0,0.8513133245903212,0.16221962667777062,0.8496600434848398,0.1469158883119432
Bleomycin-a2,HDACs deacetylate histones,0.01869961005559289,0.029541195451475318,0.6073034059235931,0.4168036202915655,1.0,1.0,0.7040420015574398,0.5405624044768109,0.706124966059089,0.5262773422476634
Bleomycin-a2,EMT,0.03040791211596484,0.028683621303777808,0.40365796018434286,0.43043283482296,1.0,1.0,0.5129920669069089,0.547443702541823,0.5192719422338683,0.5404476168863364
Bleomycin-a2,Metabolic pathways,0.04001116659302245,0.04944464767451878,0.2719685155330298,0.17445138325799792,1.0,1.0,0.3830954358583538,0.28928014185819906,0.38725951668290115,0.27001732661632405
Bleomycin-a2,CDK holoenzyme complex I,-0.2552601847699568,-0.1688298083860388,2.5364155220586326e-12,3.649360586610584e-06,3.322704333896809e-10,0.0004780662368459865,1.6613521669484044e-10,4.7595854392679104e-05,1.3749121381641967e-10,2.4291781990497846e-05
Bleomycin-a2,Transcription factor (TF) binding,-0.23053079341817942,-0.2581281807965846,2.5668422942715097e-10,1.4379608614945028e-12,3.362563405495678e-08,1.8837287285577986e-10,1.1208544684985592e-08,9.418643642788993e-11,7.57043440281614e-09,4.7093218213944965e-11
Bleomycin-a2,Regulation of TP53 Activity,-0.18339574319209834,-0.23991098686043502,4.907090307426643e-07,4.686917520757561e-11,6.428288302728902e-05,6.139861952192405e-09,7.142542558587668e-06,1.4624436772692206e-09,5.630617491441374e-06,1.083505050386895e-09
Bleomycin-a2,Regulation of E2F transcription via DREAM complex,-0.09659014307077411,-0.027435920064537815,0.008080737727959919,0.4525249331321004,1.0,1.0,0.02442934838685491,0.5688642827482332,0.022169144342675383,0.5610167152079352
Bleomycin-a2,Protein Transport,-0.052543083220021186,-0.10904288759554157,0.14975765766206184,0.002788550522844213,1.0,0.3653001184925919,0.2615767087164014,0.01014722551368311,0.25071250036715786,0.008239852296825381
Bleomycin-a2,Extended cohesin complex,0.07014289374380274,0.060524357853424776,0.05421588409471778,0.09650970297885442,1.0,1.0,0.11643083305586933,0.17806719845394264,0.10884721557713455,0.16472665915609028
Bleomycin-a2,PML body,-0.04112815262712403,-0.044414258926841164,0.259634242512786,0.22359653917130284,1.0,1.0,0.369696584447554,0.36161909421531696,0.37375918427664795,0.3280523835037969
Bleomycin-a2,Extended mismatch repair complex,-0.02024904220811967,-0.06745412468908073,0.5792334830623906,0.06443923483955705,1.0,1.0,0.6835998764069655,0.1300573973329571,0.6800261653279149,0.11796676006393043
Bleomycin-a2,Regulation of beta catenin transcriptional activity,-0.0439447053313566,-0.04190785473000754,0.22838899749037722,0.2508629329901051,1.0,1.0,0.33616807495774625,0.379666792791365,0.340633305554908,0.3608019493691173
Bleomycin-a2,Fas,-0.09640154762077437,-0.04179481417348856,0.008205277320775695,0.25214512193014316,1.0,1.0,0.02442934838685491,0.379666792791365,0.022393569354616998,0.3619836818942329
Bleomycin-a2,BAF (SWI/SNF) complex,-0.11068694829158529,-0.1501255714577354,0.0024023425156984857,3.8341192383439804e-05,0.3147068695565016,0.005022696202230614,0.008741857487680601,0.00033484641348204095,0.00795048933616425,0.0001913408077040234
Bleomycin-a2,Ribosome biogenesis,0.016373155062392692,0.017970523093215698,0.6526328270594655,0.6209299484868982,1.0,1.0,0.7370250029723273,0.7262662790337827,0.7439730269307323,0.7105002268784387
Bleomycin-a2,Homologous recombination,-0.14409022014714168,-0.04222360124733732,7.760133819845194e-05,0.24730563770852942,0.010165775303997204,1.0,0.0005979867825880708,0.379666792791365,0.00043567608445702305,0.35699216021837304
Bleomycin-a2,Cell Proliferation,-0.17271511819466187,-0.1450524915637746,2.1698886283338936e-06,6.947609945506805e-05,0.00028425541031174006,0.009101369028613915,2.0303957879410006e-05,0.0005353746487419949,2.0303957879410006e-05,0.00032797726229239334
Bleomycin-a2,Histone methyltransferase subcomplex,0.09237725081732373,0.02446772363879455,0.011243580794813468,0.5010832840995805,1.0,1.0,0.030685605919178422,0.6063711275388555,0.029311623564588343,0.6063917802960281
Bleomycin-a2,RPA complex associated proteins,-0.007194121722970112,0.0032505598663893093,0.8443089149842644,0.9277433986829475,1.0,1.0,0.8848357429035091,0.9880844327436271,0.8901768037258643,0.9538342856308656
Bleomycin-a2,mTOR regulation of autophagy/ribosome biogenesis,-0.10091644008989231,-0.12475101788640054,0.005651306317408844,0.000623699407456213,0.7403211275805586,0.0817046223767639,0.0180566128678185,0.003142485476029381,0.0163908736733703,0.0022591139827676655
Bleomycin-a2,PIK3/AKT signaling,-0.060072849129567556,-0.0681868447302714,0.09956977490409114,0.06159066093466259,1.0,1.0,0.19051856906285575,0.12806946956255236,0.1809522383228107,0.11364278482034122
Bleomycin-a2,Locomotion,0.08147339156322583,0.043853255273388854,0.025356780815670055,0.22834364297541443,1.0,1.0,0.06257736289449702,0.36479289304608886,0.05853283324850709,0.3327926987362181
Bleomycin-a2,Regulation of adherens junction stability,-0.013722899586914654,-0.08425534428414891,0.7073028120450813,0.020883876849188354,1.0,1.0,0.7813111000141827,0.050662738282290266,0.7888150243675214,0.04716875633178749
Bleomycin-a2,mTOR regulation of mRNA translation,-0.11410403059977642,-0.07189142843665652,0.0017533375943410423,0.04873897781251846,0.22968722485867654,1.0,0.007145225164707852,0.10466895235147407,0.006176344213465481,0.09355027243135411
Bleomycin-a2,SMAD-TGFbeta signaling,-0.039042755814186744,-0.09822122789954592,0.2845968584229599,0.0070761903914116075,1.0,0.9269809412749206,0.39244408898323946,0.01931210294322751,0.402325774677062,0.018295676472531327
Bleomycin-a2,Cellular response to DNA damage,0.1880113340068741,0.23885263835133233,2.490028752077933e-07,5.581846096447407e-11,3.261937665222092e-05,7.312218386346103e-09,4.077422081527615e-06,1.4624436772692206e-09,3.226524795611921e-06,1.2020085018651128e-09
Bleomycin-a2,G1 to S cell cycle control,-0.05993500877143057,-0.03248125771196311,0.10034947530791638,0.3736628607867525,1.0,1.0,0.19051856906285575,0.5008065043411407,0.18215863185224543,0.4849469038386603
Bleomycin-a2,EGFR/PI3K signaling,-0.053204802330928606,-0.09343522846796803,0.1446917207782581,0.010409191109036264,1.0,1.0,0.25614345164799746,0.027272080705675012,0.2451027856286872,0.025647724801575247
Bleomycin-a2,H3 acetylation and H3K4 methylation crosstalk,0.19137321357915324,0.17492481634233875,1.5154520016658068e-07,1.5815900005211603e-06,1.985242122182207e-05,0.000207188290068272,2.83606017454601e-06,2.3020921118696888e-05,2.089728549665481e-06,1.1839330861044115e-05
Bleomycin-a2,Histone modifications in DNA damage response,-0.019820968863411212,-0.05139567505095118,0.5872937537218719,0.158965819051621,1.0,1.0,0.6869239440854037,0.2700271054159556,0.6884606866896216,0.24889867285771733
Bleomycin-a2,NeST:16,0.0034190074606046243,-0.03684874393899449,0.9245116462517311,0.31275548427360866,1.0,1.0,0.9388451601471067,0.4405480477402445,0.9473262264500827,0.4283415217298838
Bleomycin-a2,NeST:163,0.008769767497996723,0.0323047543170022,0.8091419456178186,0.37464914065215105,1.0,1.0,0.8548193135155987,0.5008065043411407,0.8630349257054738,0.4855304609276022
Bleomycin-a2,Transcription coactivator activity,0.08123122536791103,0.07272971458449232,0.025795248826739225,0.045838822070933816,1.0,1.0,0.06257736289449702,0.10177772358122593,0.059283817478997164,0.08889231775619415
Bleomycin-a2,Foxo signaling,0.06364985425796467,-0.02437982186874264,0.08063872036595177,0.5045378084101928,1.0,1.0,0.16505738074905751,0.6063711275388555,0.15181325558715708,0.6091654645321222
Bleomycin-a2,Neg Regulation EGFR,-0.03726571929001064,0.0010001625762833047,0.3071111004897076,0.9769094490585444,1.0,1.0,0.4190786892099135,0.9932944506386527,0.42610648717548133,0.9878367594730523
Bleomycin-a2,RNA processing 1,0.046866735184080056,0.03436070393361121,0.19823337163469823,0.3450652236958689,1.0,1.0,0.3055126080487702,0.4758267821490403,0.3097642745623714,0.4571237232824444
Bleomycin-a2,Phosphatase 2A catalytic subunit,-0.01717789369777461,-0.11244353833458479,0.6381709753061395,0.002046276390501145,1.0,0.26806220715565,0.7269599805661241,0.008376943973614062,0.7333368225009147,0.006295066752602011
Bleomycin-a2,Wnt/beta-catenin,-0.12148263881745965,-0.09994804977395738,0.0008637207824384596,0.006132463445121639,0.11314742249943821,0.8033527113109347,0.004525896899977528,0.018258016166157607,0.003490408920291153,0.01628417658062705
Bleomycin-a2,p53 regulation of cell cycle,-0.053338659400987545,-0.10290815587755256,0.1436831039679316,0.004775121608906474,1.0,0.6255409307667481,0.25614345164799746,0.014893831684922573,0.2439199129995556,0.013009516757713998
Bleomycin-a2,Regulation of immune responses,0.036850666850688676,0.016563198958168067,0.31161341159879274,0.6484458789058509,1.0,1.0,0.4208387311282665,0.7517381428023582,0.4308322630020248,0.7328230924802284
Bleomycin-a2,Regulation of beta catenin transcription,-0.002176198760920266,-0.10543743133111624,0.9531637389715226,0.00383753268886311,1.0,0.5027167822410674,0.960495767732842,0.012890173903617113,0.9673165898406931,0.010791773500702699
Bleomycin-a2,MDM2-p53 pathway,0.012519098431507248,-0.012903853869745954,0.7305575371445516,0.7244491929632357,1.0,1.0,0.7975253113828022,0.8252421241581207,0.8064862699376651,0.8003050817555915
Bleomycin-a2,RNA metabolism,0.12402844965219229,0.1369993457056941,0.0006658082490018646,0.00016981892302458945,0.08722088061924427,0.022246278916221218,0.003792212200836707,0.001112313945811061,0.0027836451261460935,0.0007273987656530098
Bleomycin-a2,Resolution of D-loop structures,0.10580353283436295,0.05471575849884493,0.003692022629539604,0.1329283086043309,0.48365496446968814,1.0,0.01272776222288653,0.2291264266732546,0.011470078208767307,0.21542608363506
Bleomycin-a2,NeST:195,-0.07431776713527002,-0.09379092270054114,0.041579292761848796,0.010120349344153956,1.0,1.0,0.09232012460681681,0.027056444164983026,0.08761749091370818,0.0250538412110394
Bleomycin-a2,Cohesin,-0.021722650892930555,-0.08566703551350485,0.5518913116929469,0.018833635120853343,1.0,1.0,0.6632822186401471,0.046956416346347674,0.6568525322253506,0.043032666293577694
Bleomycin-a2,Oncogene induced senescence,0.1282592634246647,0.11183886373804937,0.00043261594778831736,0.0021416589486515925,0.056672689160269574,0.2805573222733586,0.002576031325466799,0.008501737038586624,0.001910315364952907,0.006562744380663359
Bleomycin-a2,Cytoplasm/extracellular space,0.05627925271261038,0.07187474389686323,0.12239386037723277,0.04844796099886595,1.0,1.0,0.22582529168193652,0.10466895235147407,0.21307103932780722,0.0931053724819282
Bleomycin-a2,Extracellular matrix organization,0.04265888104248468,0.0009580593080800973,0.24152960575358873,0.9778307315218167,1.0,1.0,0.34769646542549587,0.9932944506386527,0.3548453647146182,0.9878367594730523
Bleomycin-a2,MHC class I including non-classical MHCs,-0.18238378800657745,-0.10771445109998637,5.669424791854283e-07,0.0031400147001769962,7.42694647732911e-05,0.4113419257231865,7.42694647732911e-06,0.011117349343869905,6.365954123424952e-06,0.009124035321031863
Bleomycin-a2,Endoplasmic Reticulum protein processing,-0.050233988357922324,0.033041001626672645,0.16849821301780166,0.3638793973414818,1.0,1.0,0.27250945562138296,0.4965437609555637,0.2736355277520498,0.47588886241331896
Bleomycin-a2,Regulation of androgen receptor signaling pathway,-0.0640586255602018,-0.051173205188975855,0.07904062535219114,0.160779497881256,1.0,1.0,0.16435431620852442,0.2700271054159556,0.14898304922499336,0.25148793101426314
Bleomycin-a2,RAS-RAF-MAPK,-0.06433650976924692,-0.12979389204472885,0.07774834977359224,0.0003716370117872181,1.0,0.04868444854412557,0.16427473903775136,0.0020285186893385654,0.1472535010169723,0.0014214437531131553
Bleomycin-a2,Structural constituent of muscle,0.14345222188503975,0.13141240438145532,8.281176281221825e-05,0.00030992600179535756,0.01084834092840059,0.04060030623519184,0.0006026856071333661,0.0018454684652359928,0.0004616315288681102,0.0012163959470593967
Bleomycin-a2,Beta-catenin,-0.061007719377050525,-0.057886268966679,0.0944084108497194,0.11259635748980079,1.0,1.0,0.18738639123201883,0.19899316101695716,0.1731738878130209,0.18651367120544451
Bleomycin-a2,Actin filament-based process,-0.05171045260675084,-0.0620985833747939,0.1563229315615451,0.08871842159139498,1.0,1.0,0.2643760596484556,0.16843642360105424,0.2584013127389578,0.15325863597986034
Bleomycin-a2,MutS homologs,0.049236087862410814,0.06732101229526008,0.17650438343641883,0.06453229638658176,1.0,1.0,0.2785792075924201,0.1300573973329571,0.2830750514980847,0.11796676006393043
Bleomycin-a2,Beta-catenin destruction complex,-0.003956487436850411,0.046000857882083836,0.9143361594885748,0.2063890999452691,1.0,1.0,0.9357659132265883,0.3379621511603782,0.9394355834745356,0.3089939667752029
Bleomycin-a2,Epithelial differentiation,-0.16949145530508708,-0.15803071201063612,3.3437229367550003e-06,1.4633382996898092e-05,0.00043802770471490504,0.00191697317259365,2.920184698099367e-05,0.00013692665518526072,2.904051080982796e-05,8.099886644761901e-05
Bleomycin-a2,Lymphocyte activation,0.029168454884918125,-0.010553405329268763,0.42307051814426844,0.7733212599885211,1.0,1.0,0.5278308369228493,0.8658554278503954,0.536344237518379,0.8430381558265985
Bleomycin-a2,PI3-K/Akt,-0.07200282188561155,-0.08333727468260357,0.04835861699031696,0.022319299884112853,1.0,1.0,0.10558298042885869,0.053160514269432434,0.09898404415205503,0.049208891189095945
Bleomycin-a2,MAPK signaling,-0.047662404854405475,-0.06118583267016253,0.19138181005512145,0.09351209359571144,1.0,1.0,0.2984644894907251,0.17500120372911712,0.3020604471954326,0.16030644616407677
Bleomycin-a2,RNA processing 2,0.00892012406531127,0.05918091646973334,0.8059472384903863,0.1041290175525249,1.0,1.0,0.8548193135155987,0.18686166163535292,0.8618701080999234,0.17488334999206107
Bleomycin-a2,Contractile fiber,-0.06007924428357968,-0.029989914391654316,0.09953371806105649,0.4114855660876868,1.0,1.0,0.19051856906285575,0.5390460915748697,0.1809522383228107,0.5208174797824828
Bleomycin-a2,MutL alpha/beta complex,0.008794324350370074,0.03879825962893556,0.8086199540073657,0.28644597728250076,1.0,1.0,0.8548193135155987,0.41693803360008447,0.8630349257054738,0.3988424059239072
Bleomycin-a2,NeST:29,0.11853097822137638,0.11956559729077787,0.001144028924265461,0.0010313328253963583,0.1498677890787754,0.13510460012692294,0.005550658854769459,0.0045034866708974315,0.0043808970037969245,0.0034276008488859943
Bleomycin-a2,RBL-TP53 complex,0.09510750584635898,0.0825850986763855,0.009056031186418068,0.0233742798190415,1.0,1.0,0.026363113009350375,0.05467911886240066,0.024335181239400344,0.0509630622406841
Bleomycin-a2,Regulation of cellular homeostasis,0.05150438241584492,0.09911180720230431,0.15741475307312625,0.00651481136169374,1.0,0.8534402883818799,0.2643760596484556,0.01855304974743217,0.25966001241443276,0.017125892074552774
Bleomycin-a2,Mismatch and excision repair,-0.12252318441621217,-0.16748225185578763,0.0007792348868793653,4.359925593222513e-06,0.10207977018119685,0.0005711502527121493,0.004253323757549869,4.7595854392679104e-05,0.0031817071225308108,2.808935669076144e-05
Bleomycin-a2,Extracellular matrix,-0.015882597959202417,-0.0418584449770962,0.663761804960391,0.25142281371501696,1.0,1.0,0.743186294442831,0.379666792791365,0.7517532834277628,0.36127665736746495
Bleomycin-a2,Ubiquitin/Proteasome System,-0.017253812491194627,0.014397064192857044,0.6366839783132054,0.6917410483456499,1.0,1.0,0.7269599805661241,0.7948954152042116,0.7326992781173931,0.7701253031156952
Bleomycin-a2,Ribosome abundance control,0.030175240125837045,0.03740204918901869,0.4072608775444162,0.3041168643419936,1.0,1.0,0.5129920669069089,0.4377946069099029,0.5226237546937325,0.42009816409983647
Bleomycin-a2,Epigenetic modification,0.2101471021974918,0.24779588761086838,8.133239193242048e-09,1.0470069256030001e-11,1.0654543343147083e-06,1.3715790725399302e-09,2.1309086686294166e-07,4.571930241799767e-10,1.5220776204495833e-07,2.612531566742724e-10
Bleomycin-a2,Spliceosomal complex,-0.10100262782438459,-0.09886601817649038,0.0056104508864274205,0.006709533431374037,0.7349690661219921,0.8789488795099989,0.0180566128678185,0.018701039989574446,0.016302456180155096,0.017520575671295658
Bleomycin-a2,Interferon signaling,0.11637292139741989,0.1095457753016602,0.001406664619898912,0.002638929585507155,0.18427306520675746,0.3456997757014373,0.006298918597310266,0.009877136448612494,0.005166534538507218,0.007860161623371508
Bleomycin-a2,Transmembrane tyrosine kinase signaling,0.0004954116671682618,0.029281997206599325,0.9883889946479822,0.42089591798957793,1.0,1.0,0.9883889946479824,0.5405624044768109,0.9915427565964442,0.5301669736214876
Bleomycin-a2,Regulation of mRNA processing,0.08000005003964872,-0.007475135731600624,0.028127239582820485,0.8386819954697242,1.0,1.0,0.06699397064271788,0.9079945570787923,0.063410098284849,0.8888194753352905
Bleomycin-a2,Nucleus,0.11237147772888349,0.1160655111736377,0.0020457198121686115,0.0014434914518024478,0.2679892953940881,0.18909738018612066,0.00765683701125966,0.0060999154898748595,0.00703691804098262,0.0046215245666669
Bleomycin-a2,Actin filaments,-0.08473019128490702,0.02456441558585165,0.02016100614693883,0.4993968699958775,1.0,1.0,0.05079022702401898,0.6063711275388555,0.048019851004527034,0.6051815001694502
Bleomycin-a2,Transcription elongation,-0.045995884899746875,-0.04095731186309271,0.20738572829559754,0.2617870339075634,1.0,1.0,0.31227046444509515,0.38970569820330464,0.31896817170493524,0.372087899912016
Bleomycin-a2,Type I interferon signaling pathway,0.050236822301645515,0.03993336821876511,0.16787977542208887,0.2726008370049078,1.0,1.0,0.27250945562138296,0.40124392862520136,0.27291314060343713,0.38398612524347225
Bleomycin-a2,Nuclear transport,-0.030782668155186765,-0.057673177159788834,0.3989707222588277,0.1139273822616167,1.0,1.0,0.5124035746657493,0.19899316101695716,0.5158289484563364,0.1885198367529068
Bleomycin-a2,Mediator/CCR-NOT complex,0.005512981083479262,0.0017772254212198933,0.8790342011400933,0.9599129646692841,1.0,1.0,0.9067203177114348,0.9932944506386527,0.9181672851775593,0.9782430446978844
Bleomycin-a2,Apoptosis Regulation,-0.03438859497927908,0.00025151383854502414,0.3459991854139619,0.9932944506386527,1.0,1.0,0.4532589328922901,0.9932944506386527,0.46358021466139854,0.9971001765031686
Bleomycin-a2,Actin cytoskeleton,-0.08635144697213125,0.008595715334596759,0.017893632346919208,0.8124000387132775,1.0,1.0,0.04596207524404738,0.8868700422619946,0.04341948632710965,0.86995426488915
Bleomycin-a2,NeST:49,0.027114912305153373,-0.04278732033763518,0.4564088092233096,0.24104274935329562,1.0,1.0,0.5640523963042788,0.379666792791365,0.570329608981751,0.34891270900863786
Bleomycin-a2,Cell motility,0.1762216733149587,0.13199255606379792,1.3311999760290405e-06,0.00029145857393064745,0.0001743871968598043,0.038181073184914815,1.4532266404983693e-05,0.0018181463421388007,1.3161297876211646e-05,0.0011511881362285875
Bleomycin-a2,Checkpoint-regulated DNA repair,-0.09487442180611547,-0.12315462096315845,0.009278668019839786,0.0007320238040657845,1.0,0.09589511833261777,0.026424032839108956,0.0035516710493562137,0.024806234910183918,0.002562898485504261
Bleomycin-a2,ECM-cytoskeleton assembly,0.11375255154751576,0.10320383055758066,0.0017999422170638102,0.004612135409882923,0.23579243043535913,0.6041897386946629,0.007145225164707852,0.014736335090113729,0.006302852089962941,0.012675309203384536
Bleomycin-a2,INSR-FOXO,-0.1081598364387703,-0.06924124605798003,0.0030164655876134816,0.05767512581748768,0.3951569919773661,1.0,0.010679918702090976,0.12186195938856269,0.009589937459589314,0.10755076842834004
Bleomycin-a2,Integrator-PP2A complex,0.056913764742653805,-0.007060625696836733,0.11823874888507158,0.8475797548839497,1.0,1.0,0.2212753729134911,0.9101061302442409,0.20787126778804238,0.8936253351291542
Bleomycin-a2,Cell-extracellular matrix interactions,-0.10112540598842655,0.031222778707923764,0.005552710693815577,0.3908294859314898,0.7274051008898406,1.0,0.0180566128678185,0.5171582086568198,0.016164557797552014,0.5015379199055526
Bleomycin-a2,Histone deacetylase binding,-0.28944166829290685,-0.35555573129688633,1.9984014443252818e-15,0.0,2.617905892066119e-13,0.0,2.617905892066119e-13,0.0,1.9634294190495893e-13,0.0
Bleomycin-a2,Histone acetyltransferase complex,0.006238566593605482,0.008774430270906117,0.8633606743641506,0.8085987823341145,1.0,1.0,0.8976210185849502,0.8868700422619946,0.9048019867336299,0.8686206191211658
Bleomycin-a2,Cyclin D associated events in G1,0.03907651652743219,0.002246884018723357,0.283315339785043,0.9496485830801076,1.0,1.0,0.39244408898323946,0.9932944506386527,0.4012357785063852,0.9700114181948858
Bleomycin-a2,Chromosome centrometric region,0.06276778606387165,0.05983158552747746,0.08492554473275638,0.100381109203739,1.0,1.0,0.17115763630755515,0.182637851467914,0.1583664962276311,0.16985909975056804
Bleomycin-a2,Transcription,0.09097883776286908,0.09243040485833642,0.012536382510332622,0.011168843831156572,1.0,1.0,0.03351563487456272,0.02868859886042178,0.03220129625203085,0.02743347266027833
Bleomycin-a2,Nuclear receptor signaling,0.05196162700037623,0.000546516657910316,0.15376357099847593,0.9868372681102333,1.0,1.0,0.2643760596484556,0.9932944506386527,0.2552442804747668,0.9925196324179698
Bleomycin-a2,Culin-RIng uniqutin ligase complex,0.04982604082905411,-0.03719979113531645,0.17138091474416806,0.30816110013188913,1.0,1.0,0.27379146135958554,0.4387946099704073,0.2768867399566621,0.4245655121887202
Bleomycin-a2,Actin and actin-associated proteins,-0.035130285242411075,0.03584739160945412,0.33568614247480655,0.3246278654120551,1.0,1.0,0.4441907541838349,0.45240691881892786,0.4550536711695303,0.43867261373001454
Bleomycin-a2,Mitosis,-0.11617805788319445,-0.14683079476147443,0.001442500442132122,5.6526350961538796e-05,0.18896755791930797,0.007404951975961582,0.006298918597310266,0.0004628094984975989,0.005261277714690709,0.00027174135691602135
Bleomycin-a2,PcG protein complex,0.11750843580283123,0.11078787770204337,0.0012622405395161795,0.0023578104895787266,0.16535351067661952,0.3088731741348132,0.005905482524164983,0.009084505121612152,0.00475999109107982,0.007089445161696675
Bleomycin-a2,Protein nuclear transport,0.02231476869717515,0.08219690318424862,0.5398123841024489,0.024032404944484664,1.0,1.0,0.6555730048718851,0.05523236925837704,0.6462947965034651,0.05218085714465455
Bleomycin-a2,Metabolism,0.11869956293114743,0.1299429331350971,0.0011255519818753612,0.0003617209291311152,0.14744730962567232,0.04738544171617609,0.005550658854769459,0.0020285186893385654,0.004326082434005056,0.0013936894622404734
Bleomycin-a2,Regulation of nuclear protein ubiquitiation,-0.10057278264753854,-0.06337343898248943,0.005816891434394789,0.08235658102688448,0.7620127779057173,1.0,0.018143161378707556,0.16102555394808754,0.01680910539497906,0.1440095054218714
Bleomycin-a2,EGFR-MAPK signaling,0.05113632178423067,0.07631560290711309,0.16040121328813006,0.03614834550360668,1.0,1.0,0.2659817587436081,0.08164540105124957,0.26320533119931155,0.07281980219853107
Bleomycin-a2,Ubiquitin regulation of mitophagy,-0.03125918344796662,-0.09922509970657185,0.39170326501980113,0.006512831419110743,1.0,0.8531809159035073,0.5080507694811283,0.01855304974743217,0.5084702994311538,0.017125892074552774
Bleomycin-a2,NeST:78,0.04634333285407214,0.027118661860716705,0.2032867210135454,0.4559599212867518,1.0,1.0,0.3096576796834238,0.5688642827482332,0.31520988432866615,0.563361462336432
Bleomycin-a2,Homologous recombination (HR) and Fanconi Anemia repair,-0.17839916422307336,-0.2242779929870344,9.93885137079431e-07,7.667704249314511e-10,0.00013019895295740547,1.0044692566602009e-07,1.1836268450673224e-05,1.6741154277670017e-08,1.0145372957719907e-05,1.354340570777799e-08
Bleomycin-a2,Immune system,0.13703463110232672,0.1290548173214357,0.00016986739952784546,0.00039683824658554023,0.022252629338147756,0.05198581030270577,0.0011126314669073877,0.0020794324121082308,0.0008930821139055956,0.0015032041533312513
Bleomycin-a2,NeST:80,0.022278389675597695,0.011354067279986804,0.5404724009630808,0.7542749449137296,1.0,1.0,0.6555730048718851,0.8518104981353326,0.6465925527503524,0.8262858629995701
Bleomycin-a2,TGF-beta/Smad signaling,-0.09315008002288587,-0.10178010182468258,0.010639832057122156,0.005256553682460696,1.0,0.6886085324023512,0.029655702116659625,0.01601415191633375,0.028016442200663367,0.014173760529722496
Bleomycin-a2,Extended PRC1 complex,0.17452613359266203,0.14223098471607973,1.6801027917789924e-06,9.47444325829494e-05,0.000220093465723048,0.012411520668366371,1.6930266594080615e-05,0.000689528926020354,1.6404481917245812e-05,0.0004342222974355582
Bleomycin-a2,TNFR/Traf signaling,-0.07948558000486922,-0.01935673960577316,0.02929685576148411,0.5964194626914074,1.0,1.0,0.06751340250341362,0.7038824289421114,0.06569851249222969,0.6901449045343533
Bleomycin-a2,Lymphoid JAK/STAT signaling,0.13778706651073436,0.08543966666752982,0.00015638280277285865,0.018997634094323868,0.020486147163244484,1.0,0.0010782182717497097,0.046956416346347674,0.0008277231177068478,0.043344384319705546
Bleomycin-a2,Positive regulators of transcription,-0.042899105488416966,-0.020214593695413507,0.23966023997528607,0.5802003535261238,1.0,1.0,0.34769646542549587,0.6909658755629292,0.353420166267495,0.6771157800616678
Bleomycin-a2,RTK-JAK-STAT signaling,-0.0794467183837909,-0.10674400436093559,0.029376060631256307,0.0034217933834870262,1.0,0.44825493323680043,0.06751340250341362,0.011796182453600012,0.0657822896187107,0.009780107634257464
Bleomycin-a2,Nucleolus,-0.013603458652684107,0.0014416310201427326,0.7097406175701355,0.9672515478389399,1.0,1.0,0.7813111000141827,0.9932944506386527,0.790469870880913,0.982017023686361
Bleomycin-a2,Mediator complex,-0.021434789539879217,-0.00884923075803309,0.5571822962430104,0.8093392481576684,1.0,1.0,0.6635534618894032,0.8868700422619946,0.660994988245646,0.8686206191211658
Bleomycin-a2,G1/S phase,0.12880369583648746,0.13711829303720702,0.00040889014356904063,0.00016761713292812175,0.05356460880754432,0.02195784441358395,0.0025506956575021104,0.001112313945811061,0.001824068522546139,0.0007199293250355393
Bleomycin-a2,Polybromo- and BAF containing complex,0.05342675272723605,0.12012492129257313,0.14249740018546286,0.0009766016865566662,1.0,0.12793482093892328,0.25614345164799746,0.004411545549618044,0.242168554693565,0.0032733856103775677
Bleomycin-a2,Nuclear pore,0.044511293780247096,0.02677833644080554,0.2217125061765799,0.4616218331881101,1.0,1.0,0.3300492989674087,0.5704949070532304,0.33416304861896795,0.5687065217646623
Bleomycin-a2,p53 regulation,-0.16104204256171434,-0.19596514078945168,1.0021525607140092e-05,7.663244705469197e-08,0.001312819854535352,1.0038850564164647e-05,8.20512409084595e-05,1.254856320520581e-06,7.327366629964755e-05,8.251110052738066e-07
Bleomycin-a2,Cell projection morphogenesis,0.11308346591060187,0.06561605388658447,0.0019154091038646737,0.07159133342239365,0.25091859260627225,1.0,0.007379958606066831,0.14209794967172074,0.006632209496201029,0.12788815470454867
Bleomycin-a2,Histone methyltransferase complex,0.07790881578934203,0.10443719876934722,0.032505314053764556,0.004146675588638793,1.0,0.5432145021116819,0.07341717484557167,0.013580362552792047,0.07136641577167302,0.011557755364078338
Camptothecin,Cell,0.1764819469201854,0.19266604322819256,6.117926591997502e-07,5.161324456715022e-08,8.014483835516728e-05,6.761335038296679e-06,8.014483835516727e-06,8.451668797870848e-07,6.820837306822747e-06,5.837123774069075e-07
Camptothecin,Signaling pathways,-0.14022637578238428,-0.15714488616388464,7.377832862975886e-05,8.82832979987036e-06,0.00966496105049841,0.0011565112037830172,0.0005086821605525479,6.803007081076572e-05,0.0004156972494838026,5.237031866187248e-05
Camptothecin,Chromatin binding,0.06836033683868922,0.024186705902196952,0.05341073177598088,0.4949322364746207,1.0,1.0,0.09995436946647851,0.5737709998068612,0.1075053397590806,0.6012623460108993
Camptothecin,CDK holoenzyme complex II,0.05077866595910883,0.016438150684610443,0.1513813327012512,0.6430624294269138,1.0,1.0,0.24788693229829883,0.6932653336964413,0.25289208821080433,0.7293608506919975
Camptothecin,MAPK and MAP2K activation,-0.04216381721192466,-0.04569032920363938,0.23318659837306477,0.1959942139945816,1.0,1.0,0.3356862020535328,0.2790787177531543,0.34647384937850456,0.2954006753590434
Camptothecin,Ubiquitin regulation of p53 activity,-0.018778191977835243,-0.03857982590597798,0.5952553647355523,0.2748227376691954,1.0,1.0,0.67807350243789,0.3688626803536522,0.696236185538905,0.38607805506342735
Camptothecin,HDACs deacetylate histones,0.051376406592849685,0.08588575138398653,0.14662301481811824,0.015232048681311339,1.0,1.0,0.2431343663439682,0.033351824485134345,0.2469108540761852,0.035953123914446584
Camptothecin,EMT,-0.0474983873932495,-0.05504267975418711,0.17928399798949357,0.11936264203017322,1.0,1.0,0.2864171187393129,0.1839588953641493,0.28612633993856235,0.19606904208091147
Camptothecin,Metabolic pathways,0.02893370926100978,0.03149880702938598,0.413780333290938,0.37389036097484496,1.0,1.0,0.5217206612095875,0.4577536195112588,0.5301244367835001,0.4849469038386603
Camptothecin,CDK holoenzyme complex I,0.06666657681671691,0.03591807174698711,0.05960368291721574,0.3105115025639602,1.0,1.0,0.109972992424722,0.4027426419393939,0.11712123693232894,0.42663952144993483
Camptothecin,Transcription factor (TF) binding,-0.1415899995916665,-0.13526732854270085,6.272947456320566e-05,0.00013049020983069148,0.008217561167779941,0.017094217487820584,0.0004565311759877745,0.0006331191662155772,0.00035599542965111656,0.0005804594288226903
Camptothecin,Regulation of TP53 Activity,-0.009544347965423245,-0.009549882109190796,0.7869624830241264,0.7861592742040666,1.0,1.0,0.8313877844851658,0.8045848821932244,0.8496600434848398,0.8523050889991675
Camptothecin,Regulation of E2F transcription via DREAM complex,0.0030289471568718898,0.024330366141197095,0.932177494499397,0.492368463612022,1.0,1.0,0.9429509677794882,0.5737709998068612,0.9515474164630209,0.5986103826744769
Camptothecin,Protein Transport,-0.11631957087654649,-0.10985543727412074,0.001008747806248822,0.0018893415240637257,0.13214596261859568,0.24750373965234806,0.0037755989319598767,0.0058929461821987635,0.003964378878557871,0.005858076678162084
Camptothecin,Extended cohesin complex,0.13936093503013822,0.14856995870306047,8.206259722354226e-05,2.681015160210798e-05,0.010750200236284035,0.0035121298598761452,0.0005375100118142018,0.00014633874416150605,0.00045908328411177376,0.00013747959567478608
Camptothecin,PML body,0.07005701456164805,0.08125911134236147,0.04775537329291346,0.02167519894988823,1.0,1.0,0.09199932207899505,0.043632182717522734,0.09813261021759473,0.04839973401878451
Camptothecin,Extended mismatch repair complex,0.004742462294517948,-0.04611637674433866,0.8937702118226503,0.19186092967024937,1.0,1.0,0.9276135671843304,0.27798815647607467,0.929751658781589,0.2900051744631077
Camptothecin,Regulation of beta catenin transcriptional activity,0.30722061384896354,0.2756826651291643,0.0,6.661338147750939e-15,0.0,8.72635297355373e-13,0.0,4.363176486776865e-13,0.0,3.173219263110447e-13
Camptothecin,Fas,-0.12765746685085658,-0.1269726437072558,0.00030794678504086903,0.0003293765418133088,0.04034102884035384,0.04314832697754345,0.0014974137820102928,0.0013483852180482328,0.0014269472510921614,0.0012812783502062115
Camptothecin,BAF (SWI/SNF) complex,-0.11363139845850732,-0.15331995049992267,0.001317689924154708,1.4515989804841922e-05,0.17261738006426675,0.0019015946644342918,0.004555138809863509,9.507973322171459e-05,0.004890941010023059,8.063298930463428e-05
Camptothecin,Ribosome biogenesis,0.08740998798895702,0.06307788762169941,0.013511651415658577,0.07474921482359242,1.0,1.0,0.03218229700820497,0.11941642855964156,0.034237878069971014,0.13247549684632162
Camptothecin,Homologous recombination,-0.01142955465955981,-0.01573673552614926,0.7462869169101731,0.6554430803662734,1.0,1.0,0.8215427404641402,0.6953577133269135,0.8192479283399388,0.7391366731246641
Camptothecin,Cell Proliferation,-0.15836018533896662,-0.13372952145237726,7.59543869710555e-06,0.0001555387704534894,0.000995002469320827,0.020375578929407112,6.499977399820889e-05,0.0007026061699795555,5.824404698463378e-05,0.0006773045627503749
Camptothecin,Histone methyltransferase subcomplex,0.020176966921827178,0.015546047728199576,0.5688371795346838,0.6612412196273647,1.0,1.0,0.6536637764828384,0.6953577133269135,0.6701073048998989,0.7440738706186236
Camptothecin,RPA complex associated proteins,-0.11528188139063575,-0.06827762230878485,0.0011190541716308289,0.05340555348828535,0.14659609648363858,1.0,0.004072113791212183,0.09028787432674583,0.004311649896577605,0.10126803780155326
Camptothecin,mTOR regulation of autophagy/ribosome biogenesis,-0.03650618305114535,-0.06828116137681466,0.30193765364327163,0.05339319626498584,1.0,1.0,0.4077714703842122,0.09028787432674583,0.4196693116951574,0.10126803780155326
Camptothecin,PIK3/AKT signaling,-0.1136032938165132,-0.09588795451242893,0.0013213379753802545,0.0066835299787013636,0.17309527477481335,0.8755424272098786,0.004555138809863509,0.016519668437922238,0.004890941010023059,0.017481712356936015
Camptothecin,Locomotion,-0.10799502538320774,-0.11779115279867625,0.0022671961855456058,0.0008639402561656517,0.29700270030647435,0.11317617355770038,0.006907039542011032,0.0027603944770170823,0.0076154538540121625,0.0029396408716285813
Camptothecin,Regulation of adherens junction stability,-0.05295721745967636,-0.07905476414806899,0.13432891404063207,0.025331220871081417,1.0,1.0,0.22560368896567695,0.04809260774074878,0.22977698897918783,0.05432561965803545
Camptothecin,mTOR regulation of mRNA translation,-0.15802560377998476,-0.15428313950490546,7.938903694437727e-06,1.2820971918348079e-05,0.0010399963839713422,0.0016795473213035983,6.499977399820889e-05,8.839722743703149e-05,6.028964544761404e-05,7.27601727640548e-05
Camptothecin,SMAD-TGFbeta signaling,-0.00959135675956241,0.019354389616233775,0.7859405945465514,0.5851567131723674,1.0,1.0,0.8313877844851658,0.6665698210920011,0.8496600434848398,0.6798716578765421
Camptothecin,Cellular response to DNA damage,0.010068203783634084,-0.010710602672816677,0.7763659043910229,0.7610389531798285,1.0,1.0,0.8313877844851658,0.785008683988642,0.8440160454375436,0.8319563521548612
Camptothecin,G1 to S cell cycle control,-0.12581436821319583,-0.1260136968964014,0.0003759290744977939,0.00036536176593826575,0.049246708759211,0.04786239133791281,0.0017588110271146787,0.001450375495088267,0.0016932965762479428,0.0014042755404766595
Camptothecin,EGFR/PI3K signaling,-0.13195680583121078,-0.15068165731508956,0.00019145308474333156,2.0322397823013816e-05,0.025080354101376434,0.00266223411481481,0.0011943025762560207,0.00012101064158249135,0.0009771566533003804,0.00010792841006005986
Camptothecin,H3 acetylation and H3K4 methylation crosstalk,0.15608961786722825,0.15281273876990434,1.0284551860362257e-05,1.567763553067536e-05,0.0013472762937074556,0.002053770254518472,7.925154668867385e-05,9.779858354849868e-05,7.416199781875903e-05,8.557376060493634e-05
Camptothecin,Histone modifications in DNA damage response,0.13134890531929436,0.12001987503105474,0.0002057507866264352,0.0006942502470352885,0.02695335304806301,0.09094678236162279,0.0012251524112755915,0.0023319687785031485,0.0010425024516251282,0.0024691434125327454
Camptothecin,NeST:16,0.02709420352387524,0.03494274209803453,0.4441115583103581,0.3238509210772209,1.0,1.0,0.5488548503646878,0.40914657242126357,0.558961865223285,0.4381184577740028
Camptothecin,NeST:163,0.04422034697715631,0.05725830040359438,0.21155180218654723,0.1057766060693619,1.0,1.0,0.314923705527701,0.16496113565579057,0.3235013940051092,0.17727166816741674
Camptothecin,Transcription coactivator activity,0.08538607495488983,0.07424638944748352,0.01583100713427621,0.03592712572638446,1.0,1.0,0.03638354271210848,0.06628807704445583,0.0389457640298626,0.0725931126502267
Camptothecin,Foxo signaling,-0.07301903162456472,-0.06992507019542218,0.038993064025484525,0.0479058097482552,1.0,1.0,0.07739532405058291,0.08367548102695242,0.0829431864795524,0.09228913348560928
Camptothecin,Neg Regulation EGFR,-0.09078922566417605,-0.12455496805463759,0.010272940631529615,0.0004272128514632989,1.0,0.055964883541692156,0.025879908129430376,0.0016460259865203576,0.027142665554255367,0.0015993894902208198
Camptothecin,RNA processing 1,0.1255097969606375,0.12284299662968223,0.0003899160034062099,0.0005172627994676215,0.0510789964462135,0.06776142673025842,0.0017613447050418448,0.0018822618536182894,0.0017512798781558914,0.001917776228214861
Camptothecin,Phosphatase 2A catalytic subunit,-0.16492824484153223,-0.173171825268477,3.1327867364705497e-06,9.723592322430363e-07,0.000410395062477642,0.00012737905942383776,3.4199588539803503e-05,1.0614921618653147e-05,2.751251815492572e-05,7.919941518580586e-06
Camptothecin,Wnt/beta-catenin,-0.04511761877255991,-0.10779865281039501,0.20207059655902748,0.00229643584374295,1.0,0.30083309553032644,0.3093586145613431,0.006837115807507419,0.3148215835389407,0.006969106460162002
Camptothecin,p53 regulation of cell cycle,-0.07374879152197732,-0.07998696872963865,0.03707969618966578,0.023656118061734066,1.0,1.0,0.07472984924378795,0.04557281567775239,0.07968032534570652,0.05150611854992514
Camptothecin,Regulation of immune responses,-0.02835594070566401,-0.018450942892098268,0.42259086919883426,0.6010101963144661,1.0,1.0,0.5272324177623552,0.6689214767863692,0.536187687953788,0.6936769666713221
Camptothecin,Regulation of beta catenin transcription,0.009929551923239407,-0.014786413728771451,0.7793706494124215,0.6749630350192091,1.0,1.0,0.8313877844851658,0.7017472824406062,0.8449452833629838,0.7557278426283452
Camptothecin,MDM2-p53 pathway,0.041166592466216845,0.04358448997576559,0.24482924993068655,0.21836361608135157,1.0,1.0,0.3448670079668811,0.3075874592113662,0.35902199709985005,0.32292342848531014
Camptothecin,RNA metabolism,0.1292841125285764,0.10486642947879606,0.00025869875958806077,0.00304233222866368,0.03388953750603596,0.3985455219549421,0.0013555815002414384,0.008303031707394626,0.0012398600122377468,0.008872998633505205
Camptothecin,Resolution of D-loop structures,-0.015253161552207663,-0.04319591905612352,0.6660271443633428,0.22150809666754467,1.0,1.0,0.7521513440654991,0.30869745386647185,0.7532335762152337,0.3263455744717715
Camptothecin,NeST:195,-0.08358766064453192,-0.04825744258975405,0.018129418909888395,0.1720566814453881,1.0,1.0,0.040947480641299654,0.25907385367064184,0.04384530234822239,0.2672659122847333
Camptothecin,Cohesin,-0.11938703126591411,-0.1794664444788195,0.000738768664520606,3.8727150042383585e-07,0.09677869505219938,5.0732566555522496e-05,0.002932687728854527,4.6120515050475e-06,0.003056169317437875,3.4590386287856245e-06
Camptothecin,Oncogene induced senescence,-0.07827078174132734,-0.104048576638401,0.026918902374607034,0.0032512372842705695,1.0,0.4259120842394446,0.05976908832328002,0.0086920833518254,0.061417292500554804,0.009360705148119661
Camptothecin,Cytoplasm/extracellular space,-0.039928166194270476,-0.025224531600830626,0.25889633328018946,0.47494996960919256,1.0,1.0,0.35700441747057704,0.5605265407099479,0.3730385297126103,0.5819340235585743
Camptothecin,Extracellular matrix organization,0.004495635207815396,0.01658386184978414,0.8992894887970226,0.640113035348628,1.0,1.0,0.9276135671843304,0.6932653336964413,0.9325086255863585,0.7265398495076124
Camptothecin,MHC class I including non-classical MHCs,0.031983245654695736,0.01846964604632195,0.36628759889036555,0.6024678884396217,1.0,1.0,0.470428190731744,0.6689214767863692,0.4830571354493747,0.6945420030702588
Camptothecin,Endoplasmic Reticulum protein processing,-0.03925070601947464,-0.09132576769651203,0.26706095084507364,0.009787878888554147,1.0,1.0,0.36442692250734005,0.023312947898192604,0.38165437702586885,0.02430733904076954
Camptothecin,Regulation of androgen receptor signaling pathway,0.06468765797452915,0.07191130767391823,0.06758209973021123,0.04218051069400852,1.0,1.0,0.12296187589802322,0.07674509584604329,0.13115933429122476,0.08267800849249551
Camptothecin,RAS-RAF-MAPK,0.03577616264140265,0.022587129042389128,0.3121842753888706,0.5239538196865057,1.0,1.0,0.417307551795327,0.6020872840257214,0.4312422503614276,0.627800138950781
Camptothecin,Structural constituent of muscle,0.1127686382842682,0.10548164137756465,0.001439011968684456,0.00287476762247052,0.18851056789766374,0.3765945585436381,0.004833604305068301,0.008186838229209525,0.005260760034353407,0.008444436764526223
Camptothecin,Beta-catenin,0.006644446793522964,-0.171281658252591,0.8514321485210044,1.2743471533571693e-06,1.0,0.00016693947708978918,0.8923008916500126,1.284149823767609e-05,0.8946867229111088,1.008710198350471e-05
Camptothecin,Actin filament-based process,-0.10512880409487883,-0.08056395400617813,0.002960713440662399,0.02266819425370814,0.3878534607267743,1.0,0.008252201292059027,0.044321394734862185,0.009479106983139087,0.0498383235899709
Camptothecin,MutS homologs,-0.024063283392166356,-0.08572358706810479,0.4961183789587431,0.015314630266279883,1.0,1.0,0.5908318876690486,0.033351824485134345,0.6055109407788386,0.036093851242266835
Camptothecin,Beta-catenin destruction complex,-0.00976251096587236,-0.0295544289912953,0.7822231303255787,0.4026704842719302,1.0,1.0,0.8313877844851658,0.4839434260515858,0.847453315556037,0.5129643446316647
Camptothecin,Epithelial differentiation,-0.0936550350582458,-0.13623103317348934,0.0081089048120917,0.00011678573470752518,1.0,0.015298931246685799,0.020828755497725737,0.0005884204325648384,0.022207662656111765,0.0005230403845020786
Camptothecin,Lymphocyte activation,-0.004034362871064583,0.018207239386311542,0.9088201976055335,0.6076462270044116,1.0,1.0,0.9301206709869131,0.6689214767863692,0.9357214113185185,0.6982601380489292
Camptothecin,PI3-K/Akt,-0.1065983184389244,-0.18818792685613572,0.0025840543895088164,1.0281317530669298e-07,0.33851112502565495,1.346852596517678e-05,0.007522469445014554,1.4965028850196422e-06,0.008410214286351676,1.056354977660924e-06
Camptothecin,MAPK signaling,-0.2099775792918096,-0.18638117403308443,2.9356197472907297e-09,1.3597815295973703e-07,3.845661868950856e-07,1.781313803772555e-05,9.678414081282227e-08,1.781313803772555e-06,6.543153181711928e-08,1.319491706498189e-06
Camptothecin,RNA processing 2,0.05779737571402161,0.0888221934721773,0.10246033835931012,0.012078855030664526,1.0,1.0,0.17660926743512664,0.027944898821221743,0.18534827606540333,0.029393127102483957
Camptothecin,Contractile fiber,-0.043916984800752935,-0.047080784501225784,0.21433225959930047,0.182742225846376,1.0,1.0,0.3154778203090827,0.26898013017837363,0.3258513656577373,0.27971838269766613
Camptothecin,MutL alpha/beta complex,-0.04584868445326455,-0.09399035779743406,0.19485946009314015,0.007847384077070974,1.0,1.0,0.3075492683397754,0.01903717248326477,0.3057076559545073,0.02015700615875093
Camptothecin,NeST:29,0.12463637829967944,0.08358245091007954,0.0004280927578030891,0.018191532971221447,0.05608015127220467,1.0,0.0018693383757401557,0.038436948697258215,0.0018956670852576228,0.04180861086368438
Camptothecin,RBL-TP53 complex,-0.13008527111441778,-0.16939315530180515,0.0002358641593156463,1.6651351311125495e-06,0.030898204870349666,0.000218132702175744,0.001287425202931236,1.5580907298267427e-05,0.001155073079265408,1.2233361792528043e-05
Camptothecin,Regulation of cellular homeostasis,-0.028872763985177113,-0.04181779190279985,0.414190448593871,0.23658491501067447,1.0,1.0,0.5217206612095875,0.32623814596208794,0.5302177403823821,0.3437259578528468
Camptothecin,Mismatch and excision repair,0.025958577699334757,-0.008603450942892098,0.46345341790918115,0.8068093413011383,1.0,1.0,0.5674055864121751,0.8193180132592955,0.5754729644180353,0.8675131905098423
Camptothecin,Extracellular matrix,-0.18345422314758733,-0.28386398426324094,2.154115368302456e-07,1.1102230246251565e-15,2.8218911324762175e-05,1.454392162258955e-13,4.031273046394597e-06,1.454392162258955e-13,2.894247315360223e-06,6.463965165595355e-14
Camptothecin,Ubiquitin/Proteasome System,-0.13075676825123653,-0.1348811013767209,0.0002189211531766766,0.0001363968899785739,0.028678671066144634,0.017867992587193182,0.0012468987420062884,0.0006381425923997565,0.0010925208025197957,0.0006022918849615679
Camptothecin,Ribosome abundance control,0.10862129174882244,0.07042436003806256,0.0021442319708628865,0.0466243839699394,0.28089438818303814,1.0,0.00668796162340567,0.08253776081164947,0.007280200125694293,0.0901519453883699
Camptothecin,Epigenetic modification,-0.07685182581497739,-0.06817662996348432,0.029811382971788314,0.053759192347222706,1.0,1.0,0.06402116670990605,0.09028787432674583,0.06656746311314095,0.10157385861758907
Camptothecin,Spliceosomal complex,-0.024832963287782686,-0.03772323081754815,0.482452468819178,0.28560790200309727,1.0,1.0,0.5851969760677067,0.37792560770106814,0.592511938268553,0.3983812084728207
Camptothecin,Interferon signaling,0.021040838011642696,-0.008247973824959101,0.5523912516551612,0.8146012233057915,1.0,1.0,0.6461004818466618,0.8208673865619899,0.6568525322253506,0.8711245734943567
Camptothecin,Transmembrane tyrosine kinase signaling,-0.04501577713710804,-0.03618275184804976,0.20309038818530922,0.3057150738168384,1.0,1.0,0.3093586145613431,0.4004867467000583,0.31520988432866615,0.42193511504834935
Camptothecin,Regulation of mRNA processing,0.023338884919376336,0.01631121298627029,0.5098116091990781,0.6456364176409606,1.0,1.0,0.6016695568025155,0.6932653336964413,0.6189655588751897,0.7315961980700921
Camptothecin,Nucleus,0.08938564206700486,0.09605733758958998,0.01154255480676647,0.0066399731219255465,1.0,0.8698364789722466,0.028001382957155693,0.016519668437922238,0.029936728805020164,0.01742577253366771
Camptothecin,Actin filaments,-0.035456328683738415,-0.04598730623016598,0.31604677916225965,0.19310627663605184,1.0,1.0,0.4182033138409698,0.27798815647607467,0.43504863121109644,0.291327319454773
Camptothecin,Transcription elongation,0.20997446260051555,0.16277008245325383,2.955240940849535e-09,4.215681240760105e-06,3.871365632512891e-07,0.0005522542425395738,9.678414081282227e-08,3.451589015872336e-05,6.543153181711928e-08,2.738450789452432e-05
Camptothecin,Type I interferon signaling pathway,0.0895620803854379,0.0887393183426849,0.011379751723882059,0.012159230784806407,1.0,1.0,0.028001382957155693,0.027944898821221743,0.02956854497511173,0.029542984225217426
Camptothecin,Nuclear transport,0.1584316745986486,0.12433315520805502,7.559407941615248e-06,0.0004417735461381689,0.0009902824403515975,0.057872334544100124,6.499977399820889e-05,0.001653495272688575,5.824404698463378e-05,0.0016495677304731626
Camptothecin,Mediator/CCR-NOT complex,-0.0947764822410683,-0.10237143339286468,0.00737989436493347,0.0037853959180895735,0.9667661618062846,0.49588686526973413,0.019335323236125693,0.009917737305394683,0.020511939323436947,0.010702594214454693
Camptothecin,Apoptosis Regulation,-0.07132501437075131,-0.04137536152400238,0.04376008937920428,0.24157555552694943,1.0,1.0,0.08556077177128,0.32964997681281644,0.09131940041361532,0.34936225693501793
Camptothecin,Actin cytoskeleton,-0.11154011544067417,-0.1275218555028992,0.0016160601305550415,0.00031028929692800133,0.21170387710271044,0.040647897897568175,0.0052925969275677606,0.0013483852180482328,0.005786894134926026,0.0012163959470593967
Camptothecin,NeST:49,0.002869854555657193,-0.018237684746382415,0.935752868788805,0.6052125592297288,1.0,1.0,0.9429509677794882,0.6689214767863692,0.9539581775201047,0.6964818031545634
Camptothecin,Cell motility,0.07786679045858054,0.08107008760951188,0.02778783421444153,0.02198262640730153,1.0,1.0,0.060670104701530676,0.043632182717522734,0.06285248256849221,0.04874004049686601
Camptothecin,Checkpoint-regulated DNA repair,-0.024189662729300572,-0.06389372483394505,0.4938603944075668,0.07065517096280383,1.0,1.0,0.5908318876690486,0.1147985638476191,0.6036924883426866,0.1266475812468958
Camptothecin,ECM-cytoskeleton assembly,0.001092476000822277,0.03858254466022603,0.9757683851470764,0.2759430738523505,1.0,1.0,0.9757683851470764,0.3688626803536522,0.9820153018253548,0.3871480569628712
Camptothecin,INSR-FOXO,-0.12763720061745074,-0.1398199294061397,0.00030862726804792295,7.677806528705311e-05,0.04043017211427791,0.010057926552603957,0.0014974137820102928,0.0004023170621041583,0.0014269472510921614,0.0003592116625929985
Camptothecin,Integrator-PP2A complex,0.012541593491602884,-0.004333998959373374,0.7233657484820233,0.9014418729812501,1.0,1.0,0.8030585851791954,0.9014418729812501,0.8015389327390892,0.9359753132936098
Camptothecin,Cell-extracellular matrix interactions,-0.07633656627180953,-0.0705786614739554,0.030925926928415892,0.04585984077625538,1.0,1.0,0.06430629250194415,0.08229642659848567,0.06847261567812646,0.08889231775619415
Camptothecin,Histone deacetylase binding,-0.04956291774510332,-0.12071510267984793,0.16112041344951233,0.0006398903785247434,1.0,0.08382563958674139,0.26057745878871746,0.0022655578266686863,0.2641097913896073,0.002307127695047928
Camptothecin,Histone acetyltransferase complex,0.04505778493753649,0.07628236137868966,0.20302567145609451,0.0311374762519514,1.0,1.0,0.3093586145613431,0.058271562700080486,0.31520988432866615,0.06466065081646975
Camptothecin,Cyclin D associated events in G1,-0.177952238251319,-0.16397038901623284,4.904361528001999e-07,3.534813855177177e-06,6.424713601682619e-05,0.00046306061502821017,7.1385706685362435e-06,3.0870707668547345e-05,5.630617491441374e-06,2.3746698206574882e-05
Camptothecin,Chromosome centrometric region,-0.034037587396895254,-0.060900821720033936,0.3357902408121216,0.08487527270729944,1.0,1.0,0.43552991630087057,0.1339597677669425,0.4550536711695303,0.14792009833245537
Camptothecin,Transcription,0.11082116622971187,0.12040532875832619,0.0017381653989145818,0.0006671442668246819,0.2276996672578102,0.08739589895403332,0.0055536504209222,0.002299892077737719,0.006154045061021898,0.0023889539577412297
Camptothecin,Nuclear receptor signaling,-0.11963440089966829,-0.1068196200306563,0.0007202212455523771,0.002517167581555624,0.0943489831673614,0.3297489531837867,0.002932687728854527,0.00732775451519526,0.0029952058148368698,0.007537118929915125
Camptothecin,Culin-RIng uniqutin ligase complex,0.044725413252263424,0.03193849521639878,0.20637916958329328,0.3672479052133366,1.0,1.0,0.3107548415564531,0.45386297719761415,0.3180667201813108,0.47909851202934867
Camptothecin,Actin and actin-associated proteins,-0.19255220793733113,-0.22582469660108845,5.249072820845413e-08,1.7058066070774203e-10,6.876285395307491e-06,2.2346066552714205e-08,1.3752570790614982e-06,5.586516638178551e-09,8.25154247436899e-07,3.3105283781798825e-09
Camptothecin,Mitosis,-0.059050345588514214,-0.08229207389386546,0.0950264216200869,0.019920724451328198,1.0,1.0,0.16597948309641847,0.04142245877974594,0.1739905735299057,0.04518813685063193
Camptothecin,PcG protein complex,-0.16505715144808253,-0.1963622130659579,3.077782981586452e-06,2.8116154293655882e-08,0.00040318957058782523,3.6832162124689205e-06,3.4199588539803503e-05,5.261737446384172e-07,2.7181319365471364e-05,3.453015199189613e-07
Camptothecin,Protein nuclear transport,-0.10634483636822473,-0.1557470714797992,0.0026457256792848938,1.0601534768062137e-05,0.3465900639863211,0.00138880105461614,0.007534566608398284,7.715561414534111e-05,0.00855777935768694,6.104620020290726e-05
Camptothecin,Metabolism,0.07640170289366024,0.08769116826745042,0.030860987382204774,0.013217436064487886,1.0,1.0,0.06430629250194415,0.029853174559446777,0.06847261567812646,0.03172184655477093
Camptothecin,Regulation of nuclear protein ubiquitiation,-0.12218494191745753,-0.12697726090197015,0.0005526443529395575,0.00032921159327226057,0.07239641023508203,0.043126718718666135,0.00233536807209942,0.0013483852180482328,0.0023607525076657183,0.0012812783502062115
Camptothecin,EGFR-MAPK signaling,-0.02044397019117915,-0.028061645408820952,0.5630506621817866,0.4268124416821304,1.0,1.0,0.6527401481930446,0.5082948169123553,0.6655004819171192,0.5367593266594471
Camptothecin,Ubiquitin regulation of mitophagy,0.05496114564791159,0.015435445992884364,0.12045180716357606,0.6635092684417114,1.0,1.0,0.20492450309647356,0.6953577133269135,0.21054557940368887,0.7455586633240675
Camptothecin,NeST:78,-0.0406519892349957,-0.032714933929584265,0.2503658681784686,0.3543348591983482,1.0,1.0,0.3489141354402062,0.4420749195712725,0.3647591703211795,0.46612083569858015
Camptothecin,Homologous recombination (HR) and Fanconi Anemia repair,0.061298890804822787,0.030143648661951034,0.08327258604939303,0.3948264083101405,1.0,1.0,0.14741498341176335,0.47890981007989264,0.15565339508875842,0.5050179933796102
Camptothecin,Immune system,0.04338255649152432,0.03487301542658661,0.22033755060134896,0.3248186529145909,1.0,1.0,0.3207135458752968,0.40914657242126357,0.3327299407125772,0.43867261373001454
Camptothecin,NeST:80,0.03510436484999075,0.03546493041395377,0.32136235441552885,0.31666327737808864,1.0,1.0,0.4209846842843428,0.40669499349538835,0.44082165893648456,0.4321134305888501
Camptothecin,TGF-beta/Smad signaling,-0.08711780445361428,-0.09894266241041001,0.013788074610549872,0.00513284816974835,1.0,0.6724031102370338,0.03225424596396488,0.013184374710530074,0.03479109677011942,0.013863981654371832
Camptothecin,Extended PRC1 complex,0.10777726010338916,0.10505313289552015,0.0023218810578065074,0.0029905618258814215,0.3041664185726525,0.3917635991904662,0.006912873149378465,0.008303031707394626,0.007765951112493254,0.008754493836658463
Camptothecin,TNFR/Traf signaling,-0.1858741081325085,-0.20222122222065972,1.4889951205354635e-07,1.0751683765519715e-08,1.950583607901457e-05,1.4084705732830827e-06,3.250972679835762e-06,2.3474509554718045e-07,2.0714162207803085e-06,1.4570385240859476e-07
Camptothecin,Lymphoid JAK/STAT signaling,0.04173774517560325,0.04762176972151519,0.23834112979338795,0.1786151250392003,1.0,1.0,0.33937704351015024,0.26589297022880953,0.35246684481204693,0.2750078124991409
Camptothecin,Positive regulators of transcription,0.06423748515337888,0.08563665724477694,0.06951471858522562,0.015530238882390801,1.0,1.0,0.12474559088581584,0.033351824485134345,0.1337953719987869,0.0365264439168954
Camptothecin,RTK-JAK-STAT signaling,0.07604432597292161,0.08200428438169434,0.031653437426083286,0.020499420509479283,1.0,1.0,0.06479062973151423,0.041959751355340406,0.06978850439523553,0.04636703459122508
Camptothecin,Nucleolus,0.09585057315013307,0.06732073800115312,0.0067578032967670065,0.05717740828686968,0.8852722318764779,1.0,0.0180667802423771,0.09481317070354339,0.019210247346325017,0.10687620193455308
Camptothecin,Mediator complex,0.24867517985501975,0.21140327563011818,2.0969892489119957e-12,2.295369228022537e-09,2.7470559160747143e-10,3.0069336887095233e-07,1.3735279580373572e-10,6.013867377419047e-08,1.1773096783177347e-10,3.758667110886904e-08
Camptothecin,G1/S phase,0.15835711898390784,0.14857877121683002,7.634348797580515e-06,2.6780672298887254e-05,0.0010000996924830474,0.0035082680711542302,6.499977399820889e-05,0.00014633874416150605,5.8258234513575575e-05,0.00013747959567478608
Camptothecin,Polybromo- and BAF containing complex,0.09608825944846242,0.10914940492094519,0.006622230010753238,0.002038846954937057,0.8675121314086742,0.26708895109675446,0.0180667802423771,0.006211370955738476,0.018893186164980202,0.006295066752602011
Camptothecin,Nuclear pore,-0.18240508658841761,-0.22992661707283918,2.524570927864289e-07,7.941802770972117e-11,3.307187915502219e-05,1.0403761629973474e-08,4.1339848943777735e-06,3.467920543324491e-09,3.226524795611921e-06,1.6426992047326538e-09
Camptothecin,p53 regulation,-0.014384698213884606,-0.05237569902452972,0.6839629868475703,0.13832575655455015,1.0,1.0,0.7658047117695018,0.21070551289123338,0.7674445505527342,0.22279517346695987
Camptothecin,Cell projection morphogenesis,0.11744374635333588,0.11846341166158073,0.0009039108264912166,0.0008144516143806513,0.11841231827034937,0.10669316148386532,0.00348271524324557,0.002667329037096633,0.0036434559467799807,0.002801570979882678
Camptothecin,Histone methyltransferase complex,0.0687195431387498,0.06391231080048562,0.052168888103361954,0.07098231810425304,1.0,1.0,0.09904528031217995,0.1147985638476191,0.10554632187707207,0.1270890706832412
Methotrexate,Cell,-0.16967645250052638,-0.13702488228555135,3.043623932663664e-06,0.00016334554818109304,0.00039871473517893996,0.021398266811723188,0.00019935736758946998,0.0017831889009769324,2.703150746975864e-05,0.0007087364135740075
Methotrexate,Signaling pathways,-0.08858046058179417,-0.015962605366932142,0.014815582242534209,0.6603490604823454,1.0,1.0,0.05416533682962956,0.7793308731818671,0.0369684052147044,0.7436022371620681
Methotrexate,Chromatin binding,-0.13983517494306638,-0.13265268939486358,0.00011962035962898021,0.0002626782756494084,0.015670267111396408,0.0344108541100725,0.0022954579229878774,0.002024167888827794,0.0006529277963081836,0.0010615173504392543
Methotrexate,CDK holoenzyme complex II,0.10413598429498543,0.11741023212056673,0.004171600300423073,0.0012394153024710697,0.5464796393554225,0.16236340462371013,0.021018447667516253,0.006589676230817121,0.012684246948288338,0.004042242438764568
Methotrexate,MAPK and MAP2K activation,0.01335360342449548,-0.012173689310288576,0.7133136220056306,0.7374754733669167,1.0,1.0,0.857285178740712,0.8474498860619832,0.7927145739335655,0.8129813773722251
Methotrexate,Ubiquitin regulation of p53 activity,-0.048385065348816966,-0.04396741546519028,0.18317018726147838,0.22633928987411434,1.0,1.0,0.3528719784007892,0.3953392929801197,0.2917361037234488,0.3309817336577746
Methotrexate,HDACs deacetylate histones,0.027281763891011807,0.04517769629732179,0.45290471356272244,0.2140387792625411,1.0,1.0,0.644896929094746,0.38409698744373816,0.5677561481025516,0.31772328706394204
Methotrexate,EMT,-0.03746136631702183,-0.01735176253741762,0.30275663198614855,0.6329015074263564,1.0,1.0,0.4896434418541415,0.7606430960812174,0.4204358882351816,0.7209573693291538
Methotrexate,Metabolic pathways,0.011229316358924704,0.03636616300569229,0.7573450471114624,0.31724698534280993,1.0,1.0,0.9019291015600144,0.4981948383161185,0.8290431366902725,0.4325344847865544
Methotrexate,CDK holoenzyme complex I,0.07817326712596102,0.08270910418704955,0.03150493554621092,0.022904494190411295,1.0,1.0,0.08972057731638328,0.06667752753208621,0.06960366851732437,0.05014744410491164
Methotrexate,Transcription factor (TF) binding,0.08419557535944937,0.1530497995500786,0.02054117002606004,2.5526450490476194e-05,1.0,0.0033439650142523814,0.06515406926142835,0.0004777092877503402,0.04870395065002472,0.00013287278202327342
Methotrexate,Regulation of TP53 Activity,0.04580868917886163,0.12685290241255603,0.20757279876218115,0.0004840730934332349,1.0,0.06341357523975377,0.36745995456548286,0.003210255920261551,0.31896817170493524,0.0018032296276707233
Methotrexate,Regulation of E2F transcription via DREAM complex,0.004156120660682941,0.06451744670448796,0.9089354930555837,0.07596857028319892,1.0,1.0,0.9533935470624793,0.1715841846051562,0.9357214113185185,0.1337319064783748
Methotrexate,Protein Transport,-0.07055500027283278,-0.058186734250254585,0.052262522190644534,0.10937347053667601,1.0,1.0,0.13972225320355988,0.23109555871458964,0.10559985203559538,0.18213463525810877
Methotrexate,Extended cohesin complex,0.12392756733826163,0.06610325212309916,0.0006511466205425531,0.06903394692899112,0.08530020729107446,1.0,0.007754564299188587,0.16340425337643688,0.0027369050467724427,0.1245939891760896
Methotrexate,PML body,0.07845549804295783,0.012262521305798923,0.030896713722582847,0.7360860353504051,1.0,1.0,0.08972057731638328,0.8474498860619832,0.06847261567812646,0.8120191211023415
Methotrexate,Extended mismatch repair complex,-0.026927651684335526,-0.006282618084455669,0.4588442554407419,0.862545171909048,1.0,1.0,0.6463290049756687,0.9018255241287081,0.5715556018643789,0.9039473401606822
Methotrexate,Regulation of beta catenin transcriptional activity,0.04847513086836669,0.09554000974203743,0.18232741317405998,0.008588808951943028,1.0,1.0,0.3528719784007892,0.034094968869834444,0.2906883301314628,0.02181196716066953
Methotrexate,Fas,-0.08704674839902586,0.006079852992966636,0.01663566635825675,0.8674047025970779,1.0,1.0,0.05734927086662196,0.9018255241287081,0.040581770193968233,0.9078296887367553
Methotrexate,BAF (SWI/SNF) complex,0.12253363254084558,0.05132060512829259,0.0007489164085581201,0.15808915044798377,0.09810804952111374,1.0,0.008175670793426145,0.29585255298122676,0.0030900173077516137,0.24782330211569523
Methotrexate,Ribosome biogenesis,0.13080143093907234,0.12673232895959285,0.00032009790250020487,0.0004901154076735192,0.04193282522752684,0.06420511840523102,0.0046592028030585375,0.003210255920261551,0.0014627729730532619,0.001821421798729958
Methotrexate,Homologous recombination,0.070177370156464,0.13524044477772362,0.053524580204423966,0.00019909720307120793,1.0,0.02608173360232824,0.14023440013559077,0.0018629809715948742,0.10759672644674485,0.0008279915429310552
Methotrexate,Cell Proliferation,0.1396083842068452,0.12171169556569773,0.0001226580569535507,0.0008140175958064599,0.01606820546091514,0.10663630505064625,0.0022954579229878774,0.004636361089158532,0.0006670292898211072,0.002801570979882678
Methotrexate,Histone methyltransferase subcomplex,0.06720197999258891,0.05356270375442891,0.06448531215192022,0.1406950950979795,1.0,1.0,0.16245338253656824,0.27925844633083813,0.1260832222671873,0.2263794160634839
Methotrexate,RPA complex associated proteins,-0.016386569911200626,-0.007637388676033914,0.652162531931737,0.833351690471396,1.0,1.0,0.830565401884796,0.9007414384333255,0.7439730269307323,0.8863524069154496
Methotrexate,mTOR regulation of autophagy/ribosome biogenesis,0.014925570531907184,0.034072567171240575,0.6813253953378466,0.3487407965871854,1.0,1.0,0.830565401884796,0.4981948383161185,0.765505599105067,0.4606895228866012
Methotrexate,PIK3/AKT signaling,-0.03178531625550866,-0.035918476199534685,0.3819067375564762,0.32294866897244967,1.0,1.0,0.5885856778811575,0.4981948383161185,0.4982219016089466,0.4376511272626646
Methotrexate,Locomotion,0.027432723025123146,0.035882050672839685,0.4504084723236459,0.3237341457941829,1.0,1.0,0.644896929094746,0.4981948383161185,0.5650775087731615,0.4381184577740028
Methotrexate,Regulation of adherens junction stability,0.07873936580024683,0.09436654018347967,0.03029516020023726,0.009439306717092144,1.0,1.0,0.08972057731638328,0.03532997656968774,0.06755176146776308,0.023590763369266854
Methotrexate,mTOR regulation of mRNA translation,-0.0540276160419998,-0.035456764738999044,0.13720320822476495,0.32920575755000625,1.0,1.0,0.2898971012491001,0.4981948383161185,0.23443852535796791,0.44345454230386444
Methotrexate,SMAD-TGFbeta signaling,0.015208727524443463,0.021039475145081813,0.6756217952082748,0.5629302208048497,1.0,1.0,0.830565401884796,0.7229790090728951,0.7618920100913975,0.6599003035833138
Methotrexate,Cellular response to DNA damage,-0.08080334914098138,-0.08347792526978069,0.026222338802522227,0.02163158926134834,1.0,1.0,0.07988666007280028,0.06440314075537801,0.060177396492795535,0.048371064464921176
Methotrexate,G1 to S cell cycle control,-0.047289246893960184,-0.04433698852839756,0.19328905493064052,0.22246125147851403,1.0,1.0,0.3585251743854668,0.39381653977953157,0.30415454889986676,0.3271366579272442
Methotrexate,EGFR/PI3K signaling,0.02395266473792108,0.019974152479321248,0.5098984724830602,0.5828766837383696,1.0,1.0,0.6957989572425092,0.7413285977643342,0.6189655588751897,0.6786951202507042
Methotrexate,H3 acetylation and H3K4 methylation crosstalk,-0.029642717299247123,-0.05259604962958725,0.4148180231548715,0.14783642678252673,1.0,1.0,0.6238241344261523,0.28480252806633827,0.530589041822179,0.23545984083296048
Methotrexate,Histone modifications in DNA damage response,-0.006112579989039388,0.0070855502126092144,0.866491575718713,0.8456883675674016,1.0,1.0,0.9468314140435578,0.9007414384333255,0.9074781858959473,0.8922296065878894
Methotrexate,NeST:16,0.06873155207521994,0.10247967875110149,0.058639162230437414,0.0048186766500109,1.0,0.6312466411514279,0.15062216180759413,0.019806767808655132,0.11551474063439551,0.013101952244937962
Methotrexate,NeST:163,-0.09263610431537846,-0.03482292751048787,0.010820930737592827,0.33792255493585266,1.0,1.0,0.044298185207020634,0.4981948383161185,0.02839816881384962,0.45209723945460456
Methotrexate,Transcription coactivator activity,0.003124131073603447,-0.0539354178993633,0.9314737924779788,0.1377924708085987,1.0,1.0,0.9608115497213797,0.2777048257834835,0.9514469147338419,0.2221638606267868
Methotrexate,Foxo signaling,-0.06219238773414803,-0.04139823103920801,0.0870987116955706,0.25463457242480403,1.0,1.0,0.20017423214245172,0.43320946737206917,0.16184299620028011,0.3638959525925381
Methotrexate,Neg Regulation EGFR,-0.008935241349333673,-0.029172975637232833,0.8058605737839084,0.4220625350213911,1.0,1.0,0.914494623143372,0.5759395009146067,0.8618701080999234,0.5312108126930559
Methotrexate,RNA processing 1,-0.009839075347143728,0.0009188352885487912,0.7866720655113728,0.9800736722311392,1.0,1.0,0.914494623143372,0.9800736722311392,0.8496600434848398,0.9882461916275502
Methotrexate,Phosphatase 2A catalytic subunit,-0.029374211967078588,-0.017562600760012276,0.41905743381298777,0.6287783098578119,1.0,1.0,0.6238241344261523,0.7606430960812174,0.5332637152873284,0.7173000748160234
Methotrexate,Wnt/beta-catenin,-0.04618205845027024,-0.057251849136214235,0.20392395188438517,0.11518792592656246,1.0,1.0,0.3659457218747186,0.23951775073618545,0.31520988432866615,0.1902052726434414
Methotrexate,p53 regulation of cell cycle,0.11981234013053865,0.18073526633941464,0.000980192546882197,6.636144509464259e-07,0.1284052236415678,8.69334930739818e-05,0.00973557844564237,4.34667465369909e-05,0.003910818994159426,5.638929280474495e-06
Methotrexate,Regulation of immune responses,0.1026562905112378,0.13566363665707953,0.004740201021383061,0.000190115486688347,0.620966333801181,0.024905128756173456,0.022998753103747445,0.0018629809715948742,0.0140596151049324,0.0007998722932791699
Methotrexate,Regulation of beta catenin transcription,0.04421307228063694,0.09066805421655849,0.22384348251689268,0.012632166722759575,1.0,1.0,0.38492769799351134,0.04354773264951327,0.3364072222911619,0.03045669645426082
Methotrexate,MDM2-p53 pathway,0.11374994434498804,0.19403416551839234,0.0017518088692778377,9.419928770348918e-08,0.22948696187539674,1.2340106689157082e-05,0.012467483739356518,1.2340106689157082e-05,0.006176344213465481,9.7421894914398e-07
Methotrexate,RNA metabolism,-0.06629418899795869,-0.1344023545769053,0.06819023743058406,0.0002175578730130301,1.0,0.028500081364706942,0.16854568119634925,0.001900005424313796,0.13217639117247612,0.0008976403579435257
Methotrexate,Resolution of D-loop structures,0.1157017950527628,0.06754241862108193,0.0014572354196213944,0.06319899060712997,0.19089783997040266,1.0,0.011229284704141333,0.15620882584026463,0.005277891304354115,0.11633350495832355
Methotrexate,NeST:195,-0.05173627071800902,-0.0661571464727326,0.15466345894996647,0.06871617351797288,1.0,1.0,0.31170635572993244,0.16340425337643688,0.2564672547145014,0.12430589731904874
Methotrexate,Cohesin,0.16304602175067648,0.14860095324391012,7.273124477791271e-06,4.356591040255431e-05,0.0009527793065906565,0.0057071342627346144,0.00031759310219688547,0.000634126029192735,5.660075088657365e-05,0.00021468843621572217
Methotrexate,Oncogene induced senescence,0.10492071430165265,0.12378538812590376,0.0038958506619211075,0.000661565330070335,0.5103564367116651,0.08666505823921389,0.020414257468466604,0.0041269075352006615,0.01196147898542965,0.0023743851572387365
Methotrexate,Cytoplasm/extracellular space,-0.14857955229911562,-0.15788265687405967,4.361109764361437e-05,1.4013672300361435e-05,0.005713053791313483,0.001835791071347348,0.0011426107582626966,0.00030596517855789135,0.00026166658586168623,7.84401784321124e-05
Methotrexate,Extracellular matrix organization,-0.006074005634284036,-0.006742593684036853,0.8673264861467704,0.8526101576858724,1.0,1.0,0.9468314140435578,0.9007414384333255,0.9077478270457544,0.8964528852300286
Methotrexate,MHC class I including non-classical MHCs,0.04353290891966996,0.0335957013690391,0.23104952922858946,0.35553006850672686,1.0,1.0,0.38804472216596436,0.5008004190793679,0.34394873101074114,0.4669116689161024
Methotrexate,Endoplasmic Reticulum protein processing,0.02870638331096534,0.08375130959343258,0.4296601452797124,0.021239772611280516,1.0,1.0,0.6324211127150823,0.06440314075537801,0.5433835465645277,0.04762772065276331
Methotrexate,Regulation of androgen receptor signaling pathway,-0.09101563563476663,-0.0655958847641266,0.012285046065246163,0.071099560629442,1.0,1.0,0.04876791013779538,0.16340425337643688,0.03165916789273274,0.12715416303695432
Methotrexate,RAS-RAF-MAPK,-0.03348718837241761,-0.06101062182961701,0.3569418657464223,0.09321040559337712,1.0,1.0,0.5633660772624255,0.206958697164956,0.47511652239913277,0.15999073813395936
Methotrexate,Structural constituent of muscle,-0.050025702654245656,-0.03910672925924104,0.16876216862637028,0.2818712167671309,1.0,1.0,0.33496733469779555,0.47339909482684805,0.273654663350942,0.39351825289336567
Methotrexate,Beta-catenin,0.015497109780194453,-0.011224586668430816,0.66983202305574,0.7572541603367884,1.0,1.0,0.830565401884796,0.8626112609053851,0.7564482329336374,0.8283949478423321
Methotrexate,Actin filament-based process,0.06503345496597551,0.10661703445266561,0.07359030642670139,0.0033599568620374942,1.0,0.44015434892691174,0.1785246322573682,0.015194788923144542,0.14107800207655435,0.009631669481337524
Methotrexate,MutS homologs,0.11222598646178139,0.08745985253255019,0.002018843274879112,0.01614076943063436,0.26446846900916365,1.0,0.013223423450458183,0.05157172671739271,0.006959696552872728,0.03769375053373146
Methotrexate,Beta-catenin destruction complex,0.02820385880210057,0.009910677692653391,0.437779329988508,0.7853592113092234,1.0,1.0,0.6372121358721616,0.8793338177906689,0.5523187052503488,0.8520253141325737
Methotrexate,Epithelial differentiation,0.025057989780660855,-0.034129519942555676,0.49056911487666355,0.34762680590277384,1.0,1.0,0.683665468604712,0.4981948383161185,0.600603308867691,0.4599910259925593
Methotrexate,Lymphocyte activation,0.11620698456736307,0.10660435991236326,0.0013888141662423692,0.003363731899016731,0.18193465577775036,0.44064887877119174,0.011229284704141333,0.015194788923144542,0.00512491988106339,0.009631669481337524
Methotrexate,PI3-K/Akt,-0.02435845030482839,-0.012762421707332492,0.5028124891294359,0.7252925217678532,1.0,1.0,0.6933519586942747,0.8474498860619832,0.613204990621779,0.800674047906647
Methotrexate,MAPK signaling,0.061519711892631265,0.03491820698954332,0.09055313927448294,0.33690523076103385,1.0,1.0,0.20449214421575748,0.4981948383161185,0.16766729674851258,0.4511201215982497
Methotrexate,RNA processing 2,-0.09738049670403576,-0.08821632971516079,0.007385342021033914,0.015218857115447237,0.9674798047554427,1.0,0.032249326825181425,0.051119750823681746,0.020511939323436947,0.035953123914446584
Methotrexate,Contractile fiber,0.08534394440958483,0.0720369759323843,0.01887930670356308,0.04754261685327288,1.0,1.0,0.06182972945416909,0.12710373077099485,0.04551881923006314,0.09170183275257052
Methotrexate,MutL alpha/beta complex,0.0710187392190867,0.059671281113189444,0.050723590134295726,0.1007446508316745,1.0,1.0,0.1384331314081821,0.2163532665401534,0.10342086081856405,0.1702909581799917
Methotrexate,NeST:29,-0.11039312525158226,-0.07567016046339993,0.002389970037376843,0.03734393087589338,0.3130860748963664,1.0,0.013612438038972453,0.10191781134879235,0.007926229744211808,0.07449829865089391
Methotrexate,RBL-TP53 complex,0.03382102093445431,0.09157191426020658,0.35212261249475896,0.011774230605830827,1.0,1.0,0.5625373443513831,0.042845116926773286,0.46989468966248654,0.028785521792171163
Methotrexate,Regulation of cellular homeostasis,-0.11920503902919144,-0.16334425405708247,0.0010404434980075816,6.993205444727479e-06,0.1362980982389932,0.0009161099132592998,0.00973557844564237,0.00018322198265185996,0.004048458363534451,4.234997385664198e-05
Methotrexate,Mismatch and excision repair,0.04531978372677095,0.036203708463034404,0.21246436654908352,0.31941432608117504,1.0,1.0,0.37110442690573253,0.4981948383161185,0.32426600409238765,0.4344312097028808
Methotrexate,Extracellular matrix,-0.023433554880457515,0.041991647505494105,0.5191691575110045,0.24813623355197745,1.0,1.0,0.7011459756076452,0.42770850783301373,0.6274534722051293,0.35782772378374855
Methotrexate,Ubiquitin/Proteasome System,-0.11054011975812218,-0.14026209764551265,0.00235810368833711,0.00011389577958542674,0.3089115831721614,0.014920347125690903,0.013612438038972453,0.0013563951932446276,0.007853684317936307,0.0005130205315423806
Methotrexate,Ribosome abundance control,0.06406922725335133,0.05232412563340499,0.07796363267163264,0.1501124887022378,1.0,1.0,0.18237921214256922,0.2849961742027993,0.14748355061348556,0.23787987120959458
Methotrexate,Epigenetic modification,-0.001983600542146392,-0.030103948175788545,0.9565161396128878,0.40741053460200694,1.0,1.0,0.9676908803282664,0.5617976845564517,0.969467035120219,0.5177440261878374
Methotrexate,Spliceosomal complex,0.09612237785369372,0.132985616504588,0.008182946556584358,0.00025406317327458794,1.0,0.03328227569897102,0.03457954835201777,0.002024167888827794,0.0223714643251315,0.0010293487329578665
Methotrexate,Interferon signaling,-0.09879353059704314,-0.10858200149975632,0.00657129040693083,0.0028137275771384918,0.8608390433079387,0.3685983126051424,0.029684104941653057,0.013651789355746015,0.018781942763082298,0.008298648689046359
Methotrexate,Transmembrane tyrosine kinase signaling,-0.10195594796594398,-0.13175205309298804,0.005034416629268401,0.0002891908923130515,0.6595085784341606,0.03788400689300975,0.023553877801220018,0.0021046670496116526,0.01487613334813896,0.0011451085206955088
Methotrexate,Regulation of mRNA processing,0.11164896587778214,0.11725899179074158,0.0021293479952357863,0.0012575717997742597,0.278944587375888,0.16474190577042802,0.013283075589328,0.006589676230817121,0.007255541072195547,0.004092966602992001
Methotrexate,Nucleus,-0.11341398637967175,-0.10241040963301433,0.001808261000364686,0.004838294426541712,0.23688219104777386,0.6338165698769642,0.012467483739356518,0.019806767808655132,0.006302852089962941,0.0131134462733165
Methotrexate,Actin filaments,0.08396547495942891,0.0906874242205423,0.0208890909082442,0.012613215582672588,1.0,1.0,0.06515406926142835,0.04354773264951327,0.049177359785562806,0.03045669645426082
Methotrexate,Transcription elongation,0.08911937305909648,0.11058978645039015,0.01421555674668129,0.0023499588192814613,1.0,0.30784460532587143,0.05416533682962956,0.011840177127918131,0.035754968329252776,0.007089445161696675
Methotrexate,Type I interferon signaling pathway,0.06430314137434404,0.04838328041322418,0.07688371965973473,0.18328058635813282,1.0,1.0,0.18237921214256922,0.333468844623825,0.1459676416728297,0.27999716399901337
Methotrexate,Nuclear transport,0.017503277347174627,0.0346195562453322,0.6301118726418506,0.3410553059504249,1.0,1.0,0.8254465531608244,0.4981948383161185,0.7269568136847547,0.4542889181082709
Methotrexate,Mediator/CCR-NOT complex,-0.13171628571231908,-0.0949881988319612,0.00029058978981555406,0.008964039773138088,0.03806726246583758,1.0,0.0046592028030585375,0.03453791794944381,0.0013717932420121651,0.022618732782300283
Methotrexate,Apoptosis Regulation,-0.00242920708130065,0.02288284926531545,0.9467529938771757,0.5292143400441658,1.0,1.0,0.9676908803282664,0.6932707854578573,0.9620528160148158,0.6316818090732184
Methotrexate,Actin cytoskeleton,0.047177299794374024,0.048513690411595915,0.1943151708501385,0.18210250568052144,1.0,1.0,0.3585251743854668,0.333468844623825,0.30526172119325823,0.2790108566567054
Methotrexate,NeST:49,0.0881547329220021,0.05292481618369068,0.015298606585467889,0.14548684585413074,1.0,1.0,0.05416533682962956,0.2844593553267333,0.03781353703200554,0.2324241074011113
Methotrexate,Cell motility,-0.08835177971831673,-0.12308583616125977,0.01507531205846746,0.0007081929228989203,1.0,0.09277327289975856,0.05416533682962956,0.004216966949989026,0.0374382157281372,0.002501751179319332
Methotrexate,Checkpoint-regulated DNA repair,0.007829331411977176,0.07717708064530328,0.829429339607076,0.03376741577305542,1.0,1.0,0.9220551887053359,0.09616372752761436,0.8792062858141089,0.06893815272109496
Methotrexate,ECM-cytoskeleton assembly,0.01603972653992676,0.001175439622974307,0.6589912945052578,0.974443564261614,1.0,1.0,0.830565401884796,0.9800736722311392,0.7468884750989656,0.9864896290436437
Methotrexate,INSR-FOXO,-0.04398692152053583,-0.030783358642691196,0.2262552117977128,0.39691169576863494,1.0,1.0,0.38492769799351134,0.5531428951669274,0.33873637423429004,0.5072725087384504
Methotrexate,Integrator-PP2A complex,0.053414225748618635,0.038789535111500614,0.14169709804945207,0.28606299425539783,1.0,1.0,0.29463999753140035,0.4743576233855331,0.24106908888932757,0.39866225795167143
Methotrexate,Cell-extracellular matrix interactions,0.05624043397958398,0.06807802816224993,0.12180271121154163,0.06113420669271585,1.0,1.0,0.26157631424117955,0.15401117455280341,0.2122770088963896,0.1130623210834698
Methotrexate,Histone deacetylase binding,0.15391681229196308,0.17573821861182126,2.2917799811894568e-05,1.3364749518185448e-06,0.0030022317753581884,0.00017507821868822937,0.0007505579438395471,5.835940622940979e-05,0.00014704808695631944,1.0406563516186068e-05
Methotrexate,Histone acetyltransferase complex,0.016399668532058147,-0.033970482015109736,0.651839302889486,0.34987729103116716,1.0,1.0,0.830565401884796,0.4981948383161185,0.7439730269307323,0.46165525372801314
Methotrexate,Cyclin D associated events in G1,-0.037551955040238165,-0.06587624008494478,0.30158890083804946,0.06990069945643773,1.0,1.0,0.4896434418541415,0.16340425337643688,0.41955553284726876,0.1255815994805944
Methotrexate,Chromosome centrometric region,0.0746489744832148,0.06876934167569738,0.04000660218925378,0.05855208837240067,1.0,1.0,0.11150776354877118,0.15039850150557818,0.0846438474313687,0.10879891598275869
Methotrexate,Transcription,-0.17358860187361402,-0.14139429228804232,1.792797587274464e-06,0.00010022252368679929,0.00023485648393295477,0.013129150602970707,0.00019935736758946998,0.0013129150602970707,1.7290047896904645e-05,0.00045703285570079886
Methotrexate,Nuclear receptor signaling,0.00027577057265475554,0.0033830139034609747,0.9939116658366673,0.9260894538842523,1.0,1.0,0.9939116658366672,0.943395434411648,0.9958120705514603,0.9527569512474114
Methotrexate,Culin-RIng uniqutin ligase complex,-0.004123045410760647,-0.018107936633194904,0.9097266670443505,0.6181674142922218,1.0,1.0,0.9533935470624793,0.760301644650292,0.9359229846817532,0.7082792822648488
Methotrexate,Actin and actin-associated proteins,-0.003321947116193478,-0.019140829007790558,0.927218752310135,0.5982879612924397,1.0,1.0,0.9608115497213797,0.7464354564696152,0.9477164360413084,0.6915504964350847
Methotrexate,Mitosis,0.11791755238979922,0.15064830480296607,0.001178536238102712,3.4125667276896365e-05,0.15438824719145527,0.004470462413273424,0.010292549812763684,0.000558807801659178,0.004475021657723341,0.00017084569732255122
Methotrexate,PcG protein complex,0.010212380849642556,-0.08371064085107113,0.7787160806325111,0.021268867619745446,1.0,1.0,0.914494623143372,0.06440314075537801,0.8448182738124964,0.04762772065276331
Methotrexate,Protein nuclear transport,0.014756438373344125,-0.016564590924596556,0.6847409420118928,0.6483958113531174,1.0,1.0,0.830565401884796,0.7721804662478035,0.7677694442529924,0.7328230924802284
Methotrexate,Metabolism,0.020862687135925404,0.0074607441589071045,0.5659754414767559,0.8376157017899788,1.0,1.0,0.7565590085046432,0.9007414384333255,0.6684548414736742,0.8888194753352905
Methotrexate,Regulation of nuclear protein ubiquitiation,-0.009160503543692586,-0.019227511842119203,0.8010667905493387,0.5966329041108054,1.0,1.0,0.914494623143372,0.7464354564696152,0.8595747404392904,0.6901449045343533
Methotrexate,EGFR-MAPK signaling,-0.00875125032605602,-0.028236437322283484,0.809781498355963,0.43710923230347465,1.0,1.0,0.914494623143372,0.5903227776469606,0.8630349257054738,0.5447209694922763
Methotrexate,Ubiquitin regulation of mitophagy,-0.015014638905116442,-0.0081914038539888,0.6795938782923099,0.8214769084882776,1.0,1.0,0.830565401884796,0.9007414384333255,0.7650661994170889,0.8765815227211833
Methotrexate,NeST:78,-0.007780125038394146,-0.08747875412960977,0.8305535287574781,0.016091306236158065,1.0,1.0,0.9220551887053359,0.05157172671739271,0.8793020686678732,0.03764216280244118
Methotrexate,Homologous recombination (HR) and Fanconi Anemia repair,0.004299872945434191,0.0764030244263603,0.9058013827904929,0.03559324831736177,1.0,1.0,0.9533935470624793,0.09920671339519983,0.9346650362050087,0.07214125857063144
Methotrexate,Immune system,-0.04620161482172681,-0.034716351158554246,0.20373248486595408,0.3394026681027489,1.0,1.0,0.3659457218747186,0.4981948383161185,0.31520988432866615,0.45330585748302565
Methotrexate,NeST:80,0.019384858639675255,0.006764443489384157,0.5938032341215571,0.8526102165323082,1.0,1.0,0.7857396330295352,0.9007414384333255,0.6950548652562083,0.8964528852300286
Methotrexate,TGF-beta/Smad signaling,0.06092559611002312,0.02232693290631521,0.09371026006473349,0.5392731173739329,1.0,1.0,0.20460073447466812,0.6994532512473783,0.17217182088505856,0.6384101592222761
Methotrexate,Extended PRC1 complex,-0.03315722129302892,0.008768233204487906,0.3617000932999779,0.8096223894874284,1.0,1.0,0.5640799074082988,0.898818076464857,0.48023019144220036,0.8686206191211658
Methotrexate,TNFR/Traf signaling,-0.004924436964843735,-0.0032283569584238845,0.8922718566299037,0.9289924506801723,1.0,1.0,0.9533935470624793,0.943395434411648,0.9289081845180189,0.9544942042282555
Methotrexate,Lymphoid JAK/STAT signaling,-0.030179894249534215,-0.025590323947335687,0.406413068845358,0.48125251473203257,1.0,1.0,0.6190710699853709,0.6368088831302653,0.5219618825366853,0.5878235844279371
Methotrexate,Positive regulators of transcription,-0.0018108033360273047,-0.010910230515584181,0.9603039270433178,0.7638410725434757,1.0,1.0,0.9676908803282664,0.8626136250275458,0.9720526550625213,0.8344393092691756
Methotrexate,RTK-JAK-STAT signaling,-0.04729403617420483,-0.05531440788425841,0.1932439545998541,0.1280095882624408,1.0,1.0,0.3585251743854668,0.26201962597468353,0.30415454889986676,0.20842268257489263
Methotrexate,Nucleolus,-0.005261268054228521,-0.00355412019754263,0.8849505172292251,0.9218732936425533,1.0,1.0,0.9533935470624793,0.943395434411648,0.921896761487304,0.9496623968585151
Methotrexate,Mediator complex,0.06122666659388608,0.03508636507533726,0.09209951533381444,0.33458284249810655,1.0,1.0,0.20449214421575748,0.4981948383161185,0.1697308770278503,0.4495420755615585
Methotrexate,G1/S phase,0.10565141707240219,0.1048222919925051,0.003654081782608287,0.003934613179181978,0.4786847135216856,0.5154343264728392,0.019945196396736902,0.017181144215761304,0.011397255083849658,0.01104502128156084
Methotrexate,Polybromo- and BAF containing complex,-0.009492090112044596,-0.02640777669013996,0.7940239857752323,0.4673622204316783,1.0,1.0,0.914494623143372,0.6247392946586721,0.8549354148210034,0.5739792269676549
Methotrexate,Nuclear pore,0.08606416672652545,0.07039052559376123,0.01789810886766352,0.0528505231165739,1.0,1.0,0.060119288760613364,0.13846837056542363,0.04341948632710965,0.10046072834250808
Methotrexate,p53 regulation,0.12615837314735495,0.1708247126368294,0.0005190374364529848,2.613345580826376e-06,0.06799390417534101,0.0003423482710882553,0.006799390417534102,8.558706777206382e-05,0.002241557280505748,1.8340085951156532e-05
Methotrexate,Cell projection morphogenesis,-0.03997825229542837,-0.017961463032657374,0.2714275977734717,0.6210097402868797,1.0,1.0,0.4500888013711999,0.760301644650292,0.3868396951041682,0.7105002268784387
Methotrexate,Histone methyltransferase complex,-0.053094276767693106,-0.05977408265638085,0.14412240345584526,0.10003510368534552,1.0,1.0,0.29500054457368324,0.2163532665401534,0.24440174566622302,0.16965447518361002
Olaparib,Cell,0.2830424778591098,0.2974026761136706,1.2212453270876722e-14,4.440892098500626e-16,1.5998313784848506e-12,5.81756864903582e-14,1.5998313784848506e-12,2.90878432451791e-14,1.0665542523232336e-12,2.90878432451791e-14
Olaparib,Signaling pathways,-0.1283813494023874,-0.07707045362693794,0.0004661424582619311,0.035732249731473376,0.06106466203231298,1.0,0.002105678001114241,0.09552907581271454,0.0020354887344104324,0.0722922735880002
Olaparib,Chromatin binding,0.07739852713606908,0.05318963133432423,0.034940961830401296,0.14726639304813371,1.0,1.0,0.08173689285326018,0.28793876849709726,0.07576164413433219,0.23478982745605093
Olaparib,CDK holoenzyme complex II,0.009101636867259576,0.030323868555096174,0.8044373570570738,0.4086747276205065,1.0,1.0,0.8297739667281627,0.5248665619439838,0.8618701080999234,0.5180940901769647
Olaparib,MAPK and MAP2K activation,0.009128147566407634,-0.05457830128176177,0.8038783006139227,0.1369846571429234,1.0,1.0,0.8297739667281627,0.2760767705495841,0.8618701080999234,0.2210881735407347
Olaparib,Ubiquitin regulation of p53 activity,-0.10646119466169936,-0.06544222951778846,0.003707182138435572,0.0745659131501526,0.4856408601350599,1.0,0.012452329747052819,0.16841611418396535,0.011494458228048756,0.13229979172916465
Olaparib,HDACs deacetylate histones,-0.06242466255697082,-0.027035065241962437,0.08878487321416206,0.4613416283679421,1.0,1.0,0.16856258537761204,0.57014861619057,0.16478137035733503,0.5687065217646623
Olaparib,EMT,-0.21871078358119977,-0.12258026636425065,2.5004798231975656e-09,0.0008378623453961787,3.275628568388811e-07,0.1097599672468994,3.63958729820979e-08,0.0053952160363688936,5.696745336328367e-08,0.0028633034933973757
Olaparib,Metabolic pathways,0.043587737856211985,0.06887666572355916,0.2350194099376426,0.06056169655634136,1.0,1.0,0.3420838077981242,0.14691818979408738,0.34820971953060714,0.11213543814672393
Olaparib,CDK holoenzyme complex I,0.03179757069664311,0.033134892248268245,0.3863877752935818,0.36662119161923123,1.0,1.0,0.46853413589221693,0.5002851677304093,0.503232462934143,0.47867816713075706
Olaparib,Transcription factor (TF) binding,-0.0343821661479414,0.0031872857065016434,0.3484789664634014,0.9308038610830183,1.0,1.0,0.44321111268646196,0.9526195765771515,0.4662203704514612,0.9557306790480109
Olaparib,Regulation of TP53 Activity,-0.07183847328531222,-0.028555119485698516,0.05018118643071734,0.4365356389742452,1.0,1.0,0.10187171689663797,0.5498670067848666,0.10258104690388511,0.5447209694922763
Olaparib,Regulation of E2F transcription via DREAM complex,-0.04390117481995629,0.08402551693412166,0.23131259576222174,0.02205351018055457,1.0,1.0,0.34047134881855107,0.06606886451049652,0.34401457004561264,0.048828335216664485
Olaparib,Protein Transport,-0.13691169005532272,0.0006578247667411537,0.0001899742198931964,0.9857083435382976,0.02488662280600873,1.0,0.0008888079573574546,0.9857083435382976,0.0009727670152185823,0.9920188963138309
Olaparib,Extended cohesin complex,0.016385264494762297,-0.0036622389177826853,0.655507731973199,0.920505859016109,1.0,1.0,0.7096819246982567,0.9494981695363014,0.7461681061997602,0.9494981695363015
Olaparib,PML body,0.0229811352454496,-0.04159211892362199,0.5313841106502757,0.2570976506624616,1.0,1.0,0.589926427925306,0.3789891033095823,0.6376609327803308,0.36674909876714124
Olaparib,Extended mismatch repair complex,-0.044933166541860775,-0.009704547050525989,0.22053322725370306,0.7914468886709445,1.0,1.0,0.3282937814799443,0.8712566589570901,0.3327299407125772,0.8562660075641602
Olaparib,Regulation of beta catenin transcriptional activity,-0.17521133100279032,-0.14255519582787113,1.7895319783800545e-06,0.00010265304225209881,0.00023442868916778714,0.013447548535024945,1.1721434458389358e-05,0.0012225044122749949,1.7290047896904645e-05,0.00046638896653265706
Olaparib,Fas,-0.2378132961437488,-0.05345138008873758,9.047607107959266e-11,0.14527964778387692,1.1852365311426638e-08,1.0,1.9753942185711062e-09,0.28793876849709726,3.16063074971377e-09,0.2324241074011113
Olaparib,BAF (SWI/SNF) complex,0.030600513459684387,-0.018440335241207757,0.4045284700843883,0.6153456997000919,1.0,1.0,0.48175663255504425,0.7009590144409742,0.5199662755295654,0.7055604959362104
Olaparib,Ribosome biogenesis,0.12043326651703051,0.10377538267970933,0.0010309011167932702,0.004690238283686199,0.1350480462999184,0.614421215162892,0.004092365039391466,0.018071212210673294,0.004031284964176669,0.01284504282570506
Olaparib,Homologous recombination,0.09889649083456913,0.08393877241203677,0.007039507830460812,0.02219106899589196,0.9221755257903663,1.0,0.02095853467705378,0.06606886451049652,0.01972567969605062,0.04906379811749952
Olaparib,Cell Proliferation,-0.1043024048211064,0.031876615897179335,0.0044660014098403256,0.38510096676147065,0.5850461846890826,1.0,0.014269419138758113,0.5147778229158434,0.013414822549201899,0.4961542033207863
Olaparib,Histone methyltransferase subcomplex,0.10261289767336275,0.13496797853794248,0.0051697752961601395,0.00023554774098966114,0.6772405637969783,0.03085675406964561,0.016124775328499482,0.0022040538621175437,0.015190442552455588,0.000961768958014928
Olaparib,RPA complex associated proteins,-0.09415888365853688,-0.10632215173035944,0.010265374601481803,0.003767657384531331,1.0,0.49356311737360437,0.02988364606209147,0.01565658065468558,0.027142665554255367,0.010671634970240094
Olaparib,mTOR regulation of autophagy/ribosome biogenesis,-0.24190318118716547,-0.1120082740928758,4.2947867484599556e-11,0.0022738471900520807,5.626170640482542e-09,0.29787398189682257,1.1252341280965084e-09,0.011456691611416252,1.6878511921447625e-09,0.0069170152579601865
Olaparib,PIK3/AKT signaling,-0.23536681651869537,-0.12356001033824536,1.4046697138780928e-10,0.0007608188489267587,1.8401173251803016e-08,0.09966726920940538,2.6287390359718596e-09,0.0053952160363688936,4.698171894077366e-09,0.002651900732844489
Olaparib,Locomotion,0.025582742829999124,0.04990033267121553,0.48592707193072915,0.1739467400893817,1.0,1.0,0.5535343167210914,0.3093676425798817,0.5953837545402231,0.26993511887513133
Olaparib,Regulation of adherens junction stability,0.02895250762291523,0.05209881241300416,0.4303198417349694,0.1557436084497945,1.0,1.0,0.5033205291721518,0.29568714068004465,0.543780378784061,0.24482895248307696
Olaparib,mTOR regulation of mRNA translation,-0.19235362108916867,-0.12087838954147201,1.579354327319038e-07,0.0009891219906674742,2.0689541687879398e-05,0.12957498077743912,1.5915032067599536e-06,0.005633694816410397,2.1589086978656764e-06,0.0033012733956035442
Olaparib,SMAD-TGFbeta signaling,-0.09263817577645071,-0.10046003443556473,0.01155953841262547,0.006195317604347661,1.0,0.8115866061695436,0.03291955504465079,0.021934773139717395,0.029936728805020164,0.016423337730243716
Olaparib,Cellular response to DNA damage,0.03910978267968305,0.08042540073084518,0.2866582100271968,0.02842632341093987,1.0,1.0,0.38862959137652525,0.08275218592962495,0.40435542101519384,0.059981450204023457
Olaparib,G1 to S cell cycle control,-0.013067033995209745,0.07902542514868512,0.7213918655454452,0.03130243407302036,1.0,1.0,0.7746092982496174,0.08724720986309929,0.8003020554957232,0.0649174490274248
Olaparib,EGFR/PI3K signaling,-0.18272120604413408,0.045754428210239353,6.341104066276415e-07,0.2125196746652236,8.306846326822104e-05,1.0,4.886380192248296e-06,0.33993503842464295,7.019870135342623e-06,0.31635499374566983
Olaparib,H3 acetylation and H3K4 methylation crosstalk,-0.029405642546774444,-0.10132654723293133,0.4226059448948749,0.0057647494254378095,1.0,0.755182174732353,0.4987511601912488,0.021576633563781516,0.536187687953788,0.015411881116986798
Olaparib,Histone modifications in DNA damage response,-0.03231175402315186,-0.03281402201743224,0.3782558255915731,0.3712686172985955,1.0,1.0,0.4630982537616456,0.501404008929031,0.49386890185212035,0.4829007199665141
Olaparib,NeST:16,0.15128284783538246,0.15847044086439152,3.743581197745982e-05,1.5755138409900837e-05,0.0049040913690472365,0.0020639231316970097,0.0001886188988095091,0.00022932479241077885,0.00023125245891379072,8.569923038188275e-05
Olaparib,NeST:163,-0.07341589036120531,-0.06789648467605715,0.04534835111601976,0.06431402020498989,1.0,1.0,0.09567486426508846,0.1510026389892143,0.0940469761931175,0.11796676006393043
Olaparib,Transcription coactivator activity,0.023260188277476137,-0.02360578650357803,0.5264070857691989,0.5200934318440456,1.0,1.0,0.5893959678270517,0.6308540701071293,0.6331384382778735,0.6241614385275861
Olaparib,Foxo signaling,-0.07389292591703299,-0.0016153945447981404,0.04396645972659985,0.964883792892486,1.0,1.0,0.09567486426508846,0.9734290386533765,0.09154341018571518,0.9816091146084469
Olaparib,Neg Regulation EGFR,-0.16712911120207127,-0.007156291949951004,5.224495166267218e-06,0.8453933187927003,0.0006844088667810055,1.0,3.110949394459116e-05,0.9077583996872438,4.255391917809361e-05,0.8922296065878894
Olaparib,RNA processing 1,0.04650081044208246,0.0678371009555301,0.2051825057050365,0.06455074643813741,1.0,1.0,0.3106794264279193,0.1510026389892143,0.3168437121496241,0.11796676006393043
Olaparib,Phosphatase 2A catalytic subunit,0.06392730820120454,0.030364953464783677,0.081528827168321,0.40804011836445264,1.0,1.0,0.15706288763308898,0.5248665619439838,0.15312224170681074,0.5180940901769647
Olaparib,Wnt/beta-catenin,-0.08186972849161553,-0.031005149600063172,0.025626968369949044,0.39821528094087744,1.0,1.0,0.06456024723967932,0.5248665619439838,0.05906978633073298,0.5081123552265091
Olaparib,p53 regulation of cell cycle,-0.08940152231763572,-0.04828082963544864,0.014805681743812915,0.18833317908573743,1.0,1.0,0.03958253690692841,0.3201708322864753,0.0369684052147044,0.2863247171400186
Olaparib,Regulation of immune responses,-0.03333023335703405,-0.010300336517462398,0.36341704870915503,0.7789667552342558,1.0,1.0,0.44912861680093685,0.864785126573623,0.48129031219106294,0.847136212939829
Olaparib,Regulation of beta catenin transcription,0.018611330449973804,0.02998708884859395,0.6122983785371807,0.41389883600538235,1.0,1.0,0.674042752843451,0.52641502443403,0.7108850045672044,0.5234504989545141
Olaparib,MDM2-p53 pathway,-0.04715834847693154,-0.0015640821150394953,0.19852723504248426,0.9659982826331217,1.0,1.0,0.30596550341841694,0.9734290386533765,0.3099154056472545,0.9816091146084469
Olaparib,RNA metabolism,0.011218897170486474,-0.005879192299813777,0.7601266696044708,0.8727217974200949,1.0,1.0,0.7966127497454855,0.9219883505002615,0.8298049476515473,0.912179963792812
Olaparib,Resolution of D-loop structures,0.17313923529597028,0.19510923486785955,2.376397674641595e-06,1.0598005850681602e-07,0.00031130809537804893,1.3883387664392899e-05,1.482419501800233e-05,1.9833410949132713e-06,2.1974689085509336e-05,1.0748429159529987e-06
Olaparib,NeST:195,0.1201027521110994,0.07477578857530645,0.0010643255783986394,0.041608346600258805,0.13942665077022176,1.0,0.004100783846182993,0.10687634126733143,0.0041311600228213854,0.08176040106950856
Olaparib,Cohesin,-0.0012827157347220213,0.07839429100412393,0.9717469717304719,0.032678587782110524,1.0,1.0,0.9717469717304719,0.08918531248867663,0.9797154859962258,0.06706362923430514
Olaparib,Oncogene induced senescence,0.11807549412733565,0.11706538940189987,0.0012922573776155133,0.0014242676501112772,0.16928571646763224,0.18657906216457731,0.0047642303844305355,0.007619454754039383,0.004848278275922642,0.004569283155050873
Olaparib,Cytoplasm/extracellular space,-0.08141948423332497,0.06256302235747543,0.026449535342381703,0.08825912949042558,1.0,1.0,0.0653752666009812,0.1959651858177246,0.06061030547846069,0.1526329500098449
Olaparib,Extracellular matrix organization,0.08096743722531681,0.05048184440357969,0.027362114678782357,0.1689840810734431,1.0,1.0,0.06637846338741646,0.30745714750862563,0.06233803518122589,0.2627526957937216
Olaparib,MHC class I including non-classical MHCs,-0.027448999111219164,-0.005515401450559556,0.45411036807436655,0.8805358738980644,1.0,1.0,0.5251011895524245,0.9228015958451715,0.568813943117852,0.9197358098124633
Olaparib,Endoplasmic Reticulum protein processing,-0.02442595315438669,-0.04477689874201503,0.5052916815074529,0.22244444905631888,1.0,1.0,0.5706311230816925,0.3449596193072284,0.6157507932788495,0.3271366579272442
Olaparib,Regulation of androgen receptor signaling pathway,-0.18421698508219705,-0.1333576540458292,5.132414113706574e-07,0.0002794646742056983,6.723462488955612e-05,0.03660987232094648,4.202164055597257e-06,0.002440658154729765,5.846489120830967e-06,0.001120710377171831
Olaparib,RAS-RAF-MAPK,-0.05343736949507828,-0.07489837312499108,0.14514571765201945,0.04127287366704868,1.0,1.0,0.24377037195403267,0.10687634126733143,0.24534308403115543,0.0812027001309143
Olaparib,Structural constituent of muscle,0.06843746385247432,0.1093821616315313,0.06220833106748014,0.0028792736041896028,1.0,0.37718484214883796,0.12163121447522235,0.013470887219601355,0.1219345342120683,0.008444436764526223
Olaparib,Beta-catenin,-0.18853729456621582,0.059917212450067994,2.761373933957145e-07,0.10256106814063659,3.61739985348386e-05,1.0,2.4586360540664503e-06,0.22025409715448185,3.472703859344506e-06,0.1729892694389278
Olaparib,Actin filament-based process,0.09133380962591159,0.12341822369247275,0.012815759521972891,0.0007716070351153625,1.0,0.1010805216001125,0.03497634369538435,0.0053952160363688936,0.03270515254633342,0.002677629711261258
Olaparib,MutS homologs,0.09154439778858289,0.10087283579410575,0.012610345349920005,0.0059871111188336545,1.0,0.7843115565672087,0.03497634369538435,0.02178643212686691,0.03227674622955265,0.015952099455604243
Olaparib,Beta-catenin destruction complex,-0.007100860628732164,0.05653481712990145,0.8461829220759278,0.12346245588872917,1.0,1.0,0.8660153343120823,0.2567235193876749,0.8909848224832011,0.20238058462678024
Olaparib,Epithelial differentiation,-0.21215055803520833,-0.024505342058097557,7.3543582335133806e-09,0.5043176301655061,9.634209285902529e-07,1.0,9.634209285902529e-08,0.6174356032867412,1.4451313928853793e-07,0.6091654645321222
Olaparib,Lymphocyte activation,-0.08250092872352992,-0.06032590531764026,0.02451111114494542,0.10023404965323102,1.0,1.0,0.06295991294093824,0.21884434174288772,0.05666392164684441,0.16979302376603359
Olaparib,PI3-K/Akt,-0.26643918494958235,-0.10833679835497187,3.8058445284150366e-13,0.0031584557598314245,4.985656332223698e-11,0.4137577045379166,2.492828166111849e-11,0.014176053114841426,2.215847258766088e-11,0.009143816674871085
Olaparib,MAPK signaling,-0.16379486446618974,-0.14871408603413194,8.01847497888808e-06,5.077165105915604e-05,0.0010504202222343384,0.0066510862887494415,4.37675092597641e-05,0.0006651086288749442,6.060116666736568e-05,0.0002463365292129423
Olaparib,RNA processing 2,-0.03153305968142778,-0.12178033443116486,0.38984901383398207,0.0009060668152680584,1.0,0.11869475280011565,0.46853413589221693,0.0053952160363688936,0.5064815287165453,0.0030565172394879567
Olaparib,Contractile fiber,0.04253767322006796,0.21453010081537519,0.2464934901334872,5.0558592867844254e-09,1.0,6.623175665687597e-07,0.3472112602955572,1.3816277588674097e-07,0.36078935427359576,7.427860559649641e-08
Olaparib,MutL alpha/beta complex,0.07175785924971306,0.08626362467390675,0.05054703510138525,0.018751882593507574,1.0,1.0,0.10187171689663797,0.061412415493737306,0.10319472620698392,0.04290823789955445
Olaparib,NeST:29,0.05744091142250926,0.049806536696545986,0.11756025646897328,0.17475729428176523,1.0,1.0,0.20263675786099342,0.3093676425798817,0.20718018292514126,0.27001732661632405
Olaparib,RBL-TP53 complex,0.03613816067285237,0.11684536659831808,0.32487483833273334,0.001454094418709806,1.0,0.19048636885098458,0.4213723150652284,0.007619454754039383,0.44331878980820905,0.004646008996365477
Olaparib,Regulation of cellular homeostasis,-0.0586455713807802,0.027107590305942713,0.10985540257323168,0.46015378057824163,1.0,1.0,0.19713777722045686,0.57014861619057,0.19668871622451048,0.5677878674010955
Olaparib,Mismatch and excision repair,-0.052403216425408766,-0.047239225191052114,0.1530882177808952,0.19804366109962346,1.0,1.0,0.2538551459404718,0.32840151397532497,0.25452206631200003,0.2979183112426872
Olaparib,Extracellular matrix,-0.0733433765301599,-0.041558609954727925,0.04556158359267748,0.257481146523304,1.0,1.0,0.09567486426508846,0.3789891033095823,0.09436470277692886,0.3669631571483535
Olaparib,Ubiquitin/Proteasome System,-0.16186282595744764,-0.12206178063164115,1.0240484041634801e-05,0.0008815038406675413,0.001341503409454159,0.11547700312744791,5.366013637816635e-05,0.0053952160363688936,7.416199781875903e-05,0.0029929244871044814
Olaparib,Ribosome abundance control,0.05975366317951171,0.054850481523883006,0.10349716976840928,0.13504278802892666,1.0,1.0,0.1883073505508558,0.2760767705495841,0.1870086791677464,0.218402533725795
Olaparib,Epigenetic modification,0.11193433282695403,0.03490463201761581,0.0022860055740552276,0.3415836521653792,0.2994667302012348,1.0,0.008093695410844185,0.47102587824910186,0.007662261753549718,0.4542889181082709
Olaparib,Spliceosomal complex,0.03878100443536392,0.17648063749793483,0.2907305340068662,1.5200343022048202e-06,1.0,0.00019912449358883144,0.38862959137652525,2.489056169860393e-05,0.4069709701324966,1.1599485063427074e-05
Olaparib,Interferon signaling,0.04186441061636849,0.04464397011932398,0.2540536141128902,0.223828760619194,1.0,1.0,0.35405344094455976,0.3449596193072284,0.368085051968169,0.3280523835037969
Olaparib,Transmembrane tyrosine kinase signaling,-0.19978483341307524,-0.1389174038882642,5.163175642586282e-08,0.0001536378543021133,6.763760091788029e-06,0.020126558913576842,5.636466743156691e-07,0.001548196839505911,8.198497080955187e-07,0.0006708852971192281
Olaparib,Regulation of mRNA processing,0.056978930408289274,0.05852355986464708,0.12054136225402035,0.11080410229142901,1.0,1.0,0.20507686305554113,0.2341183451641484,0.21054557940368887,0.1839324696960152
Olaparib,Nucleus,0.011533058925721523,0.07918798735517205,0.7536145058619326,0.03095613575838141,1.0,1.0,0.7961572602251061,0.08724720986309929,0.8261380775557587,0.06445436478433851
Olaparib,Actin filaments,-0.0033611386685702847,0.03959110899243776,0.9266465612087968,0.28070633718518345,1.0,1.0,0.9337746116796338,0.4040937381457037,0.9477164360413084,0.39258929008461596
Olaparib,Transcription elongation,-0.07443145497846304,-0.052427375137568885,0.04244932204681784,0.15314581735112576,1.0,1.0,0.09425188454462943,0.29503091283819816,0.08921167681497012,0.2419549998753464
Olaparib,Type I interferon signaling pathway,0.08373765074283283,0.13935488533085152,0.02250027000919963,0.00014645031332993774,1.0,0.019184991046221844,0.05895070742410303,0.001548196839505911,0.052634560200091995,0.000644873648612499
Olaparib,Nuclear transport,-0.11066402634811262,-0.04815882785044044,0.0025562038883428784,0.18945204897732815,0.33486270937291707,1.0,0.008812176562445186,0.3201708322864753,0.008371567734322927,0.28746971138258676
Olaparib,Mediator/CCR-NOT complex,-0.12068162222239158,-0.0903943189768284,0.001003165175034848,0.013778044409804346,0.1314146379295651,1.0,0.004092365039391466,0.04749799520222025,0.0039622503898361335,0.032966645071860624
Olaparib,Apoptosis Regulation,-0.23189991120102246,0.004326911169471756,2.6005309017307354e-10,0.9061587432898348,3.4066954812672634e-08,1.0,4.258369351584079e-09,0.942117423579114,7.57043440281614e-09,0.9396316256277178
Olaparib,Actin cytoskeleton,0.03885043292654277,0.10802589340010263,0.28986735147186926,0.003246424377444601,1.0,0.42528159344524274,0.38862959137652525,0.014176053114841426,0.4066911448249833,0.009360705148119661
Olaparib,NeST:49,0.04638340730986093,0.036535994314547814,0.20632908472693878,0.31949761669543664,1.0,1.0,0.3106794264279193,0.44525731688406595,0.3180667201813108,0.4344312097028808
Olaparib,Cell motility,-0.04772336612468315,-0.045998402642021936,0.19320423384742313,0.21008331220986642,1.0,1.0,0.3013066027858623,0.33993503842464295,0.30415454889986676,0.313628648427265
Olaparib,Checkpoint-regulated DNA repair,-0.10565511204277794,-0.018903400053089863,0.003975621445008848,0.6065007826749464,0.5208064092961591,1.0,0.013020160232403977,0.6969438818457718,0.012178555967137114,0.6974537164338082
Olaparib,ECM-cytoskeleton assembly,0.25003743176851095,0.3325708343179628,9.471090578472285e-12,0.0,1.2407128657798694e-09,0.0,3.1017821644496735e-10,0.0,4.511683148290434e-10,0.0
Olaparib,INSR-FOXO,-0.19996661040452543,-0.06694185785961607,5.021374893665609e-08,0.06815420789206117,6.578001110701948e-06,1.0,5.636466743156691e-07,0.15663510936596514,8.054695237594221e-07,0.12385943908245105
Olaparib,Integrator-PP2A complex,-0.05041806126107295,-0.023247910715789456,0.1692547423674533,0.5264396306109411,1.0,1.0,0.2703947713431266,0.6326935010094797,0.27401488671641255,0.6289780723903909
Olaparib,Cell-extracellular matrix interactions,0.04264263818191195,0.2142726062430997,0.24532918457221964,5.273388392623701e-09,1.0,6.908138794337049e-07,0.3472112602955572,1.3816277588674097e-07,0.3594198305195986,7.67570977148561e-08
Olaparib,Histone deacetylase binding,-0.10105126821493601,-0.08412088637341754,0.005876182096045346,0.02190186617613077,0.7697798545819403,1.0,0.01790185708330094,0.06606886451049652,0.016918238562240447,0.04874004049686601
Olaparib,Histone acetyltransferase complex,-0.03342638666083084,-0.074106949556181,0.3620352058459506,0.04346496003252853,1.0,1.0,0.44912861680093685,0.1094982646973315,0.4802694882614636,0.08497460545792988
Olaparib,Cyclin D associated events in G1,-0.12642711467651466,-0.045265168126152236,0.0005684640459870938,0.21744228965899337,0.07446879002430928,1.0,0.002402219033042235,0.3431920475340739,0.002415204000788409,0.3218637281957981
Olaparib,Chromosome centrometric region,0.07695244022722125,0.10530551875234745,0.036003860443107216,0.004114276858943944,1.0,0.5389702685216566,0.08274571435170255,0.01633243237944414,0.0778515386747793,0.011492796127701219
Olaparib,Transcription,-0.004859750629923832,-0.0168566722330406,0.8942649542479406,0.646013539927653,1.0,1.0,0.9081295271820172,0.7233143053890815,0.929751658781589,0.7315961980700921
Olaparib,Nuclear receptor signaling,-0.17761579881954606,-0.11035275620010623,1.2894056100609674e-06,0.0026400542857125675,0.00016891213491798673,0.34584711142834634,8.890112364104566e-06,0.012809152275123938,1.2910481649782426e-05,0.007860161623371508
Olaparib,Culin-RIng uniqutin ligase complex,-0.03713558059366055,-0.04803029910105635,0.311256965447019,0.19063606807897004,1.0,1.0,0.40974452310206155,0.3201708322864753,0.4307501296486403,0.28860687998046075
Olaparib,Actin and actin-associated proteins,0.037052193082457364,0.24099630031845176,0.31278207870386376,5.152833715271754e-11,1.0,6.750212167005998e-09,0.40974452310206155,2.2500707223353325e-09,0.43168869861499015,1.1250353611676662e-09
Olaparib,Mitosis,-0.04299878733778938,0.04019418301782939,0.2410405495681649,0.2734439093669707,1.0,1.0,0.3469924394882374,0.398012801411924,0.35445813276066906,0.3844846382154543
Olaparib,PcG protein complex,-0.04145830171605041,-0.030530312941717413,0.25830605756974534,0.4054795001417615,1.0,1.0,0.35619045833301727,0.5248665619439838,0.3728715541778142,0.5157069370735025
Olaparib,Protein nuclear transport,0.17965068970519055,0.20464090477712601,9.784328065531867e-07,2.4629482675564418e-08,0.00012817469765846745,3.2264622304989388e-06,7.120816536581525e-06,5.377437050831565e-07,1.0052917463409211e-05,3.0728211719037514e-07
Olaparib,Metabolism,0.07579521282567397,-0.007376110785896046,0.03889050416414053,0.8407072042904502,1.0,1.0,0.08783889733624844,0.9077583996872438,0.08283993569922617,0.8893618607971654
Olaparib,Regulation of nuclear protein ubiquitiation,-0.18840405893166032,0.06972304400135551,2.815232122976852e-07,0.057466807511003415,3.687954081099676e-05,1.0,2.4586360540664503e-06,0.14204059969700844,3.487285435225068e-06,0.10728957411793037
Olaparib,EGFR-MAPK signaling,-0.16602983843613278,-0.0895943870437426,6.022316737741562e-06,0.014638433376312099,0.0007889234926441446,1.0,3.4301021419310636e-05,0.04917012236658679,4.854913800887044e-05,0.03476075115946015
Olaparib,Ubiquitin regulation of mitophagy,-0.06946568130091572,-0.038169046629041435,0.058258762804929365,0.29833584078846,1.0,1.0,0.11563481708251132,0.42480429503574196,0.11505373759968462,0.41340647547322096
Olaparib,NeST:78,0.057782456946718484,0.01910320092239993,0.11539374470079045,0.6027173268911887,1.0,1.0,0.20155440741071398,0.6969438818457718,0.2042781156189669,0.6945420030702588
Olaparib,Homologous recombination (HR) and Fanconi Anemia repair,-0.14087335618987706,-0.10614959510967194,0.00012305247712984801,0.0038245082515262485,0.01611987450401009,0.5010105809499386,0.0005970323890374107,0.01565658065468558,0.0006670292898211072,0.010774421095697604
Olaparib,Immune system,0.0494236596463641,-0.005927182970916838,0.1781135352024834,0.8716918872542045,1.0,1.0,0.28111895315090757,0.9219883505002615,0.284547233067382,0.9117096784854356
Olaparib,NeST:80,0.05164271278639067,0.03722514268264646,0.15940765054233408,0.31045482721495987,1.0,1.0,0.2609569000636986,0.43730733725978216,0.2621222036114531,0.42663952144993483
Olaparib,TGF-beta/Smad signaling,0.061507312358715246,0.007443915455997333,0.09375259457863239,0.8392799995846132,1.0,1.0,0.17545128414001204,0.9077583996872438,0.17217182088505856,0.8888194753352905
Olaparib,Extended PRC1 complex,0.05999002321602813,0.02284743483015469,0.10213864938554851,0.5336022639626254,1.0,1.0,0.1883073505508558,0.6354717870827631,0.18497921294249106,0.6336478259964743
Olaparib,TNFR/Traf signaling,-0.2522495376711454,0.01924020889782591,6.176170685989746e-12,0.6001186321351317,8.090783598646567e-10,1.0,2.696927866215522e-10,0.6969438818457718,3.0340438494924626e-10,0.6931568623926724
Olaparib,Lymphoid JAK/STAT signaling,0.058159480434988337,0.04420418675626479,0.11303877757943459,0.22842450504858736,1.0,1.0,0.20010918733656663,0.34794895536470866,0.20124230844266272,0.3327926987362181
Olaparib,Positive regulators of transcription,0.027309519706160853,-0.021280176647628716,0.45695828709142283,0.5620257938182904,1.0,1.0,0.5251011895524245,0.6632917026143788,0.5704533625266137,0.6598241582392476
Olaparib,RTK-JAK-STAT signaling,0.1266584276385712,0.04886886833218869,0.0005572282518775395,0.18301583740048888,0.07299690099595768,1.0,0.002402219033042235,0.31966766265952057,0.002373882959218136,0.2798646852077515
Olaparib,Nucleolus,-0.07798148097108613,-0.12227571354435436,0.03351624217906046,0.0008632475709340337,1.0,0.11308543179235842,0.07982959500830765,0.0053952160363688936,0.07327890501458004,0.0029396408716285813
Olaparib,Mediator complex,-0.07319128159185304,-0.08590408800679038,0.04601157594427918,0.019250068593856806,1.0,1.0,0.09567486426508846,0.06150631672671321,0.0950462514906792,0.043856678013830294
Olaparib,G1/S phase,0.03474336880038821,0.12310886306399602,0.3439066119370593,0.0007955028039858814,1.0,0.10421086732215046,0.4416839819975958,0.0053952160363688936,0.46246466549619947,0.002754472264021598
Olaparib,Polybromo- and BAF containing complex,0.017081335875671934,-0.050888730700655055,0.6418631633289613,0.165568682785719,1.0,1.0,0.7007006199674495,0.30548587950604494,0.7370408274310644,0.2582083029158237
Olaparib,Nuclear pore,-0.012221727150732798,-0.04572721309985061,0.7387113383619188,0.21278376451008185,1.0,1.0,0.7867576042716371,0.33993503842464295,0.8126341664835105,0.31635499374566983
Olaparib,p53 regulation,-0.11790437311394622,-0.051800174654573525,0.0013092541514465594,0.15812135624811852,0.17151229383949929,1.0,0.0047642303844305355,0.29591282383576467,0.004890211732430335,0.24782330211569523
Olaparib,Cell projection morphogenesis,0.05140283838767039,0.04198551421843827,0.16135502981037853,0.2526341327972208,1.0,1.0,0.2609569000636986,0.3789891033095823,0.26421886131449485,0.36216326077158134
Olaparib,Histone methyltransferase complex,0.033416209902614666,-0.017613508718305252,0.36266285735089676,0.6312779568587175,1.0,1.0,0.44912861680093685,0.7129087271421722,0.48069646859663556,0.7196294040477911
Etoposide,Cell,0.4062961113421405,0.3704728407211693,0.0,0.0,0.0,0.0,0.0,0.0,0.0,0.0
Etoposide,Signaling pathways,0.03837638867918739,0.1274485836905344,0.27959351540365085,0.00033338124484671994,1.0,0.04367294307492031,0.39811685345519854,0.0012477983735691518,0.3969144222902557,0.0012908259036922259
Etoposide,Chromatin binding,0.02878283646296209,-0.004827888719993206,0.4173512436310076,0.8919918958893394,1.0,1.0,0.5413169595610099,0.9128979559492457,0.5325293465811233,0.9286167287006897
Etoposide,CDK holoenzyme complex II,0.028159467705214103,0.07999143928029064,0.42750544457684847,0.02432667394429755,1.0,1.0,0.5490511101918348,0.05401346248649117,0.5410938477252865,0.05274693991784241
Etoposide,MAPK and MAP2K activation,-0.009787505591611888,-0.03334347586436209,0.7830624956099546,0.3479798528701461,1.0,1.0,0.8408294010238037,0.4523094834628547,0.84777840433805,0.4600709240638096
Etoposide,Ubiquitin regulation of p53 activity,-0.22100175769221775,-0.2548674769544095,4.837148459557739e-10,7.254197242900773e-13,6.336664482020637e-08,9.502998388200012e-11,1.0561107470034395e-08,1.9005996776400024e-11,1.2465569472827483e-08,2.526089482518293e-11
Etoposide,HDACs deacetylate histones,0.04074943539717306,0.06375913045046921,0.25093920402622927,0.07265669526107965,1.0,1.0,0.36525595252706705,0.13219482054446438,0.3652124610639575,0.12935031138212597
Etoposide,EMT,-0.00749715013386977,0.02485884611399122,0.8330268435407961,0.4839803518490724,1.0,1.0,0.8676729098445555,0.5870502415947082,0.8812370107982043,0.5903026043240944
Etoposide,Metabolic pathways,0.13469962952865608,0.08424408647189931,0.00014810158667888373,0.017709101514775227,0.01940130785493377,1.0,0.0009700653927466885,0.03999814307647508,0.0007918901165279089,0.04087915944379832
Etoposide,CDK holoenzyme complex I,0.012547566178217642,0.10822675934506779,0.7235265556976893,0.0023131355253454,1.0,0.3030207538202474,0.8101023828751905,0.006886835314096532,0.8015389327390892,0.007006260203936356
Etoposide,Transcription factor (TF) binding,-0.2334609259379857,-0.17172862470575523,4.8581805245362375e-11,1.3372301719272173e-06,6.364216487142471e-09,0.00017517715252246546,1.5910541217856178e-09,1.0948572032654091e-05,1.8183475677549917e-09,1.0406563516186068e-05
Etoposide,Regulation of TP53 Activity,-0.04417889257662136,-0.03450702414723479,0.21350579088403854,0.3314140943868775,1.0,1.0,0.34961573257261314,0.43921313102823656,0.3250513663521186,0.44604705169192765
Etoposide,Regulation of E2F transcription via DREAM complex,0.06736695514460887,0.015301189720687641,0.05772657634558587,0.6665691894822718,1.0,1.0,0.13933818094674072,0.7479863486162551,0.1141461358682528,0.7479277415175812
Etoposide,Protein Transport,0.14705392979536658,0.11751987487588784,3.439945270944378e-05,0.0009383801586793084,0.004506328304937135,0.1229278007869894,0.00026507813558453733,0.003151994891974087,0.00021544199067428534,0.003158744345704224
Etoposide,Extended cohesin complex,-0.02422996000216623,-0.008698096366590587,0.4951693003240498,0.8066633066221469,1.0,1.0,0.6177826508804812,0.8661712554713217,0.6048221756871844,0.8675131905098423
Etoposide,PML body,0.006976457749383758,-0.03314529196674984,0.8439557360475718,0.35085305183629445,1.0,1.0,0.8705370190726921,0.4523094834628547,0.8901768037258643,0.4623143315059974
Etoposide,Extended mismatch repair complex,-0.24433176768796017,-0.2802566633701942,5.926592550054011e-12,3.1086244689504383e-15,7.763836240570754e-10,4.072298054325074e-13,3.881918120285377e-10,2.036149027162537e-13,3.0340438494924626e-10,1.6289192217300297e-13
Etoposide,Regulation of beta catenin transcriptional activity,-0.055400983357440176,-0.03839063264042286,0.11874580055576467,0.2798771360409047,1.0,1.0,0.23569242231522985,0.38593584022482647,0.20787126778804238,0.39187422396834004
Etoposide,Fas,-0.04164416479162534,0.10317869159911355,0.24095984329643771,0.0036764602222596476,1.0,0.48161628911601384,0.36410363016610864,0.010247155087574763,0.35445813276066906,0.010450986382264315
Etoposide,BAF (SWI/SNF) complex,0.044475535247854636,0.022544551072538194,0.21019885603764088,0.5255808598737268,1.0,1.0,0.34855759672064496,0.6259190240314383,0.32205906597580064,0.6287771017667416
Etoposide,Ribosome biogenesis,-0.010219127276412703,0.006572659767787781,0.7737393338858607,0.8531129238575845,1.0,1.0,0.8408294010238037,0.8799826222467998,0.8423256460308677,0.8964528852300286
Etoposide,Homologous recombination,-0.13224902488577508,-0.13818469950549317,0.00019568101810629734,0.00010030301222441196,0.025634213371924952,0.013139694601397967,0.00111453101617065,0.0004379898200465989,0.0009955034319194156,0.00045703285570079886
Etoposide,Cell Proliferation,-0.08686856559448775,-0.06921996344973032,0.01443061219222419,0.051360020181313804,1.0,1.0,0.04974763676793076,0.09974623639850928,0.036180099467586005,0.09786418390912158
Etoposide,Histone methyltransferase subcomplex,0.14449839057748093,0.1117925352370047,4.6968985336848235e-05,0.001648702944496927,0.006152937079127119,0.21598008572909744,0.00034182983772928436,0.005142382993549939,0.0002765364979382975,0.005162870575197548
Etoposide,RPA complex associated proteins,-0.1599602391886231,-0.16041485808677264,6.636358815370613e-06,6.312287415433104e-06,0.0008693630048135503,0.0008269096514217367,6.209735748668217e-05,3.445456880923903e-05,5.268866695839699e-05,3.861056738155969e-05
Etoposide,mTOR regulation of autophagy/ribosome biogenesis,-0.09450084597252317,-0.05741952315161062,0.007783280787467817,0.1060359562894857,1.0,1.0,0.029131708090236685,0.18520947031896837,0.021427876353589156,0.17751706420348404
Etoposide,PIK3/AKT signaling,-0.05996253019239176,-0.04050995615178269,0.09130797717749384,0.2541798284713017,1.0,1.0,0.1868960157851827,0.3580382530079626,0.1685448098046919,0.36357660633019684
Etoposide,Locomotion,0.10213931561330816,0.10108727253396405,0.004012826535142677,0.004430131628333722,0.5256802761036907,0.5803472433117176,0.016957428261409377,0.01184382129207587,0.012248860802416094,0.012282481339930531
Etoposide,Regulation of adherens junction stability,0.06919049731160663,0.04629916982474557,0.051279943144234785,0.19241335425123118,1.0,1.0,0.13435345103789514,0.29654293419895633,0.10441978059940037,0.290560800079669
Etoposide,mTOR regulation of mRNA translation,-0.07405838729725682,-0.06383963142158111,0.03701887143800087,0.07233564557032945,1.0,1.0,0.1033475012892609,0.13219482054446438,0.07968032534570652,0.12907109516067866
Etoposide,SMAD-TGFbeta signaling,-0.1428581969115402,-0.17009645433137116,5.737825856089174e-05,1.682900983013269e-06,0.007516551871476818,0.00022046002877473825,0.00039560799323562197,1.160315940919675e-05,0.000327994990755352,1.2304745792078414e-05
Etoposide,Cellular response to DNA damage,0.0164700590091419,-0.040633776138617975,0.6424838226337402,0.2527309777776239,1.0,1.0,0.7448263784515041,0.3580382530079626,0.7372150140001749,0.36216326077158134
Etoposide,G1 to S cell cycle control,-0.13281497678830834,-0.01788158386259985,0.00018367769522309452,0.6147860797191496,0.02406177807422538,1.0,0.0010937171851920628,0.7003215342887703,0.0009435991401657012,0.7054333703054767
Etoposide,EGFR/PI3K signaling,-0.06536293748928451,0.12648645564568498,0.06567379854938826,0.0003697368866037998,1.0,0.04843553214509777,0.1488567613542405,0.001345431448474938,0.1282474674778116,0.0014176253310760323
Etoposide,H3 acetylation and H3K4 methylation crosstalk,0.13328897499002357,0.08575621310388366,0.0001736882699387987,0.01576927714134846,0.02275316336198263,1.0,0.0010834839696182205,0.03624167202660786,0.0009071028582850218,0.03694382066497731
Etoposide,Histone modifications in DNA damage response,-0.03522652948668654,-0.022178221310906052,0.32127815354295386,0.532492067878696,1.0,1.0,0.4430256643592311,0.6284365846135962,0.44082165893648456,0.6336478259964743
Etoposide,NeST:16,0.06445182922165048,0.05097385977883928,0.06942217553198038,0.15126765661558128,1.0,1.0,0.15414076262185475,0.24770078770801435,0.1337953719987869,0.2392281249493901
Etoposide,NeST:163,0.007403442351219542,0.027739356890015908,0.834555623209267,0.43480064123411255,1.0,1.0,0.8676729098445555,0.5525139059559185,0.8822605512340065,0.5437602291328758
Etoposide,Transcription coactivator activity,-0.025404813962460897,-0.03573630609978848,0.47448511203793586,0.3144759370070771,1.0,1.0,0.5976687468939385,0.42470461595801134,0.5863919780846188,0.42987493302184804
Etoposide,Foxo signaling,-0.09992019394663024,-0.1532780322666735,0.004893406379934406,1.5978794926096995e-05,0.6410362357714072,0.0020932221353187064,0.020032382367856476,8.050854366610409e-05,0.014486694593704118,8.631843856984356e-05
Etoposide,Neg Regulation EGFR,-0.03248674600126612,0.033045325007388146,0.3603663773160326,0.3521799031542838,1.0,1.0,0.48144722987620275,0.4523094834628547,0.4788638589524964,0.4636740433488561
Etoposide,RNA processing 1,-0.04643637314061682,-0.00874371677993958,0.19102045687597502,0.8056690176211456,1.0,1.0,0.32498285520458087,0.8661712554713217,0.3017931238281736,0.8674988935110145
Etoposide,Phosphatase 2A catalytic subunit,0.14989891884784004,0.10952896683488245,2.4179210019736885e-05,0.0020462971441346234,0.003167476512585532,0.26806492588163566,0.00019796728203659575,0.006234068043758969,0.00015451104939441618,0.006295066752602011
Etoposide,Wnt/beta-catenin,0.03371634517798655,0.021752918235118095,0.3421223261920743,0.5402193383354137,1.0,1.0,0.46204149207383227,0.6318636903744571,0.4607907486236775,0.6389953347353425
Etoposide,p53 regulation of cell cycle,-0.20509365983216518,-0.21909064468080783,7.638923271713338e-09,6.941838215368534e-10,1.0006989485944473e-06,9.09380806213278e-08,1.429569926563496e-07,1.1367260077665975e-08,1.479446812862484e-07,1.2689034505301554e-08
Etoposide,Regulation of immune responses,0.02023437279964814,-0.006647862729782417,0.5685062302801611,0.8516468859809765,1.0,1.0,0.6770392378791009,0.8799826222467998,0.6701073048998989,0.8964528852300286
Etoposide,Regulation of beta catenin transcription,0.09237368414232659,0.050346848790324875,0.009265559507650512,0.15636090080485676,1.0,1.0,0.03371634154172825,0.24979607323702727,0.024806234910183918,0.24555378228295188
Etoposide,MDM2-p53 pathway,-0.10549753704313448,-0.09204102984427269,0.0029677645810879394,0.009572920393462248,0.38877716012252006,1.0,0.013406108969742071,0.022800955846246446,0.009482369759085856,0.023848860314615934
Etoposide,RNA metabolism,0.16903571145481755,0.18879509428328634,1.9232473804642325e-06,1.0676401163145499e-07,0.00025194540684081446,1.3986085523720604e-05,1.938041591083188e-05,1.0758527325938927e-06,1.8323302315695597e-05,1.0758527325938927e-06
Etoposide,Resolution of D-loop structures,0.15232280831353714,0.1658510948989102,1.781926074184703e-05,3.0277145017798546e-06,0.002334323157181961,0.00039663059973316095,0.00015562154381213074,1.983152998665805e-05,0.00011919948036673845,2.0875294722797944e-05
Etoposide,NeST:195,0.06794204867329802,0.04805336221906992,0.055624449780490526,0.1761021229611739,1.0,1.0,0.1392543910494225,0.27794431455317803,0.1111075413658591,0.2714044483283974
Etoposide,Cohesin,0.06141731349496767,0.09343529323911108,0.08359569986411652,0.008528876335961666,1.0,1.0,0.173825979082528,0.020690422222425522,0.15607178169405125,0.02172997341998661
Etoposide,Oncogene induced senescence,0.008237681368726844,0.0708653428875696,0.8162589923419528,0.04604011981188605,1.0,1.0,0.8623381290064178,0.09278854915933957,0.8681726224367725,0.08913185756685328
Etoposide,Cytoplasm/extracellular space,0.07401074121280594,0.13252244626820883,0.03707887450836078,0.0001909413365952517,1.0,0.025013315093977972,0.1033475012892609,0.0008068811320638056,0.07968032534570652,0.0008004260830072951
Etoposide,Extracellular matrix organization,0.014603358008301802,0.023854549752231172,0.6805944208274566,0.501810665637243,1.0,1.0,0.7820865713017264,0.6030935522796222,0.7653035976686422,0.6068048972167277
Etoposide,MHC class I including non-classical MHCs,-0.08017685700385849,6.958131883628631e-05,0.023952766068805698,0.9983383969730182,1.0,1.0,0.07364028168095632,0.9983383969730182,0.055618535096251934,0.9986043119486842
Etoposide,Endoplasmic Reticulum protein processing,0.05076506224240283,0.059907741524039444,0.1526691243058267,0.09168754405583468,1.0,1.0,0.2816852856910323,0.16453518179882662,0.254232906153347,0.1580403719909782
Etoposide,Regulation of androgen receptor signaling pathway,-0.07618833158394107,-0.09626675547824032,0.03190914097451625,0.006731513115362908,1.0,0.881828218112541,0.09289105483692507,0.01695823496370271,0.07015548197474061,0.017548820260946087
Etoposide,RAS-RAF-MAPK,0.033829996415639205,-0.05421132691575021,0.34049825686930424,0.1270204892628619,1.0,1.0,0.46204149207383227,0.21062891257512548,0.4598481613389573,0.20713299701371257
Etoposide,Structural constituent of muscle,0.08002836560779071,0.058154699828527896,0.0241720008571078,0.10158594137931054,1.0,1.0,0.07364028168095632,0.1798345719012119,0.05596227591660304,0.17152857126560278
Etoposide,Beta-catenin,-0.10435904807349296,-0.021091841767166525,0.0032928257190603105,0.552763535624653,0.4313601691969007,1.0,0.014378672306563357,0.6351931856739433,0.01039422094450363,0.6523605690705364
Etoposide,Actin filament-based process,-0.12557839601901502,-0.07416207101333953,0.00040524252380058634,0.03683549829310362,0.05308677061787681,1.0,0.0021234708247150724,0.07659444883169166,0.0018149323288163012,0.07376484498950177
Etoposide,MutS homologs,-0.08422277805069844,-0.11350508671804098,0.017699673483461797,0.0013977661355655258,1.0,0.18310736375908387,0.05945274939316655,0.004577684093977097,0.04307103206811447,0.004511885759977426
Etoposide,Beta-catenin destruction complex,0.06530995708303397,0.10467424046236996,0.0657928981359257,0.003211162236902654,1.0,0.42066225303424765,0.1488567613542405,0.009144831587701036,0.12832064003681787,0.009279314405167228
Etoposide,Epithelial differentiation,-0.06776857593504718,0.0035581405258561724,0.05633956279098773,0.9201160582993309,1.0,1.0,0.1392543910494225,0.9343814235442818,0.11225068784212003,0.9494981695363015
Etoposide,Lymphocyte activation,0.03574950493448773,0.02528853622900297,0.3138169257667778,0.4764579073850168,1.0,1.0,0.4373406093132754,0.5851374887641531,0.432737023952083,0.5833269707237122
Etoposide,PI3-K/Akt,-0.04156908799070029,0.014823266147106176,0.24180928110268285,0.6763803590630157,1.0,1.0,0.36410363016610864,0.7508968392987717,0.35492454705267734,0.7567757469374098
Etoposide,MAPK signaling,-0.04931298297580606,0.05556548366238425,0.16495818203112655,0.1177412240440634,1.0,1.0,0.29602084720654215,0.2003129915554845,0.269277530792244,0.19381068502331691
Etoposide,RNA processing 2,0.0012235789186020437,0.015228935424400796,0.9722367418283158,0.6680488762450523,1.0,1.0,0.9722367418283158,0.7479863486162551,0.9797154859962258,0.7490533762177048
Etoposide,Contractile fiber,0.04647263484526696,0.18464131129801042,0.19044349729143994,2.015671460853241e-07,1.0,2.640529613717746e-05,0.32498285520458087,1.7603530758118305e-06,0.30165049558949464,1.874932270095441e-06
Etoposide,MutL alpha/beta complex,-0.07081675097618957,-0.10133244329976548,0.04612437272840664,0.0043384347873964835,1.0,0.5683349571489393,0.12331209851880141,0.011840311607269569,0.09515421775466566,0.012070830948296057
Etoposide,NeST:29,0.021572627403030793,-0.0009880787003671988,0.5432236058418438,0.9779084052865106,1.0,1.0,0.6589101144933477,0.9854307776348684,0.648896282966093,0.9878367594730523
Etoposide,RBL-TP53 complex,0.0434831219004056,0.043502995682542095,0.22054999886927829,0.22066605242933646,1.0,1.0,0.3566919734799439,0.3248005940252031,0.3327299407125772,0.3254099760027363
Etoposide,Regulation of cellular homeostasis,0.08081361293865905,0.17061000162236545,0.022816025671854367,1.5638651704730222e-06,1.0,0.0002048663373319659,0.0728999844637298,1.160315940919675e-05,0.05329389651731808,1.181921176915188e-05
Etoposide,Mismatch and excision repair,0.0680169328222744,0.0791532271138442,0.05535548006454549,0.02585823886716221,1.0,1.0,0.1392543910494225,0.056457154859970826,0.1109233761890232,0.0551548867017354
Etoposide,Extracellular matrix,0.11446572527130135,0.26863100942715995,0.0012626693924810972,3.952393967665557e-14,0.16540969041502374,5.17763609764188e-12,0.006126284830186064,1.72587869921396e-12,0.00475999109107982,1.72587869921396e-12
Etoposide,Ubiquitin/Proteasome System,-0.009994822052144192,0.096846971381701,0.7785804163751526,0.006402477225796233,1.0,0.8387245165793065,0.8408294010238037,0.01644557875645699,0.8448182738124964,0.016887070803610196
Etoposide,Ribosome abundance control,0.062437909470362846,0.05449960094124766,0.07858783380622048,0.12495096321019372,1.0,1.0,0.16604848755830456,0.20985354077609458,0.14830741265711714,0.20439429153634187
Etoposide,Epigenetic modification,0.24030127024408202,0.22869583931881507,1.3006928867298484e-11,1.2102008284387011e-10,1.7039076816161014e-09,1.5853630852546985e-08,5.679692272053671e-10,2.264804407506712e-09,5.679692272053671e-10,2.4674232913267904e-09
Etoposide,Spliceosomal complex,0.048346236610070134,0.09379474278075838,0.17318548001563494,0.008278341361238173,1.0,1.0,0.30658510651416454,0.02046156072306039,0.2793397942214408,0.02112589711017274
Etoposide,Interferon signaling,0.03771481592624277,0.02661505223123796,0.2879636791728877,0.4536442864227217,1.0,1.0,0.405626257759659,0.5659752525845385,0.40526311876435045,0.5615187545326917
Etoposide,Transmembrane tyrosine kinase signaling,0.03222831402914382,0.08940907001181204,0.3638417996774357,0.01183446353097617,1.0,1.0,0.48144722987620275,0.027684191474247825,0.4814472298762028,0.02888785197312816
Etoposide,Regulation of mRNA processing,0.01355466327074752,0.037176165935083924,0.7023760319978853,0.2952587536337381,1.0,1.0,0.7958723528852347,0.40290517422937183,0.785861297011157,0.40966174820144424
Etoposide,Nucleus,0.04167835224411642,-0.06591791334195118,0.2403010750136163,0.06352418732303566,1.0,1.0,0.36410363016610864,0.12060389187416916,0.3540330739657027,0.11679534792024802
Etoposide,Actin filaments,0.09015023699344045,0.10638487411205158,0.011101976346275855,0.0027451571778531747,1.0,0.3596155902987659,0.03930699733411181,0.007991457562194798,0.02903878006047528,0.008126905995452337
Etoposide,Transcription elongation,-0.06530678740893762,-0.06564905735891968,0.06590604701180114,0.06461156514951916,1.0,1.0,0.1488567613542405,0.12091592906552871,0.12838203953228178,0.11796676006393043
Etoposide,Type I interferon signaling pathway,0.18218435491707824,0.1955716075376286,2.8718983946518506e-07,3.679530902189754e-08,3.762186896993924e-05,4.8201854818685774e-06,3.420169906358113e-06,4.820185481868577e-07,3.527050215931804e-06,4.349039532513002e-07
Etoposide,Nuclear transport,0.00635876605817588,-0.025212566134466468,0.8575933661949964,0.4779367274638502,1.0,1.0,0.8776932107151916,0.5851374887641531,0.9005589657037638,0.5846821288507179
Etoposide,Mediator/CCR-NOT complex,-0.12733097269703697,-0.1878921553086201,0.0003357783293638228,1.2288462980514225e-07,0.043986961146660786,1.6097886504473635e-05,0.0018327900477775327,1.1498490360338311e-06,0.0015255593461269636,1.2073414878355227e-06
Etoposide,Apoptosis Regulation,0.013441480599449083,0.1906804183964856,0.7047419307991392,7.96626959953528e-08,1.0,1.0435813175391218e-05,0.7958723528852347,8.696510979492681e-07,0.787391354128664,8.519031163584667e-07
Etoposide,Actin cytoskeleton,0.0314123910282182,0.07582797124667369,0.3761091665231342,0.03278337776010565,1.0,1.0,0.49270300814530577,0.0692681046221587,0.49268360966030406,0.06719096458785669
Etoposide,NeST:49,0.076653338529291,0.07055081854540522,0.03082497891078595,0.04701431094217168,1.0,1.0,0.09177436902983999,0.093316283839765,0.06847261567812646,0.09079422211436594
Etoposide,Cell motility,-0.009059443032749338,-0.0443362934061422,0.7988590396294013,0.21204231021379427,1.0,1.0,0.8508173511500128,0.3156538936137165,0.8577912638643571,0.31615247484633513
Etoposide,Checkpoint-regulated DNA repair,0.04225899225957062,0.039811290189279765,0.23381511246446385,0.2623579949829278,1.0,1.0,0.36410363016610864,0.36562656747620786,0.3470796570294024,0.37256257282128497
Etoposide,ECM-cytoskeleton assembly,0.11952238578755843,0.1644258105819102,0.0007605804888413115,3.6777634311313534e-06,0.0996360440382118,0.0004817870094782073,0.0038321555399312233,2.1899409521736697e-05,0.0031217559489779153,2.4291781990497846e-05
Etoposide,INSR-FOXO,0.01858192721073491,0.11204724721379558,0.6004797257043695,0.001608723584644478,1.0,0.21074278958842663,0.708674270876328,0.005140068038742113,0.7007825752095537,0.005057826950122239
Etoposide,Integrator-PP2A complex,-0.11288953297095834,-0.15259442128030465,0.0014765312749314141,1.743000686604823e-05,0.19342559701601525,0.0022833308994523183,0.006908057036286259,8.45678110908266e-05,0.005323640284844456,9.351525868064102e-05
Etoposide,Cell-extracellular matrix interactions,0.05670219453281231,0.1312861402583187,0.11017889572494433,0.0002191034400165215,1.0,0.028702550642164315,0.22205285138411857,0.0008969547075676348,0.1968182150296792,0.0009016508055130152
Etoposide,Histone deacetylase binding,-0.17471790700109396,-0.16512052101724412,8.62405337587191e-07,3.349787114803604e-06,0.00011297509922392202,0.00043882211203927213,9.414591601993502e-06,2.0896291049489147e-05,8.978153580709034e-06,2.2697695450307178e-05
Etoposide,Histone acetyltransferase complex,-0.04544388403578279,-0.045020120148538435,0.20068153050689075,0.20507685016560728,1.0,1.0,0.33704205764618833,0.3087938778355696,0.31296762495717484,0.3076152752484109
Etoposide,Cyclin D associated events in G1,-0.1918944509575878,-0.20248462243863882,6.49984899236955e-08,1.1985044956475122e-08,8.51480218000411e-06,1.570040889298241e-06,8.514802180004111e-07,1.7444898769980455e-07,9.82477174615859e-07,1.5966517518287197e-07
Etoposide,Chromosome centrometric region,0.08128358744270886,0.0409835885777081,0.022036488863005355,0.24856735010932152,1.0,1.0,0.07216950102634254,0.35782772378374855,0.0516264686924656,0.35782772378374855
Etoposide,Transcription,0.046441743147471876,0.07348366214452022,0.19073829046816648,0.0385711908347659,1.0,1.0,0.32498285520458087,0.07895040623991145,0.30165049558949464,0.07675178733196455
Etoposide,Nuclear receptor signaling,0.06277377032296386,0.14292258200272295,0.07699423642439052,5.7344591128938305e-05,1.0,0.007512141437890918,0.16534827822287143,0.0002682907656389614,0.14600113348509275,0.00027483444284966775
Etoposide,Culin-RIng uniqutin ligase complex,-0.19448466369630052,-0.2465437053089108,4.315481327843429e-08,3.914646384828302e-12,5.653280539474892e-06,5.128186764125076e-10,6.281422821638769e-07,8.54697794020846e-11,6.993749120999866e-07,1.0430210367712018e-10
Etoposide,Actin and actin-associated proteins,0.054232290630588265,0.15916618206464495,0.12655640662778422,7.438243492030594e-06,1.0,0.0009744098974560078,0.24744610848119006,3.897639589824031e-05,0.21953303511926855,4.4800455055448636e-05
Etoposide,Mitosis,-0.026246503843261618,-0.00692580443885663,0.4599633211477747,0.8455168308675509,1.0,1.0,0.5850018938869757,0.8799826222467998,0.5724959151578004,0.8922296065878894
Etoposide,PcG protein complex,-0.06340776669709963,-0.06909657497494982,0.07416807338034381,0.051776672328997186,1.0,1.0,0.16193362688041732,0.09974623639850928,0.14166732849805647,0.09853865484404792
Etoposide,Protein nuclear transport,0.04175736323810335,0.16218468080663748,0.23941111619706468,4.977852470444688e-06,1.0,0.0006520986736282541,0.36410363016610864,2.83521162447067e-05,0.3533842954570757,3.16969027418967e-05
Etoposide,Metabolism,0.05173416931452998,0.02750823423888735,0.14498879913251983,0.43863699404133993,1.0,1.0,0.2728210296001123,0.5525139059559185,0.24534164933942,0.5459519830823328
Etoposide,Regulation of nuclear protein ubiquitiation,0.053454670815983894,0.12218291400450199,0.13208739435125305,0.0005824766901012524,1.0,0.07630444640326406,0.2544624802943258,0.002062282335223353,0.2271787570242558,0.0021244857467266095
Etoposide,EGFR-MAPK signaling,0.0042044138317187205,0.10068462384105302,0.9054654972076015,0.004590380733192623,1.0,0.6013398760482336,0.9124306164168907,0.012026797520964671,0.9346650362050087,0.012637615608719444
Etoposide,Ubiquitin regulation of mitophagy,-0.22789901713134877,-0.26553474262373594,1.3756595862446375e-10,7.72715225139109e-14,1.802114057980475e-08,1.0122569449322327e-11,3.6042281159609502e-09,2.530642362330582e-12,4.698171894077366e-09,3.1966008787333666e-12
Etoposide,NeST:78,-0.017124601923711204,-0.04648145969500608,0.629817496284319,0.1907522571881035,1.0,1.0,0.7366615358325517,0.29654293419895633,0.7269568136847547,0.28860687998046075
Etoposide,Homologous recombination (HR) and Fanconi Anemia repair,0.010934252561119575,0.008117113330588038,0.7578466841119094,0.8191601396620896,1.0,1.0,0.8367765666835847,0.8724388479327946,0.8290431366902725,0.8748096056717423
Etoposide,Immune system,0.010827973041929088,0.021125283951413422,0.7601252781324166,0.5519684338084563,1.0,1.0,0.8367765666835847,0.6351931856739433,0.8298049476515473,0.6519116288105885
Etoposide,NeST:80,0.09600914533774176,0.12034359387092264,0.006840892026802825,0.0007043828315638212,0.8961568555111701,0.09227415093486058,0.027156268348823336,0.002428267129864752,0.019341514867147556,0.002493895971212448
Etoposide,TGF-beta/Smad signaling,-0.005258608253585488,0.07609342307905068,0.8825232245558852,0.032177482105421706,1.0,1.0,0.8962057551691548,0.06910246157065973,0.9205882607842412,0.06638189221748415
Etoposide,Extended PRC1 complex,0.09501582840643395,0.1390555627507527,0.007439231277053038,9.054648956019484e-05,0.974539297293948,0.011861590132385524,0.028662920508645526,0.00040902034939260427,0.02062517031309943,0.0004186443576136067
Etoposide,TNFR/Traf signaling,-0.022583805652853416,0.17021339409822162,0.5249424520793706,1.6534764477604824e-06,1.0,0.0002166054146566232,0.6487496341735619,1.160315940919675e-05,0.6318602868826728,1.2233361792528043e-05
Etoposide,Lymphoid JAK/STAT signaling,0.050201240407121143,0.04544832394425032,0.15727778862715702,0.20071361188799242,1.0,1.0,0.2861581987521885,0.30573817624798844,0.25966001241443276,0.30164607828673434
Etoposide,Positive regulators of transcription,-0.03972560987105296,-0.04195803868901124,0.26333051591562207,0.23759478317076876,1.0,1.0,0.3790801932411702,0.34583240661523007,0.3778188948473959,0.3448744221093707
Etoposide,RTK-JAK-STAT signaling,0.04090357972533791,-0.011635374950713233,0.24915153091479425,0.7433510215546268,1.0,1.0,0.36525595252706705,0.8172822834997118,0.36366407297869685,0.8177381426759086
Etoposide,Nucleolus,-0.022256017770834725,-0.01138648838666213,0.5309785394602342,0.7486555268699651,1.0,1.0,0.6500765296195391,0.8172822834997118,0.6376609327803308,0.8218481063125594
Etoposide,Mediator complex,-0.07310147807377944,-0.05683969081442087,0.03953219001361341,0.10961026473755608,1.0,1.0,0.10788993524548661,0.18893348263973483,0.08375283382938044,0.1821430614877782
Etoposide,G1/S phase,0.20212773979245197,0.19198722868155146,1.2454731912470152e-08,6.492476445352224e-08,1.6315698805335899e-06,8.505144143411414e-06,2.0394623506669873e-07,7.731949221283103e-07,2.2504412145290894e-07,7.137183896569018e-07
Etoposide,Polybromo- and BAF containing complex,0.06715953959854691,0.130422157233044,0.05850076299290641,0.00024105082993219895,1.0,0.03157765872111806,0.13933818094674072,0.0009568987491247897,0.11538669940382543,0.0009816888721591106
Etoposide,Nuclear pore,0.02032726013876666,0.12918534779242327,0.5667333603774289,0.0002760802393955153,1.0,0.0361665113608125,0.6770392378791009,0.0010637209223768383,0.6688474793643531,0.001109969658132353
Etoposide,p53 regulation,-0.05165642754887921,-0.05068457889188064,0.1457822295573119,0.1536729360991167,1.0,1.0,0.2728210296001123,0.24853277319733688,0.2458938200189342,0.24254403167450947
Etoposide,Cell projection morphogenesis,0.04094178852627232,0.007711108432806351,0.24870978852803205,0.8280555665780045,1.0,1.0,0.36525595252706705,0.8748006388848274,0.36335667989411374,0.8819128392009642
Etoposide,Histone methyltransferase complex,0.04271971110997575,0.0344618352459406,0.22875773540577993,0.3319244272656139,1.0,1.0,0.36410363016610864,0.43921313102823656,0.3408598673534465,0.44635175334606075
Doxorubicin,Cell,-0.2673847290759882,-0.04235467506876083,2.5091040356528538e-14,0.22719505312248156,3.2869262867052385e-12,1.0,1.6434631433526192e-12,0.3293648475117553,2.0759534442348874e-12,0.3319243712904656
Doxorubicin,Signaling pathways,-0.09294361506149272,0.0951723673443994,0.008071511369367013,0.006674962032118481,1.0,0.874420026207521,0.020732705674256443,0.016815769734760018,0.022169144342675383,0.017481712356936015
Doxorubicin,Chromatin binding,0.04777336316053225,0.029493877502530002,0.17325464336253482,0.40065509150166134,1.0,1.0,0.26905398778694256,0.49514921685582675,0.2793397942214408,0.51081087091696
Doxorubicin,CDK holoenzyme complex II,-0.14280479478635,-0.07219841403579792,4.695932969922545e-05,0.039559241942966894,0.006151672190598534,1.0,0.0002121266272620184,0.06920578191512461,0.0002765364979382975,0.07851910143225248
Doxorubicin,MAPK and MAP2K activation,-0.07544783460020407,-0.07983355374881014,0.0315253256897805,0.02284815250470329,1.0,1.0,0.06839503008324674,0.04906734390354313,0.06960366851732437,0.05009385737432855
Doxorubicin,Ubiquitin regulation of p53 activity,0.012330528585283653,-0.041121171672132355,0.7251487332078184,0.24101465828680846,1.0,1.0,0.798272975211968,0.3431839156040425,0.8027702877483737,0.34891270900863786
Doxorubicin,HDACs deacetylate histones,-0.09493690041465076,-0.03336443907763414,0.006812392072122364,0.3414287137296168,0.8924233614480297,1.0,0.017848467228960593,0.45273223041826444,0.019295640247524965,0.4542889181082709
Doxorubicin,EMT,0.0013360455848842338,0.008639369626772603,0.9695217480104323,0.8056923565687539,1.0,1.0,0.9769796076105126,0.8698072593112222,0.9782337534482668,0.8674988935110145
Doxorubicin,Metabolic pathways,0.0013437465901349733,0.007197494664093468,0.9693467382619636,0.8376613656995215,1.0,1.0,0.9769796076105126,0.8849487008599785,0.9782337534482668,0.8888194753352905
Doxorubicin,CDK holoenzyme complex I,-0.11511396019086649,-0.007885404437128575,0.0010344361435012939,0.8219345830095572,0.1355111347986695,1.0,0.0033877783699667375,0.8753937428800975,0.004035071011374774,0.8765815227211833
Doxorubicin,Transcription factor (TF) binding,-4.820478766934731e-05,0.002953668623601185,0.9990046840311537,0.9331247620589695,1.0,1.0,0.9990046840311536,0.9549948736697267,0.9990046840311537,0.9574883328699086
Doxorubicin,Regulation of TP53 Activity,-0.08219950140368289,-0.09075270616179129,0.019138505559487484,0.009675424615023687,1.0,1.0,0.04317550903950514,0.0230451022648746,0.046002646390694686,0.02406608780825512
Doxorubicin,Regulation of E2F transcription via DREAM complex,-0.08216319929933913,-0.07217561397482507,0.019191644238234495,0.03962163086743775,1.0,1.0,0.04317550903950514,0.06920578191512461,0.04605994617176279,0.0785437625770645
Doxorubicin,Protein Transport,0.043656400660595125,0.03706110831699329,0.21332531841188418,0.2908958705317819,1.0,1.0,0.3070946891423827,0.40539743659216415,0.3250513663521186,0.40432211182666766
Doxorubicin,Extended cohesin complex,0.13433558077863067,0.22580224616107045,0.00012860218850452299,1.224293999513293e-10,0.01684688669409251,1.6038251393624137e-08,0.0005615628898030837,2.06441513883604e-09,0.0006947169770759799,2.4674232913267904e-09
Doxorubicin,PML body,-0.024859862755607823,-0.058927327027594234,0.47866023821770654,0.09295244921245427,1.0,1.0,0.5761182647045272,0.1467080824919459,0.5896974094657012,0.1598700767636522
Doxorubicin,Extended mismatch repair complex,0.02071466114636541,0.04309452699833155,0.5548148479609925,0.21939327777972473,1.0,1.0,0.6431924343618585,0.32292718414768473,0.659235783064762,0.3238368381875374
Doxorubicin,Regulation of beta catenin transcriptional activity,-0.04763568899988172,-0.01970619765504611,0.17457701497626044,0.5741070078647126,1.0,1.0,0.26905398778694256,0.6655576816838703,0.28060845352012415,0.6710009043593518
Doxorubicin,Fas,0.039732352847289654,0.03111621014662114,0.2573714861076912,0.3752420573190325,1.0,1.0,0.3625340288183608,0.47724960688148793,0.3718639486776568,0.48589828180026284
Doxorubicin,BAF (SWI/SNF) complex,0.05683278023785333,0.013845264449667046,0.10522314085725881,0.6932984814307632,1.0,1.0,0.1888250883876836,0.7740837039757864,0.18969125851790236,0.7712077193850487
Doxorubicin,Ribosome biogenesis,0.04896323669412878,0.03566126049902612,0.16279419765630454,0.309507867844109,1.0,1.0,0.26193193251153907,0.42679505986924504,0.26629810480302885,0.42604760792551605
Doxorubicin,Homologous recombination,0.03350900349442839,0.02277538509883592,0.3394561869972572,0.5163778658983178,1.0,1.0,0.44917939895596665,0.6149590948425421,0.45883501802208804,0.6207198930426464
Doxorubicin,Cell Proliferation,-0.07445784978294236,-0.05841677091199931,0.033824280394997075,0.09581873792335172,1.0,1.0,0.07003741550347395,0.149431603189989,0.07374725212335007,0.1637250608864227
Doxorubicin,Histone methyltransferase subcomplex,-0.018220611787607966,0.030122163217976936,0.6036079208300149,0.39069296583182345,1.0,1.0,0.6875881532933213,0.48743598594256066,0.7032072703148581,0.5015379199055526
Doxorubicin,RPA complex associated proteins,0.11849013233546324,0.1295286649021221,0.0007315480374987526,0.00022251682605434198,0.0958327929123366,0.0291497042131188,0.002521915602956226,0.0007109683954419219,0.0030342836806016866,0.0009133066594188658
Doxorubicin,mTOR regulation of autophagy/ribosome biogenesis,-0.05316318147461739,-0.07623266263042316,0.12972324702851346,0.02975627447112905,1.0,1.0,0.22069799169786053,0.059085761871672714,0.22384735930716043,0.06236915129148649
Doxorubicin,PIK3/AKT signaling,0.009354888938328799,-0.008422311259822393,0.7896456395461737,0.8100495086715198,1.0,1.0,0.8342224095205545,0.8698072593112222,0.8513874796752985,0.8686206191211658
Doxorubicin,Locomotion,-0.10405318896577682,-0.062073579124094454,0.0030197322153286965,0.07677546128260193,0.39558492020805924,1.0,0.00859967217843607,0.12416772133359079,0.009589937459589314,0.13485030741480472
Doxorubicin,Regulation of adherens junction stability,0.05417211652669114,0.05274540647997831,0.12253865193336155,0.1327759605538612,1.0,1.0,0.2140341787102715,0.19992702106385996,0.21308712482217299,0.21540124870038166
Doxorubicin,mTOR regulation of mRNA translation,0.03490689251953628,0.012550015540217856,0.3196951131136889,0.720746546332367,1.0,1.0,0.43175319399889944,0.7934268703322697,0.439301326761118,0.7967746630340935
Doxorubicin,SMAD-TGFbeta signaling,0.003921184918615036,-0.02630827799424313,0.9109083606097217,0.4531295632411212,1.0,1.0,0.932257775311512,0.5496293776350636,0.9365257965196092,0.5613236197124054
Doxorubicin,Cellular response to DNA damage,-0.12512340063873922,-0.07620890233181873,0.0003620699909334668,0.029807252429077336,0.04743116881228415,1.0,0.001317532467007893,0.059085761871672714,0.0016402709675717862,0.062392810677109944
Doxorubicin,G1 to S cell cycle control,-0.04528103356856638,0.0033703894245947943,0.19686749492347722,0.9236851134896458,1.0,1.0,0.29306411176108543,0.9527775580090047,0.30793602191015546,0.9509056964019144
Doxorubicin,EGFR/PI3K signaling,-0.027555438616657157,0.006090563985970526,0.4322826344733883,0.8623902048568124,1.0,1.0,0.5342360860001308,0.9037849346899394,0.5458219288290493,0.9039473401606822
Doxorubicin,H3 acetylation and H3K4 methylation crosstalk,0.21263517202462098,0.27506909133070223,1.3535443876833142e-09,4.440892098500626e-15,1.7731431478651416e-07,5.81756864903582e-13,2.533061639807345e-08,1.9391895496786068e-13,3.29354739583629e-08,2.1815882433884326e-13
Doxorubicin,Histone modifications in DNA damage response,-0.04414635229553774,-0.06906413141303076,0.20832461563538618,0.048955604905704275,1.0,1.0,0.3066351084071415,0.08416284858840685,0.3198108357215108,0.09385147672166723
Doxorubicin,NeST:16,0.23011785963759993,0.2561825793152934,5.408939962592285e-11,2.828848266744899e-13,7.0857113509958936e-09,3.7057912294358175e-11,1.4171422701991788e-09,7.411582458871636e-12,1.977407818882575e-09,1.0846218232495076e-11
Doxorubicin,NeST:163,-0.050690178686551145,-0.002572342628329395,0.14854058207727716,0.941323265265742,1.0,1.0,0.24631412977371278,0.9559174244171488,0.24950545246726988,0.9640131420180759
Doxorubicin,Transcription coactivator activity,0.22461579639215593,0.21404893755065532,1.5295831268247184e-10,1.0523732996148283e-09,2.003753896140381e-08,1.378609022495425e-07,3.3395898269006352e-09,1.378609022495425e-08,5.009384740350953e-09,1.817945963730231e-08
Doxorubicin,Foxo signaling,-0.07225745884107489,-0.07509614323458325,0.03945190566544343,0.03228027370033337,1.0,1.0,0.07713730809213566,0.062186997863877526,0.08369554076393668,0.06650667137211541
Doxorubicin,Neg Regulation EGFR,0.004388268645416076,0.0008341115352185463,0.9003602800352288,0.9812551442063926,1.0,1.0,0.9287180841308266,0.9875778818847097,0.9330035334313643,0.9888032607002879
Doxorubicin,RNA processing 1,-0.11820496596894893,-0.07330634961376786,0.0007541597901414843,0.03662642431350749,0.09879493250853444,1.0,0.0025332033976547294,0.06669259955317358,0.0031035057332523906,0.07349796685451782
Doxorubicin,Phosphatase 2A catalytic subunit,0.04234273546129462,0.05393447097226204,0.22742062260387197,0.12425918391395485,1.0,1.0,0.3238271908816003,0.18927852433404752,0.33983385811148925,0.20347441365910107
Doxorubicin,Wnt/beta-catenin,0.10149975861094311,0.10108519804409867,0.0038134536078746617,0.003961804270071534,0.4995624226315807,0.5189963593793709,0.010407550471491264,0.010591762436313693,0.01177750308758147,0.011101526403836812
Doxorubicin,p53 regulation of cell cycle,-0.1812288715980798,-0.20793722600568254,2.398279876913989e-07,3.073876930770325e-09,3.1417466387573256e-05,4.026778779309126e-07,2.244104741969518e-06,3.465796161172818e-08,3.1681478710157907e-06,4.832134535170951e-08
Doxorubicin,Regulation of immune responses,-0.015916531568419424,0.015336178524879377,0.6501559852107663,0.6621970982756442,1.0,1.0,0.7279524278855589,0.7518161123914854,0.742832443184057,0.7446164796060892
Doxorubicin,Regulation of beta catenin transcription,-0.03054690505416764,-0.004627340484319744,0.38399557304847676,0.8948377955815459,1.0,1.0,0.48838271911990727,0.9303472319141469,0.5005315429786115,0.9309629481496956
Doxorubicin,MDM2-p53 pathway,-0.1298817773826527,-0.07601806068532115,0.00021397454389404658,0.03021943546108452,0.0280306652501201,1.0,0.0008759582890662532,0.059085761871672714,0.0010746580926563618,0.06308758638090951
Doxorubicin,RNA metabolism,0.12631703407744563,0.091370116627783,0.0003175252449498789,0.009207413543843357,0.041595807088434134,1.0,0.001188451631098118,0.022336503226731107,0.0014552468952221853,0.023158486545474814
Doxorubicin,Resolution of D-loop structures,0.14432331270860196,0.2256460400626325,3.891944549394566e-05,1.2607115351670473e-10,0.005098447359706881,1.651532111068832e-08,0.0001820874057038172,2.06441513883604e-09,0.00023898971998626006,2.508656371243795e-09
Doxorubicin,NeST:195,-0.016194982401826985,0.11030410457818525,0.6444526586373336,0.0016666958156208445,1.0,0.21833715184633062,0.7277870541507819,0.004548690663465221,0.7389347770808814,0.005208838612636118
Doxorubicin,Cohesin,0.14650456818746868,0.20445960260185989,2.9671207578685355e-05,5.61258195475034e-09,0.0038869281928077815,7.352482360722945e-07,0.00014396030343732523,5.251773114802104e-08,0.00018732184061724249,8.020889848061395e-08
Doxorubicin,Oncogene induced senescence,-0.035528168516898245,0.032469095645072235,0.31127999190894107,0.35482992064005514,1.0,1.0,0.42476748895907585,0.4648271960384722,0.4307501296486403,0.4663818020452899
Doxorubicin,Cytoplasm/extracellular space,-0.048837010999451556,-0.03479626504184336,0.16395739286981836,0.32111909688263074,1.0,1.0,0.26193193251153907,0.433676306099223,0.2679220598662728,0.43592333359196506
Doxorubicin,Extracellular matrix organization,0.3015207159668209,0.29717213143857757,0.0,0.0,0.0,0.0,0.0,0.0,0.0,0.0
Doxorubicin,MHC class I including non-classical MHCs,-0.010051764620585416,-0.030265685247235063,0.7745864096063866,0.38812919072161334,1.0,1.0,0.8290625623696898,0.48743598594256066,0.8426642462984357,0.4988872345170696
Doxorubicin,Endoplasmic Reticulum protein processing,-0.17249430310752212,-0.12023619969923571,8.80994760477094e-07,0.0006088174667424617,0.00011541031362249932,0.07975508814326249,6.7888419777940775e-06,0.0017338062639839671,9.111340549144683e-06,0.0022103026737162815
Doxorubicin,Regulation of androgen receptor signaling pathway,0.0497527079791093,0.013656901556125376,0.15612134043422432,0.697266237169029,1.0,1.0,0.2556486949610423,0.7740837039757864,0.2583397338553691,0.7746307595969708
Doxorubicin,RAS-RAF-MAPK,0.15539889945095336,0.16444406640360323,9.445525580131786e-06,2.768960269294851e-06,0.001237363850997264,0.0003627337952776255,5.2427922774822555e-05,1.2091126509254183e-05,7.029981214443773e-05,1.9345802414806694e-05
Doxorubicin,Structural constituent of muscle,0.07529631589816982,0.13208238338662057,0.0318480674433439,0.00016670078644653863,1.0,0.02183780302449656,0.06839503008324674,0.0005599436672947836,0.07011927453912689,0.000717955167928654
Doxorubicin,Beta-catenin,0.03760538049129934,0.06235675990097672,0.2837199643876269,0.075532113749188,1.0,1.0,0.3912348982608329,0.12368383626429535,0.40144715033064765,0.13356184793444717
Doxorubicin,Actin filament-based process,-0.15792027668825223,-0.09666129395102548,6.760066604938331e-06,0.005857658435033164,0.0008855687252469213,0.7673532549893445,4.2169939297472446e-05,0.015046142254693029,5.340112916061837e-05,0.01563368261438393
Doxorubicin,MutS homologs,0.008009050658132654,0.03529871496533922,0.8193274359663154,0.31445370219793567,1.0,1.0,0.8586551528926986,0.42909828112426635,0.870258600904762,0.42987493302184804
Doxorubicin,Beta-catenin destruction complex,0.11172863631675757,0.1273403949953129,0.0014487911757319338,0.00028386021162551955,0.18979164402088333,0.03718568772294306,0.004413759163276357,0.00088537351721293,0.005271990111691204,0.0011296917789248525
Doxorubicin,Epithelial differentiation,0.05787139689913442,0.07928222103053506,0.09901527315576586,0.02384076409616087,1.0,1.0,0.1826901518789483,0.05037322736446894,0.18057077656712753,0.05183635015098878
Doxorubicin,Lymphocyte activation,0.10189911908631354,0.0689274873649476,0.003677493710452895,0.04946976596417807,0.4817516760693292,1.0,0.010250035661049558,0.08416284858840685,0.011447564579865248,0.09472164688877946
Doxorubicin,PI3-K/Akt,0.05545670738922036,0.07331474611026717,0.11391918762122222,0.03665547456357632,1.0,1.0,0.2016677510591907,0.06669259955317358,0.2021229830028909,0.07349796685451782
Doxorubicin,MAPK signaling,0.07259314398054986,0.16845459936183946,0.038521385604163294,1.574225032774379e-06,1.0,0.00020622347929344365,0.07645911385068775,7.36512426048013e-06,0.08227665512193573,1.1839330861044115e-05
Doxorubicin,RNA processing 2,0.05171118125860012,0.03183042596453972,0.14046528032905092,0.3643772047437275,1.0,1.0,0.23590963747571372,0.472608057637904,0.2392323084260759,0.4761437787673645
Doxorubicin,Contractile fiber,0.08262227772271463,0.19507919749680788,0.01851644170983402,2.689745537409749e-08,1.0,3.523566654006771e-06,0.04317550903950514,1.8545087652667215e-07,0.044712513621903344,3.3293543187465555e-07
Doxorubicin,MutL alpha/beta complex,0.053336144739149376,0.07798737408102467,0.12841619183786035,0.02623093196154236,1.0,1.0,0.22069799169786053,0.05454368392003252,0.2220794868747156,0.05587401767417966
Doxorubicin,NeST:29,0.1552720737492819,0.12672160000064314,9.605115622868254e-06,0.0003038896616973652,0.0012582701465957413,0.03980954568235484,5.2427922774822555e-05,0.0009258033879617405,7.088845896314035e-05,0.0011972795693941305
Doxorubicin,RBL-TP53 complex,-0.01448015614176527,0.011568920654045987,0.679896616148647,0.7417817376873121,1.0,1.0,0.7548004806395997,0.8097783969753158,0.7650661994170889,0.8165832574540999
Doxorubicin,Regulation of cellular homeostasis,-0.15398274808991824,-0.18925272119062678,1.1393894931988058e-05,6.852537981494322e-08,0.0014926002360904356,8.976824755757562e-06,5.7407701388093676e-05,4.488412377878781e-07,8.068109384272624e-05,7.472527661105169e-07
Doxorubicin,Mismatch and excision repair,-0.18510273016650589,-0.19613626281141233,1.321110065788389e-07,2.2548884759387988e-08,1.7306541861827895e-05,2.9539039034798265e-06,1.4422118218189912e-06,1.6410577241554591e-07,1.8879863849266796e-06,2.835747747340633e-07
Doxorubicin,Extracellular matrix,0.08198212737965815,0.15238569253074916,0.01944545826970079,1.4021431386401773e-05,1.0,0.0018368075116186322,0.04317550903950514,5.248021461767521e-05,0.04652703257225211,7.84401784321124e-05
Doxorubicin,Ubiquitin/Proteasome System,-0.12635817534448474,-0.0987219639083744,0.00031640402676935686,0.004887068592188237,0.04144892750678575,0.6402059855766591,0.001188451631098118,0.012804119711533182,0.0014552468952221853,0.013222843075593647
Doxorubicin,Ribosome abundance control,0.06665847620539575,0.08438885407965444,0.05741917255542228,0.016161315432401402,1.0,1.0,0.11061634712882823,0.035883598671942095,0.1136812836991484,0.03769375053373146
Doxorubicin,Epigenetic modification,0.031262712073682586,0.07306754074790721,0.37281447307237636,0.03729371096657297,1.0,1.0,0.48194227545200896,0.06692433063864464,0.4900203609279061,0.07449264757236684
Doxorubicin,Spliceosomal complex,0.04596703252698164,0.08996792404350618,0.19008287906107402,0.010338850781910658,1.0,1.0,0.28719960733970173,0.023909907624189083,0.30152400190111844,0.025554517970382946
Doxorubicin,Interferon signaling,0.12840040297480132,0.13112473616354517,0.000252265796659934,0.00018587798226099572,0.03304681936245135,0.02435001567619044,0.001001418768559132,0.000608750391904761,0.0012201902533828192,0.000789730238146717
Doxorubicin,Transmembrane tyrosine kinase signaling,-0.02504259492848351,-0.06747826546783157,0.4754328114340314,0.054383111503744974,1.0,1.0,0.5761182647045272,0.09133573855116144,0.586640800293797,0.10226106612905156
Doxorubicin,Regulation of mRNA processing,0.2329347725525061,0.2077707699288053,3.147215821286409e-11,3.174775109471284e-09,4.1228527258851955e-09,4.158955393407382e-07,1.0307131814712989e-09,3.465796161172818e-08,1.268570069503137e-09,4.941333140682038e-08
Doxorubicin,Nucleus,-0.15411625847462468,-0.16394521178844884,1.1196203094421264e-05,2.959713359951266e-06,0.0014667026053691856,0.00038772245015361584,5.7407701388093676e-05,1.2507175811406963e-05,8.036726604762661e-05,2.0496340977283658e-05
Doxorubicin,Actin filaments,0.08409948890969265,0.16894315933633913,0.016519508918713788,1.4683058742193111e-06,1.0,0.00019234806952272976,0.03934646669730011,7.124002574915917e-06,0.040386730980121424,1.1259399191574424e-05
Doxorubicin,Transcription elongation,0.011445395144600039,0.027426441219544666,0.7441543350106241,0.4344973880018994,1.0,1.0,0.812368482386598,0.5319547460584002,0.8174777181248785,0.5437602291328758
Doxorubicin,Type I interferon signaling pathway,0.11980113194935404,0.25755596477062315,0.0006381903693339908,2.113864638886298e-13,0.08360293838275279,2.7691626769410504e-11,0.002259538875209535,6.922906692352626e-12,0.0026896387683459345,8.307488030823151e-12
Doxorubicin,Nuclear transport,0.009866802279729922,0.015165457206429341,0.7784327875684873,0.6657302979955138,1.0,1.0,0.8290625623696898,0.7518161123914854,0.8448182738124964,0.7475200203206769
Doxorubicin,Mediator/CCR-NOT complex,0.09091314629000194,0.14737896885752846,0.009557466397174252,2.659653307768295e-05,1.0,0.0034841458331764663,0.02407746342365052,9.678182869934628e-05,0.02546497826501343,0.00013747959567478608
Doxorubicin,Apoptosis Regulation,-0.05704834426164247,-0.056401254454441885,0.10396375961557247,0.10783113912501552,1.0,1.0,0.1888250883876836,0.1661868144162004,0.18763608509262908,0.1801387361365828
Doxorubicin,Actin cytoskeleton,0.03919944630888619,0.07356150485047291,0.2638078966402593,0.03602769493272828,1.0,1.0,0.3676471751050422,0.06669259955317358,0.3780364754042731,0.07270287090404219
Doxorubicin,NeST:49,0.17563893067485223,0.19856807577891686,5.545809826923431e-07,1.513994285495812e-08,7.265010873269695e-05,1.983332513999514e-06,4.540631795793559e-06,1.1666661847055964e-07,6.271951833038585e-06,1.9349585502434283e-07
Doxorubicin,Cell motility,-0.04386616165860319,-0.033315221316239256,0.2112267370050136,0.3421411512321235,1.0,1.0,0.3070946891423827,0.45273223041826444,0.32331882236794685,0.45455156111840206
Doxorubicin,Checkpoint-regulated DNA repair,-0.16004839730762677,-0.13871260092153337,5.072549839280072e-06,7.674887473441139e-05,0.0006645040289456894,0.010054102590207892,3.3225201447284467e-05,0.000264581647110734,4.1531501809105587e-05,0.0003592116625929985
Doxorubicin,ECM-cytoskeleton assembly,0.06366983269459446,0.30652140697948055,0.0695361443530591,0.0,1.0,0.0,0.13201789725001076,0.0,0.1337953719987869,0.0
Doxorubicin,INSR-FOXO,-0.024820017188609655,0.07477727734757891,0.4793655790289577,0.033066844483231383,1.0,1.0,0.5761182647045272,0.06277908155512045,0.5901039077787952,0.06759568209055883
Doxorubicin,Integrator-PP2A complex,0.04846024319489447,0.04222888393902518,0.16715648184708454,0.22879542842419642,1.0,1.0,0.26382529062612137,0.3293648475117553,0.27201862263314375,0.3330244569285526
Doxorubicin,Cell-extracellular matrix interactions,0.11299321441148695,0.19942623791714006,0.0012783577411139557,1.3124794362440184e-08,0.1674648640859282,1.7193480614796641e-06,0.003987258668712576,1.0745925384247901e-07,0.00480760375366301,1.705138573368262e-07
Doxorubicin,Histone deacetylase binding,-0.1869187044083853,-0.19948892133648463,9.94892592753871e-08,1.2945582605894401e-08,1.303309296507571e-05,1.6958713213721666e-06,1.184826633188701e-06,1.0745925384247901e-07,1.4616552858028833e-06,1.6958713213721666e-07
Doxorubicin,Histone acetyltransferase complex,0.04589939413568165,0.06724497238557552,0.19073561708819886,0.05529388031612892,1.0,1.0,0.28719960733970173,0.0916898521697834,0.30165049558949464,0.10347854744875555
Doxorubicin,Cyclin D associated events in G1,-0.03440017449276747,-0.08857841552840917,0.32689441557893284,0.0115619466750716,1.0,1.0,0.4369711065391857,0.026114051973006543,0.44525999379840997,0.028354727259301955
Doxorubicin,Chromosome centrometric region,-0.020324590529526364,0.017844832834017207,0.5624614630647153,0.6111785900420514,1.0,1.0,0.6463372952761203,0.7023192569781469,0.665304303941108,0.7018062407203103
Doxorubicin,Transcription,-0.19929715090264608,-0.16237508927418584,1.343175748402814e-08,3.6772139220264677e-06,1.7595602304076863e-06,0.00048171502378546727,1.955066922675207e-07,1.4755207508743487e-05,2.3994003141922993e-07,2.4291781990497846e-05
Doxorubicin,Nuclear receptor signaling,-0.0745467150983527,-0.08987221291585715,0.03361221871164455,0.01040354759220441,1.0,1.0,0.07003741550347395,0.023909907624189083,0.07338667752042392,0.025647724801575247
Doxorubicin,Culin-RIng uniqutin ligase complex,-0.031713822497983706,-0.061410345225079925,0.36609148399165514,0.07997962552392046,1.0,1.0,0.4795798440290682,0.12777232858089732,0.4830571354493747,0.14000887675234183
Doxorubicin,Actin and actin-associated proteins,0.10939730126796063,0.16231669342752178,0.0018189786985138845,3.7169606701414892e-06,0.23828620950531887,0.0004869218477885351,0.005415595670575429,1.4755207508743487e-05,0.006326182553238554,2.4447958884780004e-05
Doxorubicin,Mitosis,-0.16466177610286298,-0.12423101155764345,2.6888454021101182e-06,0.0003978151136132535,0.0003522387476764255,0.05211377988333621,1.8538881456653972e-05,0.001184404088257641,2.4153514126383462e-05,0.0015032821120193136
Doxorubicin,PcG protein complex,0.21021599677858407,0.20685360900400981,2.0733366135061715e-09,3.720762364878283e-09,2.7160709636930847e-07,4.87419869799055e-07,3.395088704616356e-08,3.749383613838885e-08,4.7930664065172084e-08,5.7343514094006474e-08
Doxorubicin,Protein nuclear transport,0.08569819098267774,0.21734614793528143,0.01457384968682951,5.819427162379043e-10,1.0,7.623449582716546e-08,0.035355079795827145,8.470499536351717e-09,0.03648103775110827,1.076251705795277e-08
Doxorubicin,Metabolism,-0.0065851947730022715,-0.02220641080546921,0.8512117356523008,0.5265490733242713,1.0,1.0,0.8849899791305667,0.6214227802295453,0.8946867229111088,0.6289780723903909
Doxorubicin,Regulation of nuclear protein ubiquitiation,0.010707707383267656,0.07754539679721001,0.7601144868691294,0.027092885197415928,1.0,1.0,0.8229338659492227,0.05545574938846073,0.8298049476515473,0.05739894276325854
Doxorubicin,EGFR-MAPK signaling,-0.02256847033006792,0.02566945199595664,0.5201287000126462,0.46451332331632433,1.0,1.0,0.6163263212954606,0.5582683060040229,0.6275075337067382,0.5718206297989521
Doxorubicin,Ubiquitin regulation of mitophagy,0.02805727692329528,-0.021874213247161458,0.42379848353541183,0.5327502326771625,1.0,1.0,0.5287390604108472,0.6231275042920383,0.5368341789828102,0.6336478259964743
Doxorubicin,NeST:78,0.11456303731946109,0.1429837825689715,0.0010925577510614293,4.591151085109324e-05,0.14312506538904723,0.0060144079214932145,0.003490855253391396,0.00016255156544576254,0.004219903647834316,0.00022483767930815755
Doxorubicin,Homologous recombination (HR) and Fanconi Anemia repair,-0.1895532539662852,-0.16559726713690323,6.562785825892092e-08,2.350478340407136e-06,8.597249431918641e-06,0.00030791266259333483,8.597249431918641e-07,1.0617678020459821e-05,9.825427922192732e-07,1.6884717846651658e-05
Doxorubicin,Immune system,-0.09738592212957671,-0.05133381249935519,0.005508577544814708,0.14331167440766568,0.7216236583707267,1.0,0.01472701343613728,0.21333896985686593,0.01609569498224669,0.2298836246620923
Doxorubicin,NeST:80,0.10777411134235713,0.15697837513590154,0.0021260595150542905,7.66113656824885e-06,0.27851379647211205,0.0010036088904405993,0.0061891954771580455,2.9517908542370567e-05,0.007255541072195547,4.59668194094931e-05
Doxorubicin,TGF-beta/Smad signaling,-0.03111242678132446,-0.03137277224311198,0.37525276409240393,0.3710154179024592,1.0,1.0,0.48194227545200896,0.47650019358060935,0.4919911135556789,0.4829007199665141
Doxorubicin,Extended PRC1 complex,0.1334674912263054,0.18133781736021207,0.0001421616043699725,2.3558220774155814e-07,0.018623170172466397,3.0861269214144116e-05,0.0006007474249182708,1.2858862172560048e-06,0.0007653357605123176,2.163369264210411e-06
Doxorubicin,TNFR/Traf signaling,0.07283746979464246,0.12026592240359896,0.037872927350050434,0.000608179381150098,1.0,0.07967149893066283,0.07632851512087088,0.0017338062639839671,0.08111204604125243,0.0022103026737162815
Doxorubicin,Lymphoid JAK/STAT signaling,0.021112147731407762,0.0944388797805263,0.5472471796671774,0.00710821511642612,1.0,0.9311761802518217,0.6400837547892878,0.017569361891543806,0.6527105966895318,0.018348299118262495
Doxorubicin,Positive regulators of transcription,0.06261472069708608,0.04050059018884569,0.07428624686196295,0.24841737284020904,1.0,1.0,0.1390214048416735,0.34992124561362775,0.14172084959588077,0.35782772378374855
Doxorubicin,RTK-JAK-STAT signaling,0.0224460458420359,-0.0005363262138933344,0.5222306997236346,0.9875778818847096,1.0,1.0,0.6163263212954606,0.9875778818847097,0.6295603220594735,0.9926294311526621
Doxorubicin,Nucleolus,-0.16965366941532242,-0.1854259732488515,1.327809464157781e-06,1.2507971192121659e-07,0.0001739430398046693,1.6385442261679373e-05,9.663502211370516e-06,7.124105331164945e-07,1.3161297876211646e-05,1.2212751996282763e-06
Doxorubicin,Mediator complex,0.2615419951371458,0.24534129547490027,8.992806499463768e-14,2.6858515411731787e-12,1.1780576514297536e-11,3.518465518936864e-10,3.926858838099179e-12,5.864109198228107e-11,6.425769007798656e-12,7.818812264304142e-11
Doxorubicin,G1/S phase,-0.15623768165142743,-0.1751345706047322,8.46207692273282e-06,5.958651785320512e-07,0.0011085320768779994,7.805833838769871e-05,5.03878216762727e-05,3.1223335355079487e-06,6.364777474897604e-05,5.1751384566430085e-06
Doxorubicin,Polybromo- and BAF containing complex,0.09010192700410416,0.11932524682238387,0.010219288578247054,0.0006710890450918328,1.0,0.08791266490703009,0.02525899629717668,0.00187048223206447,0.027136354130074945,0.0023976181338280934
Doxorubicin,Nuclear pore,0.029769461256942478,0.18777391057579376,0.39607530021744264,8.685351793324969e-08,1.0,1.137781084925571e-05,0.49890254162004793,5.418005166312242e-07,0.5132979158630007,9.163337596716008e-07
Doxorubicin,p53 regulation,-0.17876543174549867,-0.16986409421833776,3.4826306993807066e-07,1.2833463083339325e-06,4.5622462161887256e-05,0.00016811836639174516,3.0414974774591504e-06,6.466091015067121e-06,4.2113041995588235e-06,1.008710198350471e-05
Doxorubicin,Cell projection morphogenesis,0.0742857524092297,0.08038220673415991,0.034216752612384216,0.021961032263953406,1.0,1.0,0.07003741550347395,0.04794825377629827,0.07449963311172851,0.04874004049686601
Doxorubicin,Histone methyltransferase complex,0.18149150254795723,0.18564066451838432,2.301002686166953e-07,1.2133727556040697e-07,3.0143135188787085e-05,1.5895183098413312e-05,2.244104741969518e-06,7.124105331164945e-07,3.0654035785207207e-06,1.1996364602576086e-06
Cisplatin,Cell,0.17998243540038014,0.20975422668485813,7.125713192834837e-07,7.492873654868504e-09,9.334684282613637e-05,9.81566448787774e-07,7.778903568844697e-06,1.2269580609847175e-07,7.620150434786642e-06,1.0332278408292357e-07
Cisplatin,Signaling pathways,-0.030505548527079113,-0.07595367793409032,0.4008666959373146,0.036423976551626325,1.0,1.0,0.5527740754504022,0.07573874489306426,0.516706941548299,0.0732205769042923
Cisplatin,Chromatin binding,0.06665891318639083,0.028398576648651072,0.06630419302577084,0.43369348173139066,1.0,1.0,0.13160377706630272,0.5561795012129876,0.1288383083269614,0.5434566175433863
Cisplatin,CDK holoenzyme complex II,0.16277328755900855,0.16563572013765515,7.330047508746773e-06,5.019743475553895e-06,0.0009602362236458273,0.0006575863952975602,6.0014763977864205e-05,3.852464654485743e-05,5.676273243226565e-05,3.16969027418967e-05
Cisplatin,MAPK and MAP2K activation,0.09745651983470413,0.1439153424689739,0.007259609849243676,7.323171507089832e-05,0.9510088902509215,0.00959335467428768,0.019812685213560863,0.0004568264130613181,0.0202701717282612,0.00034467142542350947
Cisplatin,Ubiquitin regulation of p53 activity,-0.20935920312142908,-0.16460453669323127,8.085146552261335e-09,5.770814996308715e-06,1.059154198346235e-06,0.0007559767645164417,1.3239427479327937e-07,3.978825076402325e-05,1.5220776204495833e-07,3.5715437693690156e-05
Cisplatin,HDACs deacetylate histones,0.16694207076118112,0.14249431471351323,4.251285792511439e-06,8.623279824071517e-05,0.0005569184388189985,0.011296496569533687,3.977988848707132e-05,0.0005134771167969857,3.554798545653182e-05,0.0004010590498059297
Cisplatin,EMT,0.027570101683802358,0.0446049850100885,0.44746749659275964,0.21892335346175407,1.0,1.0,0.5861824205365151,0.32223549779202004,0.5622852954786716,0.32344690943785465
Cisplatin,Metabolic pathways,-0.03420454548058873,0.0020701850974556104,0.346210669219136,0.9541443327441534,1.0,1.0,0.5010200002848945,0.9750833449411083,0.46358021466139854,0.9739707084894865
Cisplatin,CDK holoenzyme complex I,0.11658926925649661,0.03495928380835329,0.0013194553287128041,0.3352246509279855,0.17284864806137734,1.0,0.00480135133503826,0.46717477948474573,0.004890941010023059,0.44957646234538245
Cisplatin,Transcription factor (TF) binding,-0.2284951473818012,-0.22889855929004105,3.0982461041162423e-10,2.8632718418464265e-10,4.0587023963922775e-08,3.750886112818819e-08,1.0146755990980694e-08,6.251476854698031e-09,8.697219420840594e-09,5.358408732598312e-09
Cisplatin,Regulation of TP53 Activity,0.0332785814926222,0.017114031306184833,0.3592022057664579,0.636939574473214,1.0,1.0,0.5059729995204945,0.7193024504826814,0.47772070005488304,0.7234602681155292
Cisplatin,Regulation of E2F transcription via DREAM complex,0.08578807219855683,0.06487738123908765,0.018113863405884834,0.07378750969347059,1.0,1.0,0.04394289085501691,0.1400893299977485,0.04384530234822239,0.131214892803321
Cisplatin,Protein Transport,0.06326176564303763,0.1181690247495508,0.08137104564182951,0.0011291915346651749,1.0,0.1479240910411379,0.15675892616293627,0.0037929254113112285,0.1530087126183684,0.0036981022760284475
Cisplatin,Extended cohesin complex,-0.08727997897456054,-0.09820036319132715,0.016218994663339537,0.0068285960938454515,1.0,0.8945460882937541,0.04008845850749961,0.01863637683945321,0.03977575602304173,0.01774306290830587
Cisplatin,PML body,0.041776005367727034,0.06451030814403108,0.24975220979433654,0.0754341882524927,1.0,1.0,0.3989943839397328,0.14116969515823635,0.3642026658596447,0.13353890082535871
Cisplatin,Extended mismatch repair complex,-0.22698311133503388,-0.2504729332797905,4.0488834507357296e-10,5.185185614209331e-12,5.304037320463806e-08,6.792593154614224e-10,1.0608074640927612e-08,2.2641977182047412e-10,1.078787251619757e-08,1.3585186309228448e-10
Cisplatin,Regulation of beta catenin transcriptional activity,0.103882072972758,0.09486813880436627,0.004213898992798226,0.008943254604641071,0.5520207680565676,1.0,0.012837692280385294,0.023431327064159607,0.012763485966625842,0.022602566299832417
Cisplatin,Fas,-0.10828430395800688,-0.08319104284788363,0.00285883265046305,0.02193092958042131,0.37450707721065957,1.0,0.008929034432237946,0.05130271026848556,0.00918414970173046,0.04874004049686601
Cisplatin,BAF (SWI/SNF) complex,0.0029710070300129517,0.016632965449258595,0.9346058029499793,0.6464294650886502,1.0,1.0,0.9490958153988162,0.7227424049523251,0.9534070877594858,0.7315961980700921
Cisplatin,Ribosome biogenesis,-0.02593676904887003,0.04013685145430981,0.47508780937714556,0.26859982568681806,1.0,1.0,0.5984279137346737,0.38666568313157323,0.586640800293797,0.379711264370214
Cisplatin,Homologous recombination,0.012319795359530514,0.03444642572551472,0.7341820654480982,0.34235944552429265,1.0,1.0,0.7819337445016331,0.47209565645981405,0.808217231711772,0.45455156111840206
Cisplatin,Cell Proliferation,-0.021298933654997135,-0.023565146863408513,0.557556841230106,0.5164768575698355,1.0,1.0,0.6521423767959275,0.6150769849240769,0.660994988245646,0.6207198930426464
Cisplatin,Histone methyltransferase subcomplex,-0.069213602999121,-0.017238985961941726,0.05661077535904924,0.6351496365484528,1.0,1.0,0.11409248572362231,0.7193024504826814,0.11264827704357645,0.7224712218915831
Cisplatin,RPA complex associated proteins,-0.1484576990614217,-0.10270258523009179,4.330203472768801e-05,0.004667442838128144,0.005672566549327129,0.6114350117947869,0.00029855613417511205,0.013292065473799715,0.00026080765744032776,0.01280492171297983
Cisplatin,mTOR regulation of autophagy/ribosome biogenesis,0.023553148595057628,0.014587082405832274,0.5163414826702866,0.6874182680608432,1.0,1.0,0.6263030947204401,0.7504316092997538,0.6258202087568931,0.7658550796538948
Cisplatin,PIK3/AKT signaling,-0.09785885785427406,-0.060663230117489086,0.007031481397255401,0.09474350878444149,0.9211240630404576,1.0,0.019598384320009734,0.1682411600691925,0.01972567969605062,0.1622405183106122
Cisplatin,Locomotion,-0.14109824082123634,-0.12568795451880155,0.00010174323869582835,0.0005353590381407258,0.013328364269153514,0.07013203399643508,0.0005794940986588484,0.002337734466547836,0.0005572835234489274,0.00197265467321972
Cisplatin,Regulation of adherens junction stability,0.02610660326402703,0.027046846651305436,0.4719368907451078,0.45588192494546087,1.0,1.0,0.5984279137346737,0.5742358862293786,0.5841612537411885,0.563361462336432
Cisplatin,mTOR regulation of mRNA translation,-0.04627232612005694,-0.07258036694734765,0.2025298821066357,0.04558421421853298,1.0,1.0,0.3490975599469642,0.09186972404042802,0.31520988432866615,0.08857649536654369
Cisplatin,SMAD-TGFbeta signaling,-0.04429449015947962,0.019894907967930035,0.2225040915069636,0.5832806027090975,1.0,1.0,0.3684113831747212,0.676192557122936,0.33503489640703715,0.6786951202507042
Cisplatin,Cellular response to DNA damage,0.0240299211356379,0.03163750192379871,0.5078891322296655,0.38314080359912195,1.0,1.0,0.621808189926039,0.5069842956715653,0.6178156316142723,0.49409133983414244
Cisplatin,G1 to S cell cycle control,-0.31551055945325834,-0.2556974921865753,0.0,1.8631762799259377e-12,0.0,2.4407609267029784e-10,0.0,1.2203804633514892e-10,0.0,5.632525215468412e-11
Cisplatin,EGFR/PI3K signaling,-0.08966442412161943,-0.1216879020329256,0.013525268626877862,0.0008017093481273996,1.0,0.10502392460468934,0.034073272886942306,0.0030889389589614513,0.034237878069971014,0.0027698617478159825
Cisplatin,H3 acetylation and H3K4 methylation crosstalk,-0.0705764865763232,-0.08236384357350086,0.05191412084585467,0.023282223466023266,1.0,1.0,0.10794841001280893,0.0525857116215353,0.10519329433972813,0.050832854567484126
Cisplatin,Histone modifications in DNA damage response,0.13114855847508713,0.16672482940040081,0.00030295973718375,4.3489743271063475e-06,0.03968772557107125,0.0005697156368509315,0.0012802492119700405,3.560722730318322e-05,0.0014132127799787984,2.808935669076144e-05
Cisplatin,NeST:16,-0.14286161465595282,-0.1387046704502058,8.320727476984757e-05,0.0001328903348793986,0.010900152994850032,0.017408633869201218,0.0004954614997659105,0.0007253597445500507,0.00046219730013498367,0.0005884608631842665
Cisplatin,NeST:163,0.018826628547627115,0.007582623566650365,0.6038993733619964,0.8341527235694703,1.0,1.0,0.687920155742796,0.8604252502960679,0.7032072703148581,0.8866045175464552
Cisplatin,Transcription coactivator activity,-0.1293236835478285,-0.16827608773560895,0.0003679542196646235,3.5560575728510457e-06,0.04820200277606568,0.000465843542043487,0.0015063125867520524,3.1056236136232464e-05,0.0016621380267608855,2.3787755338390824e-05
Cisplatin,Foxo signaling,-0.09021907106084434,-0.05049802808923802,0.012958475333450847,0.16427878784041106,1.0,1.0,0.03395120537364122,0.26898821411959567,0.033015758872260506,0.2565914016641413
Cisplatin,Neg Regulation EGFR,-0.028136015718392342,-0.11078385195483918,0.4384551422394427,0.002274870794125583,1.0,0.2980080740304514,0.5801780164986565,0.006930420326289567,0.5527277334405806,0.0069170152579601865
Cisplatin,RNA processing 1,0.1342510795994627,0.1349370866566415,0.0002171198649372208,0.00020067050078687032,0.028442702306775924,0.026287835603080012,0.0010534334187694786,0.0009736235408548152,0.0010869822537621372,0.0008323325256911877
Cisplatin,Phosphatase 2A catalytic subunit,0.11476150583781264,0.08154033471227215,0.0015703010104213266,0.02463899028908223,0.2057094323651938,1.0,0.0055597143882484806,0.05470691064186054,0.005648771598128891,0.05326728065889901
Cisplatin,Wnt/beta-catenin,0.044042440438365985,-0.04496104153847037,0.22498405079372286,0.21561508070078927,1.0,1.0,0.3684113831747212,0.32097244967958405,0.3374760761905843,0.3197612328883403
Cisplatin,p53 regulation of cell cycle,0.08980948834785057,0.031849769021141144,0.013358952411205438,0.37995884520641954,1.0,1.0,0.034073272886942306,0.5069842956715653,0.03398102457995946,0.4911967965990884
Cisplatin,Regulation of immune responses,-0.029569387281041557,-0.04912924018220253,0.4154803244022238,0.17601983865019344,1.0,1.0,0.561763019373197,0.2812024251606749,0.5310041219189396,0.2714044483283974
Cisplatin,Regulation of beta catenin transcription,-0.07322860938914061,-0.09541366387771666,0.04370605010795203,0.008580972230550321,1.0,1.0,0.09542487606902861,0.0229409665755529,0.09131940041361532,0.02181196716066953
Cisplatin,MDM2-p53 pathway,0.13296786263559193,0.08044791774588471,0.0002494055977171339,0.026628653182074524,0.03267213330094454,1.0,0.0011266252862394668,0.05813922611419605,0.001210079011146094,0.05656789567867723
Cisplatin,RNA metabolism,0.04452869903637901,0.032290459024522655,0.21990696120765407,0.37340481143720217,1.0,1.0,0.3684113831747212,0.5042889721471493,0.3327299407125772,0.4849469038386603
Cisplatin,Resolution of D-loop structures,-0.10345567699700085,-0.11530105433736991,0.004378575737858714,0.0014919878676109555,0.5735934216594916,0.19545041065703517,0.013036214128624808,0.0047670831867569555,0.01321136479829923,0.004728638967508915
Cisplatin,NeST:195,-0.1374535133735184,-0.1186090586794827,0.0001530910341951408,0.0010854881671089611,0.020054925479563446,0.1421989498912739,0.0008356218949818103,0.0037929254113112285,0.0008130375194417613,0.0035773320727364505
Cisplatin,Cohesin,-0.08192363726691096,-0.06060937742183363,0.024045138499551033,0.09503699118412401,1.0,1.0,0.05624844899002117,0.1682411600691925,0.05575067510515372,0.1625659958013525
Cisplatin,Oncogene induced senescence,-0.012430081895207739,-0.07445441341976372,0.7322169205294946,0.04028099756539172,1.0,1.0,0.7819337445016331,0.08245016689166118,0.8066187800086654,0.07954990976481882
Cisplatin,Cytoplasm/extracellular space,0.04451047726070541,0.08667613234860354,0.22009572208470884,0.016916637020091496,1.0,1.0,0.3684113831747212,0.041812819804377094,0.3327299407125772,0.039164879816765585
Cisplatin,Extracellular matrix organization,-0.08420979323450387,-0.08546939458362161,0.02037442106443832,0.018555941196456427,1.0,1.0,0.048528166535298546,0.04501533882844059,0.048454750247045444,0.04252177778546575
Cisplatin,MHC class I including non-classical MHCs,0.021694416830320064,0.015056038240334467,0.5499762965001977,0.6779358279700543,1.0,1.0,0.6517188557281923,0.7462991047401438,0.6554683382094851,0.7579766156251246
Cisplatin,Endoplasmic Reticulum protein processing,-0.029538870669048044,-0.05241570344605313,0.4159619303755733,0.14883501239444819,1.0,1.0,0.561763019373197,0.24680236232497102,0.5311877778638515,0.23633195907482077
Cisplatin,Regulation of androgen receptor signaling pathway,-0.04895346088995231,-0.03988429051260385,0.17758446190196042,0.2720294955391085,1.0,1.0,0.31018086012209084,0.3873463469089479,0.28399061455735686,0.38352499281388214
Cisplatin,RAS-RAF-MAPK,0.018296161338475714,0.030981073101070577,0.614128380864277,0.3930837421376263,1.0,1.0,0.6935415335622439,0.5149397022002905,0.7114294876334882,0.5036313783500082
Cisplatin,Structural constituent of muscle,-0.0019000600782484041,0.0009173547009166166,0.9584297733485945,0.979463800130175,1.0,1.0,0.9658023100666605,0.9794638001301749,0.9707806724896846,0.9882461916275502
Cisplatin,Beta-catenin,-0.027082055346562692,-0.05025478885779526,0.45580467432258853,0.16632095682204007,1.0,1.0,0.5911922013491,0.26898821411959567,0.5700278027327838,0.25912442430549754
Cisplatin,Actin filament-based process,-0.14756543691557122,-0.13682936650367797,4.812765104911243e-05,0.00016365859931766202,0.006304722287433728,0.021439276510613725,0.0003152361143716864,0.000857571060424549,0.0002823009979447938,0.0007087364135740075
Cisplatin,MutS homologs,-0.11807247410689364,-0.1408421850854276,0.001145387193740799,0.0001044860796453051,0.15004572238004465,0.013687676433534968,0.0042870206394298475,0.0005951163666754334,0.0043808970037969245,0.00047334904092916313
Cisplatin,Beta-catenin destruction complex,0.025366102504606598,0.06212526246355034,0.4845934206352558,0.08687750089195156,1.0,1.0,0.5988843217284765,0.16029510727951626,0.5946767035430305,0.15074109426285634
Cisplatin,Epithelial differentiation,-0.13612199466856278,-0.13545680617430722,0.00017731202881621222,0.00019030040565293227,0.0232278757749238,0.024929353140534127,0.0009291150309969521,0.0009588212746359279,0.0009152480866627837,0.0007998722932791699
Cisplatin,Lymphocyte activation,-0.03558087646938398,-0.022607224954191037,0.3271471328480684,0.5336830290199313,1.0,1.0,0.4870031182170109,0.6242185428715267,0.44525999379840997,0.6336478259964743
Cisplatin,PI3-K/Akt,-0.07218215172600989,-0.1154657834460094,0.046803514678132485,0.0014688118181112042,1.0,0.19241434817256775,0.10051246594812058,0.0047670831867569555,0.09630251973039826,0.004683513545782583
Cisplatin,MAPK signaling,-0.21148628309775414,-0.17388461362877777,5.7022104815729335e-09,1.6653558674306623e-06,7.469895730860543e-07,0.00021816161863341677,1.0671279615515061e-07,1.5582972759529768e-05,1.1641395944198249e-07,1.2233361792528043e-05
Cisplatin,RNA processing 2,0.038651691980679186,0.10228073000199282,0.28692529318819426,0.004825719052047761,1.0,0.6321691958182567,0.4425892924486276,0.013450408421665037,0.40435542101519384,0.013101952244937962
Cisplatin,Contractile fiber,-0.00687954623273454,0.06116381415954121,0.84986852093625,0.09187002003616951,1.0,1.0,0.8766360334066831,0.1671523975658084,0.8942391666076204,0.15818145837552952
Cisplatin,MutL alpha/beta complex,-0.1556007148936236,-0.17945262698643322,1.820226805970826e-05,7.665270922441181e-07,0.002384497115821782,0.00010041504908397947,0.000132472061990099,7.724234544921497e-06,0.00012022674533555204,6.409471218126349e-06
Cisplatin,NeST:29,-0.012554554235341051,-0.024677820097552653,0.7296383329762273,0.4968581868877804,1.0,1.0,0.7819337445016331,0.6083030138532639,0.8060375681227192,0.6031359612259388
Cisplatin,RBL-TP53 complex,0.13120305842005672,0.128434824706742,0.0003012098861081558,0.000401608498436401,0.03945849508016841,0.05261071329516853,0.0012802492119700405,0.0018141625274196045,0.0014092319671488718,0.0015128208017330357
Cisplatin,Regulation of cellular homeostasis,0.15933294265876208,0.12359663838898978,1.1381719903669207e-05,0.0006598841939993161,0.0014910053073806662,0.0864448294139104,8.77061945518039e-05,0.002681971164652482,8.068109384272624e-05,0.0023737710594208808
Cisplatin,Mismatch and excision repair,0.11131511856935769,0.12482994712868088,0.0021662748638084928,0.0005823482040243633,0.28378200715891255,0.07628761472719159,0.007094550178972814,0.0024608907976513415,0.007332619408091152,0.0021244857467266095
Cisplatin,Extracellular matrix,0.02013173616607295,0.023981097430460997,0.5790650217605284,0.5084973371076531,1.0,1.0,0.6713054677046834,0.6121410468228983,0.6800261653279149,0.6130044585377535
Cisplatin,Ubiquitin/Proteasome System,-0.013334863338547949,0.001794470230257178,0.7135439708117017,0.9601965763160532,1.0,1.0,0.7789521681361078,0.9750833449411083,0.7927145739335655,0.9782430446978844
Cisplatin,Ribosome abundance control,0.056897888144412816,0.02508010246773827,0.117000185118181,0.4892775076818179,1.0,1.0,0.212875336812246,0.6046731462860203,0.2064245690300567,0.595312880863636
Cisplatin,Epigenetic modification,-0.03814708152917895,-0.052449463892314294,0.2934590665014998,0.1485734154796512,1.0,1.0,0.4425892924486276,0.24680236232497102,0.4096959614035148,0.2361551154034496
Cisplatin,Spliceosomal complex,-0.08000439167322258,-0.013439391251315222,0.02755665353874348,0.7115261962474051,1.0,1.0,0.06333195813290168,0.7640158336754923,0.06250946517013672,0.7879827957822022
Cisplatin,Interferon signaling,-0.09235420111433205,-0.10345521082236893,0.010967849008762132,0.004373737870386307,1.0,0.5729596610206062,0.029322208574445698,0.012732436911569028,0.028735764402956783,0.01214755465061356
Cisplatin,Transmembrane tyrosine kinase signaling,0.1124518202842329,0.13371156878916451,0.0019499815055841196,0.00022923644076766614,0.2554475772315197,0.030029973740564264,0.0065499378777312735,0.0010724990621630095,0.006737078959952167,0.0009384366793926333
Cisplatin,Regulation of mRNA processing,-0.02158801369386369,-0.04529973945683132,0.5522197937849569,0.21217612020539667,1.0,1.0,0.6517188557281923,0.3194835832977812,0.6568525322253506,0.31615247484633513
Cisplatin,Nucleus,-0.10826910996839952,-0.0871929542085335,0.0028627438637709446,0.016313723344185238,0.37501944615399374,1.0,0.008929034432237946,0.041098033809389735,0.00918414970173046,0.03793664659328283
Cisplatin,Actin filaments,0.02913346861988429,-0.014311914266508517,0.4221438421650048,0.6936944753247194,1.0,1.0,0.5642943196287309,0.7510245972523821,0.536187687953788,0.7712077193850487
Cisplatin,Transcription elongation,0.06476680613246344,0.01640131684875894,0.07438423211453182,0.6510198762165982,1.0,1.0,0.145437826970204,0.7227424049523251,0.14173577319278063,0.734675696634955
Cisplatin,Type I interferon signaling pathway,0.019563424691583387,0.056876838885035974,0.58982022170847,0.11699724494208485,1.0,1.0,0.6777758688053471,0.199047260875495,0.6909071449520976,0.19297416684486668
Cisplatin,Nuclear transport,0.07665194179219464,0.022673816409326412,0.03471873046887364,0.5318648126019885,1.0,1.0,0.07708735070207537,0.6242185428715267,0.0754880280734016,0.6336478259964743
Cisplatin,Mediator/CCR-NOT complex,-0.18454190111870547,-0.1887691433348268,3.7138180197793247e-07,1.9887580471333877e-07,4.8651016059109153e-05,2.605273041744738e-05,4.865101605910915e-06,2.3684300379497616e-06,4.4228196417371955e-06,1.8609093155319556e-06
Cisplatin,Apoptosis Regulation,-0.03940918134962813,-0.010252377787867945,0.27777611221378873,0.7779431338304956,1.0,1.0,0.4384177192771846,0.822629413794314,0.3951710845249556,0.8469020819816753
Cisplatin,Actin cytoskeleton,-0.016681237057938992,-0.05900538718311311,0.6460346275582167,0.10411705147194028,1.0,1.0,0.717207933984122,0.17946491766873915,0.7402087715171405,0.17488334999206107
Cisplatin,NeST:49,-0.000315101775810292,0.08241799696948739,0.9932453472672431,0.023135052672657475,1.0,1.0,0.9932453472672432,0.0525857116215353,0.9957791364184351,0.0505817841466169
Cisplatin,Cell motility,0.031377243703964795,0.00988716356758527,0.38730604047668393,0.7849517307197653,1.0,1.0,0.5397562904515488,0.822629413794314,0.5040108407527708,0.8520253141325737
Cisplatin,Checkpoint-regulated DNA repair,0.007522837210910465,-0.03680801678017193,0.8356713038694885,0.3107520687405696,1.0,1.0,0.8688328635468492,0.43772603231198515,0.8822850544649175,0.42663952144993483
Cisplatin,ECM-cytoskeleton assembly,-0.1871884278914307,-0.23853171308705248,2.5232105160810647e-07,4.98399099768676e-11,3.305405776066195e-05,6.529028206969656e-09,3.6726730845179943e-06,1.3058056413939311e-09,3.226524795611921e-06,1.1103313198445838e-09
Cisplatin,INSR-FOXO,-0.052694614421969516,-0.04862485638142142,0.14670148709106678,0.18050050529411,1.0,1.0,0.2632588329990377,0.283876342172272,0.2469108540761852,0.2776387419983766
Cisplatin,Integrator-PP2A complex,0.022302488500354118,-0.01724800697187386,0.5388550905866887,0.6349724526904947,1.0,1.0,0.6476148336408827,0.7193024504826814,0.6456403981724654,0.7224712218915831
Cisplatin,Cell-extracellular matrix interactions,-0.1630272762338718,-0.187865976222258,7.107582989496208e-06,2.272992336571633e-07,0.0009310933716240033,2.9776199609088394e-05,6.0014763977864205e-05,2.4813499674240327e-06,5.564974405317321e-05,2.1018493841709456e-06
Cisplatin,Histone deacetylase binding,-0.02601928724417608,-0.0257224257112998,0.4736836524704042,0.47880753244455354,1.0,1.0,0.5984279137346737,0.5973693976213001,0.5858620784291703,0.5852919447922537
Cisplatin,Histone acetyltransferase complex,-0.09800171977382917,-0.11956730862542497,0.006948868356456472,0.000988503062663959,0.9103017546957979,0.12949390120897863,0.019598384320009734,0.003699825748827961,0.019611527928814317,0.0033012733956035442
Cisplatin,Cyclin D associated events in G1,-0.14597528254725464,-0.113856544619692,5.801640832081567e-05,0.0017101290483891862,0.007600149490026853,0.2240269053389834,0.00036191188047746917,0.005333973936642462,0.00033044128217508056,0.005333973936642462
Cisplatin,Chromosome centrometric region,-0.03810962976134207,-0.03308980251369075,0.29393334689336337,0.3621882868481938,1.0,1.0,0.4425892924486276,0.4942360997615978,0.40999398519642166,0.47407159610771077
Cisplatin,Transcription,0.27416929959858527,0.3406671501563505,4.285460875053104e-14,0.0,5.6139537463195666e-12,0.0,2.8069768731597833e-12,0.0,3.3683722477917398e-12,0.0
Cisplatin,Nuclear receptor signaling,-0.0523138029921546,-0.045948678107676416,0.14964348205802258,0.20569818804608175,1.0,1.0,0.26490940742703994,0.31701720745925543,0.25071250036715786,0.30825314738650195
Cisplatin,Culin-RIng uniqutin ligase complex,-0.13468657074046786,-0.1182973964545244,0.00020743578842008503,0.001118881359269297,0.02717408828303114,0.1465734580642779,0.0010451572416550437,0.0037929254113112285,0.0010451572416550437,0.0036719864233222023
Cisplatin,Actin and actin-associated proteins,-0.057399533847848995,-0.06590263268607131,0.11390536435968146,0.06948668138443947,1.0,1.0,0.21016341874814468,0.13386404796119958,0.2021229830028909,0.12498062143745864
Cisplatin,Mitosis,0.006316388628168827,-0.05907001041789965,0.8617071932731801,0.10373835728709446,1.0,1.0,0.8819034556155203,0.17946491766873915,0.9036715862744757,0.1747640520539851
Cisplatin,PcG protein complex,-0.1338761150707193,-0.10595583477555591,0.0002265035977018215,0.0035142256190716648,0.029671971298938615,0.4603635560983881,0.001059713260676379,0.010462808093145183,0.0011161870081105435,0.010026066557496655
Cisplatin,Protein nuclear transport,0.017317771281551406,-0.010041040127912454,0.6331918694083141,0.7824114729072627,1.0,1.0,0.7089584178845225,0.822629413794314,0.7297489873239514,0.8500005773394727
Cisplatin,Metabolism,0.060280955974607635,0.0792846995197269,0.09677811445268336,0.028898354674075533,1.0,1.0,0.18373815932321044,0.06206040102137532,0.17690139060420726,0.06081420822978144
Cisplatin,Regulation of nuclear protein ubiquitiation,-0.025590467686850304,-0.07808482318957215,0.48100542343542196,0.031485785413766454,1.0,1.0,0.5988843217284765,0.06652641756779687,0.5911966580457259,0.06521166623246491
Cisplatin,EGFR-MAPK signaling,0.033790411307351595,0.08327444618516525,0.35186137424588004,0.02174496688637384,1.0,1.0,0.5010200002848945,0.05130271026848556,0.46989468966248654,0.04848664956791443
Cisplatin,Ubiquitin regulation of mitophagy,-0.2200053721707788,-0.2192624531625064,1.3618357552758198e-09,1.5361991678730647e-09,1.784004839411324e-07,2.0124209099137147e-07,2.9733413990188733e-08,2.8748870141624494e-08,3.29354739583629e-08,2.6248968390178887e-08
Cisplatin,NeST:78,-0.16728889214222134,-0.16526479261108212,4.068948803892525e-06,5.293462884026212e-06,0.0005330322933099207,0.0006934436378074338,3.977988848707132e-05,3.852464654485743e-05,3.420528085411256e-05,3.315268387923986e-05
Cisplatin,Homologous recombination (HR) and Fanconi Anemia repair,0.11391049673631036,0.08842670033052434,0.0017014761921920751,0.014820119611993254,0.22289338117716184,1.0,0.005865615294135838,0.038067366062178754,0.006051404013859597,0.03513910713431885
Cisplatin,Immune system,0.0717782787628423,0.06975588873759714,0.04799906673402088,0.05456319486598238,1.0,1.0,0.10141738293801186,0.10829967465823774,0.09837618371040525,0.10229083723239839
Cisplatin,NeST:80,-0.12398198785362471,-0.12339691869637112,0.0006380023161325354,0.0006756110567445184,0.08357830341336214,0.08850504843353191,0.002532675861010974,0.002681971164652482,0.0026896387683459345,0.002408300637647127
Cisplatin,TGF-beta/Smad signaling,-0.009628194170328747,-0.023967374560806665,0.7910103473258692,0.5093387336159994,1.0,1.0,0.8356641572555553,0.6121410468228983,0.8522743426979208,0.6135482676201923
Cisplatin,Extended PRC1 complex,0.04317323246243049,0.04842120024810511,0.2342670963940514,0.18202757818680038,1.0,1.0,0.37887641515581155,0.283876342172272,0.34742252408627244,0.2790108566567054
Cisplatin,TNFR/Traf signaling,-0.058475012634921684,-0.11923522611434759,0.10728765197683288,0.0010211662235513064,1.0,0.13377277528522113,0.2007811772709301,0.0037159104245894758,0.19252989601322065,0.003401002761488673
Cisplatin,Lymphoid JAK/STAT signaling,-0.015077856065822725,0.009257223710385124,0.6780598567496856,0.7983244901393118,1.0,1.0,0.7464356406236035,0.8300040333988083,0.764093257928678,0.8627699659604858
Cisplatin,Positive regulators of transcription,0.008605442040926944,0.04566708591582523,0.8124594907598786,0.20815374430220035,1.0,1.0,0.8514575463163527,0.3170714012045145,0.8647165331581104,0.31104342779758454
Cisplatin,RTK-JAK-STAT signaling,0.0695426565432045,0.02838788811870118,0.055391126150371006,0.4338664472118001,1.0,1.0,0.11337871133904065,0.5561795012129876,0.1109233761890232,0.5434566175433863
Cisplatin,Nucleolus,0.18354868898310814,0.20424985245181482,4.2782808518104787e-07,1.824867235100669e-08,5.604547915871727e-05,2.3905760779818763e-06,5.095043559883388e-06,2.656195642202085e-07,4.981820369663757e-06,2.313460720627622e-07
Cisplatin,Mediator complex,-0.07919817211241435,-0.1455303492743691,0.02915878360770119,6.09515104088576e-05,1.0,0.007984647863560346,0.06585863194153199,0.0003992323931780173,0.0654822969018661,0.0002903508314021944
Cisplatin,G1/S phase,0.23158108925923154,0.23868135250635092,1.7800116935973165e-10,4.817501952913972e-11,2.3318153186124846e-08,6.310927558317303e-09,7.772717728708281e-09,1.3058056413939311e-09,5.710568127214248e-09,1.0975526188377919e-09
Cisplatin,Polybromo- and BAF containing complex,-0.03478952101801269,-0.02821001020467578,0.33802333595409717,0.4373014398850208,1.0,1.0,0.4975399664043453,0.5561795012129876,0.45768534377247266,0.5447209694922763
Cisplatin,Nuclear pore,-0.12204071988620514,-0.1947195381680297,0.0007753462913124842,8.125161166105954e-08,0.10157036416193543,1.06439611275988e-05,0.0029873636518216303,1.06439611275988e-06,0.0031740738800604823,8.630238752107136e-07
Cisplatin,p53 regulation,0.10078247115090451,0.04262254973651817,0.005497986552164713,0.24008386528745662,0.7202362383335774,1.0,0.016005249740746165,0.34945540391840907,0.016094664543767092,0.3481659005829168
Cisplatin,Cell projection morphogenesis,-0.038420412965822305,-0.06611785211393699,0.2900132145984773,0.06858073099658757,1.0,1.0,0.4425892924486276,0.13386404796119958,0.4066911448249833,0.12420381235787518
Cisplatin,Histone methyltransferase complex,-0.03387190946386691,0.0012311218281924057,0.3509221120553767,0.9725694491772761,1.0,1.0,0.5010200002848945,0.9794638001301749,0.4690897620332077,0.985737700906949
