drug,system,drpt_importance_score,drpt_importance_p_bonferroni_pearson,n_system_genes,n_features_tested,n_pairs_candidate,n_pairs_tested,n_pairs_skipped_low_pair_count,n_pairs_skipped_sparse_combo,n_pairs_failed,fdr_threshold,n_epistasis_pairs_fdr,n_epistasis_pairs_fdr05,epistasis_score_fraction_fdr,epistasis_score_fraction_fdr05,epistasis_score_fraction_tested_fdr,epistasis_score_mean_neglog10p,epistasis_score_hmp_p,epistasis_score_hmp_neglog10p,epistasis_score_max_neglog10p,max_neglog10p_pair,max_neglog10p_gene_1,max_neglog10p_alteration_type_1,max_neglog10p_gene_2,max_neglog10p_alteration_type_2,max_neglog10p_alteration_1,max_neglog10p_alteration_2,max_neglog10p_epistasis_p,max_neglog10p_epistasis_fdr,median_abs_interaction_beta,mean_delta_r2,epistasis_score_hmp_fdr,epistasis_score_hmp_qvalue,epistasis_score_hmp_neglog10q,epistasis_score_hmp_fdr_n_systems
5-FU,RBL-TP53 complex,0.022009024,1,5,15,90,31,57,2,0,0.1,2,2,0.022222222222222223,0.022222222222222223,0.064516129,0.6587197524861291,0.007197263,2.1428326234997606,3.571410541603517,RBL2_mut x TP53_del,RBL2,mut,TP53,del,RBL2_mut,TP53_del,0.000268281,0.008316702,0.018031198,0.001594835,0.20986488089301147,0.20986488089301147,0.6780602308337624,124
5-FU,Beta-catenin destruction complex,0.086641254,0.5085777372146294,5,15,90,20,70,0,0,0.1,2,2,0.022222222222222223,0.022222222222222223,0.1,0.6103613689120966,0.011900176036463324,1.9244466141453545,3.143141409784352,CTNNB1_del x GSK3B_amp,CTNNB1,del,GSK3B,amp,CTNNB1_del,GSK3B_amp,0.000719215,0.014384295155014555,0.016650591,0.00154138,0.20986488089301147,0.20986488089301147,0.6780602308337624,124
5-FU,p53 regulation of cell cycle,-0.256653136,0,5,15,90,37,52,1,0,0.1,1,1,0.011111111111111112,0.011111111111111112,0.027027027,0.578160836,0.017925113337003667,1.7465380896919793,3.2695934127677093,CDKN1A_amp x TP53_mut,CDKN1A,amp,TP53,mut,CDKN1A_amp,TP53_mut,0.000537535,0.019888787669248176,0.020623325,0.001274745,0.20986488089301147,0.20986488089301147,0.6780602308337624,124
5-FU,TGF-beta/Smad signaling,-0.060503297,1,7,21,189,34,153,2,0,0.1,2,2,0.010582010582010581,0.010582010582010581,0.058823529411764705,0.7227996481080227,0.049592059089758916,1.304587859187114,2.375254234786884,SMAD4_del x TGFBR2_del,SMAD4,del,TGFBR2,del,SMAD4_del,TGFBR2_del,0.004214497,0.07635388,0.033938137,0.001696133,0.20986488089301147,0.20986488089301147,0.6780602308337624,124
5-FU,Neg Regulation EGFR,0.003601945,1,6,18,135,37,98,0,0,0.1,1,1,0.007407407,0.007407407,0.027027027,0.4967447075608396,0.059089748950751496,1.2284878551639267,2.652825258758352,CTNNB1_del x EGF_del,CTNNB1,del,EGF,del,CTNNB1_del,EGF_del,0.002224205,0.082295571,0.017832533140598565,0.00107388,0.20986488089301147,0.20986488089301147,0.6780602308337624,124
5-FU,RAS-RAF-MAPK,-0.086323907,0.5268348976915693,7,21,189,57,132,0,0,0.1,1,1,0.005291005,0.005291005,0.017543859649122806,0.5546121233696649,0.055684803,1.2542633126760159,2.783644915834342,BRAF_amp x KRAS_del,BRAF,amp,KRAS,del,BRAF_amp,KRAS_del,0.001645717,0.093805854,0.024486499,0.001249624,0.20986488089301147,0.20986488089301147,0.6780602308337624,124
5-FU,G1 to S cell cycle control,-0.043358189,1,13,38,666,164,495,7,0,0.1,3,3,0.004504505,0.004504505,0.018292682926829267,0.5173313653784016,0.027693165921141148,1.5576273922686508,3.339076078813976,CDKN2A_del x TP53_mut,CDKN2A,del,TP53,mut,CDKN2A_del,TP53_mut,0.000458062,0.044077853753468926,0.017855977866765925,0.001150387,0.20986488089301147,0.20986488089301147,0.6780602308337624,124
5-FU,Culin-RIng uniqutin ligase complex,-0.10956206,0.034237786,8,23,231,29,202,0,0,0.1,1,1,0.004329004,0.004329004,0.034482758620689655,0.49507590345589814,0.028000536940578982,1.5528336405115413,2.971716935891559,TET2_del x VHL_del,TET2,del,VHL,del,TET2_del,VHL_del,0.001067292,0.030951454,0.021055690332388133,0.001065535,0.20986488089301147,0.20986488089301147,0.6780602308337624,124
5-FU,mTOR regulation of autophagy/ribosome biogenesis,-0.037877923,1,8,24,252,64,188,0,0,0.1,1,1,0.003968254,0.003968254,0.015625,0.5007559384373566,0.012201811,1.9135756967649116,3.669677456292739,MAPK1_del x RPS6KB1_amp,MAPK1,del,RPS6KB1,amp,MAPK1_del,RPS6KB1_amp,0.000213955,0.013693123,0.016777742026209783,0.001127418,0.20986488089301147,0.20986488089301147,0.6780602308337624,124
5-FU,Wnt/beta-catenin,-0.09354381,0.2392893452255877,8,24,252,51,201,0,0,0.1,1,1,0.003968254,0.003968254,0.019607843,0.4775793618301214,0.027911896654581308,1.554210651557515,3.143141409784352,CTNNB1_del x GSK3B_amp,CTNNB1,del,GSK3B,amp,CTNNB1_del,GSK3B_amp,0.000719215,0.036679953,0.015195678952248591,0.001060775,0.20986488089301147,0.20986488089301147,0.6780602308337624,124
5-FU,MDM2-p53 pathway,-0.141898497,0.000296343,8,24,252,90,161,1,0,0.1,1,1,0.003968254,0.003968254,0.011111111111111112,0.4476050721897527,0.034065329,1.4676874152735961,3.2695934127677093,CDKN1A_amp x TP53_mut,CDKN1A,amp,TP53,mut,CDKN1A_amp,TP53_mut,0.000537535,0.048378132,0.015633894780998626,0.000930837,0.20986488089301147,0.20986488089301147,0.6780602308337624,124
5-FU,Histone acetyltransferase complex,-0.000930273,1,14,42,819,165,652,2,0,0.1,3,3,0.003663004,0.003663004,0.018181818,0.47191392745106653,0.013837341,1.8589473644977896,3.8970465457521963,MYC_amp x MYCN_amp,MYC,amp,MYCN,amp,MYC_amp,MYCN_amp,0.000126752,0.020914014,0.018580503704362913,0.001007139,0.20986488089301147,0.20986488089301147,0.6780602308337624,124
5-FU,CDK holoenzyme complex II,-0.108062182,0.041545072,17,49,1129,268,854,7,0,0.1,4,4,0.003542958,0.003542958,0.014925373134328358,0.5468457389295134,0.029950663,1.5235935632691542,3.339076078813976,CDKN2A_del x TP53_mut,CDKN2A,del,TP53,mut,CDKN2A_del,TP53_mut,0.000458062,0.072029663,0.019071051,0.001233922,0.20986488089301147,0.20986488089301147,0.6780602308337624,124
5-FU,Apoptosis Regulation,0.029538392,1,13,38,666,138,523,5,0,0.1,2,2,0.003003003,0.003003003,0.014492753623188406,0.599559904,0.018673857,1.728765966366245,3.523343942821127,PTPN13_del x TP53_mut,PTPN13,del,TP53,mut,PTPN13_del,TP53_mut,0.000299679,0.026032773767666002,0.021258982,0.001358779,0.20986488089301147,0.20986488089301147,0.6780602308337624,124
5-FU,CDK holoenzyme complex I,-0.046539715,1,15,44,903,233,663,7,0,0.1,2,2,0.002214839,0.002214839,0.008583691,0.5066123393425594,0.033869241,1.4701945306539246,3.339076078813976,CDKN2A_del x TP53_mut,CDKN2A,del,TP53,mut,CDKN2A_del,TP53_mut,0.000458062,0.062622804,0.016242684635576925,0.001120565,0.20986488089301147,0.20986488089301147,0.6780602308337624,124
5-FU,Positive regulators of transcription,0.1889589655030908,3.967890149780828e-08,15,45,945,268,672,5,0,0.1,2,2,0.002116402,0.002116402,0.007462687,0.4983616349148942,0.012022398767460812,1.9200088711406809,4.243799102801049,KAT6A_amp x TBL1XR1_amp,KAT6A,amp,TBL1XR1,amp,KAT6A_amp,TBL1XR1_amp,5.7042808153286594e-05,0.015287472585080807,0.019827296935344754,0.001055367,0.20986488089301147,0.20986488089301147,0.6780602308337624,124
5-FU,Regulation of E2F transcription via DREAM complex,-0.017094655,1,11,33,495,145,347,3,0,0.1,1,1,0.002020202,0.002020202,0.006896552,0.45161582383386345,0.030549338398464087,1.5149981907571903,3.571410541603517,RBL2_mut x TP53_del,RBL2,mut,TP53,del,RBL2_mut,TP53_del,0.000268281,0.038900704,0.016240429392068996,0.000942512,0.20986488089301147,0.20986488089301147,0.6780602308337624,124
5-FU,RNA metabolism,0.1113576269319017,0.027018189,22,66,2079,455,1616,8,0,0.1,4,4,0.001924002,0.001924002,0.008791209,0.4764946010064359,0.018300826,1.7375293102634009,4.2012168789005715,BRD4_amp x UPF1_amp,BRD4,amp,UPF1,amp,BRD4_amp,UPF1_amp,6.291918972037335e-05,0.028628231322769874,0.019562998,0.0010101,0.20986488089301147,0.20986488089301147,0.6780602308337624,124
5-FU,TNFR/Traf signaling,-0.126071816,0.003480392,12,36,594,115,476,3,0,0.1,1,1,0.001683502,0.001683502,0.008695652,0.5502624931396339,0.03798754,1.4203588322454745,3.1299279996168785,TP53_mut x TRAF3_del,TP53,mut,TRAF3,del,TP53_mut,TRAF3_del,0.000741433,0.085264812,0.022801928288810468,0.00121227,0.20986488089301147,0.20986488089301147,0.6780602308337624,124
5-FU,Extracellular matrix organization,0.000772612,1,13,39,702,136,566,0,0,0.1,1,1,0.001424501,0.001424501,0.007352941,0.4394233200770067,0.055361067,1.2567955451344364,3.2042510293555724,INHBA_amp x PDGFRB_mut,INHBA,amp,PDGFRB,mut,INHBA_amp,PDGFRB_mut,0.000624811,0.084974355,0.016666812,0.000915651,0.20986488089301147,0.20986488089301147,0.6780602308337624,124
5-FU,RNA processing 2,-0.091916965,0.2872072646197554,15,45,945,166,775,4,0,0.1,1,1,0.001058201,0.001058201,0.006024096,0.43555376136705376,0.04813675,1.3175232339643381,3.4018680388636686,TNF_amp x UPF1_amp,TNF,amp,UPF1,amp,TNF_amp,UPF1_amp,0.000396398,0.065802145,0.019238506,0.000897403,0.20986488089301147,0.20986488089301147,0.6780602308337624,124
5-FU,NeST:16,-0.010285488,1,22,64,1954,413,1539,2,0,0.1,1,1,0.000511771,0.000511771,0.002421308,0.4538788393234383,0.006818633,2.1663027060613547,4.754098225553821,FCGR2A_amp x SOX17_amp,FCGR2A,amp,SOX17,amp,FCGR2A_amp,SOX17_amp,1.7615775806017054e-05,0.007275315,0.018918340749881017,0.000927798,0.20986488089301147,0.20986488089301147,0.6780602308337624,124
5-FU,Regulation of immune responses,-0.066069541,1,57,169,14029,2157,11710,162,0,0.1,6,6,0.000427686,0.000427686,0.002781641,0.4910647145921706,0.021329109985654834,1.6710272662750567,4.441458638719129,HLA-E_amp x JAK3_amp,HLA-E,amp,JAK3,amp,HLA-E_amp,JAK3_amp,3.618606519286767e-05,0.052047886,0.019537207681592093,0.001064776,0.20986488089301147,0.20986488089301147,0.6780602308337624,124
5-FU,Lymphocyte activation,-0.032405032,1,39,115,6442,932,5398,112,0,0.1,2,2,0.000310463,0.000310463,0.002145923,0.5339523464108503,0.005541981,2.2563349969981426,4.921222965646278,FCGR3A_amp x LYN_amp,FCGR3A,amp,LYN,amp,FCGR3A_amp,LYN_amp,1.1988836414108665e-05,0.006258288,0.021649011,0.001170416,0.20986488089301147,0.20986488089301147,0.6780602308337624,124
5-FU,Immune system,0.09870861,0.1313785792579294,99,290,41620,6844,34557,219,0,0.1,8,8,0.000192215,0.000192215,0.001168907,0.49620655809222947,0.018263109726626776,1.738425271592122,4.921222965646278,FCGR3A_amp x LYN_amp,FCGR3A,amp,LYN,amp,FCGR3A_amp,LYN_amp,1.1988836414108665e-05,0.045956786,0.019401616914957266,0.001070701,0.20986488089301147,0.20986488089301147,0.6780602308337624,124
5-FU,Cell motility,0.1287436143035454,0.002334033,80,237,27732,5601,22110,21,0,0.1,1,1,3.6059425933939135e-05,3.6059425933939135e-05,0.00017854,0.46175224902297096,0.041635801166254836,1.3805330741247912,4.754098225553821,FCGR2A_amp x SOX17_amp,FCGR2A,amp,SOX17,amp,FCGR2A_amp,SOX17_amp,1.7615775806017054e-05,0.09866596,0.018301086328661415,0.000965005,0.20986488089301147,0.20986488089301147,0.6780602308337624,124
5-FU,Ubiquitin/Proteasome System,0.046922009,1,21,60,1712,303,1405,4,0,0.1,0,0,0,0,0,0.5650128001538193,0.042736419334167004,1.3692018679594176,3.404152081188822,ELOC_amp x RIT1_amp,ELOC,amp,RIT1,amp,ELOC_amp,RIT1_amp,0.000394319,0.11947871616007369,0.022063627826586153,0.001253301,0.20986488089301147,0.20986488089301147,0.6780602308337624,124
5-FU,Protein Transport,0.027219289,1,15,45,945,289,656,0,0,0.1,0,0,0,0,0,0.5241947434110276,0.059236055,1.227413871645722,2.818446685168234,CALR_amp x TNF_amp,CALR,amp,TNF,amp,CALR_amp,TNF_amp,0.001518984,0.14316645749404464,0.017927936362887264,0.001161195,0.20986488089301147,0.20986488089301147,0.6780602308337624,124
5-FU,Mitosis,0.00165518,1,29,87,3654,979,2669,6,0,0.1,0,0,0,0,0,0.49819162592372584,0.046231297,1.3350639255566565,3.571410541603517,RBL2_mut x TP53_del,RBL2,mut,TP53,del,RBL2_mut,TP53_del,0.000268281,0.16281292420448162,0.017601289264353743,0.00107735,0.20986488089301147,0.20986488089301147,0.6780602308337624,124
5-FU,Cyclin D associated events in G1,-0.044317368,1,27,79,3004,716,2278,10,0,0.1,0,0,0,0,0,0.4937169606985334,0.041191845,1.3851887534482223,3.571410541603517,RBL2_mut x TP53_del,RBL2,mut,TP53,del,RBL2_mut,TP53_del,0.000268281,0.12829163938001525,0.017033851,0.001070239,0.20986488089301147,0.20986488089301147,0.6780602308337624,124
5-FU,Checkpoint-regulated DNA repair,-0.042932761,1,41,121,7141,1775,5350,16,0,0.1,0,0,0,0,0,0.4925036601920759,0.053255294,1.2736372172364023,3.753939274646608,MYC_amp x RAD51C_amp,MYC,amp,RAD51C,amp,MYC_amp,RAD51C_amp,0.000176222,0.23809913636068472,0.019128594,0.001052201,0.20986488089301147,0.20986488089301147,0.6780602308337624,124
5-FU,G1/S phase,0.1547470508241422,3.2840342278905865e-05,19,57,1539,437,1099,3,0,0.1,0,0,0,0,0,0.4872765727507157,0.055903631,1.2525599857154972,3.339076078813976,CDKN2A_del x TP53_mut,CDKN2A,del,TP53,mut,CDKN2A_del,TP53_mut,0.000458062,0.11745135420893854,0.019128594,0.001035487,0.20986488089301147,0.20986488089301147,0.6780602308337624,124
5-FU,Locomotion,0.077434012,1,33,99,4752,1030,3722,0,0,0.1,0,0,0,0,0,0.46186351680170745,0.056769846,1.2458822820258015,3.710110926947311,GNA13_amp x MAPK1_del,GNA13,amp,MAPK1,del,GNA13_amp,MAPK1_del,0.000194935,0.20078270356090502,0.017760066838005052,0.000975657,0.20986488089301147,0.20986488089301147,0.6780602308337624,124
5-FU,Nucleolus,-0.020956944,1,34,101,4950,933,4009,8,0,0.1,0,0,0,0,0,0.4493224258913729,0.058545822,1.2325040920743955,3.4018680388636686,TNF_amp x UPF1_amp,TNF,amp,UPF1,amp,TNF_amp,UPF1_amp,0.000396398,0.20283354710564816,0.016620030847191096,0.000956525,0.20986488089301147,0.20986488089301147,0.6780602308337624,124
5-FU,RNA processing 1,0.045081689,1,30,90,3915,787,3093,35,0,0.1,0,0,0,0,0,0.44582841209900065,0.057838279,1.2377846367014997,3.6338830551062395,TP53_mut x UPF1_amp,TP53,mut,UPF1,amp,TP53_mut,UPF1_amp,0.000232336,0.1559827949241057,0.018816459,0.000916802,0.20986488089301147,0.20986488089301147,0.6780602308337624,124
5-FU,Resolution of D-loop structures,0.060987894,1,9,27,324,83,238,3,0,0.1,0,0,0,0,0,0.48104590113621915,0.061207402908568055,1.2131960476598809,2.8946900917030858,RAD51C_amp x TP53_del,RAD51C,amp,TP53,del,RAD51C_amp,TP53_del,0.001274412,0.10577620966880479,0.019617740234192476,0.00105441,0.21082549890728997,0.21082549890728997,0.6760768632649331,124
5-FU,Histone deacetylase binding,-0.27564171,0,16,48,1080,280,799,1,0,0.1,0,0,0,0,0,0.4944359204808856,0.066998541,1.1739346567151077,3.069860013410641,IRF2_amp x TP53_mut,IRF2,amp,TP53,mut,IRF2_amp,TP53_mut,0.000851412,0.18410302804924242,0.019439172738000124,0.001068476,0.21706708935256444,0.21706708935256444,0.6634060171537468,124
5-FU,Chromatin binding,0.2179780881028213,4.9100279397862317e-11,91,268,35513,9575,25821,117,0,0.1,0,0,0,0,0,0.44759342738763025,0.068271101,1.1657630952894826,4.2311736256988475,PRCC_amp x RAD21_amp,PRCC,amp,RAD21,amp,PRCC_amp,RAD21_amp,5.872545283113484e-05,0.3012256207862874,0.017886722,0.000922058,0.21706708935256444,0.21706708935256444,0.6634060171537468,124
5-FU,EGFR-MAPK signaling,-0.000785582,1,23,69,2277,496,1779,2,0,0.1,0,0,0,0,0,0.419793111,0.065771217,1.1819641203303513,3.5878204023952565,MAP2K2_amp x MDM4_amp,MAP2K2,amp,MDM4,amp,MAP2K2_amp,MDM4_amp,0.000258333,0.1281330824976924,0.017429783,0.00084683,0.21706708935256444,0.21706708935256444,0.6634060171537468,124
5-FU,p53 regulation,-0.048532938,1,11,29,379,111,265,3,0,0.1,2,2,0.005277045,0.005277045,0.018018018018018018,0.4043735349715778,0.071822546,1.1437392017112955,2.749719224868211,BRCA1_amp x TAF1_del,BRCA1,amp,TAF1,del,BRCA1_amp,TAF1_del,0.001779429,0.099546187,0.015479639,0.000828145,0.2226498937007229,0.2226498937007229,0.6523775078770228,124
5-FU,Foxo signaling,0.002929448,1,10,30,405,106,299,0,0,0.1,0,0,0,0,0,0.48760881596716205,0.076598695,1.115778628637067,2.812866665065364,CREBBP_mut x SMARCB1_amp,CREBBP,mut,SMARCB1,amp,CREBBP_mut,SMARCB1_amp,0.001538627,0.16309445663637556,0.019526699,0.001029052,0.23166434621347742,0.23166434621347742,0.6351408001945673,124
5-FU,Beta-catenin,-0.022824882,1,5,15,90,25,65,0,0,0.1,0,0,0,0,0,0.47746731577011586,0.080614469,1.0935870015178342,2.3282092153533855,AMER1_del x MYC_mut,AMER1,del,MYC,mut,AMER1_del,MYC_mut,0.004696678,0.11741694953498114,0.021859455870830474,0.001034146,0.2324696319683449,0.2324696319683449,0.6336337719351857,124
5-FU,Mismatch and excision repair,-0.011165999,1,32,96,4464,1119,3333,12,0,0.1,0,0,0,0,0,0.4720889551838649,0.080293415,1.0953200725442485,3.2847496966061818,CDKN1A_amp x POLD1_amp,CDKN1A,amp,POLD1,amp,CDKN1A_amp,POLD1_amp,0.000519099,0.30075072164714467,0.018443226,0.001002232,0.2324696319683449,0.2324696319683449,0.6336337719351857,124
5-FU,Homologous recombination,-0.010958413,1,12,36,594,159,432,3,0,0.1,0,0,0,0,0,0.47954801035063205,0.082641837,1.0828000359265608,2.8946900917030858,RAD51C_amp x TP53_del,RAD51C,amp,TP53,del,RAD51C_amp,TP53_del,0.001274412,0.2026315341848188,0.019743973362140278,0.001030106,0.23289972339897158,0.23289972339897158,0.6328310272505132,124
5-FU,PI3-K/Akt,-0.074850485,1,6,18,135,26,109,0,0,0.1,0,0,0,0,0,0.6068530223984656,0.1097182883658533,0.9597209761227686,1.7380272296570818,EGFR_amp x INSR_amp,EGFR,amp,INSR,amp,EGFR_amp,INSR_amp,0.018279856,0.2285341286991239,0.022970482326042145,0.001384552,0.23868539925203175,0.23868539925203175,0.622174147,124
5-FU,Fas,-0.054650045,1,7,21,189,43,145,1,0,0.1,0,0,0,0,0,0.5899882692771943,0.095797394,1.0186463041636222,2.1062271919755635,DAXX_amp x TP53_mut,DAXX,amp,TP53,mut,DAXX_amp,TP53_mut,0.007830199,0.2519222921043894,0.025121075837005243,0.001316832,0.23868539925203175,0.23868539925203175,0.622174147,124
5-FU,H3 acetylation and H3K4 methylation crosstalk,0.042855952,1,5,13,66,27,38,1,0,0.1,0,0,0,0,0,0.5666385343638277,0.10939247247759785,0.9610125616764268,1.7820657418095442,CTNNB1_del x TP53_mut,CTNNB1,del,TP53,mut,CTNNB1_del,TP53_mut,0.016517117496032404,0.20180702463059014,0.025073619,0.001268887,0.23868539925203175,0.23868539925203175,0.622174147,124
5-FU,Homologous recombination (HR) and Fanconi Anemia repair,-0.005828289,1,29,86,3570,909,2653,8,0,0.1,0,0,0,0,0,0.47932063419365845,0.090461156,1.0435378684936487,3.279343190635863,POLH_amp x TP53_mut,POLH,amp,TP53,mut,POLH_amp,TP53_mut,0.000525602,0.4777719982517794,0.019617740234192476,0.001007714,0.23868539925203175,0.23868539925203175,0.622174147,124
5-FU,Oncogene induced senescence,0.037085438,1,7,21,189,58,129,2,0,0.1,0,0,0,0,0,0.46300634594206624,0.091300602,1.0395263600011204,2.5908818812342664,E2F4_del x TP53_mut,E2F4,del,TP53,mut,E2F4_del,TP53_mut,0.002565182,0.14878053372346384,0.017012552950161235,0.000959463,0.23868539925203175,0.23868539925203175,0.622174147,124
5-FU,EGFR/PI3K signaling,-0.069324299,1,11,33,495,103,392,0,0,0.1,0,0,0,0,0,0.4543097926126614,0.10690253834683174,0.9710119825654575,2.652825258758352,CTNNB1_del x EGF_del,CTNNB1,del,EGF,del,CTNNB1_del,EGF_del,0.002224205,0.22909307730220982,0.018295852126450105,0.000952397,0.23868539925203175,0.23868539925203175,0.622174147,124
5-FU,Cell Proliferation,-0.070248933,1,14,42,819,151,657,11,0,0.1,0,0,0,0,0,0.45114422739575083,0.10378918788561743,0.9838478862388806,2.462765883,EGF_del x FGF2_del,EGF,del,FGF2,del,EGF_del,FGF2_del,0.003445356,0.27716247296748614,0.016290336,0.000948084,0.23868539925203175,0.23868539925203175,0.622174147,124
5-FU,Transmembrane tyrosine kinase signaling,0.049074711,1,53,159,12402,2534,9842,26,0,0.1,0,0,0,0,0,0.4332760023862244,0.099731357,1.0011682729608957,3.249097492504247,MAP2K2_amp x TP53_mut,MAP2K2,amp,TP53,mut,MAP2K2_amp,TP53_mut,0.000563511,0.4775138606698843,0.017885615330701744,0.000891578,0.23868539925203175,0.23868539925203175,0.622174147,124
5-FU,mTOR regulation of mRNA translation,-0.129608584,0.002054074,5,15,90,28,62,0,0,0.1,0,0,0,0,0,0.4319708406618394,0.10415973356301376,0.98230014,2.196777818832138,AKT1_amp x RPTOR_amp,AKT1,amp,RPTOR,amp,AKT1_amp,RPTOR_amp,0.00635656,0.1779836924942806,0.014201123204553866,0.000908465,0.23868539925203175,0.23868539925203175,0.622174147,124
5-FU,Regulation of adherens junction stability,-0.042996007,1,10,30,405,125,278,2,0,0.1,0,0,0,0,0,0.42973015879927073,0.096395286,1.0159442027465966,2.652825258758352,CTNNB1_del x EGF_del,CTNNB1,del,EGF,del,CTNNB1_del,EGF_del,0.002224205,0.2780255792502546,0.016170756979053343,0.000901634,0.23868539925203175,0.23868539925203175,0.622174147,124
5-FU,Regulation of beta catenin transcription,0.000111704,1,7,21,189,53,136,0,0,0.1,0,0,0,0,0,0.4260420385736762,0.10779098167677564,0.9674175728399028,2.333122622590409,APC_mut x CTNNB1_amp,APC,mut,CTNNB1,amp,APC_mut,CTNNB1_amp,0.004643841,0.24612359331869946,0.012704347461575184,0.000920047,0.23868539925203175,0.23868539925203175,0.622174147,124
5-FU,MAPK and MAP2K activation,0.1126615291357169,0.022735566,14,42,819,184,633,2,0,0.1,0,0,0,0,0,0.42312318249816117,0.10139997877015419,0.9939621359297622,2.783644915834342,BRAF_amp x KRAS_del,BRAF,amp,KRAS,del,BRAF_amp,KRAS_del,0.001645717,0.3028118783620702,0.016172404339669863,0.000874371,0.23868539925203175,0.23868539925203175,0.622174147,124
5-FU,Nuclear receptor signaling,-0.014450613,1,17,51,1224,311,912,1,0,0.1,0,0,0,0,0,0.41114041087471564,0.098518105,1.0064839526097211,2.7888572967208805,HDAC5_amp x TBL1XR1_amp,HDAC5,amp,TBL1XR1,amp,HDAC5_amp,TBL1XR1_amp,0.001626083,0.2962204276389511,0.014596942436081986,0.000849599,0.23868539925203175,0.23868539925203175,0.622174147,124
5-FU,MutL alpha/beta complex,0.028513801,1,5,15,90,21,69,0,0,0.1,0,0,0,0,0,0.5337048279265691,0.11432078263367158,0.9418748110512231,1.887422792118834,BRIP1_amp x PMS1_amp,BRIP1,amp,PMS1,amp,BRIP1_amp,PMS1_amp,0.012959170622153075,0.27214258306521455,0.019715057,0.001167287,0.2402674075690725,0.2402674075690725,0.6193051375311321,124
5-FU,INSR-FOXO,-0.031713114,1,25,75,2700,540,2158,2,0,0.1,0,0,0,0,0,0.46836779636013587,0.1124240837115909,0.9491406433697297,2.6233581627250637,CCND1_amp x TGFBR2_del,CCND1,amp,TGFBR2,del,CCND1_amp,TGFBR2_del,0.002380356,0.46723249475560236,0.018646889956019347,0.000983133,0.2402674075690725,0.2402674075690725,0.6193051375311321,124
5-FU,Type I interferon signaling pathway,0.01229745,1,7,21,189,17,162,10,0,0.1,0,0,0,0,0,0.7202559597678266,0.1412197537233968,0.8501045502174118,1.3938383974870765,TAP1_amp x TNF_amp,TAP1,amp,TNF,amp,TAP1_amp,TNF_amp,0.040379562,0.3163464972590503,0.039444844,0.001561321,0.24292203840712814,0.24292203840712814,0.6145330832828293,124
5-FU,Endoplasmic Reticulum protein processing,0.011342283,1,6,18,135,41,94,0,0,0.1,0,0,0,0,0,0.5343581252905784,0.1591998122327762,0.7980574488239607,1.606477688531638,CALR_del x SEC23B_amp,CALR,del,SEC23B,amp,CALR_del,SEC23B_amp,0.024746985933684258,0.4830382319382447,0.022679321,0.001126591,0.24292203840712814,0.24292203840712814,0.6145330832828293,124
5-FU,SMAD-TGFbeta signaling,-0.053888138,1,6,18,135,23,110,2,0,0.1,0,0,0,0,0,0.5147761300459076,0.15050602678903138,0.8224461090481161,1.5763593886285403,SMAD2_del x SMAD3_amp,SMAD2,del,SMAD3,amp,SMAD2_del,SMAD3_amp,0.026524097237645806,0.3323785408797411,0.021417137616954338,0.001150368,0.24292203840712814,0.24292203840712814,0.6145330832828293,124
5-FU,Histone modifications in DNA damage response,-0.061991878,1,6,14,79,10,69,0,0,0.1,0,0,0,0,0,0.5130182942263799,0.14472680692488987,0.8394510195285791,1.6199111882505117,PARP1_amp x XPC_del,PARP1,amp,XPC,del,PARP1_amp,XPC_del,0.023993235,0.2399323522382129,0.026347467,0.001085269,0.24292203840712814,0.24292203840712814,0.6145330832828293,124
5-FU,Phosphatase 2A catalytic subunit,0.023213681,1,5,15,90,17,72,1,0,0.1,0,0,0,0,0,0.4940814268853751,0.13503430950156048,0.8695558719931804,1.7474379761573922,PPP2R1A_amp x PPP2R2A_amp,PPP2R1A,amp,PPP2R2A,amp,PPP2R1A_amp,PPP2R2A_amp,0.017888009787918314,0.30409616639461134,0.01481021,0.001077065,0.24292203840712814,0.24292203840712814,0.6145330832828293,124
5-FU,Regulation of beta catenin transcriptional activity,-0.113763725,0.019664512,10,30,405,136,268,1,0,0.1,0,0,0,0,0,0.48422811509440017,0.13612431,0.8660643072968788,2.0659288405874325,TCF3_amp x TP53_mut,TCF3,amp,TP53,mut,TCF3_amp,TP53_mut,0.008591543,0.48373403184263886,0.018187498425438202,0.001025044,0.24292203840712814,0.24292203840712814,0.6145330832828293,124
5-FU,Regulation of TP53 Activity,-0.077825409,1,11,33,495,130,363,2,0,0.1,0,0,0,0,0,0.47328208213444234,0.1513934708423604,0.8198928542829642,1.9557277748629993,MDM2_amp x PML_amp,MDM2,amp,PML,amp,MDM2_amp,PML_amp,0.011073177,0.494901234,0.017179884257014458,0.00099436,0.24292203840712814,0.24292203840712814,0.6145330832828293,124
5-FU,Ribosome abundance control,0.040805564,1,12,36,594,107,487,0,0,0.1,0,0,0,0,0,0.4725431444139756,0.13900131399406623,0.856981094,2.1876266482810944,RPL5_del x XPC_del,RPL5,del,XPC,del,RPL5_del,XPC_del,0.006491923,0.5330157147391877,0.020415925049108163,0.000985387,0.24292203840712814,0.24292203840712814,0.6145330832828293,124
5-FU,Cohesin,-0.073875901,1,5,15,90,35,54,1,0,0.1,0,0,0,0,0,0.470442676,0.16190014240917042,0.7907527692361896,1.8397672968647087,RAD21_amp x STAG1_mut,RAD21,amp,STAG1,mut,RAD21_amp,STAG1_mut,0.014462144720378094,0.5061750652132333,0.017040491,0.000985837,0.24292203840712814,0.24292203840712814,0.6145330832828293,124
5-FU,Histone methyltransferase complex,-0.002767927,1,11,31,435,158,273,4,0,0.1,0,0,0,0,0,0.46549701691874845,0.15851395299395396,0.799932504,1.9118517560069157,CTNNB1_del x KMT2C_mut,CTNNB1,del,KMT2C,mut,CTNNB1_del,KMT2C_mut,0.012250343,0.5878508616813598,0.015896634,0.00098019,0.24292203840712814,0.24292203840712814,0.6145330832828293,124
5-FU,Ubiquitin regulation of p53 activity,-0.185652498,8.055049183219866e-08,9,26,300,43,257,0,0,0.1,0,0,0,0,0,0.46005006192493797,0.1473428603893132,0.8316709033746006,1.9231250271455678,SKP1_amp x TNF_amp,SKP1,amp,TNF,amp,SKP1_amp,TNF_amp,0.011936444219057624,0.33081490082453263,0.015476052841173068,0.000960878,0.24292203840712814,0.24292203840712814,0.6145330832828293,124
5-FU,Extracellular matrix,0.053649508,1,8,24,252,29,223,0,0,0.1,0,0,0,0,0,0.4559074317207793,0.16367401637411932,0.7860202603621341,1.8695169670947693,PDGFRB_amp x TNF_amp,PDGFRB,amp,TNF,amp,PDGFRB_amp,TNF_amp,0.013504641,0.3916345793290385,0.023079325583809283,0.000951882,0.24292203840712814,0.24292203840712814,0.6145330832828293,124
5-FU,Integrator-PP2A complex,0.008732022,1,12,36,594,137,456,1,0,0.1,0,0,0,0,0,0.4518599196194543,0.132700462,0.8771275647897223,2.1961701254882042,ARAF_del x MYC_mut,ARAF,del,MYC,mut,ARAF_del,MYC_mut,0.006365461,0.30257956,0.016875829,0.00093545,0.24292203840712814,0.24292203840712814,0.6145330832828293,124
5-FU,ECM-cytoskeleton assembly,0.1768848777518019,4.910577118266701e-07,6,18,135,19,116,0,0,0.1,0,0,0,0,0,0.4467628282609574,0.13623135020113653,0.865722939,1.8695169670947693,PDGFRB_amp x TNF_amp,PDGFRB,amp,TNF,amp,PDGFRB_amp,TNF_amp,0.013504641,0.2565881726638528,0.015257637017488095,0.000967352,0.24292203840712814,0.24292203840712814,0.6145330832828293,124
5-FU,Epigenetic modification,0.1383705008598373,0.000523855,30,87,3656,997,2653,6,0,0.1,0,0,0,0,0,0.4391740947852167,0.12381911517642341,0.9072123038231122,3.069860013410641,IRF2_amp x TP53_mut,IRF2,amp,TP53,mut,IRF2_amp,TP53_mut,0.000851412,0.6555382820181953,0.017853327685759767,0.000890194,0.24292203840712814,0.24292203840712814,0.6145330832828293,124
5-FU,Mediator complex,-0.021770171,1,6,18,135,36,98,1,0,0.1,0,0,0,0,0,0.43746456253907595,0.164560091,0.7836754823831826,1.8428572354076571,CDK8_amp x ESR1_amp,CDK8,amp,ESR1,amp,CDK8_amp,ESR1_amp,0.014359614,0.5169461025423618,0.022375074782775714,0.000910337,0.24292203840712814,0.24292203840712814,0.6145330832828293,124
5-FU,Epithelial differentiation,-0.133524534,0.001127988,8,24,252,66,186,0,0,0.1,0,0,0,0,0,0.42849620816410156,0.15113112762328518,0.8206460772707577,2.005148498059967,CDH1_mut x FLG_mut,CDH1,mut,FLG,mut,CDH1_mut,FLG_mut,0.009882151,0.3871098402638504,0.016028722006917653,0.000863483,0.24292203840712814,0.24292203840712814,0.6145330832828293,124
5-FU,NeST:163,0.05713899,1,7,21,189,53,136,0,0,0.1,0,0,0,0,0,0.4282206137191532,0.1532972026233292,0.8144657701054195,2.0107499525884083,ANKRD11_amp x NCOR1_del,ANKRD11,amp,NCOR1,del,ANKRD11_amp,NCOR1_del,0.009755512,0.38257158779927386,0.018474598306332076,0.000871964,0.24292203840712814,0.24292203840712814,0.6145330832828293,124
5-FU,EMT,-0.0387621,1,14,42,819,203,614,2,0,0.1,0,0,0,0,0,0.4270156594589923,0.11980242250734467,0.9215344000524245,2.652825258758352,CTNNB1_del x EGF_del,CTNNB1,del,EGF,del,CTNNB1_del,EGF_del,0.002224205,0.4515135407024135,0.015761751,0.000888973,0.24292203840712814,0.24292203840712814,0.6145330832828293,124
5-FU,Regulation of androgen receptor signaling pathway,-0.018191651,1,5,15,90,35,55,0,0,0.1,0,0,0,0,0,0.4199667574176451,0.14317405042645234,0.8441356885772626,2.0107499525884083,ANKRD11_amp x NCOR1_del,ANKRD11,amp,NCOR1,del,ANKRD11_amp,NCOR1_del,0.009755512,0.3414429042291555,0.014022524557010628,0.00085047,0.24292203840712814,0.24292203840712814,0.6145330832828293,124
5-FU,Metabolic pathways,0.006410061,1,12,36,594,127,467,0,0,0.1,0,0,0,0,0,0.41314710011549644,0.1591412404986659,0.7982172609561906,2.321045992896917,ATP7B_del x CYP1B1_amp,ATP7B,del,CYP1B1,amp,ATP7B_del,CYP1B1_amp,0.004774787,0.6063979550495583,0.01824263,0.000814986,0.24292203840712814,0.24292203840712814,0.6145330832828293,124
5-FU,HDACs deacetylate histones,-0.057288097,1,16,48,1080,295,784,1,0,0.1,0,0,0,0,0,0.39317510442049936,0.11985193118692075,0.9213549637407479,2.7888572967208805,HDAC5_amp x TBL1XR1_amp,HDAC5,amp,TBL1XR1,amp,HDAC5_amp,TBL1XR1_amp,0.001626083,0.4214711872354851,0.014711296834941759,0.000782598,0.24292203840712814,0.24292203840712814,0.6145330832828293,124
5-FU,Transcription elongation,-0.112884975,0.022116545,8,24,252,58,192,2,0,0.1,0,0,0,0,0,0.39059114057828753,0.14494816425291113,0.8387872805496144,2.0886728402668835,CDC73_amp x SETD2_del,CDC73,amp,SETD2,del,CDC73_amp,SETD2_del,0.008153182,0.2606119001309116,0.018298792,0.000759756,0.24292203840712814,0.24292203840712814,0.6145330832828293,124
5-FU,Ribosome biogenesis,0.036193079,1,18,53,1326,296,1025,5,0,0.1,0,0,0,0,0,0.3826986805393902,0.15735769023076193,0.8031120278179816,2.562483147028043,ASNS_amp x XPC_amp,ASNS,amp,XPC,amp,ASNS_amp,XPC_amp,0.002738526,0.5995174429552759,0.015806305,0.000751916,0.24292203840712814,0.24292203840712814,0.6145330832828293,124
5-FU,RTK-JAK-STAT signaling,0.072946072,1,21,63,1890,383,1505,2,0,0.1,0,0,0,0,0,0.3717620213703511,0.1487978409517793,0.8274033703326877,2.9744194417835237,EGFR_amp x JAK2_mut,EGFR,amp,JAK2,mut,EGFR_amp,JAK2_mut,0.001060671,0.406236865,0.015609203174526309,0.000726563,0.24292203840712814,0.24292203840712814,0.6145330832828293,124
5-FU,MHC class I including non-classical MHCs,-0.095544826,0.1904519509269384,8,24,252,39,203,10,0,0.1,0,0,0,0,0,0.5802648491274013,0.17707629849310585,0.7518395648545877,1.3948774480883743,HLA-E_amp x HLA-G_amp,HLA-E,amp,HLA-G,amp,HLA-E_amp,HLA-G_amp,0.040283069,0.48810530097702587,0.03292052,0.001223,0.24502024465577232,0.24502024465577232,0.6107980308229896,124
5-FU,Regulation of nuclear protein ubiquitiation,-0.013647577,1,11,33,495,118,375,2,0,0.1,0,0,0,0,0,0.45396077927505313,0.17278706261509796,0.7624887783224893,1.9440380647319222,EGFR_amp x TP53_mut,EGFR,amp,TP53,mut,EGFR_amp,TP53_mut,0.011375276,0.6231238358261701,0.017692349726910125,0.000930715,0.24502024465577232,0.24502024465577232,0.6107980308229896,124
5-FU,Extended mismatch repair complex,-0.098819383,0.1299137149776379,10,30,405,70,332,3,0,0.1,0,0,0,0,0,0.4439142396656685,0.17637415146056468,0.753565063,1.9368936674805297,MSH2_amp x PMS1_amp,MSH2,amp,PMS1,amp,MSH2_amp,PMS1_amp,0.011563953389921035,0.5348744483357936,0.020923988217429842,0.000898312,0.24502024465577232,0.24502024465577232,0.6107980308229896,124
5-FU,Polybromo- and BAF containing complex,0.1213298190963623,0.006896515,12,36,594,142,452,0,0,0.1,0,0,0,0,0,0.4269311059413813,0.17565031824672964,0.7553510590078887,2.2958253625971734,ARID2_amp x CHD4_amp,ARID2,amp,CHD4,amp,ARID2_amp,CHD4_amp,0.005060281,0.7185599074567126,0.016534597,0.000848907,0.24502024465577232,0.24502024465577232,0.6107980308229896,124
5-FU,Mediator/CCR-NOT complex,-0.117936433,0.011130647,9,27,324,68,255,1,0,0.1,0,0,0,0,0,0.42439408072216545,0.17890695780357443,0.7473727691199429,1.8428572354076571,CDK8_amp x ESR1_amp,CDK8,amp,ESR1,amp,CDK8_amp,ESR1_amp,0.014359614,0.5269489796225423,0.021602289494417365,0.000864747,0.24502024465577232,0.24502024465577232,0.6107980308229896,124
5-FU,Metabolism,0.037458046,1,18,54,1377,330,1046,1,0,0.1,0,0,0,0,0,0.4132780277901496,0.17541519129727734,0.7559327985931583,2.321045992896917,ATP7B_del x CYP1B1_amp,ATP7B,del,CYP1B1,amp,ATP7B_del,CYP1B1_amp,0.004774787,0.7743866622681326,0.017258524528236657,0.00083048,0.24502024465577232,0.24502024465577232,0.6107980308229896,124
5-FU,MAPK signaling,-0.090864203,0.3227454214589784,6,18,135,30,105,0,0,0.1,0,0,0,0,0,0.35961018168457276,0.17981324406189741,0.7451783236641311,1.8156366638802752,ERBB4_mut x KRAS_mut,ERBB4,mut,KRAS,mut,ERBB4_mut,KRAS_mut,0.015288446,0.4464556325854506,0.011787394190235907,0.000722196,0.24502024465577232,0.24502024465577232,0.6107980308229896,124
5-FU,Interferon signaling,0.010490826,1,8,24,252,25,217,10,0,0.1,0,0,0,0,0,0.5833090974468971,0.18256544181698112,0.7385814275059258,1.3938383974870765,TAP1_amp x TNF_amp,TAP1,amp,TNF,amp,TAP1_amp,TNF_amp,0.040379562,0.42818304290020043,0.034013357,0.001196674,0.2460664650576702,0.2460664650576702,0.60894757,124
5-FU,Nuclear transport,-0.097473198,0.1522433112889409,7,21,189,46,143,0,0,0.1,0,0,0,0,0,0.4655665022297069,0.18796576009791582,0.7259212547513948,1.6915565588463075,GATA3_amp x TERT_amp,GATA3,amp,TERT,amp,GATA3_amp,TERT_amp,0.020344332311914418,0.6704260312708148,0.022750415,0.000954222,0.2479548324695911,0.2479548324695911,0.6056274231888584,124
5-FU,Transcription factor (TF) binding,-0.240366103,1.454392162258955e-13,14,42,819,223,596,0,0,0.1,0,0,0,0,0,0.3974169372561908,0.18621297662005729,0.7299900576290398,2.3734047463969827,RBL1_amp x SMAD2_del,RBL1,amp,SMAD2,del,RBL1_amp,SMAD2_del,0.004232483,0.943843777,0.016957508904368323,0.000772092,0.2479548324695911,0.2479548324695911,0.6056274231888584,124
5-FU,Extended cohesin complex,0.024264253,1,6,18,135,51,83,1,0,0.1,0,0,0,0,0,0.41908325019012793,0.1977177418290337,0.7039543583406876,1.8397672968647087,RAD21_amp x STAG1_mut,RAD21,amp,STAG1,mut,RAD21_amp,STAG1_mut,0.014462144720378094,0.6475639947311971,0.016135987,0.000847864,0.2553854165291685,0.2553854165291685,0.592803906,124
5-FU,Ubiquitin regulation of mitophagy,-0.170873589,1.6250842804765853e-06,8,21,191,30,161,0,0,0.1,0,0,0,0,0,0.4024253446815447,0.19743290747427433,0.7045804588427178,1.8128533967614433,FBXW7_del x VHL_del,FBXW7,del,VHL,del,FBXW7_del,VHL_del,0.015386739573234075,0.46160218719702223,0.015288173,0.000797572,0.2553854165291685,0.2553854165291685,0.592803906,124
5-FU,BAF (SWI/SNF) complex,-0.05811571,1,8,24,252,62,190,0,0,0.1,0,0,0,0,0,0.46747899767795215,0.2009614038746857,0.6968873440411281,1.6813418782446345,ARID1A_del x SOX2_amp,ARID1A,del,SOX2,amp,ARID1A_del,SOX2_amp,0.020828506097572367,0.6707500309795194,0.018374335,0.000944767,0.256899114,0.256899114,0.5902373931451378,124
5-FU,PIK3/AKT signaling,-0.083273196,0.7235984719295294,11,33,495,104,391,0,0,0.1,0,0,0,0,0,0.3628986736440749,0.20423022773741414,0.6898799783705324,2.1891325856524184,AKT3_amp x PIK3CB_amp,AKT3,amp,PIK3CB,amp,AKT3_amp,PIK3CB_amp,0.006469451,0.6728228830935508,0.015119627639550923,0.000674128,0.25841375754529955,0.25841375754529955,0.5876843689007921,124
5-FU,NeST:78,0.050511786,1,10,30,405,147,258,0,0,0.1,0,0,0,0,0,0.46105417137560867,0.20791656858756993,0.6821109009550084,1.5504349478782193,ATRX_del x RSF1_mut,ATRX,del,RSF1,mut,ATRX_del,RSF1_mut,0.028155617210375083,0.7257229806356671,0.019202034,0.00093818,0.260420753,0.260420753,0.5843244103903232,124
5-FU,Lymphoid JAK/STAT signaling,-0.014153809,1,16,48,1080,160,914,6,0,0.1,0,0,0,0,0,0.39334824270320967,0.21638709581374352,0.6647686418278725,2.135545557,EPOR_amp x IL6R_amp,EPOR,amp,IL6R,amp,EPOR_amp,IL6R_amp,0.007319045,0.8138406689384454,0.016993712445353866,0.000768495,0.26831999880904195,0.26831999880904195,0.5713469566656375,124
5-FU,NeST:80,-0.053971272,1,7,21,189,30,159,0,0,0.1,0,0,0,0,0,0.5145047388693811,0.21925994658416978,0.6590406960297166,1.5155362946416113,KDR_mut x NOTCH4_mut,KDR,mut,NOTCH4,mut,KDR_mut,NOTCH4_mut,0.030511510292153623,0.6001104209024352,0.029615699296306724,0.001020659,0.2691904294696738,0.2691904294696738,0.5699403846501241,124
5-FU,Contractile fiber,-0.001248796,1,5,15,90,11,79,0,0,0.1,0,0,0,0,0,0.5033322810721665,0.22511498933596533,0.6475955864336671,1.128873211287418,C8orf34_amp x TPM1_amp,C8orf34,amp,TPM1,amp,C8orf34_amp,TPM1_amp,0.074323609,0.4837727060585437,0.0244861,0.001020306,0.2701712563024896,0.2701712563024896,0.5683608577316203,124
5-FU,NeST:49,-0.025129292,1,8,23,231,35,196,0,0,0.1,0,0,0,0,0,0.481786061,0.23721875052519167,0.6248509859326449,1.5155362946416113,KDR_mut x NOTCH4_mut,KDR,mut,NOTCH4,mut,KDR_mut,NOTCH4_mut,0.030511510292153623,0.6462727609718534,0.027647364922364262,0.000936809,0.2701712563024896,0.2701712563024896,0.5683608577316203,124
5-FU,Transcription coactivator activity,0.035308554,1,5,13,66,26,39,1,0,0.1,0,0,0,0,0,0.46088231470408214,0.2325427291943691,0.6334972348242716,1.3907264577290497,E2F1_amp x TP53_mut,E2F1,amp,TP53,mut,E2F1_amp,TP53_mut,0.040669941,0.5888722480847092,0.019968235174314064,0.000899874,0.2701712563024896,0.2701712563024896,0.5683608577316203,124
5-FU,NeST:29,0.058318878,1,14,40,742,133,609,0,0,0.1,0,0,0,0,0,0.42741417322448627,0.22996881769125035,0.6383310475593926,1.953103237,ENG_del x FLT1_del,ENG,del,FLT1,del,ENG_del,FLT1_del,0.011140296844905986,0.7824733329447481,0.021857889,0.000827958,0.2701712563024896,0.2701712563024896,0.5683608577316203,124
5-FU,Nuclear pore,-0.015481375,1,5,15,90,24,66,0,0,0.1,0,0,0,0,0,0.4273809828104394,0.2405028431523119,0.6188797851609946,1.5353769673020117,RANBP2_amp x XPO1_amp,RANBP2,amp,XPO1,amp,RANBP2_amp,XPO1_amp,0.029148957881339775,0.6995749891521545,0.024017273,0.00081812,0.2701712563024896,0.2701712563024896,0.5683608577316203,124
5-FU,NeST:195,-0.011266411,1,6,18,135,40,95,0,0,0.1,0,0,0,0,0,0.4092369267481323,0.2356362102025774,0.6277579707490799,1.3070449552681738,ERBB2_amp x STAT3_amp,ERBB2,amp,STAT3,amp,ERBB2_amp,STAT3_amp,0.049312276,0.5724634865198238,0.012305880671848648,0.000839846,0.2701712563024896,0.2701712563024896,0.5683608577316203,124
5-FU,Protein nuclear transport,0.06384357,1,6,18,135,33,102,0,0,0.1,0,0,0,0,0,0.40865399490501886,0.23888809217152626,0.6218054979398967,1.5353769673020117,RANBP2_amp x XPO1_amp,RANBP2,amp,XPO1,amp,RANBP2_amp,XPO1_amp,0.029148957881339775,0.7823291297195807,0.021769111151849072,0.000801001,0.2701712563024896,0.2701712563024896,0.5683608577316203,124
5-FU,Extended PRC1 complex,0.088130136,0.4338747113881094,8,24,252,71,180,1,0,0.1,0,0,0,0,0,0.4073965538963663,0.24007605289912431,0.619651158,1.5624310455705126,E2F6_amp x TFDP1_amp,E2F6,amp,TFDP1,amp,E2F6_amp,TFDP1_amp,0.027388545,0.7042608390537144,0.017066717,0.000798071,0.2701712563024896,0.2701712563024896,0.5683608577316203,124
5-FU,Histone methyltransferase subcomplex,0.084102772,0.6632940416125357,6,18,135,52,80,3,0,0.1,0,0,0,0,0,0.40441175841077687,0.23705646106110587,0.6251482033277461,1.6475513789677254,EP300_mut x MEN1_mut,EP300,mut,MEN1,mut,EP300_mut,MEN1_mut,0.022513790528391805,0.8663473538328997,0.015030906220574014,0.000795265,0.2701712563024896,0.2701712563024896,0.5683608577316203,124
5-FU,Regulation of mRNA processing,-0.03894984,1,7,21,189,49,140,0,0,0.1,0,0,0,0,0,0.4004541297727772,0.24184685039980924,0.6164595641071979,1.5756819708146117,BCLAF1_amp x RBM10_del,BCLAF1,amp,RBM10,del,BCLAF1_amp,RBM10_del,0.026565502,0.879378851,0.018597559325101792,0.000783586,0.2701712563024896,0.2701712563024896,0.5683608577316203,124
5-FU,Structural constituent of muscle,0.003115648,1,6,18,135,15,120,0,0,0.1,0,0,0,0,0,0.46252767801298106,0.2546363041148213,0.5940796778515024,1.128873211287418,C8orf34_amp x TPM1_amp,C8orf34,amp,TPM1,amp,C8orf34_amp,TPM1_amp,0.074323609,0.5793883887736887,0.021176518258263333,0.000902259,0.2769728220196302,0.2769728220196302,0.557562844,124
5-FU,PcG protein complex,0.028678027,1,9,27,324,92,231,1,0,0.1,0,0,0,0,0,0.39767230012586174,0.25379421397415186,0.5955182832174439,1.5624310455705126,E2F6_amp x TFDP1_amp,E2F6,amp,TFDP1,amp,E2F6_amp,TFDP1_amp,0.027388545,0.8213070066710924,0.016065429413994334,0.000771555,0.2769728220196302,0.2769728220196302,0.557562844,124
5-FU,Cell projection morphogenesis,-0.02944077,1,8,24,252,79,173,0,0,0.1,0,0,0,0,0,0.3962323205002795,0.2520677312315059,0.5984827475209994,1.6308456665797404,EPHA7_del x PTPRD_del,EPHA7,del,PTPRD,del,EPHA7_del,PTPRD_del,0.023396685291999293,0.9073984330263668,0.019389883,0.000767484,0.2769728220196302,0.2769728220196302,0.557562844,124
5-FU,MutS homologs,0.045725,1,5,15,90,17,71,2,0,0.1,0,0,0,0,0,0.41836886974073195,0.2650953499281076,0.5765978902158895,1.1541196774917835,MLH1_amp x PMS2_amp,MLH1,amp,PMS2,amp,MLH1_amp,PMS2_amp,0.070126203,0.664534162,0.018828017088471934,0.000813419,0.2854888717738607,0.2854888717738607,0.5444108156892263,124
5-FU,Chromosome centrometric region,0.095849838,0.1835298849696527,7,21,189,39,148,2,0,0.1,0,0,0,0,0,0.34496671611538726,0.2670702348852245,0.5733745116245429,1.5468103277551257,CHEK1_del x MKI67_mut,CHEK1,del,MKI67,mut,CHEK1_del,MKI67_mut,0.028391587219087636,0.7748265469462429,0.014557312176929467,0.000653628,0.2854888717738607,0.2854888717738607,0.5444108156892263,124
5-FU,Spliceosomal complex,-0.017455772,1,6,18,135,31,101,3,0,0.1,0,0,0,0,0,0.41336261418547277,0.278775504,0.5547453901088121,1.1171232206277741,RBM10_amp x ZRSR2_amp,RBM10,amp,ZRSR2,amp,RBM10_amp,ZRSR2_amp,0.076361909,0.7345614632756042,0.019562998,0.000789733,0.2943118097160543,0.2943118097160543,0.5311923108137039,124
5-FU,PML body,0.085914853,0.5491089468103945,9,27,324,79,245,0,0,0.1,0,0,0,0,0,0.38149243335548205,0.28007091569753556,0.5527319886698135,1.5396482966622183,HDAC1_del x PARP1_amp,HDAC1,del,PARP1,amp,HDAC1_del,PARP1_amp,0.02886368,0.9108514798912596,0.019183182389372326,0.000694237,0.2943118097160543,0.2943118097160543,0.5311923108137039,124
5-FU,RPA complex associated proteins,-0.127286975,0.00290801,6,18,135,43,92,0,0,0.1,0,0,0,0,0,0.4102221014226704,0.29629805807061327,0.5282711948648041,1.2463610831991436,ATR_amp x XPC_del,ATR,amp,XPC,del,ATR_amp,XPC_del,0.056707293,0.7689437587765027,0.024459693,0.000770831,0.30874755630887435,0.30874755630887435,0.5103964710950998,124
5-FU,Actin filament-based process,-0.069120752,1,11,33,495,88,407,0,0,0.1,0,0,0,0,0,0.37050752025823913,0.3071513133237805,0.5126476233753428,1.3725205002276373,CASR_amp x TNF_amp,CASR,amp,TNF,amp,CASR_amp,TNF_amp,0.042411096390822814,0.951052788,0.018046645,0.000695515,0.31738969043457316,0.31738969043457316,0.49840718426073255,124
5-FU,Actin filaments,0.026783171,1,8,24,252,42,210,0,0,0.1,0,0,0,0,0,0.33892893974091604,0.3557345991335661,0.4488738928068263,0.9415205268545512,CBL_del x TNF_amp,CBL,del,TNF,amp,CBL_del,TNF_amp,0.11441408009193355,0.9726744569712189,0.017586886230421962,0.000612664,0.36455446522778673,0.36455446522778673,0.43823757796104135,124
5-FU,Cell-extracellular matrix interactions,0.004602809,1,5,15,90,11,79,0,0,0.1,0,0,0,0,0,0.2688020956670165,0.4113799404207323,0.3857568890559326,0.9810579556865623,CASR_amp x PALLD_del,CASR,amp,PALLD,del,CASR_amp,PALLD_del,0.10445808128034817,0.9110867353952492,0.013293706041962866,0.000445759,0.4181238738702525,0.4181238738702525,0.37869503456844567,124
5-FU,Actin and actin-associated proteins,-0.021175596,1,5,15,90,21,69,0,0,0.1,0,0,0,0,0,0.28882791646665185,0.42646787533497166,0.3701136774863956,0.9377018510335148,CBL_del x TPM1_amp,CBL,del,TPM1,amp,CBL_del,TPM1_amp,0.11542453907731387,0.9511903032332375,0.015711777808008327,0.000482021,0.429935094,0.429935094,0.3665971037635585,124
5-FU,Actin cytoskeleton,-0.026499208,1,5,15,90,17,73,0,0,0.1,0,0,0,0,0,0.2705689575740874,0.48958239184425345,0.3101742102709767,0.5759337728909909,PIK3CA_amp x TPM1_amp,PIK3CA,amp,TPM1,amp,PIK3CA_amp,TPM1_amp,0.2655010403079082,0.8952084834982696,0.018285893323850808,0.000411767,0.48958239184425345,0.48958239184425345,0.3101742102709767,124
Bleomycin-a2,Regulation of beta catenin transcription,-0.002176199,1,7,21,189,33,156,0,0,0.1,1,1,0.005291005,0.005291005,0.030303030303030304,0.6221857592053269,0.000338597,3.4703165442590667,4.988130414377987,CTNNB1_mut x TCF7L2_mut,CTNNB1,mut,TCF7L2,mut,CTNNB1_mut,TCF7L2_mut,1.0277076412496029e-05,0.000339144,0.03881525,0.002184862,0.041986062,0.041986062,1.3768948590968315,124
Bleomycin-a2,EMT,0.030407912,1,14,42,819,113,704,2,0,0.1,2,2,0.002442002,0.002442002,0.017699115044247787,0.530407686,0.001142594,2.9421081747719935,4.988130414377987,CTNNB1_mut x TCF7L2_mut,CTNNB1,mut,TCF7L2,mut,CTNNB1_mut,TCF7L2_mut,1.0277076412496029e-05,0.00116131,0.033620446,0.00175103,0.070840809,0.070840809,1.1497164852737398,124
Bleomycin-a2,MutS homologs,0.049236088,1,5,15,90,17,71,2,0,0.1,2,2,0.022222222222222223,0.022222222222222223,0.11764705882352941,0.7238036862066808,0.028707229564676896,1.5420087177378732,2.5603244837647856,MSH2_mut x MSH6_mut,MSH2,mut,MSH6,mut,MSH2_mut,MSH6_mut,0.002752172,0.046786918,0.041059579,0.002688415,0.22878842172104427,0.22878842172104427,0.6405659576320456,124
Bleomycin-a2,H3 acetylation and H3K4 methylation crosstalk,0.1913732135791532,1.985242122182207e-05,5,13,66,22,43,1,0,0.1,1,1,0.015151515151515152,0.015151515151515152,0.045454545454545456,0.5155916861900219,0.042203548,1.3746510374381988,2.550816393232775,CTNNB1_del x TP53_mut,CTNNB1,del,TP53,mut,CTNNB1_del,TP53_mut,0.00281309,0.061887977,0.025599285704740724,0.001799011,0.22878842172104427,0.22878842172104427,0.6405659576320456,124
Bleomycin-a2,Beta-catenin destruction complex,-0.003956487,1,5,15,90,7,83,0,0,0.1,1,1,0.011111111111111112,0.011111111111111112,0.14285714285714285,0.6140398331207605,0.055401363,1.2564795465895955,2.0399411178469906,CTNNB1_del x GSK3B_amp,CTNNB1,del,GSK3B,amp,CTNNB1_del,GSK3B_amp,0.009121345,0.063849415,0.047024975,0.00211423,0.22878842172104427,0.22878842172104427,0.6405659576320456,124
Bleomycin-a2,Neg Regulation EGFR,-0.037265719,1,6,18,135,27,108,0,0,0.1,1,1,0.007407407,0.007407407,0.037037037037037035,0.4205886439763913,0.034049903,1.4678841204322117,2.8553860311350303,CTNNB1_del x EGF_del,CTNNB1,del,EGF,del,CTNNB1_del,EGF_del,0.001395128,0.037668449,0.026046838250685274,0.001324853,0.22878842172104427,0.22878842172104427,0.6405659576320456,124
Bleomycin-a2,RAS-RAF-MAPK,-0.06433651,1,7,21,189,42,146,1,0,0.1,1,1,0.005291005,0.005291005,0.023809523809523808,0.4837975387344338,0.05356185,1.271144432172891,2.7804217425758497,BRAF_amp x KRAS_mut,BRAF,amp,KRAS,mut,BRAF_amp,KRAS_mut,0.001657976,0.069634995,0.036356522,0.001544358,0.22878842172104427,0.22878842172104427,0.6405659576320456,124
Bleomycin-a2,PML body,-0.041128153,1,9,27,324,50,273,1,0,0.1,1,1,0.00308642,0.00308642,0.02,0.5600518690986812,0.04255909,1.3710076655670207,2.929341398043272,PARP1_amp x RB1_mut,PARP1,amp,RB1,mut,PARP1_amp,RB1_mut,0.001176681,0.058834031176127656,0.038578544981244536,0.001789208,0.22878842172104427,0.22878842172104427,0.6405659576320456,124
Bleomycin-a2,Resolution of D-loop structures,0.1058035328343629,0.4836549644696881,9,27,324,53,268,3,0,0.1,1,1,0.00308642,0.00308642,0.018867924528301886,0.49287098660791434,0.050771558921856745,1.294379501539929,2.921367808428603,FANCD2_del x TP53_mut,FANCD2,del,TP53,mut,FANCD2_del,TP53_mut,0.001198484,0.063519645,0.040415517672567174,0.001516215,0.22878842172104427,0.22878842172104427,0.6405659576320456,124
Bleomycin-a2,Regulation of adherens junction stability,-0.0137229,1,10,30,405,69,334,2,0,0.1,1,1,0.002469136,0.002469136,0.014492753623188406,0.484568201,0.068267617,1.1657852555573542,2.8553860311350303,CTNNB1_del x EGF_del,CTNNB1,del,EGF,del,CTNNB1_del,EGF_del,0.001395128,0.096263813,0.035174947,0.001500452,0.22878842172104427,0.22878842172104427,0.6405659576320456,124
Bleomycin-a2,EGFR/PI3K signaling,-0.053204802,1,11,33,495,56,439,0,0,0.1,1,1,0.002020202,0.002020202,0.017857142857142856,0.43948797241451654,0.059538682,1.2252007822352848,2.8553860311350303,CTNNB1_del x EGF_del,CTNNB1,del,EGF,del,CTNNB1_del,EGF_del,0.001395128,0.078127153,0.030663398,0.001362246,0.22878842172104427,0.22878842172104427,0.6405659576320456,124
Bleomycin-a2,Ribosome biogenesis,0.016373155,1,18,52,1276,197,1074,5,0,0.1,1,1,0.000783699,0.000783699,0.005076142,0.42890768817350405,0.012050473118060342,1.9189959017588825,4.167924765459632,NSD2_del x SHQ1_del,NSD2,del,SHQ1,del,NSD2_del,SHQ1_del,6.793213039245386e-05,0.013382629687313411,0.028035003763266703,0.00129891,0.22878842172104427,0.22878842172104427,0.6405659576320456,124
Bleomycin-a2,Nucleolus,-0.013603459,1,34,100,4852,613,4231,8,0,0.1,1,1,0.000206101,0.000206101,0.001631321,0.48846664375101545,0.024478779,1.611210240350204,4.167924765459632,NSD2_del x SHQ1_del,NSD2,del,SHQ1,del,NSD2_del,SHQ1_del,6.793213039245386e-05,0.041642395930574214,0.03396986,0.001541491,0.22878842172104427,0.22878842172104427,0.6405659576320456,124
Bleomycin-a2,Chromatin binding,0.088527172,1,91,266,34984,7059,27817,108,0,0.1,1,1,2.8584495769494626e-05,2.8584495769494626e-05,0.000141663,0.44692174236619125,0.030783620152981205,1.5116803084807038,5.170553110715671,CTNNB1_del x RUNX1_del,CTNNB1,del,RUNX1,del,CTNNB1_del,RUNX1_del,6.752224746779557e-06,0.047663954,0.031001239592930257,0.001351032,0.22878842172104427,0.22878842172104427,0.6405659576320456,124
Bleomycin-a2,Contractile fiber,-0.060079244,1,5,15,90,7,83,0,0,0.1,0,0,0,0,0,0.6938321246202903,0.11821436380467132,0.9273297506789036,1.4355319020522364,C8orf34_amp x CBL_amp,C8orf34,amp,CBL,amp,C8orf34_amp,CBL_amp,0.036683275,0.2453888757452971,0.062462654,0.002333265,0.22878842172104427,0.22878842172104427,0.6405659576320456,124
Bleomycin-a2,TGF-beta/Smad signaling,-0.09315008,1,7,21,189,22,165,2,0,0.1,0,0,0,0,0,0.6310482756913547,0.075924849,1.119616063855381,2.011992968407833,SMAD4_del x TGFBR2_del,SMAD4,del,TGFBR2,del,SMAD4_del,TGFBR2_del,0.00972763,0.13017571092390226,0.042383039100942946,0.002102797,0.22878842172104427,0.22878842172104427,0.6405659576320456,124
Bleomycin-a2,Structural constituent of muscle,0.1434522218850397,0.010848341,6,18,135,9,126,0,0,0.1,0,0,0,0,0,0.6089524369039302,0.1415315978580374,0.84914659,1.4355319020522364,C8orf34_amp x CBL_amp,C8orf34,amp,CBL,amp,C8orf34_amp,CBL_amp,0.036683275,0.3154999831010963,0.045580549,0.001967987,0.22878842172104427,0.22878842172104427,0.6405659576320456,124
Bleomycin-a2,Spliceosomal complex,-0.101002628,0.7349690661219921,6,18,135,23,112,0,0,0.1,0,0,0,0,0,0.5866161396919825,0.10033757155817898,0.9985364142873903,1.680950446234792,PRPF40B_amp x ZRSR2_del,PRPF40B,amp,ZRSR2,del,PRPF40B_amp,ZRSR2_del,0.020847287,0.16353844072589582,0.038247345,0.001974198,0.22878842172104427,0.22878842172104427,0.6405659576320456,124
Bleomycin-a2,Beta-catenin,-0.061007719,1,5,14,78,20,58,0,0,0.1,0,0,0,0,0,0.5862154650597073,0.14391529753420526,0.8418930401038003,1.531343512293165,DAXX_mut x MYC_amp,DAXX,mut,MYC,amp,DAXX_mut,MYC_amp,0.029420936163691475,0.3420508438838998,0.049839328,0.001867565,0.22878842172104427,0.22878842172104427,0.6405659576320456,124
Bleomycin-a2,NeST:163,0.008769767,1,7,21,189,31,158,0,0,0.1,0,0,0,0,0,0.5807043253146986,0.094058798,1.0266005764319273,1.985227337522556,ANKRD11_mut x TBL1XR1_amp,ANKRD11,mut,TBL1XR1,amp,ANKRD11_mut,TBL1XR1_amp,0.010346004,0.24391988461852815,0.034741089,0.001986823,0.22878842172104427,0.22878842172104427,0.6405659576320456,124
Bleomycin-a2,Extended mismatch repair complex,-0.020249042,1,10,30,405,50,352,3,0,0.1,0,0,0,0,0,0.5742328168309909,0.066514462,1.1770839176636942,2.5603244837647856,MSH2_mut x MSH6_mut,MSH2,mut,MSH6,mut,MSH2_mut,MSH6_mut,0.002752172,0.1376085822924732,0.042491364,0.001896981,0.22878842172104427,0.22878842172104427,0.6405659576320456,124
Bleomycin-a2,Homologous recombination,-0.14409022,0.010165775,12,36,594,103,488,3,0,0.1,0,0,0,0,0,0.5617779117987489,0.051463725,1.2884987812286126,2.921367808428603,FANCD2_del x TP53_mut,FANCD2,del,TP53,mut,FANCD2_del,TP53_mut,0.001198484,0.12344383809521377,0.041109996,0.001819189,0.22878842172104427,0.22878842172104427,0.6405659576320456,124
Bleomycin-a2,SMAD-TGFbeta signaling,-0.039042756,1,6,18,135,16,117,2,0,0.1,0,0,0,0,0,0.55281932,0.078913913,1.1028464233636688,2.1215492203425894,CREBBP_mut x SMAD4_del,CREBBP,mut,SMAD4,del,CREBBP_mut,SMAD4_del,0.007558764,0.12094022223505715,0.035793649,0.001822422,0.22878842172104427,0.22878842172104427,0.6405659576320456,124
Bleomycin-a2,MAPK signaling,-0.047662405,1,6,18,135,17,118,0,0,0.1,0,0,0,0,0,0.5486415744658077,0.12470763878614084,0.9041069436260001,1.7404411385820546,ERBB4_mut x KRAS_amp,ERBB4,mut,KRAS,amp,ERBB4_mut,KRAS_amp,0.018178534192972613,0.3090350812805344,0.034480283,0.001760262,0.22878842172104427,0.22878842172104427,0.6405659576320456,124
Bleomycin-a2,Apoptosis Regulation,-0.034388595,1,13,37,631,109,515,7,0,0.1,0,0,0,0,0,0.5459474449466727,0.091550095,1.0383411998019516,2.229557392,MS4A1_mut x TP53_mut,MS4A1,mut,TP53,mut,MS4A1_mut,TP53_mut,0.005894441,0.24431722570895578,0.034914202,0.00179437,0.22878842172104427,0.22878842172104427,0.6405659576320456,124
Bleomycin-a2,HDACs deacetylate histones,0.01869961,1,16,48,1080,208,872,0,0,0.1,0,0,0,0,0,0.5421923159820858,0.12203284497628264,0.913523264,2.1289127238992025,NCOA3_amp x TBL1XR1_amp,NCOA3,amp,TBL1XR1,amp,NCOA3_amp,TBL1XR1_amp,0.007431685,0.43931173965215975,0.037390717,0.001743447,0.22878842172104427,0.22878842172104427,0.6405659576320456,124
Bleomycin-a2,Positive regulators of transcription,-0.042899105,1,15,43,862,204,654,4,0,0.1,0,0,0,0,0,0.5301453988283741,0.12221139912142062,0.9128882839081548,2.4022139143555625,KAT6A_del x TP53_mut,KAT6A,del,TP53,mut,KAT6A_del,TP53_mut,0.003960829,0.5456972419642346,0.035235854,0.001683247,0.22878842172104427,0.22878842172104427,0.6405659576320456,124
Bleomycin-a2,Regulation of mRNA processing,0.08000005,1,7,21,189,35,154,0,0,0.1,0,0,0,0,0,0.5301165809045726,0.085253434,1.069288118756893,2.0817896397365443,RBM10_del x U2AF1_del,RBM10,del,U2AF1,del,RBM10_del,U2AF1_del,0.008283433,0.1755546420936298,0.037187549,0.001746819,0.22878842172104427,0.22878842172104427,0.6405659576320456,124
Bleomycin-a2,mTOR regulation of mRNA translation,-0.114104031,0.2296872248586765,5,14,78,20,58,0,0,0.1,0,0,0,0,0,0.5176009437619824,0.088373566,1.0536776218025161,2.072126816042492,MTOR_del x RPTOR_amp,MTOR,del,RPTOR,amp,MTOR_del,RPTOR_amp,0.008469801,0.1693960111691574,0.028516751654860922,0.001723565,0.22878842172104427,0.22878842172104427,0.6405659576320456,124
Bleomycin-a2,Nuclear receptor signaling,0.051961627,1,17,51,1224,220,1004,0,0,0.1,0,0,0,0,0,0.516261564,0.12527377539182397,0.9021398339909763,2.1289127238992025,NCOA3_amp x TBL1XR1_amp,NCOA3,amp,TBL1XR1,amp,NCOA3_amp,TBL1XR1_amp,0.007431685,0.49158773795021926,0.034003132,0.001647363,0.22878842172104427,0.22878842172104427,0.6405659576320456,124
Bleomycin-a2,BAF (SWI/SNF) complex,-0.110686948,0.3147068695565016,8,24,252,41,211,0,0,0.1,0,0,0,0,0,0.5155336681330243,0.081532917,1.088667021095181,2.477242437827146,PBRM1_del x SOX2_amp,PBRM1,del,SOX2,amp,PBRM1_del,SOX2_amp,0.003332403,0.1366285372829879,0.038921547338117646,0.001652194,0.22878842172104427,0.22878842172104427,0.6405659576320456,124
Bleomycin-a2,Cell projection morphogenesis,0.1130834659106018,0.2509185926062722,8,24,252,59,191,2,0,0.1,0,0,0,0,0,0.513831783,0.072158864,1.1417103105135922,2.482608199034394,EPHA3_del x SLIT2_del,EPHA3,del,SLIT2,del,EPHA3_del,SLIT2_del,0.003291484,0.15846785047843903,0.030677972,0.001696476,0.22878842172104427,0.22878842172104427,0.6405659576320456,124
Bleomycin-a2,RPA complex associated proteins,-0.007194122,1,6,18,135,25,110,0,0,0.1,0,0,0,0,0,0.5095924067723349,0.11601550072689616,0.9354839812005278,2.0390729979320494,ATM_del x ATR_amp,ATM,del,ATR,amp,ATM_del,ATR_amp,0.009139596,0.22848990165446792,0.03469214,0.001615249,0.22878842172104427,0.22878842172104427,0.6405659576320456,124
Bleomycin-a2,Extended PRC1 complex,0.174526134,0.000220093,8,24,252,59,193,0,0,0.1,0,0,0,0,0,0.5072879003774906,0.14095375932693172,0.8509233367262565,1.8037344838588583,BCORL1_mut x EZH2_amp,BCORL1,mut,EZH2,amp,BCORL1_mut,EZH2_amp,0.015713231760939347,0.3480738265850673,0.034502894,0.001562257,0.22878842172104427,0.22878842172104427,0.6405659576320456,124
Bleomycin-a2,Regulation of androgen receptor signaling pathway,-0.064058626,1,5,15,90,26,64,0,0,0.1,0,0,0,0,0,0.5018398116643024,0.13402829418291148,0.8728035097666789,1.9518516350768422,CREBBP_mut x NCOR1_del,CREBBP,mut,NCOR1,del,CREBBP_mut,NCOR1_del,0.011172449,0.2904836633342205,0.036392578,0.001558974,0.22878842172104427,0.22878842172104427,0.6405659576320456,124
Bleomycin-a2,CDK holoenzyme complex II,-0.210539832,1.0109553221226977e-06,17,49,1129,215,904,10,0,0.1,0,0,0,0,0,0.4971960407971368,0.064889606,1.1878248654087444,3.0015275711015286,CDKN2B_del x TP53_mut,CDKN2B,del,TP53,mut,CDKN2B_del,TP53_mut,0.000996489,0.16886090783944574,0.032717256073322494,0.001567513,0.22878842172104427,0.22878842172104427,0.6405659576320456,124
Bleomycin-a2,Checkpoint-regulated DNA repair,-0.094874422,1,41,120,7023,1278,5727,18,0,0.1,0,0,0,0,0,0.49284537333226436,0.067150961,1.1729477646964424,3.7338605719019697,CDKN2C_amp x RAD51C_amp,CDKN2C,amp,RAD51C,amp,CDKN2C_amp,RAD51C_amp,0.000184561,0.23586868289242058,0.033771811,0.00154208,0.22878842172104427,0.22878842172104427,0.6405659576320456,124
Bleomycin-a2,Mismatch and excision repair,-0.122523184,0.1020797701811968,32,96,4464,776,3672,16,0,0.1,0,0,0,0,0,0.4887479006621842,0.10687249362000223,0.9711340572440409,2.921367808428603,FANCD2_del x TP53_mut,FANCD2,del,TP53,mut,FANCD2_del,TP53_mut,0.001198484,0.6199876160968625,0.034325573798289766,0.001516312,0.22878842172104427,0.22878842172104427,0.6405659576320456,124
Bleomycin-a2,Integrator-PP2A complex,0.056913765,1,12,35,561,107,450,4,0,0.1,0,0,0,0,0,0.48801095546424933,0.12111408169246335,0.9168053593689665,2.119525959961054,MYC_amp x PPP2CB_amp,MYC,amp,PPP2CB,amp,MYC_amp,PPP2CB_amp,0.00759406,0.33271804507593833,0.030992933759650433,0.001521231,0.22878842172104427,0.22878842172104427,0.6405659576320456,124
Bleomycin-a2,Ubiquitin/Proteasome System,-0.017253812,1,21,59,1655,204,1442,9,0,0.1,0,0,0,0,0,0.48686300859711334,0.070738487,1.1503442309148155,2.921367808428603,TP53_mut x VHL_del,TP53,mut,VHL,del,TP53_mut,VHL_del,0.001198484,0.15993960925214773,0.032675222,0.001516973,0.22878842172104427,0.22878842172104427,0.6405659576320456,124
Bleomycin-a2,Regulation of immune responses,0.036850667,1,57,168,13863,1453,12205,205,0,0.1,0,0,0,0,0,0.4866589157927129,0.077830312,1.1088512309731517,3.289001816538296,HLA-DQA1_amp x KLHL6_amp,HLA-DQA1,amp,KLHL6,amp,HLA-DQA1_amp,KLHL6_amp,0.000514042,0.3681530840182512,0.033744690980195724,0.0015438,0.22878842172104427,0.22878842172104427,0.6405659576320456,124
Bleomycin-a2,Actin filament-based process,-0.051710453,1,11,33,495,61,434,0,0,0.1,0,0,0,0,0,0.48598190775039096,0.1171665203835124,0.9311964675829351,2.077176766841997,PIK3CA_amp x TPM1_amp,PIK3CA,amp,TPM1,amp,PIK3CA_amp,TPM1_amp,0.008371885,0.3350841466655264,0.031966344,0.001542178,0.22878842172104427,0.22878842172104427,0.6405659576320456,124
Bleomycin-a2,MDM2-p53 pathway,0.012519098,1,8,24,252,65,184,3,0,0.1,0,0,0,0,0,0.48047375841600676,0.1004997832365757,0.9978348749525527,2.249421248883491,ATM_del x TP53_mut,ATM,del,TP53,mut,ATM_del,TP53_mut,0.005630912,0.2970368721508083,0.028397428507534326,0.001543466,0.22878842172104427,0.22878842172104427,0.6405659576320456,124
Bleomycin-a2,G1 to S cell cycle control,-0.059935009,1,13,38,666,134,523,9,0,0.1,0,0,0,0,0,0.4800848396970949,0.058426943,1.2333868334037277,3.0015275711015286,CDKN2B_del x TP53_mut,CDKN2B,del,TP53,mut,CDKN2B_del,TP53_mut,0.000996489,0.12287491512684458,0.033062738865178326,0.001471149,0.22878842172104427,0.22878842172104427,0.6405659576320456,124
Bleomycin-a2,Mitosis,-0.116178058,0.1889675579193079,29,86,3570,721,2833,16,0,0.1,0,0,0,0,0,0.47998669602465194,0.069872247,1.1556952878856068,3.1665529177764853,CDKN2A_del x TP63_amp,CDKN2A,del,TP63,amp,CDKN2A_del,TP63_amp,0.000681471,0.2120966823899402,0.029557613540064448,0.001511266,0.22878842172104427,0.22878842172104427,0.6405659576320456,124
Bleomycin-a2,Actin cytoskeleton,-0.086351447,1,5,15,90,13,77,0,0,0.1,0,0,0,0,0,0.4789807457461656,0.076964838,1.113707638093878,2.077176766841997,PIK3CA_amp x TPM1_amp,PIK3CA,amp,TPM1,amp,PIK3CA_amp,TPM1_amp,0.008371885,0.1088344997664222,0.026931184,0.001569167,0.22878842172104427,0.22878842172104427,0.6405659576320456,124
Bleomycin-a2,Histone methyltransferase complex,0.077908816,1,11,31,435,128,306,1,0,0.1,0,0,0,0,0,0.4788402301046956,0.10400508990719982,0.982945406,2.4045654671354004,CTNNB1_del x MEN1_amp,CTNNB1,del,MEN1,amp,CTNNB1_del,MEN1_amp,0.00393944,0.2846142803516953,0.030811682389853164,0.001469967,0.22878842172104427,0.22878842172104427,0.6405659576320456,124
Bleomycin-a2,Foxo signaling,0.063649854,1,10,30,405,76,329,0,0,0.1,0,0,0,0,0,0.47544609953643635,0.13751062687058022,0.8616637381034169,2.1215492203425894,CREBBP_mut x SMAD4_del,CREBBP,mut,SMAD4,del,CREBBP_mut,SMAD4_del,0.007558764,0.4576443799383288,0.036168038,0.001495768,0.22878842172104427,0.22878842172104427,0.6405659576320456,124
Bleomycin-a2,Wnt/beta-catenin,-0.121482639,0.1131474224994382,8,24,252,26,226,0,0,0.1,0,0,0,0,0,0.4754370617771596,0.066231587,1.1789348379998517,2.3226048103969266,CTNNB1_del x PPP1CA_amp,CTNNB1,del,PPP1CA,amp,CTNNB1_del,PPP1CA_amp,0.00475768,0.11857748490033007,0.026556909,0.001559231,0.22878842172104427,0.22878842172104427,0.6405659576320456,124
Bleomycin-a2,G1/S phase,0.1288036958364874,0.053564609,19,56,1485,313,1165,7,0,0.1,0,0,0,0,0,0.47435284448082277,0.10333176016911626,0.9857661727086738,2.765371866622291,CDKN2A_mut x CTNNB1_del,CDKN2A,mut,CTNNB1,del,CDKN2A_mut,CTNNB1_del,0.001716438,0.2870137942888235,0.032479889,0.001446805,0.22878842172104427,0.22878842172104427,0.6405659576320456,124
Bleomycin-a2,CDK holoenzyme complex I,-0.255260185,3.322704333896809e-10,15,44,903,186,708,9,0,0.1,0,0,0,0,0,0.47410033354979403,0.070186218,1.1537481587421734,3.0015275711015286,CDKN2B_del x TP53_mut,CDKN2B,del,TP53,mut,CDKN2B_del,TP53_mut,0.000996489,0.17055771801188874,0.032240128802049475,0.001458389,0.22878842172104427,0.22878842172104427,0.6405659576320456,124
Bleomycin-a2,Mediator/CCR-NOT complex,0.005512981,1,9,27,324,40,283,1,0,0.1,0,0,0,0,0,0.4732060714753999,0.1403485557597174,0.8527920520627623,1.9999754347956933,BTG1_amp x MED12_del,BTG1,amp,MED12,del,BTG1_amp,MED12_del,0.010000565650729864,0.3736008942002495,0.038518057,0.001435347,0.22878842172104427,0.22878842172104427,0.6405659576320456,124
Bleomycin-a2,Actin filaments,-0.084730191,1,8,24,252,26,226,0,0,0.1,0,0,0,0,0,0.46909820724303775,0.097872606,1.0093388487413686,2.077176766841997,PIK3CA_amp x TPM1_amp,PIK3CA,amp,TPM1,amp,PIK3CA_amp,TPM1_amp,0.008371885,0.2176689995328444,0.029215391,0.001538507,0.22878842172104427,0.22878842172104427,0.6405659576320456,124
Bleomycin-a2,Cyclin D associated events in G1,0.039076517,1,27,79,3004,541,2445,18,0,0.1,0,0,0,0,0,0.4662785090192239,0.10548744245707509,0.9767992370127001,3.0015275711015286,CDKN2B_del x TP53_mut,CDKN2B,del,TP53,mut,CDKN2B_del,TP53_mut,0.000996489,0.4249011680983263,0.030718921,0.001425865,0.22878842172104427,0.22878842172104427,0.6405659576320456,124
Bleomycin-a2,Histone methyltransferase subcomplex,0.092377251,1,6,18,135,44,90,1,0,0.1,0,0,0,0,0,0.4626413372584219,0.11790774848320154,0.928457654,2.3519232872224434,KMT2A_mut x KMT2D_mut,KMT2A,mut,KMT2D,mut,KMT2A_mut,KMT2D_mut,0.004447098,0.1956723177417905,0.031489026401632834,0.001373897,0.22878842172104427,0.22878842172104427,0.6405659576320456,124
Bleomycin-a2,Metabolism,0.1186995629311474,0.1474473096256723,18,53,1326,231,1089,6,0,0.1,0,0,0,0,0,0.4607877749764439,0.074864497,1.1257240886069018,3.0214125939093393,GPC3_del x HGF_mut,GPC3,del,HGF,mut,GPC3_del,HGF_mut,0.000951891,0.21988691489306827,0.028389813747209346,0.001428637,0.22878842172104427,0.22878842172104427,0.6405659576320456,124
Bleomycin-a2,Cell motility,0.1762216733149587,0.000174387,80,236,27498,3650,23800,48,0,0.1,0,0,0,0,0,0.4591571876743141,0.046500893,1.332538702841066,4.359210150497308,CBR3_del x FOXP1_del,CBR3,del,FOXP1,del,CBR3_del,FOXP1_del,4.373104440626666e-05,0.1596183120828733,0.032145661071664264,0.001415067,0.22878842172104427,0.22878842172104427,0.6405659576320456,124
Bleomycin-a2,RNA processing 1,0.046866735,1,30,89,3828,577,3229,22,0,0.1,0,0,0,0,0,0.4571661232693094,0.1127566699470873,0.9478577586691826,3.1084027650569057,TP53_mut x XPC_del,TP53,mut,XPC,del,TP53_mut,XPC_del,0.000779107,0.44954487211037636,0.033770943,0.001374021,0.22878842172104427,0.22878842172104427,0.6405659576320456,124
Bleomycin-a2,Lymphocyte activation,0.029168455,1,39,115,6442,714,5591,137,0,0.1,0,0,0,0,0,0.45638191114205273,0.1263171231580106,0.8985377738391268,3.085071125968817,BTK_del x CTLA4_amp,BTK,del,CTLA4,amp,BTK_del,CTLA4_amp,0.000822108,0.5869851115275504,0.034783685307325035,0.001376811,0.22878842172104427,0.22878842172104427,0.6405659576320456,124
Bleomycin-a2,INSR-FOXO,-0.108159836,0.3951569919773661,25,75,2700,348,2348,4,0,0.1,0,0,0,0,0,0.45574389380504415,0.11128796356451628,0.9535518045798165,2.4804618745857017,IRS2_mut x PIK3CB_mut,IRS2,mut,PIK3CB,mut,IRS2_mut,PIK3CB_mut,0.003307791,0.3773149120869596,0.0325892,0.001396231,0.22878842172104427,0.22878842172104427,0.6405659576320456,124
Bleomycin-a2,Homologous recombination (HR) and Fanconi Anemia repair,-0.178399164,0.000130199,29,86,3570,641,2917,12,0,0.1,0,0,0,0,0,0.45570820127537276,0.0919543,1.0364279558065506,3.0821797520101475,MDM2_amp x POLH_amp,MDM2,amp,POLH,amp,MDM2_amp,POLH_amp,0.0008276,0.352932848,0.033021012,0.001380917,0.22878842172104427,0.22878842172104427,0.6405659576320456,124
Bleomycin-a2,Histone deacetylase binding,-0.289441668,2.617905892066119e-13,16,48,1080,197,878,5,0,0.1,0,0,0,0,0,0.45106923226943607,0.069178999,1.1600257245632737,2.931071872373615,BCL11B_del x IRF2_del,BCL11B,del,IRF2,del,BCL11B_del,IRF2_del,0.001172001,0.14800615534017625,0.029930478415402396,0.001405934,0.22878842172104427,0.22878842172104427,0.6405659576320456,124
Bleomycin-a2,Epigenetic modification,0.2101471021974918,1.0654543343147085e-06,30,87,3656,707,2933,16,0,0.1,0,0,0,0,0,0.45005796498285733,0.091002317,1.0409475492339197,2.931071872373615,BCL11B_del x IRF2_del,BCL11B,del,IRF2,del,BCL11B_del,IRF2_del,0.001172001,0.3187015791639734,0.029539373300233755,0.001380848,0.22878842172104427,0.22878842172104427,0.6405659576320456,124
Bleomycin-a2,Locomotion,0.081473392,1,33,98,4656,679,3974,3,0,0.1,0,0,0,0,0,0.4492948798210132,0.099373204,1.0027307079799113,2.9888809068342748,PIK3CA_mut x PREX2_amp,PIK3CA,mut,PREX2,amp,PIK3CA_mut,PREX2_amp,0.001025933,0.4235728998472251,0.030953624,0.00137642,0.22878842172104427,0.22878842172104427,0.6405659576320456,124
Bleomycin-a2,Transmembrane tyrosine kinase signaling,0.000495412,1,53,159,12402,1647,10720,35,0,0.1,0,0,0,0,0,0.44887433469270815,0.1062876348722377,0.9735172568230127,3.001896993514445,SRC_mut x TP53_mut,SRC,mut,TP53,mut,SRC_mut,TP53_mut,0.000995642,0.39009808340446606,0.031914364,0.001373007,0.22878842172104427,0.22878842172104427,0.6405659576320456,124
Bleomycin-a2,Protein Transport,-0.052543083,1,15,45,945,213,732,0,0,0.1,0,0,0,0,0,0.4465259757164705,0.093112514,1.0309919463894492,2.805367189505624,CFTR_del x RINT1_del,CFTR,del,RINT1,del,CFTR_del,RINT1_del,0.001565427,0.3334359436058227,0.026339596,0.001386696,0.22878842172104427,0.22878842172104427,0.6405659576320456,124
Bleomycin-a2,Polybromo- and BAF containing complex,0.053426753,1,12,35,561,97,464,0,0,0.1,0,0,0,0,0,0.4451861961014142,0.13648178460192115,0.8649253074126337,2.477242437827146,PBRM1_del x SOX2_amp,PBRM1,del,SOX2,amp,PBRM1_del,SOX2_amp,0.003332403,0.3232431247914592,0.034839110264316527,0.001342388,0.22878842172104427,0.22878842172104427,0.6405659576320456,124
Bleomycin-a2,NeST:78,0.046343333,1,10,30,405,116,289,0,0,0.1,0,0,0,0,0,0.4437547140629735,0.1251374413832332,0.902612729,2.4097662677991867,ATRX_mut x SPEN_mut,ATRX,mut,SPEN,mut,ATRX_mut,SPEN_mut,0.003892546,0.3064296620881975,0.033188925,0.001341904,0.22878842172104427,0.22878842172104427,0.6405659576320456,124
Bleomycin-a2,mTOR regulation of autophagy/ribosome biogenesis,-0.10091644,0.7403211275805586,8,23,231,46,185,0,0,0.1,0,0,0,0,0,0.4423061592127683,0.1396690075078956,0.8548999529521057,2.072126816042492,MTOR_del x RPTOR_amp,MTOR,del,RPTOR,amp,MTOR_del,RPTOR_amp,0.008469801,0.389610826,0.027193743041826958,0.001363823,0.22878842172104427,0.22878842172104427,0.6405659576320456,124
Bleomycin-a2,Immune system,0.1370346311023267,0.022252629,99,289,41333,4549,36515,269,0,0.1,0,0,0,0,0,0.44076598649579235,0.080515066,1.0941228484893954,4.027562664544152,FOXP1_del x PHOX2B_del,FOXP1,del,PHOX2B,del,FOXP1_del,PHOX2B_del,9.385066093654267e-05,0.4269266566003326,0.030696505237534026,0.001335525,0.22878842172104427,0.22878842172104427,0.6405659576320456,124
Bleomycin-a2,Regulation of beta catenin transcriptional activity,-0.043944705,1,10,30,405,104,299,2,0,0.1,0,0,0,0,0,0.4382525197522007,0.098957903,1.0045495153205852,2.550816393232775,CTNNB1_del x TP53_mut,CTNNB1,del,TP53,mut,CTNNB1_del,TP53_mut,0.00281309,0.20596310446004834,0.029315156502364922,0.001346047,0.22878842172104427,0.22878842172104427,0.6405659576320456,124
Bleomycin-a2,RTK-JAK-STAT signaling,-0.079446718,1,21,63,1890,223,1664,3,0,0.1,0,0,0,0,0,0.4379627748638549,0.1426135629665131,0.8458391698459162,2.6385870872101744,PLCG2_mut x STAT3_mut,PLCG2,mut,STAT3,mut,PLCG2_mut,STAT3_mut,0.002298333,0.5125282117761082,0.034421566814346244,0.001324493,0.22878842172104427,0.22878842172104427,0.6405659576320456,124
Bleomycin-a2,PIK3/AKT signaling,-0.060072849,1,11,33,495,66,427,2,0,0.1,0,0,0,0,0,0.43651415952141104,0.093451951,1.0294116259865285,2.4198018114510735,AKT2_amp x AKT3_amp,AKT2,amp,AKT3,amp,AKT2_amp,AKT3_amp,0.003803629,0.20197040170871058,0.033089765,0.00133853,0.22878842172104427,0.22878842172104427,0.6405659576320456,124
Bleomycin-a2,MAPK and MAP2K activation,-0.035938426,1,14,41,780,133,640,7,0,0.1,0,0,0,0,0,0.4330434325309786,0.10898394942648937,0.962637458,2.7804217425758497,BRAF_amp x KRAS_mut,BRAF,amp,KRAS,mut,BRAF_amp,KRAS_mut,0.001657976,0.22051081703069694,0.03133918,0.00129551,0.22878842172104427,0.22878842172104427,0.6405659576320456,124
Bleomycin-a2,Actin and actin-associated proteins,-0.035130285,1,5,15,90,13,77,0,0,0.1,0,0,0,0,0,0.4251092655733149,0.088727871,1.0519399394907547,2.077176766841997,PIK3CA_amp x TPM1_amp,PIK3CA,amp,TPM1,amp,PIK3CA_amp,TPM1_amp,0.008371885,0.1088344997664222,0.027840931001340476,0.001327355,0.22878842172104427,0.22878842172104427,0.6405659576320456,124
Bleomycin-a2,EGFR-MAPK signaling,0.051136322,1,23,68,2211,347,1855,9,0,0.1,0,0,0,0,0,0.41027596542507483,0.12041107419315458,0.9193335692259601,2.7828823185422094,CBL_amp x KRAS_amp,CBL,amp,KRAS,amp,CBL_amp,KRAS_amp,0.001648609,0.28765884778064604,0.026127476316914828,0.00122192,0.22878842172104427,0.22878842172104427,0.6405659576320456,124
Bleomycin-a2,Lymphoid JAK/STAT signaling,0.1377870665107343,0.020486147,16,48,1080,94,980,6,0,0.1,0,0,0,0,0,0.37898886103207835,0.10770159577338868,0.9677778618789652,2.7100175329021203,IRS2_mut x JAK2_mut,IRS2,mut,JAK2,mut,IRS2_mut,JAK2_mut,0.001949766,0.183277993,0.025775295072978377,0.001092502,0.22878842172104427,0.22878842172104427,0.6405659576320456,124
Bleomycin-a2,Epithelial differentiation,-0.169491455,0.000438028,8,24,252,48,203,1,0,0.1,0,0,0,0,0,0.36345304306625614,0.12811466319361936,0.8924011608124306,2.034499735367875,EPCAM_amp x FLG_mut,EPCAM,amp,FLG,mut,EPCAM_amp,FLG_mut,0.009236348,0.2796174008889047,0.019758517802574007,0.001113658,0.22878842172104427,0.22878842172104427,0.6405659576320456,124
Bleomycin-a2,Transcription coactivator activity,0.081231225,1,5,13,66,21,42,3,0,0.1,0,0,0,0,0,0.5348049276138896,0.15325978295702034,0.8145717938167536,1.576982193,MED1_amp x TP53_del,MED1,amp,TP53,del,MED1_amp,TP53_del,0.026486087327936177,0.3396592716342208,0.04034041,0.001664598,0.23467038508829458,0.23467038508829458,0.6295417139985725,124
Bleomycin-a2,PcG protein complex,0.1175084358028312,0.1653535106766195,9,27,324,76,248,0,0,0.1,0,0,0,0,0,0.506575581,0.15063087263366898,0.8220860079470886,1.8037344838588583,BCORL1_mut x EZH2_amp,BCORL1,mut,EZH2,amp,BCORL1_mut,EZH2_amp,0.015713231760939347,0.4483662850926291,0.035076626143270465,0.001555931,0.23467038508829458,0.23467038508829458,0.6295417139985725,124
Bleomycin-a2,TNFR/Traf signaling,-0.07948558,1,12,36,594,93,496,5,0,0.1,0,0,0,0,0,0.49593228766686404,0.16916812275103138,0.77168147,1.820963472171404,TNFAIP3_del x TP53_mut,TNFAIP3,del,TP53,mut,TNFAIP3_del,TP53_mut,0.015102071699820082,0.6049087791949013,0.035608440558931045,0.001516599,0.23467038508829458,0.23467038508829458,0.6295417139985725,124
Bleomycin-a2,Fas,-0.096401548,1,7,21,189,34,154,1,0,0.1,0,0,0,0,0,0.4930695526985937,0.16382064533327148,0.7856313675980802,1.6483315663076703,PARP1_amp x TP53_mut,PARP1,amp,TP53,mut,PARP1_amp,TP53_mut,0.022473381987091114,0.43365137496872275,0.030153674573372573,0.001515943,0.23467038508829458,0.23467038508829458,0.6295417139985725,124
Bleomycin-a2,Mediator complex,-0.02143479,1,6,18,135,20,114,1,0,0.1,0,0,0,0,0,0.47517946931001454,0.16664949307660548,0.778196003,1.7286220886365216,CDK8_mut x MED12_del,CDK8,mut,MED12,del,CDK8_mut,MED12_del,0.018680044710012476,0.3736008942002495,0.040097757,0.001440428,0.23467038508829458,0.23467038508829458,0.6295417139985725,124
Bleomycin-a2,Oncogene induced senescence,0.1282592634246647,0.056672689,7,21,189,41,144,4,0,0.1,0,0,0,0,0,0.47330570977012093,0.16741189987244112,0.7762136749851956,1.7080553749763503,E2F4_del x TP53_del,E2F4,del,TP53,del,E2F4_del,TP53_del,0.019585949,0.4750547173757637,0.030539053547509538,0.001437657,0.23467038508829458,0.23467038508829458,0.6295417139985725,124
Bleomycin-a2,RBL-TP53 complex,0.095107506,1,5,15,90,24,65,1,0,0.1,0,0,0,0,0,0.455043851,0.16716912323469274,0.7768439353127817,1.7080553749763503,E2F4_del x TP53_del,E2F4,del,TP53,del,E2F4_del,TP53_del,0.019585949,0.4700627821854483,0.033162561984276015,0.001422782,0.23467038508829458,0.23467038508829458,0.6295417139985725,124
Bleomycin-a2,RNA processing 2,0.008920124,1,15,45,945,125,818,2,0,0.1,0,0,0,0,0,0.45234573939119727,0.17032527949956863,0.7687208897214827,2.0817896397365443,RBM10_del x U2AF1_del,RBM10,del,U2AF1,del,RBM10_del,U2AF1_del,0.008283433,0.6482885752789704,0.036359565,0.001329201,0.23467038508829458,0.23467038508829458,0.6295417139985725,124
Bleomycin-a2,Regulation of E2F transcription via DREAM complex,-0.096590143,1,11,33,495,103,386,6,0,0.1,0,0,0,0,0,0.43959676030176215,0.1662904888737376,0.7791325899132386,1.9969561019881497,E2F3_amp x TP53_amp,E2F3,amp,TP53,amp,E2F3_amp,TP53_amp,0.010070334535490754,0.58997075,0.027182300386219042,0.001328822,0.23467038508829458,0.23467038508829458,0.6295417139985725,124
Bleomycin-a2,RNA metabolism,0.1240284496521922,0.087220881,22,66,2079,334,1738,7,0,0.1,0,0,0,0,0,0.43429547161254783,0.1584941334498757,0.7999868082569485,2.446595446626141,DDX3X_del x U2AF1_del,DDX3X,del,U2AF1,del,DDX3X_del,U2AF1_del,0.003576058,0.8376464351324623,0.031911321,0.001278279,0.23467038508829458,0.23467038508829458,0.6295417139985725,124
Bleomycin-a2,Histone modifications in DNA damage response,-0.019820969,1,6,14,79,7,72,0,0,0.1,0,0,0,0,0,0.43265132612576274,0.16715907762470417,0.7768700339366817,1.487823056638598,CASP8_amp x PARP1_amp,CASP8,amp,PARP1,amp,CASP8_amp,PARP1_amp,0.032521977,0.22765384163248972,0.029757541903376837,0.001265466,0.23467038508829458,0.23467038508829458,0.6295417139985725,124
Bleomycin-a2,Metabolic pathways,0.040011167,1,12,36,594,76,517,1,0,0.1,0,0,0,0,0,0.41451065550536237,0.1696172592723421,0.7705299585334789,2.2249117760292236,ATP7B_mut x TPMT_amp,ATP7B,mut,TPMT,amp,ATP7B_mut,TPMT_amp,0.005957832,0.45279520200615403,0.028295134388952346,0.001239248,0.23467038508829458,0.23467038508829458,0.6295417139985725,124
Bleomycin-a2,Transcription elongation,-0.045995885,1,8,24,252,41,210,1,0,0.1,0,0,0,0,0,0.4456642468087327,0.17515489501647055,0.7565777210414873,1.8003400826653035,KMT2A_del x SETD2_del,KMT2A,del,SETD2,del,KMT2A_del,SETD2_del,0.015836525970965777,0.570263231,0.030056486,0.001346945,0.23607833676132986,0.23607833676132986,0.6269438632248076,124
Bleomycin-a2,Transcription factor (TF) binding,-0.230530793,3.3625634054956783e-08,14,42,819,147,671,1,0,0.1,0,0,0,0,0,0.410558662,0.17332866806244915,0.7611296002887192,2.1461226122582655,CHD4_amp x RB1_mut,CHD4,amp,RB1,mut,CHD4_amp,RB1_mut,0.007142946,0.5388462961145198,0.028752926276891248,0.001203254,0.23607833676132986,0.23607833676132986,0.6269438632248076,124
Bleomycin-a2,PI3-K/Akt,-0.072002822,1,6,18,135,23,112,0,0,0.1,0,0,0,0,0,0.4762258848933968,0.19787600723953472,0.7036068614538654,1.3553042239765485,IGF1R_mut x PTEN_mut,IGF1R,mut,PTEN,mut,IGF1R_mut,PTEN_mut,0.044126123,0.42543362265110246,0.032949102,0.001475812,0.26102792444364153,0.26102792444364153,0.58331303,124
Bleomycin-a2,Regulation of TP53 Activity,-0.183395743,6.428288302728902e-05,11,33,495,88,403,4,0,0.1,0,0,0,0,0,0.42595155566447845,0.19684237006295266,0.7058814145226071,2.0476335540138715,CHEK1_del x TP53_mut,CHEK1,del,TP53,mut,CHEK1_del,TP53_mut,0.008961206,0.7885861007557541,0.034074751756871115,0.001229161,0.26102792444364153,0.26102792444364153,0.58331303,124
Bleomycin-a2,Cell Proliferation,-0.172715118,0.000284255,14,41,780,101,672,7,0,0.1,0,0,0,0,0,0.4117535073752005,0.21370075743660258,0.6701939385287059,1.895762009915544,EGF_del x TP53_del,EGF,del,TP53,del,EGF_del,TP53_del,0.012712705609970135,0.9063307742208409,0.030797454053079806,0.001199688,0.27893572549619705,0.27893572549619705,0.5544958586553186,124
Bleomycin-a2,NeST:16,0.003419007,1,22,64,1954,283,1667,4,0,0.1,0,0,0,0,0,0.41282301513372616,0.21644599054184402,0.6646504546726324,1.7652446847317191,FCGR2A_amp x FLT4_amp,FCGR2A,amp,FLT4,amp,FCGR2A_amp,FLT4_amp,0.017169407774375436,0.9270458815606425,0.030753454007947708,0.001210173,0.27957607111654853,0.27957607111654853,0.5535000025499657,124
Bleomycin-a2,Histone acetyltransferase complex,0.006238567,1,14,40,742,112,628,2,0,0.1,0,0,0,0,0,0.43156095,0.21896544119147696,0.6596244234437838,1.7380760418281997,MYC_amp x MYCN_amp,MYC,amp,MYCN,amp,MYC_amp,MYCN_amp,0.018277801570145153,0.7956339422701845,0.029008192,0.001271323,0.2799145846159087,0.2799145846159087,0.5529744725477936,124
Bleomycin-a2,Nuclear transport,-0.030782668,1,7,21,189,30,159,0,0,0.1,0,0,0,0,0,0.4059831167284207,0.22676895534209304,0.6444164006012555,1.518846953,GATA3_amp x XPO1_amp,GATA3,amp,XPO1,amp,GATA3_amp,XPO1_amp,0.030279803084737104,0.6031288855276772,0.026803595,0.001216938,0.2840338430547428,0.2840338430547428,0.5466299100365705,124
Bleomycin-a2,NeST:29,0.1185309782213763,0.1498677890787754,14,40,742,73,669,0,0,0.1,0,0,0,0,0,0.3407510377001539,0.22663745968756593,0.6446683063390813,2.1378346289805545,ADGRA2_del x ENG_amp,ADGRA2,del,ENG,amp,ADGRA2_del,ENG_amp,0.00728057,0.5314815967970359,0.029739891,0.00090945,0.2840338430547428,0.2840338430547428,0.5466299100365705,124
Bleomycin-a2,Extracellular matrix organization,0.042658881,1,13,39,702,95,607,0,0,0.1,0,0,0,0,0,0.3919483890761322,0.2344015690217838,0.6300394855924194,1.9301529133817197,DMD_mut x PDGFRB_mut,DMD,mut,PDGFRB,mut,DMD_mut,PDGFRB_mut,0.01174484,0.93700204,0.032608815,0.001107951,0.28778014414555636,0.28778014414555636,0.5409391742128269,124
Bleomycin-a2,ECM-cytoskeleton assembly,0.1137525515475157,0.2357924304353591,6,18,135,12,123,0,0,0.1,0,0,0,0,0,0.37220832213102223,0.23382264143636042,0.6311134376789564,1.414115776912492,ACTA2_del x FGF10_amp,ACTA2,del,FGF10,amp,ACTA2_del,FGF10_amp,0.038537560815439756,0.46245072978527707,0.019329698860673903,0.001097736,0.28778014414555636,0.28778014414555636,0.5409391742128269,124
Bleomycin-a2,Endoplasmic Reticulum protein processing,-0.050233988,1,6,18,135,32,103,0,0,0.1,0,0,0,0,0,0.36676713285320406,0.24116358557821937,0.6176882677439093,1.7403468123485424,ARFRP1_amp x TUSC3_mut,ARFRP1,amp,TUSC3,mut,ARFRP1_amp,TUSC3_mut,0.018182482893586923,0.5818394525947815,0.025026722874530893,0.001021312,0.2931792608990118,0.2931792608990118,0.5328667543435918,124
Bleomycin-a2,p53 regulation of cell cycle,-0.053338659,1,5,15,90,26,63,1,0,0.1,0,0,0,0,0,0.41814516734698104,0.2482980649849421,0.6050266649385351,1.3609484164045147,CREBBP_mut x TP53_del,CREBBP,mut,TP53,del,CREBBP_mut,TP53_del,0.043556360494966084,0.7322171558856762,0.029688421088684594,0.001220596,0.2932281910298364,0.2932281910298364,0.5327942788462381,124
Bleomycin-a2,Ribosome abundance control,0.03017524,1,12,36,594,68,524,2,0,0.1,0,0,0,0,0,0.39888897197775774,0.244844636,0.611109407,1.682643347,NPM1_amp x RHOA_del,NPM1,amp,RHOA,del,NPM1_amp,RHOA_del,0.020766182,0.8415776124467584,0.029614543512421543,0.001116309,0.2932281910298364,0.2932281910298364,0.5327942788462381,124
Bleomycin-a2,Regulation of nuclear protein ubiquitiation,-0.100572783,0.7620127779057173,11,33,495,92,399,4,0,0.1,0,0,0,0,0,0.38567653779411354,0.24641980204936675,0.6083243956341521,1.6346610430041897,BARD1_amp x EGFR_amp,BARD1,amp,EGFR,amp,BARD1_amp,EGFR_amp,0.02319204,0.9467395635256396,0.027726331,0.001092195,0.2932281910298364,0.2932281910298364,0.5327942788462381,124
Bleomycin-a2,p53 regulation,-0.161042043,0.00131282,11,29,379,80,294,5,0,0.1,0,0,0,0,0,0.43090000214890045,0.2618384927854225,0.5819665076116699,1.2690186666351881,HDAC2_amp x SMARCA4_mut,HDAC2,amp,SMARCA4,mut,HDAC2_amp,SMARCA4_mut,0.053824665,0.8077251417406739,0.032446736,0.00121843,0.29508264926464695,0.29508264926464695,0.5300563260817197,124
Bleomycin-a2,Chromosome centrometric region,0.062767786,1,7,21,189,29,158,2,0,0.1,0,0,0,0,0,0.4256724176872139,0.25930984040847643,0.5861810021122102,1.3242422555843096,AURKA_amp x AURKB_amp,AURKA,amp,AURKB,amp,AURKA_amp,AURKB_amp,0.047397752016345454,0.8335630550921712,0.036337856,0.0011916,0.29508264926464695,0.29508264926464695,0.5300563260817197,124
Bleomycin-a2,Ubiquitin regulation of mitophagy,-0.031259183,1,8,20,173,18,155,0,0,0.1,0,0,0,0,0,0.42549114545850775,0.2554986246467173,0.592611433,1.1656836002178688,FBXW7_del x VHL_del,FBXW7,del,VHL,del,FBXW7_del,VHL_del,0.068283598,0.5820566713466665,0.029848431,0.001256326,0.29508264926464695,0.29508264926464695,0.5300563260817197,124
Bleomycin-a2,Ubiquitin regulation of p53 activity,-0.009917153,1,9,25,277,21,256,0,0,0.1,0,0,0,0,0,0.4087295970553389,0.26414656506754686,0.5781550324572974,1.1656836002178688,FBXW7_del x VHL_del,FBXW7,del,VHL,del,FBXW7_del,VHL_del,0.068283598,0.5658884304759257,0.028410473,0.001209678,0.29508264926464695,0.29508264926464695,0.5300563260817197,124
Bleomycin-a2,MutL alpha/beta complex,0.008794324,1,5,15,90,16,74,0,0,0.1,0,0,0,0,0,0.3853569461492275,0.26295914830241923,0.5801117155592226,1.3562348577368932,BRCA1_mut x BRIP1_mut,BRCA1,mut,BRIP1,mut,BRCA1_mut,BRIP1_mut,0.044031668468793896,0.7045066955007023,0.030511747,0.001113011,0.29508264926464695,0.29508264926464695,0.5300563260817197,124
Bleomycin-a2,Extracellular matrix,-0.015882598,1,8,24,252,20,232,0,0,0.1,0,0,0,0,0,0.35648717173322947,0.2624428516775775,0.5809652518890274,1.414115776912492,ACTA2_del x FGF10_amp,ACTA2,del,FGF10,amp,ACTA2_del,FGF10_amp,0.038537560815439756,0.7707512163087951,0.020036970889223606,0.001034886,0.29508264926464695,0.29508264926464695,0.5300563260817197,124
Bleomycin-a2,Type I interferon signaling pathway,0.050236822,1,7,21,189,2,175,12,0,0.1,0,0,0,0,0,0.5570176608181383,0.2773207328394759,0.5570176608181383,0.5570176608181383,IFIT2_del x PML_del,IFIT2,del,PML,del,IFIT2_del,PML_del,0.2773207328394759,0.2773207328394759,0.068112478,0.001540691,0.3070336685008483,0.3070336685008483,0.5128139983260849,124
Bleomycin-a2,NeST:195,-0.074317767,1,6,18,135,31,104,0,0,0.1,0,0,0,0,0,0.3976415030490217,0.2801449120431054,0.5526172607269118,1.3047571871889911,EGFR_amp x FGFR1_amp,EGFR,amp,FGFR1,amp,EGFR_amp,FGFR1_amp,0.049572727,0.751863196,0.033329392,0.001138821,0.30741565569331913,0.30741565569331913,0.5122740190480964,124
Bleomycin-a2,Nuclear pore,0.044511294,1,5,15,90,17,73,0,0,0.1,0,0,0,0,0,0.3873175793723891,0.3089551065890284,0.5101046221192264,1.0409098897660904,TERT_amp x XPO1_amp,TERT,amp,XPO1,amp,TERT_amp,XPO1_amp,0.091010209,0.7974704153088178,0.03164132,0.001063974,0.33605643172841687,0.33605643172841687,0.47358778829346393,124
Bleomycin-a2,Phosphatase 2A catalytic subunit,-0.017177894,1,5,15,90,17,72,1,0,0.1,0,0,0,0,0,0.3732013993533475,0.3415952898770211,0.4664881262573932,0.8527927022892059,PPP2CB_del x PPP2R1A_del,PPP2CB,del,PPP2R1A,del,PPP2CB_del,PPP2R1A_del,0.14034834562977616,0.6707338424842135,0.03206422,0.00100689,0.36578155006066315,0.36578155006066315,0.4367782040234117,124
Bleomycin-a2,Culin-RIng uniqutin ligase complex,0.049826041,1,8,23,231,21,210,0,0,0.1,0,0,0,0,0,0.36694291714327415,0.34218274037933005,0.4657418999587283,0.8639505810354227,ELOC_amp x STK11_mut,ELOC,amp,STK11,mut,ELOC_amp,STK11_mut,0.13678844701896087,0.7488330635563782,0.031286388,0.000988675,0.36578155006066315,0.36578155006066315,0.4367782040234117,124
Bleomycin-a2,Protein nuclear transport,0.022314769,1,6,18,135,22,113,0,0,0.1,0,0,0,0,0,0.3348074021021813,0.3532309792841984,0.45194121465793996,1.0409098897660904,TERT_amp x XPO1_amp,TERT,amp,XPO1,amp,TERT_amp,XPO1_amp,0.091010209,0.9067350803810813,0.026803595,0.000873074,0.3743644566772701,0.3743644566772701,0.4267053912418665,124
Bleomycin-a2,Extended cohesin complex,0.070142894,1,6,18,135,40,95,0,0,0.1,0,0,0,0,0,0.3137647905017208,0.408249632,0.38907419852546177,0.8783731613795143,SMC1A_del x STAG2_del,SMC1A,del,STAG2,del,SMC1A_del,STAG2_del,0.1323204102228357,0.9503846905868913,0.024060822541969656,0.000771202,0.42900808741269786,0.42900808741269786,0.3675345206693521,124
Bleomycin-a2,Cohesin,-0.021722651,1,5,15,90,24,66,0,0,0.1,0,0,0,0,0,0.3066962827203585,0.41215443478734204,0.38494002278058637,0.8783731613795143,SMC1A_del x STAG2_del,SMC1A,del,STAG2,del,SMC1A_del,STAG2_del,0.1323204102228357,0.9342312581942741,0.024060822541969656,0.000748951,0.429471848,0.429471848,0.36706529901088203,124
Bleomycin-a2,Interferon signaling,0.1163729213974198,0.1842730652067574,8,24,252,9,231,12,0,0.1,0,0,0,0,0,0.34790168426189055,0.4166300297359578,0.38024943031098407,0.561002104,IRF2_del x TNF_amp,IRF2,del,TNF,amp,IRF2_del,TNF_amp,0.2747880837969021,0.6494466735069119,0.038359545,0.000821033,0.43051769739382306,0.43051769739382306,0.3660089911963738,124
Bleomycin-a2,MHC class I including non-classical MHCs,-0.182383788,7.42694647732911e-05,8,24,252,29,210,13,0,0.1,0,0,0,0,0,0.30474428417481686,0.4257708562103611,0.37082406910764004,0.7518365114820724,HLA-E_del x TAP2_del,HLA-E,del,TAP2,del,HLA-E_del,TAP2_del,0.17707754345896687,0.9481277349948147,0.032749414,0.000737634,0.43632715843045267,0.43632715843045267,0.36018775426185506,124
Bleomycin-a2,NeST:49,0.027114912,1,8,23,231,17,214,0,0,0.1,0,0,0,0,0,0.2479679179436387,0.49976911943050845,0.3012305822937192,0.6853169933419758,FLT1_del x VSIR_del,FLT1,del,VSIR,del,FLT1_del,VSIR_del,0.20638731763184492,0.9772764980273639,0.024483382446879882,0.000560757,0.5079620558146152,0.5079620558146152,0.2941687278062323,124
Bleomycin-a2,NeST:80,0.02227839,1,7,21,189,16,173,0,0,0.1,0,0,0,0,0,0.22063360073124264,0.5485003146292731,0.2608231189703677,0.6222684010087269,KDR_mut x NOTCH4_mut,KDR,mut,NOTCH4,mut,KDR_mut,NOTCH4_mut,0.23863360328605354,0.9772764980273639,0.02177481,0.000465481,0.5529596667807306,0.5529596667807306,0.25730654524753055,124
Bleomycin-a2,Cell-extracellular matrix interactions,-0.101125406,0.7274051008898406,5,15,90,4,86,0,0,0.1,0,0,0,0,0,0.19961984919607606,0.6172855756545259,0.2095138712377104,0.35269688441717667,CASR_amp x PALLD_del,CASR,amp,PALLD,del,CASR_amp,PALLD_del,0.4439183684016986,0.7512350632039989,0.020126436,0.000328511,0.6172855756545259,0.6172855756545259,0.2095138712377104,124
CD437,Endoplasmic Reticulum protein processing,0.015827832,1,6,18,135,34,101,0,0,0.1,3,3,0.022222222222222223,0.022222222222222223,0.088235294,0.6807420967536896,0.037721268491026076,1.4234137112318976,2.5273697854245705,ARFRP1_amp x TUSC3_mut,ARFRP1,amp,TUSC3,mut,ARFRP1_amp,TUSC3_mut,0.002969137,0.062043837,0.028030447096258147,0.002261108,0.24618091015195967,0.24618091015195967,0.6087456270224915,124
CD437,Fas,-0.153347926,0.002310671,7,21,189,34,154,1,0,0.1,3,3,0.015873015873015872,0.015873015873015872,0.088235294,0.6651486367471243,0.017617384760438132,1.7540585606463321,3.023377838933176,PARP1_amp x TP53_amp,PARP1,amp,TP53,amp,PARP1_amp,TP53_amp,0.000947594,0.029921257126962104,0.039794669334044054,0.002297373,0.24618091015195967,0.24618091015195967,0.6087456270224915,124
CD437,MutS homologs,0.022531365,1,5,15,90,16,72,2,0,0.1,1,1,0.011111111111111112,0.011111111111111112,0.0625,0.7886249769149398,0.015550174,1.808264734747388,2.950132863,MLH1_del x MSH3_del,MLH1,del,MSH3,del,MLH1_del,MSH3_del,0.001121675,0.017946804,0.052797568,0.002846619,0.24618091015195967,0.24618091015195967,0.6087456270224915,124
CD437,Beta-catenin destruction complex,0.1174904199440777,0.1318430961143795,5,15,90,10,80,0,0,0.1,1,1,0.011111111111111112,0.011111111111111112,0.1,0.3943661551556457,0.031832381,1.4971308715952292,2.4777574818377635,CTNNB1_del x GSK3B_amp,CTNNB1,del,GSK3B,amp,CTNNB1_del,GSK3B_amp,0.003328454,0.033284536848752065,0.018235840608791513,0.001319877,0.24618091015195967,0.24618091015195967,0.6087456270224915,124
CD437,Apoptosis Regulation,-0.123509471,0.071398744,13,37,631,109,516,6,0,0.1,7,7,0.011093502377179081,0.011093502377179081,0.064220183,0.5934339852442194,0.009686415,2.0138369125460938,3.910314522648454,BCL2_amp x MCL1_amp,BCL2,amp,MCL1,amp,BCL2_amp,MCL1_amp,0.000122938,0.013400221443341558,0.029117545,0.001940445,0.24618091015195967,0.24618091015195967,0.6087456270224915,124
CD437,Neg Regulation EGFR,-0.108347387,0.3170311677133541,6,18,135,31,104,0,0,0.1,1,1,0.007407407,0.007407407,0.032258065,0.5094019355401735,0.020037646,1.6981532977876979,3.158320604787186,CTNNB1_del x EGF_del,CTNNB1,del,EGF,del,CTNNB1_del,EGF_del,0.000694511,0.021529854212512085,0.033404515,0.001558005,0.24618091015195967,0.24618091015195967,0.6087456270224915,124
CD437,TNFR/Traf signaling,-0.216234443,1.859670173409711e-07,12,36,594,98,492,4,0,0.1,4,4,0.006734007,0.006734007,0.040816327,0.6153375861982981,0.005496466,2.259916473093833,4.164307333386353,CD40_amp x MAP3K7_amp,CD40,amp,MAP3K7,amp,CD40_amp,MAP3K7_amp,6.850033045814716e-05,0.006713032,0.033621876,0.002010175,0.24618091015195967,0.24618091015195967,0.6087456270224915,124
CD437,Regulation of adherens junction stability,-0.019807325,1,10,30,405,75,328,2,0,0.1,2,2,0.004938272,0.004938272,0.026666667,0.4486801698817091,0.024560489273211722,1.6097629857988067,3.158320604787186,CTNNB1_del x EGF_del,CTNNB1,del,EGF,del,CTNNB1_del,EGF_del,0.000694511,0.032107478495893724,0.020818680878030574,0.001416114,0.24618091015195967,0.24618091015195967,0.6087456270224915,124
CD437,EGFR/PI3K signaling,-0.188802101,1.6437845727468314e-05,11,32,465,60,405,0,0,0.1,2,2,0.004301075,0.004301075,0.033333333,0.4832547445226458,0.028438734,1.5460897369691646,3.158320604787186,CTNNB1_del x EGF_del,CTNNB1,del,EGF,del,CTNNB1_del,EGF_del,0.000694511,0.041670686,0.023259369209830037,0.001536378,0.24618091015195967,0.24618091015195967,0.6087456270224915,124
CD437,Epithelial differentiation,-0.162119603,0.000742527,8,24,252,49,203,0,0,0.1,1,1,0.003968254,0.003968254,0.020408163,0.5738197900712311,0.028754116004254312,1.541299979496467,3.161842013486343,CDH2_amp x FLG_amp,CDH2,amp,FLG,amp,CDH2_amp,FLG_amp,0.000688903,0.03375624,0.033565423,0.001754797,0.24618091015195967,0.24618091015195967,0.6087456270224915,124
CD437,MDM2-p53 pathway,-0.093497609,1,8,24,252,68,180,4,0,0.1,1,1,0.003968254,0.003968254,0.014705882352941176,0.5290773512772668,0.035512503,1.4496187221882963,3.0880999217453216,CHEK2_del x RB1_del,CHEK2,del,RB1,del,CHEK2_del,RB1_del,0.000816395,0.055514827,0.027252174690688646,0.001692224,0.24618091015195967,0.24618091015195967,0.6087456270224915,124
CD437,Actin filaments,0.015846425,1,8,24,252,24,228,0,0,0.1,1,1,0.003968254,0.003968254,0.041666666666666664,0.3678238964797926,0.010285633706344333,1.9877689459050667,3.358589652429764,ACTA2_del x PIK3CA_amp,ACTA2,del,PIK3CA,amp,ACTA2_del,PIK3CA_amp,0.000437936,0.010510457,0.015770277034982367,0.001152448,0.24618091015195967,0.24618091015195967,0.6087456270224915,124
CD437,EMT,-0.125319015,0.059090541,14,42,819,122,695,2,0,0.1,2,2,0.002442002,0.002442002,0.016393443,0.45305000470587214,0.034782088683189695,1.4586443419322956,3.158320604787186,CTNNB1_del x EGF_del,CTNNB1,del,EGF,del,CTNNB1_del,EGF_del,0.000694511,0.052228165,0.022164753,0.001416809,0.24618091015195967,0.24618091015195967,0.6087456270224915,124
CD437,Actin filament-based process,-0.050351412,1,11,33,495,58,437,0,0,0.1,1,1,0.002020202,0.002020202,0.017241379310344827,0.4615119202466291,0.022931794963843448,1.6395619499633602,3.358589652429764,ACTA2_del x PIK3CA_amp,ACTA2,del,PIK3CA,amp,ACTA2_del,PIK3CA_amp,0.000437936,0.02540027,0.024463942,0.00139678,0.24618091015195967,0.24618091015195967,0.6087456270224915,124
CD437,Histone acetyltransferase complex,-0.05154667,1,14,40,742,122,618,2,0,0.1,1,1,0.001347709,0.001347709,0.008196721,0.4697182232253608,0.022414008530372852,1.649480467117678,3.660545151119348,MYC_amp x MYCN_amp,MYC,amp,MYCN,amp,MYC_amp,MYCN_amp,0.000218502,0.026657209,0.023328234488244663,0.001437757,0.24618091015195967,0.24618091015195967,0.6087456270224915,124
CD437,Protein Transport,-0.040677332,1,15,45,945,222,723,0,0,0.1,1,1,0.001058201,0.001058201,0.004504505,0.5838628221077204,0.026214293062682654,1.581461849684598,3.6707926131467294,ARFRP1_amp x RAC1_amp,ARFRP1,amp,RAC1,amp,ARFRP1_amp,RAC1_amp,0.000213406,0.047376215,0.026394295707352473,0.001893924,0.24618091015195967,0.24618091015195967,0.6087456270224915,124
CD437,Nucleolus,-0.008808466,1,34,100,4852,634,4209,9,0,0.1,3,3,0.000618302,0.000618302,0.004731861,0.4536777203302124,0.037368154,1.427498356073838,3.724791596311249,UMPS_amp x VHL_del,UMPS,amp,VHL,del,UMPS_amp,VHL_del,0.000188455,0.069208944,0.026893047083666244,0.001353142,0.24618091015195967,0.24618091015195967,0.6087456270224915,124
CD437,Regulation of immune responses,-0.018530421,1,57,168,13863,1534,12120,209,0,0.1,2,2,0.000144269,0.000144269,0.001303781,0.47269345843050536,0.027704584379434505,1.557448360684445,4.304174830478591,CD274_del x IRF1_amp,CD274,del,IRF1,amp,CD274_del,IRF1_amp,4.9639245245804435e-05,0.038073301,0.028989676007376508,0.001403481,0.24618091015195967,0.24618091015195967,0.6087456270224915,124
CD437,Immune system,0.055740581,1,99,289,41333,4794,36268,271,0,0.1,3,3,7.25812304937943e-05,7.25812304937943e-05,0.000625782,0.495611031,0.019193432774457328,1.7168473440932184,5.119821782420181,IRF1_amp x JAK2_del,IRF1,amp,JAK2,del,IRF1_amp,JAK2_del,7.588889296691779e-06,0.036381135,0.028014928254879033,0.001513548,0.24618091015195967,0.24618091015195967,0.6087456270224915,124
CD437,Foxo signaling,-0.169303873,0.000280643,10,30,405,77,328,0,0,0.1,1,1,0.002469136,0.002469136,0.012987012987012988,0.49247150903067727,0.041771731,1.3791175319380116,3.1308451960924533,EP300_mut x FOXO3_amp,EP300,mut,FOXO3,amp,EP300_mut,FOXO3_amp,0.000739869,0.056969909,0.027128832577132007,0.001507441,0.24665212333433886,0.24665212333433886,0.6079151415096958,124
CD437,Extended mismatch repair complex,-0.242842292,1.388944514957302e-09,10,30,405,51,351,3,0,0.1,1,1,0.002469136,0.002469136,0.019607843,0.4469469074073918,0.041313611521878714,1.383906838539129,2.950132863,MLH1_del x MSH3_del,MLH1,del,MSH3,del,MLH1_del,MSH3_del,0.001121675,0.057205438,0.018424432366917563,0.001434768,0.24665212333433886,0.24665212333433886,0.6079151415096958,124
CD437,NeST:195,0.107435098,0.3453542278169541,6,18,135,31,104,0,0,0.1,1,1,0.007407407,0.007407407,0.032258065,0.6222051559603974,0.047876658,1.3198761773898593,2.5491368330495403,FGFR1_amp x KRAS_mut,FGFR1,amp,KRAS,mut,FGFR1_amp,KRAS_mut,0.00282399,0.087543693,0.029952703370039926,0.002030452,0.2474295742941037,0.2474295742941037,0.6065483920750833,124
CD437,Regulation of TP53 Activity,-0.094220474,1,11,33,495,94,395,6,0,0.1,1,1,0.002020202,0.002020202,0.010638297872340425,0.5054062244561928,0.047889595,1.3197588355257124,3.023377838933176,PARP1_amp x TP53_amp,PARP1,amp,TP53,amp,PARP1_amp,TP53_amp,0.000947594,0.089073807,0.025998978589999486,0.001567553,0.2474295742941037,0.2474295742941037,0.6065483920750833,124
CD437,Homologous recombination (HR) and Fanconi Anemia repair,-0.070642827,1,29,86,3570,666,2889,15,0,0.1,1,1,0.000280112,0.000280112,0.001501502,0.44686161582481165,0.045750327,1.3396057949230646,4.019252868485769,POLH_amp x TP53_mut,POLH,amp,TP53,mut,POLH_amp,TP53_mut,9.566369061134195e-05,0.063712018,0.026958439,0.001296861,0.2474295742941037,0.2474295742941037,0.6065483920750833,124
CD437,Wnt/beta-catenin,-0.035365651,1,8,24,252,30,222,0,0,0.1,1,1,0.003968254,0.003968254,0.033333333,0.37423177574672195,0.079702675,1.0985271019701177,2.4777574818377635,CTNNB1_del x GSK3B_amp,CTNNB1,del,GSK3B,amp,CTNNB1_del,GSK3B_amp,0.003328454,0.099853611,0.021597065069853462,0.001077368,0.2533142601167454,0.2533142601167454,0.5963403612726454,124
CD437,Transcription factor (TF) binding,-0.280464295,5.526690216584029e-13,14,42,819,148,670,1,0,0.1,1,1,0.001221001,0.001221001,0.006756757,0.4362451638708253,0.05326667,1.2735444509375526,3.1721913832861777,HDAC2_amp x RBL1_amp,HDAC2,amp,RBL1,amp,HDAC2_amp,RBL1_amp,0.00067268,0.099556663,0.024139806659873343,0.001280396,0.2533142601167454,0.2533142601167454,0.5963403612726454,124
CD437,RAS-RAF-MAPK,0.016205939,1,7,21,189,44,144,1,0,0.1,0,0,0,0,0,0.6156846300519543,0.071220664,1.1473939788070675,2.3085624063440657,BRAF_amp x KRAS_amp,BRAF,amp,KRAS,amp,BRAF_amp,KRAS_amp,0.004914028,0.1623545564773932,0.032759502,0.001986226,0.2533142601167454,0.2533142601167454,0.5963403612726454,124
CD437,mTOR regulation of mRNA translation,-0.147659381,0.004677939,5,14,78,21,57,0,0,0.1,0,0,0,0,0,0.59424726,0.088849616,1.051344442410944,2.138890771258039,RICTOR_amp x RPS6KB1_amp,RICTOR,amp,RPS6KB1,amp,RICTOR_amp,RPS6KB1_amp,0.007262886,0.15252060646265334,0.037397492652620004,0.001898079,0.2533142601167454,0.2533142601167454,0.5963403612726454,124
CD437,Transcription coactivator activity,-0.085708763,1,5,13,66,21,42,3,0,0.1,0,0,0,0,0,0.5826878359573262,0.082951717,1.0811746189626072,2.127270217556696,MED1_mut x TP53_mut,MED1,mut,TP53,mut,MED1_mut,TP53_mut,0.007459845,0.1566567372840236,0.027718846,0.001814514,0.2533142601167454,0.2533142601167454,0.5963403612726454,124
CD437,Histone deacetylase binding,-0.222352951,6.327836321595727e-08,16,48,1080,203,872,5,0,0.1,0,0,0,0,0,0.5543067222223994,0.054038736874151436,1.2672948109267868,3.023377838933176,PARP1_amp x TP53_amp,PARP1,amp,TP53,amp,PARP1_amp,TP53_amp,0.000947594,0.15310081011726942,0.031507595,0.00175771,0.2533142601167454,0.2533142601167454,0.5963403612726454,124
CD437,HDACs deacetylate histones,0.018727673,1,16,48,1080,212,868,0,0,0.1,0,0,0,0,0,0.5331617576923815,0.064056989,1.1934334795276154,2.915359622750429,HDAC2_amp x NCOA3_amp,HDAC2,amp,NCOA3,amp,HDAC2_amp,NCOA3_amp,0.001215179,0.20673925992359382,0.031006969775046047,0.001657068,0.2533142601167454,0.2533142601167454,0.5963403612726454,124
CD437,Integrator-PP2A complex,-0.090429412,1,12,35,561,109,448,4,0,0.1,0,0,0,0,0,0.5149139331341929,0.07826988,1.1064053299839642,2.840858029794691,BRAF_amp x CCDC6_del,BRAF,amp,CCDC6,del,BRAF_amp,CCDC6_del,0.001442587,0.15724196707525875,0.029364860222273793,0.001556913,0.2533142601167454,0.2533142601167454,0.5963403612726454,124
CD437,MAPK and MAP2K activation,0.1114920540507718,0.2362649229933993,14,41,780,137,637,6,0,0.1,0,0,0,0,0,0.5107565340687298,0.1135979753521218,0.9446294089527908,2.3085624063440657,BRAF_amp x KRAS_amp,BRAF,amp,KRAS,amp,BRAF_amp,KRAS_amp,0.004914028,0.3791347881375489,0.028857106533851106,0.001544892,0.2533142601167454,0.2533142601167454,0.5963403612726454,124
CD437,RPA complex associated proteins,-0.24045034,2.205585714065705e-09,6,18,135,29,106,0,0,0.1,0,0,0,0,0,0.5106430450756736,0.10941984145283194,0.9609039188421366,1.9286908480667357,ATR_amp x XPC_del,ATR,amp,XPC,del,ATR_amp,XPC_del,0.011784445491573255,0.26803327189822485,0.021125243,0.001641556,0.2533142601167454,0.2533142601167454,0.5963403612726454,124
CD437,Chromosome centrometric region,0.196711029,4.799327752991189e-06,7,21,189,30,157,2,0,0.1,0,0,0,0,0,0.5063493400951883,0.064799787,1.188426419372589,2.398705498596403,CHEK1_del x MKI67_mut,CHEK1,del,MKI67,mut,CHEK1_del,MKI67_mut,0.003992956,0.11978867361461491,0.019578156831812812,0.001652852,0.2533142601167454,0.2533142601167454,0.5963403612726454,124
CD437,p53 regulation,-0.109930164,0.2734877527360482,11,29,379,79,295,5,0,0.1,0,0,0,0,0,0.5055114958286328,0.081134675,1.0907934997349127,2.4381860622820564,AURKB_del x HDAC2_del,AURKB,del,HDAC2,del,AURKB_del,HDAC2_del,0.003645977,0.14895275861162913,0.025674566604109817,0.001560756,0.2533142601167454,0.2533142601167454,0.5963403612726454,124
CD437,NeST:49,0.051381344,1,8,23,231,17,214,0,0,0.1,0,0,0,0,0,0.48459799070083276,0.093113112,1.0309891576248682,1.9885297805699687,NOTCH4_amp x VEGFA_amp,NOTCH4,amp,VEGFA,amp,NOTCH4_amp,VEGFA_amp,0.010267630217556964,0.1745497136984684,0.024145772,0.001592731,0.2533142601167454,0.2533142601167454,0.5963403612726454,124
CD437,NeST:16,0.097725632,0.8160762678414346,22,64,1954,297,1653,4,0,0.1,0,0,0,0,0,0.4840756670290535,0.10294505838429206,0.9873944957476716,2.780427656,EBF1_amp x FLT1_mut,EBF1,amp,FLT1,mut,EBF1_amp,FLT1_mut,0.001657953,0.49241218729862934,0.027477911,0.001463309,0.2533142601167454,0.2533142601167454,0.5963403612726454,124
CD437,Positive regulators of transcription,0.00930028,1,15,43,862,209,648,5,0,0.1,0,0,0,0,0,0.48003598915753365,0.099927328,1.0003157273134076,2.5931827404711414,TBL1XR1_amp x TERT_amp,TBL1XR1,amp,TERT,amp,TBL1XR1_amp,TERT_amp,0.002551627,0.2627099286905526,0.025572753,0.001447959,0.2533142601167454,0.2533142601167454,0.5963403612726454,124
CD437,Cell motility,0.085539769,1,80,237,27732,3842,23850,40,0,0.1,0,0,0,0,0,0.47900347531751364,0.085081181,1.070166488563484,3.4146128049369042,GNAS_amp x LATS1_amp,GNAS,amp,LATS1,amp,GNAS_amp,LATS1_amp,0.000384935,0.46662312339950246,0.027566942505070125,0.001433434,0.2533142601167454,0.2533142601167454,0.5963403612726454,124
CD437,G1 to S cell cycle control,-0.10783567,0.3324119621033665,13,38,666,135,521,10,0,0.1,0,0,0,0,0,0.4788829916046824,0.10889226905841519,0.9630029524246888,2.6431953622585915,CCND3_amp x TP53_mut,CCND3,amp,TP53,mut,CCND3_amp,TP53_mut,0.002274074,0.30700002174350305,0.023760534,0.001432822,0.2533142601167454,0.2533142601167454,0.5963403612726454,124
CD437,Locomotion,0.1486345024170838,0.004159234,33,99,4752,710,4041,1,0,0.1,0,0,0,0,0,0.47440070165095904,0.06182524,1.2088341863361654,3.4146128049369042,GNAS_amp x LATS1_amp,GNAS,amp,LATS1,amp,GNAS_amp,LATS1_amp,0.000384935,0.1554671726991388,0.026900366865522097,0.001409792,0.2533142601167454,0.2533142601167454,0.5963403612726454,124
CD437,Cyclin D associated events in G1,-0.169365596,0.00027826,27,79,3004,558,2425,21,0,0.1,0,0,0,0,0,0.4692927074020145,0.1116263335473584,0.95223334,2.919561673329218,CCND3_amp x E2F1_amp,CCND3,amp,E2F1,amp,CCND3_amp,E2F1_amp,0.001203478,0.5782918785799405,0.023959023345772067,0.00140119,0.2533142601167454,0.2533142601167454,0.5963403612726454,124
CD437,Epigenetic modification,0.1986988222612991,3.493994381820187e-06,30,87,3656,719,2921,16,0,0.1,0,0,0,0,0,0.4690904800981118,0.083113387,1.0803290176378462,3.023377838933176,PARP1_amp x TP53_amp,PARP1,amp,TP53,amp,PARP1_amp,TP53_amp,0.000947594,0.2711317302323072,0.025731696,0.001393918,0.2533142601167454,0.2533142601167454,0.5963403612726454,124
CD437,Cell projection morphogenesis,-0.010803193,1,8,24,252,58,192,2,0,0.1,0,0,0,0,0,0.467136661,0.091287428,1.039589029075163,2.165575287025231,EPHA5_del x PTPRD_amp,EPHA5,del,PTPRD,amp,EPHA5_del,PTPRD_amp,0.006830063,0.20160852336530583,0.024599971997686244,0.001466452,0.2533142601167454,0.2533142601167454,0.5963403612726454,124
CD437,Mismatch and excision repair,0.1042503279987926,0.4613572364367191,32,96,4464,802,3645,17,0,0.1,0,0,0,0,0,0.4659901732299315,0.10724413433190798,0.969626452,2.964538654,PMS2_amp x WRN_del,PMS2,amp,WRN,del,PMS2_amp,WRN_del,0.001085079,0.4019690268170961,0.027815630848301187,0.0013766,0.2533142601167454,0.2533142601167454,0.5963403612726454,124
CD437,Cell Proliferation,-0.156806029,0.001487206,14,41,780,108,663,9,0,0.1,0,0,0,0,0,0.46108338620005124,0.11644284537624588,0.933887191,2.2932393661583554,EGF_del x FGF7_del,EGF,del,FGF7,del,EGF_del,FGF7_del,0.005090502,0.28744247313389426,0.026371927461223695,0.001370053,0.2533142601167454,0.2533142601167454,0.5963403612726454,124
CD437,Regulation of nuclear protein ubiquitiation,-0.165540733,0.000469463,11,33,495,97,393,5,0,0.1,0,0,0,0,0,0.45957944855930727,0.0974665,1.0111446293500836,2.316044088699699,BIRC3_amp x CHEK2_del,BIRC3,amp,CHEK2,del,BIRC3_amp,CHEK2_del,0.004830098,0.2449578416780038,0.025538457,0.001374903,0.2533142601167454,0.2533142601167454,0.5963403612726454,124
CD437,Ubiquitin/Proteasome System,-0.12131534,0.08951989,21,59,1655,214,1432,9,0,0.1,0,0,0,0,0,0.4580850424018253,0.10142120662738136,0.9938712268733737,2.6786478487349243,ETV5_amp x VHL_del,ETV5,amp,VHL,del,ETV5_amp,VHL_del,0.002095811,0.26905533690349753,0.024187097809352007,0.001368342,0.2533142601167454,0.2533142601167454,0.5963403612726454,124
CD437,Lymphocyte activation,-0.007402066,1,39,115,6442,736,5559,147,0,0.1,0,0,0,0,0,0.45586253895700685,0.1064769179235643,0.9727445284214461,3.0547785182893348,FCGR2A_amp x KIT_mut,FCGR2A,amp,KIT,mut,FCGR2A_amp,KIT_mut,0.000881498,0.35545115480826467,0.030511326222821274,0.001302795,0.2533142601167454,0.2533142601167454,0.5963403612726454,124
CD437,Regulation of beta catenin transcriptional activity,-0.05925572,1,10,30,405,104,299,2,0,0.1,0,0,0,0,0,0.45466151213266764,0.099466665,1.002322441521018,2.5112140676732895,CREBBP_mut x HDAC2_mut,CREBBP,mut,HDAC2,mut,CREBBP_mut,HDAC2_mut,0.003081669,0.19608970753935984,0.026043300614901916,0.001339574,0.2533142601167454,0.2533142601167454,0.5963403612726454,124
CD437,Mitosis,-0.060713867,1,29,86,3570,746,2807,17,0,0.1,0,0,0,0,0,0.45413882236365677,0.10782154532525447,0.9672944480460455,3.0880999217453216,CHEK2_del x RB1_del,CHEK2,del,RB1,del,CHEK2_del,RB1_del,0.000816395,0.3534524471523842,0.025157406,0.001328932,0.2533142601167454,0.2533142601167454,0.5963403612726454,124
CD437,INSR-FOXO,-0.117898557,0.1264206602212325,25,75,2700,356,2341,3,0,0.1,0,0,0,0,0,0.45055070979628636,0.083239396,1.0796710799865388,3.303375077669455,PIK3CA_amp x PTEN_del,PIK3CA,amp,PTEN,del,PIK3CA_amp,PTEN_del,0.000497307,0.17704143468161043,0.026133767544391368,0.001325492,0.2533142601167454,0.2533142601167454,0.5963403612726454,124
CD437,Transmembrane tyrosine kinase signaling,-0.032344648,1,53,158,12246,1700,10507,39,0,0.1,0,0,0,0,0,0.4482013258655684,0.11538087443773311,0.9378661739751794,3.0909883962204514,IFNGR1_amp x SRC_amp,IFNGR1,amp,SRC,amp,IFNGR1_amp,SRC_amp,0.000810983,0.7425547911198743,0.027090335462992124,0.001307345,0.2533142601167454,0.2533142601167454,0.5963403612726454,124
CD437,Chromatin binding,0.035715888,1,91,266,34984,7243,27611,130,0,0.1,0,0,0,0,0,0.4387244018052432,0.098835158,1.005088540270594,3.762500179527337,EZH2_amp x SMC3_del,EZH2,amp,SMC3,del,EZH2_amp,SMC3_del,0.000172783,0.6795149989300762,0.025408421605029857,0.001269568,0.2533142601167454,0.2533142601167454,0.5963403612726454,124
CD437,Ribosome biogenesis,0.049520104,1,18,52,1276,202,1069,5,0,0.1,0,0,0,0,0,0.43058636159092967,0.08976361,1.0468996890571183,3.0540611655314565,FOXL2_amp x XPC_del,FOXL2,amp,XPC,del,FOXL2_amp,XPC_del,0.000882956,0.178357019,0.024948013995293943,0.001241839,0.2533142601167454,0.2533142601167454,0.5963403612726454,124
CD437,NeST:80,0.174520096,0.000135386,7,21,189,16,173,0,0,0.1,0,0,0,0,0,0.43008074375047234,0.10010681997046669,0.9995363343623758,1.9885297805699687,NOTCH4_amp x VEGFA_amp,NOTCH4,amp,VEGFA,amp,NOTCH4_amp,VEGFA_amp,0.010267630217556964,0.16428208348091142,0.022202236649727293,0.00137154,0.2533142601167454,0.2533142601167454,0.5963403612726454,124
CD437,mTOR regulation of autophagy/ribosome biogenesis,-0.154321771,0.002042873,8,23,231,48,183,0,0,0.1,0,0,0,0,0,0.5104982254115198,0.11935959682633136,0.9231426568318225,2.138890771258039,RICTOR_amp x RPS6KB1_amp,RICTOR,amp,RPS6KB1,amp,RICTOR_amp,RPS6KB1_amp,0.007262886,0.2705997438525443,0.032143791,0.001533279,0.2551825863183636,0.2551825863183636,0.5931489652325247,124
CD437,Cohesin,0.05355837,1,5,15,90,23,67,0,0,0.1,0,0,0,0,0,0.5688072626336443,0.12262427752885065,0.9114235383574206,1.8223267105534497,STAG1_mut x STAG2_del,STAG1,mut,STAG2,del,STAG1_mut,STAG2_del,0.015054741037607093,0.32855451268529196,0.026892527494975834,0.001810711,0.2554661573012646,0.2554661573012646,0.5926666245735113,124
CD437,CDK holoenzyme complex II,0.1609632564615712,0.0008668,17,49,1129,216,902,11,0,0.1,0,0,0,0,0,0.4558558020549165,0.124009148,0.906546276,2.6431953622585915,CCND3_amp x TP53_mut,CCND3,amp,TP53,mut,CCND3_amp,TP53_mut,0.002274074,0.46571177280266357,0.023357465737620507,0.001352012,0.2554661573012646,0.2554661573012646,0.5926666245735113,124
CD437,CDK holoenzyme complex I,0.2324242364830019,1.0105989378672577e-08,15,44,903,189,704,10,0,0.1,0,0,0,0,0,0.44191065854815104,0.12762966264673925,0.8940483786973085,2.6431953622585915,CCND3_amp x TP53_mut,CCND3,amp,TP53,mut,CCND3_amp,TP53_mut,0.002274074,0.42980003044090426,0.023345105340024878,0.001297373,0.2554661573012646,0.2554661573012646,0.5926666245735113,124
CD437,PIK3/AKT signaling,-0.130479755,0.033992829,11,33,495,72,422,1,0,0.1,0,0,0,0,0,0.34654534647771706,0.1277330786506323,0.8936966202374925,2.5554095434051294,AKT3_amp x PIK3CB_amp,AKT3,amp,PIK3CB,amp,AKT3_amp,PIK3CB_amp,0.002783495,0.2004116451110132,0.024042122,0.00093552,0.2554661573012646,0.2554661573012646,0.5926666245735113,124
CD437,NeST:163,0.004330632,1,7,21,189,34,155,0,0,0.1,0,0,0,0,0,0.5477735887079103,0.14390145093973408,0.8419348271061795,1.6122073368013434,ANKRD11_amp x NCOR2_mut,ANKRD11,amp,NCOR2,mut,ANKRD11_amp,NCOR2_mut,0.024422643,0.3384291440712823,0.034782857,0.0016732,0.2586055060366236,0.2586055060366236,0.5873622326811997,124
CD437,PI3-K/Akt,-0.13193452,0.028983305,6,18,135,24,111,0,0,0.1,0,0,0,0,0,0.5232736560854233,0.1370150114166796,0.8632318487685288,1.817269054030224,EGFR_mut x IRS1_mut,EGFR,mut,IRS1,mut,EGFR_mut,IRS1_mut,0.015231088653502626,0.365546128,0.032641558,0.001609052,0.2586055060366236,0.2586055060366236,0.5873622326811997,124
CD437,Nuclear receptor signaling,-0.037322997,1,17,51,1224,229,995,0,0,0.1,0,0,0,0,0,0.48289621075424444,0.13439455501280936,0.8716183263401823,2.1512217656950883,GPS2_del x RARA_amp,GPS2,del,RARA,amp,GPS2_del,RARA_amp,0.00705957,0.5742202312240087,0.026726355357693805,0.001454652,0.2586055060366236,0.2586055060366236,0.5873622326811997,124
CD437,Histone methyltransferase subcomplex,0.2910030458040357,5.81756864903582e-14,6,18,135,45,89,1,0,0.1,0,0,0,0,0,0.4661416458279295,0.1396809102571747,0.8548629434668275,1.9183573530487816,KDM6A_del x KMT2D_mut,KDM6A,del,KMT2D,mut,KDM6A_del,KMT2D_mut,0.012068204114081663,0.4189241441420518,0.017863910801471625,0.001437366,0.2586055060366236,0.2586055060366236,0.5873622326811997,124
CD437,Checkpoint-regulated DNA repair,0.007755585,1,41,120,7023,1321,5680,22,0,0.1,0,0,0,0,0,0.46311383054131094,0.1350513725600316,0.8695009976133784,2.919561673329218,CCND3_amp x E2F1_amp,CCND3,amp,E2F1,amp,CCND3_amp,E2F1_amp,0.001203478,0.805115637,0.026474727555836977,0.001351266,0.2586055060366236,0.2586055060366236,0.5873622326811997,124
CD437,Extracellular matrix organization,0.013541153,1,13,39,702,99,603,0,0,0.1,0,0,0,0,0,0.4521994353845225,0.14148437438074163,0.8492915212346595,2.2211847040533783,FOXA1_amp x TNF_amp,FOXA1,amp,TNF,amp,FOXA1_amp,TNF_amp,0.006009181,0.505356338,0.027273957978510975,0.001351924,0.2586055060366236,0.2586055060366236,0.5873622326811997,124
CD437,RNA processing 1,0.031866363,1,30,89,3828,598,3206,24,0,0.1,0,0,0,0,0,0.40011141723526916,0.1437158853568654,0.8424952253136788,2.930624006337155,TP53_del x U2AF1_del,TP53,del,U2AF1,del,TP53_del,U2AF1_del,0.001173211,0.7015799637915034,0.024148290654731158,0.001131988,0.2586055060366236,0.2586055060366236,0.5873622326811997,124
CD437,Cell-extracellular matrix interactions,-0.02306113,1,5,15,90,4,86,0,0,0.1,0,0,0,0,0,0.5625095092619484,0.16105218804314606,0.7930333705114154,1.265093465907571,CASR_amp x PALLD_del,CASR,amp,PALLD,del,CASR_amp,PALLD_del,0.054313342942710216,0.21725337177084086,0.034265815766954894,0.001665206,0.2615227898781966,0.2615227898781966,0.5824904594273692,124
CD437,MutL alpha/beta complex,0.03995795,1,5,15,90,16,74,0,0,0.1,0,0,0,0,0,0.5357024281258432,0.17119231967417614,0.7665157232917242,1.5390726499165739,BRCA1_mut x BRIP1_mut,BRCA1,mut,BRIP1,mut,BRCA1_mut,BRIP1_mut,0.028901963623192615,0.46243141797108184,0.031297668389087756,0.001581804,0.2615227898781966,0.2615227898781966,0.5824904594273692,124
CD437,Actin cytoskeleton,-0.012416997,1,5,15,90,11,79,0,0,0.1,0,0,0,0,0,0.49430274313217654,0.15715918455118172,0.8036602332697557,1.569832454214275,NFE2L2_mut x PIK3CA_mut,NFE2L2,mut,PIK3CA,mut,NFE2L2_mut,PIK3CA_mut,0.026925733672294283,0.2961830703952371,0.033523205,0.001511926,0.2615227898781966,0.2615227898781966,0.5824904594273692,124
CD437,Extended cohesin complex,0.039370356,1,6,18,135,39,96,0,0,0.1,0,0,0,0,0,0.4749618666393249,0.16889042821546346,0.7723949631643447,1.8223267105534497,STAG1_mut x STAG2_del,STAG1,mut,STAG2,del,STAG1_mut,STAG2_del,0.015054741037607093,0.5064424672807744,0.024980614,0.001408691,0.2615227898781966,0.2615227898781966,0.5824904594273692,124
CD437,Ubiquitin regulation of p53 activity,-0.226818119,2.829610123988857e-08,9,25,277,24,253,0,0,0.1,0,0,0,0,0,0.47477727676692655,0.14836789476873935,0.8286600655882568,1.7425818808804865,FBXW7_del x VHL_del,FBXW7,del,VHL,del,FBXW7_del,VHL_del,0.018089148294694844,0.2771761951102435,0.029757639929727568,0.001395895,0.2615227898781966,0.2615227898781966,0.5824904594273692,124
CD437,Regulation of androgen receptor signaling pathway,-0.126232548,0.053658016,5,15,90,28,62,0,0,0.1,0,0,0,0,0,0.46569878783101665,0.16465252270776826,0.7834316109000229,1.6122073368013434,ANKRD11_amp x NCOR2_mut,ANKRD11,amp,NCOR2,mut,ANKRD11_amp,NCOR2_mut,0.024422643,0.30901532859050646,0.029263044,0.001334962,0.2615227898781966,0.2615227898781966,0.5824904594273692,124
CD437,Extracellular matrix,0.088176208,1,8,24,252,20,232,0,0,0.1,0,0,0,0,0,0.4536501533722193,0.1811469905511229,0.7419688766330188,1.5930674737209782,GREM1_del x PALLD_del,GREM1,del,PALLD,del,GREM1_del,PALLD_del,0.025523047,0.5037941870233232,0.027066959397770318,0.001326895,0.2615227898781966,0.2615227898781966,0.5824904594273692,124
CD437,EGFR-MAPK signaling,-0.091676368,1,23,68,2211,356,1846,9,0,0.1,0,0,0,0,0,0.45022932645993724,0.1607370816071163,0.7938839211234354,2.3085624063440657,BRAF_amp x KRAS_amp,BRAF,amp,KRAS,amp,BRAF_amp,KRAS_amp,0.004914028,0.7333171325245879,0.027639846,0.001287758,0.2615227898781966,0.2615227898781966,0.5824904594273692,124
CD437,Phosphatase 2A catalytic subunit,0.185375954,2.7690641069666452e-05,5,15,90,16,73,1,0,0.1,0,0,0,0,0,0.4459020207728448,0.16278706430966527,0.7883801087965477,1.6128188584956586,PPP2R1A_amp x PPP2R2A_amp,PPP2R1A,amp,PPP2R2A,amp,PPP2R1A_amp,PPP2R2A_amp,0.024388278260492346,0.2824517961297029,0.030276881443237737,0.001267098,0.2615227898781966,0.2615227898781966,0.5824904594273692,124
CD437,Metabolic pathways,0.1251528612329049,0.060217579,12,36,594,82,512,0,0,0.1,0,0,0,0,0,0.43566713489951336,0.17852614503050482,0.7482981727674907,1.9107366625481124,MST1_del x TPMT_amp,MST1,del,TPMT,amp,MST1_del,TPMT_amp,0.012281837230857752,0.634688942,0.028714443,0.001245553,0.2615227898781966,0.2615227898781966,0.5824904594273692,124
CD437,Mediator complex,-0.165758329,0.000455835,6,18,135,21,113,1,0,0.1,0,0,0,0,0,0.43424955903783524,0.15722755623515347,0.8034713357007219,1.863409256157217,CDK8_del x FBXW7_del,CDK8,del,FBXW7,del,CDK8_del,FBXW7_del,0.013695905281640566,0.2876140109144519,0.025132454224436815,0.001241316,0.2615227898781966,0.2615227898781966,0.5824904594273692,124
CD437,RNA metabolism,0.093879413,1,22,66,2079,346,1726,7,0,0.1,0,0,0,0,0,0.4263437393004391,0.17547418772803236,0.7557867592650858,2.063186466882453,PRCC_amp x PRKDC_amp,PRCC,amp,PRKDC,amp,PRCC_amp,PRKDC_amp,0.008645966,0.7445588514914319,0.025262959266055506,0.001222084,0.2615227898781966,0.2615227898781966,0.5824904594273692,124
CD437,Metabolism,0.049157667,1,18,53,1326,241,1080,5,0,0.1,0,0,0,0,0,0.42547975179570946,0.18137870910907183,0.7414136933460366,2.0737960068680374,CYP3A5_amp x FGF23_amp,CYP3A5,amp,FGF23,amp,CYP3A5_amp,FGF23_amp,0.00843731,0.7442831979130472,0.024774665881619987,0.001214758,0.2615227898781966,0.2615227898781966,0.5824904594273692,124
CD437,Ubiquitin regulation of mitophagy,-0.206964055,9.0177448064388e-07,8,20,173,18,155,0,0,0.1,0,0,0,0,0,0.4216249722344566,0.1765744871398364,0.7530720464822177,1.7425818808804865,FBXW7_del x VHL_del,FBXW7,del,VHL,del,FBXW7_del,VHL_del,0.018089148294694844,0.3256046693045072,0.028355136990756702,0.001171535,0.2615227898781966,0.2615227898781966,0.5824904594273692,124
CD437,NeST:29,0.072858985,1,14,40,742,76,665,1,0,0.1,0,0,0,0,0,0.4173742956365486,0.16764034338363493,0.7756214582565595,1.9885297805699687,NOTCH4_amp x VEGFA_amp,NOTCH4,amp,VEGFA,amp,NOTCH4_amp,VEGFA_amp,0.010267630217556964,0.458772021,0.023764827,0.001215131,0.2615227898781966,0.2615227898781966,0.5824904594273692,124
CD437,RTK-JAK-STAT signaling,0.1092583127641221,0.2916210525089566,21,63,1890,228,1659,3,0,0.1,0,0,0,0,0,0.4155349082862006,0.16376414511494125,0.7857811775648793,2.5113595035378693,EGF_del x PIK3R1_del,EGF,del,PIK3R1,del,EGF_del,PIK3R1_del,0.003080637,0.7023851862736152,0.026696143290469272,0.001164418,0.2615227898781966,0.2615227898781966,0.5824904594273692,124
CD437,Oncogene induced senescence,0.017201333,1,7,21,189,44,140,5,0,0.1,0,0,0,0,0,0.41139997183272786,0.16537675100775523,0.7815255444734976,2.0979710693155638,E2F4_del x TFDP1_amp,E2F4,del,TFDP1,amp,E2F4_del,TFDP1_amp,0.007980478,0.3511410530074237,0.023136109088080968,0.001141781,0.2615227898781966,0.2615227898781966,0.5824904594273692,124
CD437,G1/S phase,0.2426571648201077,1.443542396728503e-09,19,56,1485,328,1150,7,0,0.1,0,0,0,0,0,0.4417908946579335,0.1837126302808792,0.7358609848333861,2.097751559916844,MYC_amp x RB1_del,MYC,amp,RB1,del,MYC_amp,RB1_del,0.007984513,0.7898787777575995,0.024804582692813697,0.001272196,0.2618432891359658,0.2618432891359658,0.5819585522897696,124
CD437,NeST:78,0.003368333,1,10,30,405,118,287,0,0,0.1,0,0,0,0,0,0.4414949903097575,0.20006672049130123,0.698825147,1.8497063047775975,CDK12_amp x NF1_amp,CDK12,amp,NF1,amp,CDK12_amp,NF1_amp,0.014134931078453454,0.76472429,0.023666628525704475,0.001277885,0.26862457680360347,0.26862457680360347,0.5708542556959569,124
CD437,RNA processing 2,0.024483534,1,15,45,945,128,815,2,0,0.1,0,0,0,0,0,0.4270348471256178,0.20146843260270259,0.695792992,1.841420379590178,UPF1_amp x ZRSR2_del,UPF1,amp,ZRSR2,del,UPF1_amp,ZRSR2_del,0.014407201172439975,0.8165720128487087,0.029045914,0.001208061,0.26862457680360347,0.26862457680360347,0.5708542556959569,124
CD437,Regulation of E2F transcription via DREAM complex,0.075247051,1,11,33,495,111,377,7,0,0.1,0,0,0,0,0,0.4092294902272948,0.1974624048042332,0.7045155782160935,2.0979710693155638,E2F4_del x TFDP1_amp,E2F4,del,TFDP1,amp,E2F4_del,TFDP1_amp,0.007980478,0.7428775557324994,0.0235245,0.001151378,0.26862457680360347,0.26862457680360347,0.5708542556959569,124
CD437,Regulation of beta catenin transcription,0.056653217,1,7,21,189,35,154,0,0,0.1,0,0,0,0,0,0.4084998740812476,0.19959380907905788,0.6998529336122793,1.5800933936698607,CTNNA1_amp x EGFR_amp,CTNNA1,amp,EGFR,amp,CTNNA1_amp,EGFR_amp,0.026297024218054185,0.5407220027300933,0.022533308088094096,0.001195489,0.26862457680360347,0.26862457680360347,0.5708542556959569,124
CD437,Regulation of mRNA processing,0.044436741,1,7,21,189,37,152,0,0,0.1,0,0,0,0,0,0.40056030835327977,0.20019998028374428,0.6985359696272371,1.8543119112149271,SF1_amp x SPEN_amp,SF1,amp,SPEN,amp,SF1_amp,SPEN_amp,0.013985825,0.5174755238442014,0.030662899,0.001118288,0.26862457680360347,0.26862457680360347,0.5708542556959569,124
CD437,Beta-catenin,-0.173886554,0.000147832,5,14,78,21,57,0,0,0.1,0,0,0,0,0,0.40004009503129623,0.19831810695878832,0.7026376317690575,1.5793125555306529,AMER1_amp x MYC_amp,AMER1,amp,MYC,amp,AMER1_amp,MYC_amp,0.026344347383886274,0.35548855505286237,0.028428915,0.001075768,0.26862457680360347,0.26862457680360347,0.5708542556959569,124
CD437,Mediator/CCR-NOT complex,-0.170204263,0.000247744,9,27,324,43,280,1,0,0.1,0,0,0,0,0,0.40858549841600544,0.20514979825822377,0.6879289057766848,1.863409256157217,CDK8_del x FBXW7_del,CDK8,del,FBXW7,del,CDK8_del,FBXW7_del,0.013695905281640566,0.5889239271105443,0.025132454224436815,0.00114238,0.27062313812786964,0.27062313812786964,0.5676350742141484,124
CD437,Histone methyltransferase complex,0.100162,0.661919738,11,31,435,134,300,1,0,0.1,0,0,0,0,0,0.3682501226277882,0.20834810305236984,0.6812104493110401,1.9183573530487816,KDM6A_del x KMT2D_mut,KDM6A,del,KMT2D,mut,KDM6A_del,KMT2D_mut,0.012068204114081663,0.7299455022653649,0.018800959,0.001030404,0.2719491029315143,0.2719491029315143,0.5655123694376529,124
CD437,Polybromo- and BAF containing complex,0.048246765,1,12,35,561,100,461,0,0,0.1,0,0,0,0,0,0.4374835386592363,0.21592614468314678,0.6656947694110957,1.6747525607636837,ARID2_mut x CHD4_amp,ARID2,mut,CHD4,amp,ARID2_mut,CHD4_amp,0.021146935430995495,0.779938809,0.026016780155266865,0.001266713,0.2789046035490646,0.2789046035490646,0.5545443172884291,124
CD437,Lymphoid JAK/STAT signaling,0.013201772,1,16,48,1080,98,976,6,0,0.1,0,0,0,0,0,0.43676746695690294,0.21895701,0.6596411470343432,1.561467531,IL6R_amp x PIK3R1_del,IL6R,amp,PIK3R1,del,IL6R_amp,PIK3R1_del,0.027449376,0.7677362848334848,0.032205563,0.001242807,0.27990380601528003,0.27990380601528003,0.5529911961383529,124
CD437,Homologous recombination,0.033697067,1,12,36,594,110,478,6,0,0.1,0,0,0,0,0,0.41946407816932424,0.2237723822582101,0.6501935146485492,1.7373342325987533,FANCD2_del x TP53_mut,FANCD2,del,TP53,mut,FANCD2_del,TP53_mut,0.018309048,0.7402508300212671,0.028163788175029916,0.001177234,0.28314056530630666,0.28314056530630666,0.5479979051788091,124
CD437,Resolution of D-loop structures,0.1657409030394128,0.000457748,9,27,324,55,264,5,0,0.1,0,0,0,0,0,0.40618164572453386,0.2352433338875921,0.628482674,1.7373342325987533,FANCD2_del x TP53_mut,FANCD2,del,TP53,mut,FANCD2_del,TP53_mut,0.018309048,0.8460009485957338,0.026515749,0.001117711,0.29464821618243864,0.29464821618243864,0.5306961838051079,124
CD437,MAPK signaling,-0.19409118,7.243626575892392e-06,6,18,135,17,118,0,0,0.1,0,0,0,0,0,0.41579322012946374,0.24853709517091552,0.6046087818774677,1.292820532845751,FGFR2_amp x KRAS_mut,FGFR2,amp,KRAS,mut,FGFR2_amp,KRAS_mut,0.050954138962257534,0.6160338478963014,0.022703329465123507,0.001154378,0.30818599801193525,0.30818599801193525,0.5111870967152327,124
CD437,p53 regulation of cell cycle,-0.201520509,2.2102003258694936e-06,5,15,90,29,60,1,0,0.1,0,0,0,0,0,0.34812062659503756,0.2652076691078136,0.5764139214322446,1.5882206868545012,CDKN1A_amp x TP53_mut,CDKN1A,amp,TP53,mut,CDKN1A_amp,TP53_mut,0.025809483,0.7484750208557969,0.019600463,0.000908868,0.3256014947462267,0.3256014947462267,0.48731361,124
CD437,ECM-cytoskeleton assembly,0.2608721058154949,3.7028824451113e-11,6,18,135,12,123,0,0,0.1,0,0,0,0,0,0.3818449635915296,0.2904853818517355,0.536875718,1.1216555888148936,PDGFRB_amp x TNF_amp,PDGFRB,amp,TNF,amp,PDGFRB_amp,TNF_amp,0.075569128,0.7009638361750148,0.025804855787839052,0.001030672,0.34349931754328633,0.34349931754328633,0.46407412145007654,124
CD437,H3 acetylation and H3K4 methylation crosstalk,0.062012924,1,5,13,66,22,43,1,0,0.1,0,0,0,0,0,0.37871595013099707,0.2862479094735098,0.5432576763810836,1.3043425306810752,CTNNB1_del x TP53_mut,CTNNB1,del,TP53,mut,CTNNB1_del,TP53_mut,0.049620081,0.8323026680528552,0.023899349635275256,0.000986276,0.34349931754328633,0.34349931754328633,0.46407412145007654,124
CD437,Transcription elongation,-0.043412898,1,8,24,252,42,207,3,0,0.1,0,0,0,0,0,0.3767041731959492,0.28524184522421303,0.544786763,1.5853084555959445,CDC73_amp x SETD2_mut,CDC73,amp,SETD2,mut,CDC73_amp,SETD2_mut,0.025983134678357334,0.8876791334613917,0.027584771446693492,0.000979373,0.34349931754328633,0.34349931754328633,0.46407412145007654,124
CD437,BAF (SWI/SNF) complex,0.054866935,1,8,24,252,40,212,0,0,0.1,0,0,0,0,0,0.35491310557895706,0.2908914660406832,0.5362690195772969,1.4608965466220074,ARID1A_mut x ARID2_mut,ARID1A,mut,ARID2,mut,ARID1A_mut,ARID2_mut,0.034602179393236156,0.8071219799209804,0.020146356357696675,0.000973169,0.34349931754328633,0.34349931754328633,0.46407412145007654,124
CD437,PML body,0.033925771,1,9,27,324,53,270,1,0,0.1,0,0,0,0,0,0.347362697,0.29363651338377705,0.5321899413475413,1.4117981507940358,HDAC1_del x PARP1_amp,HDAC1,del,PARP1,amp,HDAC1_del,PARP1_amp,0.038743767441631896,0.9847091676976627,0.02152099,0.000916176,0.34349931754328633,0.34349931754328633,0.46407412145007654,124
CD437,Nuclear pore,0.074235843,1,5,15,90,20,70,0,0,0.1,0,0,0,0,0,0.4017827207603955,0.302654025,0.5190535453866145,1.0098236107138607,NUP93_amp x XPO1_amp,NUP93,amp,XPO1,amp,NUP93_amp,XPO1_amp,0.097763421,0.6474207678256764,0.030607844408231798,0.00108587,0.35029129664427117,0.35029129664427117,0.4555706530514868,124
CD437,Ribosome abundance control,0.094347561,1,12,36,594,73,519,2,0,0.1,0,0,0,0,0,0.34741028614161445,0.3050924196579136,0.5155685827267722,1.5611035645526516,RHOA_del x TNF_amp,RHOA,del,TNF,amp,RHOA_del,TNF_amp,0.027472389513640113,0.9911486465275374,0.021663740573342312,0.000906184,0.35029129664427117,0.35029129664427117,0.4555706530514868,124
CD437,Protein nuclear transport,0.1474576541467416,0.004802169,6,18,135,25,110,0,0,0.1,0,0,0,0,0,0.40006332692205304,0.3147758794679037,0.5019985539982744,1.0098236107138607,NUP93_amp x XPO1_amp,NUP93,amp,XPO1,amp,NUP93_amp,XPO1_amp,0.097763421,0.768517871,0.027403462482538405,0.001054448,0.35116197947754196,0.35116197947754196,0.4544925115499843,124
CD437,Nuclear transport,-0.020983634,1,7,21,189,32,157,0,0,0.1,0,0,0,0,0,0.3879132286975681,0.3133613913101351,0.5039545132084262,1.0098236107138607,NUP93_amp x XPO1_amp,NUP93,amp,XPO1,amp,NUP93_amp,XPO1_amp,0.097763421,0.7769049213908117,0.02690149,0.001031182,0.35116197947754196,0.35116197947754196,0.4544925115499843,124
CD437,SMAD-TGFbeta signaling,-0.182640206,4.1573433044117536e-05,6,18,135,16,117,2,0,0.1,0,0,0,0,0,0.3770917855185822,0.3159244002382554,0.5004168303164445,1.1112555977112226,CREBBP_amp x SMAD4_del,CREBBP,amp,SMAD4,del,CREBBP_amp,SMAD4_del,0.077400613,0.7513944892775142,0.028257970567826717,0.000976166,0.35116197947754196,0.35116197947754196,0.4544925115499843,124
CD437,Culin-RIng uniqutin ligase complex,-0.168182849,0.000327495,8,23,231,23,208,0,0,0.1,0,0,0,0,0,0.33213316,0.31717856210874756,0.4986961740420378,1.262578149888795,TET2_del x VHL_del,TET2,del,VHL,del,TET2_del,VHL_del,0.054628823823329765,0.8749810396981241,0.016564579597176273,0.000880675,0.35116197947754196,0.35116197947754196,0.4544925115499843,124
CD437,Histone modifications in DNA damage response,-0.061134019,1,6,14,79,8,71,0,0,0.1,0,0,0,0,0,0.3918245752907369,0.3268910624790791,0.48559695329261837,0.8877593164700185,CASP8_amp x CTCF_amp,CASP8,amp,CTCF,amp,CASP8_amp,CTCF_amp,0.12949132761998627,0.6735224624765674,0.024144046738605724,0.000993894,0.35871231634872397,0.35871231634872397,0.44525371161380306,124
CD437,RBL-TP53 complex,0.086202095,1,5,15,90,24,65,1,0,0.1,0,0,0,0,0,0.3324412019479242,0.33601632648587343,0.47363962043615915,1.2557601,E2F4_del x TP53_mut,E2F4,del,TP53,mut,E2F4_del,TP53_mut,0.055493217,0.9236344052869924,0.021219980723193484,0.000832956,0.36549144284428337,0.36549144284428337,0.4371227866103967,124
CD437,Extended PRC1 complex,0.1834551867736596,3.69071041894653e-05,8,24,252,60,192,0,0,0.1,0,0,0,0,0,0.3430862520442984,0.35048546170614847,0.455329992,1.1889766911842206,BCORL1_del x TNF_amp,BCORL1,del,TNF,amp,BCORL1_del,TNF_amp,0.064717735,0.929064632,0.024825524949002538,0.00086904,0.37791475870923835,0.37791475870923835,0.4226061472446076,124
CD437,PcG protein complex,-0.088321019,1,9,27,324,77,247,0,0,0.1,0,0,0,0,0,0.32235326625969835,0.36911818456406986,0.43283455881058897,1.1889766911842206,BCORL1_del x TNF_amp,BCORL1,del,TNF,amp,BCORL1_del,TNF_amp,0.064717735,0.9804139565707257,0.023371646846133586,0.000807952,0.3945746110857299,0.3945746110857299,0.40387086287527235,124
CD437,MHC class I including non-classical MHCs,-0.101167329,0.6056614202666548,8,24,252,24,210,18,0,0.1,0,0,0,0,0,0.36811822709915787,0.3807166128047024,0.41939817206402336,0.8600853466695056,HLA-G_amp x TAP2_amp,HLA-G,amp,TAP2,amp,HLA-G_amp,TAP2_amp,0.13801130209438472,0.7550271475487748,0.036948542,0.000863334,0.40349452981011197,0.40349452981011197,0.39416234864794997,124
CD437,Spliceosomal complex,0.004642687,1,6,18,135,24,111,0,0,0.1,0,0,0,0,0,0.3040850306881577,0.3937314927756094,0.40479984659746004,0.9781672363891344,CDC73_amp x SF3B1_mut,CDC73,amp,SF3B1,mut,CDC73_amp,SF3B1_mut,0.10515568665195119,0.8862659012073506,0.015978458394267682,0.000719162,0.4137517381709794,0.4137517381709794,0.3832601687413504,124
CD437,Interferon signaling,0.048273668,1,8,24,252,8,232,12,0,0.1,0,0,0,0,0,0.29383101650059484,0.3970928582844663,0.4011079236526586,0.948002421,IRF2_del x PML_del,IRF2,del,PML,del,IRF2_del,PML_del,0.11271911713882843,0.7762607285265615,0.023652507733394994,0.000670854,0.41377743216196483,0.41377743216196483,0.38323319988295435,124
CD437,TGF-beta/Smad signaling,-0.117549532,0.1308941499273288,7,21,189,22,165,2,0,0.1,0,0,0,0,0,0.28059369987631755,0.4280051335358085,0.3685510219847158,0.8835989647743512,SMAD3_amp x SMAD4_del,SMAD3,amp,SMAD4,del,SMAD3_amp,SMAD4_del,0.13073775865490267,0.9772216970022174,0.015925581,0.000665586,0.44195928549391095,0.44195928549391095,0.3546177372114603,124
CD437,Actin and actin-associated proteins,0.068417477,1,5,15,90,11,79,0,0,0.1,0,0,0,0,0,0.23568016705591183,0.4312667221351873,0.3652540520572453,1.022171365766789,PIK3CA_amp x TPM1_amp,PIK3CA,amp,TPM1,amp,PIK3CA_amp,TPM1_amp,0.095022977,0.9703317574466765,0.013494321198226498,0.000548853,0.44195928549391095,0.44195928549391095,0.3546177372114603,124
CD437,Type I interferon signaling pathway,0.1773677444930938,9.005966766384432e-05,7,21,189,1,176,12,0,0.1,0,0,0,0,0,0.2694842913236233,0.5376698805933959,0.2694842913236233,0.2694842913236233,PML_amp x TNF_amp,PML,amp,TNF,amp,PML_amp,TNF_amp,0.5376698805933959,0.5376698805933959,0.027454901091676785,0.000480018,0.5464841409309926,0.5464841409309926,0.2624224368361364,124
CD437,Structural constituent of muscle,0.040212779,1,6,18,135,9,126,0,0,0.1,0,0,0,0,0,0.23519928807767954,0.5520421513364216,0.2580277603253093,0.4164446018007148,C8orf34_amp x FBXO11_amp,C8orf34,amp,FBXO11,amp,C8orf34_amp,FBXO11_amp,0.38331463253887144,0.9095614969889372,0.021840699128131667,0.000454351,0.5565302989082624,0.5565302989082624,0.25451118660247213,124
CD437,Contractile fiber,0.097639757,0.8220564409355398,5,15,90,7,83,0,0,0.1,0,0,0,0,0,0.20055836479581177,0.5975090161357905,0.2236555370267217,0.404616238,C8orf34_amp x GALNT12_amp,C8orf34,amp,GALNT12,amp,C8orf34_amp,GALNT12_amp,0.39389798768790263,0.939815788,0.014625638389584975,0.000366583,0.5975090161357905,0.5975090161357905,0.2236555370267217,124
Camptothecin,Beta-catenin destruction complex,-0.009762511,1,5,15,90,9,81,0,0,0.1,1,1,0.011111111111111112,0.011111111111111112,0.1111111111111111,0.7474261705263348,0.006761188,2.1699770007638923,3.112294266374294,APC_del x CTNNB1_del,APC,del,CTNNB1,del,APC_del,CTNNB1_del,0.000772157,0.006949415,0.026406211,0.002435155,0.27418940476245723,0.27418940476245723,0.5619493312463708,124
Camptothecin,Regulation of beta catenin transcription,0.009929552,1,7,21,189,42,147,0,0,0.1,1,1,0.005291005,0.005291005,0.023809523809523808,0.4987963381685574,0.026665028825912155,1.5740579424919683,3.112294266374294,APC_del x CTNNB1_del,APC,del,CTNNB1,del,APC_del,CTNNB1_del,0.000772157,0.032430603,0.023639729,0.00142838,0.27418940476245723,0.27418940476245723,0.5619493312463708,124
Camptothecin,NeST:163,0.044220347,1,7,21,189,41,148,0,0,0.1,1,1,0.005291005,0.005291005,0.024390243902439025,0.4407105243033823,0.038629670824424756,1.4130789925992906,2.966150611793948,ANKRD11_amp x TBL1XR1_amp,ANKRD11,amp,TBL1XR1,amp,ANKRD11_amp,TBL1XR1_amp,0.001081059,0.044323418,0.028700837109804766,0.001174959,0.27418940476245723,0.27418940476245723,0.5619493312463708,124
Camptothecin,Epithelial differentiation,-0.093655035,1,8,23,231,53,178,0,0,0.1,1,1,0.004329004,0.004329004,0.018867924528301886,0.559620854,0.019990333618979925,1.6991799578742288,3.3717522243669498,ALOX12B_amp x FLG_amp,ALOX12B,amp,FLG,amp,ALOX12B_amp,FLG_amp,0.000424862,0.022517680112835666,0.029002454,0.001591575,0.27418940476245723,0.27418940476245723,0.5619493312463708,124
Camptothecin,Wnt/beta-catenin,-0.045117619,1,8,24,252,30,222,0,0,0.1,1,1,0.003968254,0.003968254,0.033333333,0.5137469789056793,0.021474612681032745,1.6680746604190548,3.112294266374294,APC_del x CTNNB1_del,APC,del,CTNNB1,del,APC_del,CTNNB1_del,0.000772157,0.023164716,0.026525511501702834,0.001396483,0.27418940476245723,0.27418940476245723,0.5619493312463708,124
Camptothecin,Regulation of adherens junction stability,-0.052957217,1,10,30,405,73,330,2,0,0.1,1,1,0.002469136,0.002469136,0.01369863,0.4117439096019613,0.039313238591415174,1.405461177893319,3.112294266374294,APC_del x CTNNB1_del,APC,del,CTNNB1,del,APC_del,CTNNB1_del,0.000772157,0.056367477,0.019826217949185564,0.001093586,0.27418940476245723,0.27418940476245723,0.5619493312463708,124
Camptothecin,Apoptosis Regulation,-0.071325014,1,13,37,631,104,521,6,0,0.1,1,1,0.001584786,0.001584786,0.009615385,0.4189223337804233,0.058326692,1.234132650751703,3.1306184340014487,MCL1_amp x TP53_amp,MCL1,amp,TP53,amp,MCL1_amp,TP53_amp,0.000740255,0.076986558,0.021091054,0.001073536,0.27418940476245723,0.27418940476245723,0.5619493312463708,124
Camptothecin,EMT,-0.047498387,1,14,42,819,129,688,2,0,0.1,1,1,0.001221001,0.001221001,0.007751938,0.4751907509777101,0.051319704,1.2897158577366674,3.112294266374294,APC_del x CTNNB1_del,APC,del,CTNNB1,del,APC_del,CTNNB1_del,0.000772157,0.099608281,0.023488515689486227,0.00129981,0.27418940476245723,0.27418940476245723,0.5619493312463708,124
Camptothecin,Homologous recombination (HR) and Fanconi Anemia repair,0.061298891,1,29,86,3570,671,2887,12,0,0.1,1,1,0.000280112,0.000280112,0.001490313,0.4682050537096504,0.028032407400579638,1.5523396037776396,4.289642959822579,ATM_mut x FANCA_amp,ATM,mut,FANCA,amp,ATM_mut,FANCA_amp,5.1328318859041554e-05,0.034441302,0.024789650955004405,0.001222911,0.27418940476245723,0.27418940476245723,0.5619493312463708,124
Camptothecin,Beta-catenin,0.006644447,1,5,14,78,20,58,0,0,0.1,0,0,0,0,0,0.6051985636356909,0.055738249222624464,1.253846676901773,2.2059392544774954,AMER1_del x MYC_amp,AMER1,del,MYC,amp,AMER1_del,MYC_amp,0.006223873,0.10088450685126946,0.023997813265251265,0.001821824,0.27418940476245723,0.27418940476245723,0.5619493312463708,124
Camptothecin,PML body,0.070057015,1,9,27,324,61,262,1,0,0.1,0,0,0,0,0,0.5980809021990957,0.06659955,1.1765287071988944,2.576325827205742,CREBBP_mut x TERT_amp,CREBBP,mut,TERT,amp,CREBBP_mut,TERT_amp,0.002652615,0.16180949698595667,0.034544761,0.001691796,0.27418940476245723,0.27418940476245723,0.5619493312463708,124
Camptothecin,Spliceosomal complex,-0.024832963,1,6,18,135,22,111,2,0,0.1,0,0,0,0,0,0.5965016404279319,0.14635858902662688,0.8345817859912773,1.4407847454332883,CDC73_amp x ZRSR2_del,CDC73,amp,ZRSR2,del,CDC73_amp,ZRSR2_del,0.036242259,0.31681530634607097,0.032528947,0.001645583,0.27418940476245723,0.27418940476245723,0.5619493312463708,124
Camptothecin,MutS homologs,-0.024063283,1,5,15,90,16,72,2,0,0.1,0,0,0,0,0,0.5925931662088693,0.167851687,0.7750742886492061,1.2766474885098207,MSH6_mut x PMS2_amp,MSH6,mut,PMS2,amp,MSH6_mut,PMS2_amp,0.052887436,0.4190276159728799,0.041028458,0.001639966,0.27418940476245723,0.27418940476245723,0.5619493312463708,124
Camptothecin,RBL-TP53 complex,-0.130085271,0.030898205,5,14,78,26,51,1,0,0.1,0,0,0,0,0,0.5511626118024345,0.05755697,1.239902075697398,2.237901565,E2F1_amp x RBL1_amp,E2F1,amp,RBL1,amp,E2F1_amp,RBL1_amp,0.005782271,0.11329488897264134,0.019673253882143495,0.001627143,0.27418940476245723,0.27418940476245723,0.5619493312463708,124
Camptothecin,Regulation of TP53 Activity,-0.009544348,1,11,33,495,107,385,3,0,0.1,0,0,0,0,0,0.5416423411028496,0.090945896,1.0412168917857159,2.5051188556751507,JUN_amp x SMARCA4_amp,JUN,amp,SMARCA4,amp,JUN_amp,SMARCA4_amp,0.003125224,0.3343989630197147,0.027877742596600794,0.001483409,0.27418940476245723,0.27418940476245723,0.5619493312463708,124
Camptothecin,Endoplasmic Reticulum protein processing,-0.039250706,1,6,18,135,34,101,0,0,0.1,0,0,0,0,0,0.5396954340003953,0.070675198,1.1507329686466186,2.5171096828781034,ARFRP1_amp x SEC23B_amp,ARFRP1,amp,SEC23B,amp,ARFRP1_amp,SEC23B_amp,0.003040117,0.10336398257245144,0.027363818858166133,0.001459067,0.27418940476245723,0.27418940476245723,0.5619493312463708,124
Camptothecin,MDM2-p53 pathway,0.041166592,1,8,23,231,71,157,3,0,0.1,0,0,0,0,0,0.5368055776279957,0.087709836,1.056951698958569,2.4259646890266215,ATM_mut x MDM4_amp,ATM,mut,MDM4,amp,ATM_mut,MDM4_amp,0.003750035,0.21473512197084152,0.027984908214154985,0.001461851,0.27418940476245723,0.27418940476245723,0.5619493312463708,124
Camptothecin,NeST:78,-0.040651989,1,10,30,405,107,298,0,0,0.1,0,0,0,0,0,0.5294538566748664,0.11425989712146253,0.9421061713099634,2.1656497778063146,ATRX_del x SPEN_mut,ATRX,del,SPEN,mut,ATRX_del,SPEN_mut,0.006828892,0.4200567951698509,0.027574145,0.001446713,0.27418940476245723,0.27418940476245723,0.5619493312463708,124
Camptothecin,MAPK signaling,-0.209977579,3.845661868950856e-07,6,18,135,16,119,0,0,0.1,0,0,0,0,0,0.5232902505776336,0.18722375357724627,0.7276390520023815,1.5038663497330829,HRAS_del x KRAS_amp,HRAS,del,KRAS,amp,HRAS_del,KRAS_amp,0.031342501,0.5014800181652744,0.032189627,0.001351946,0.27418940476245723,0.27418940476245723,0.5619493312463708,124
Camptothecin,NeST:49,0.002869855,1,8,23,231,23,208,0,0,0.1,0,0,0,0,0,0.5228607921015168,0.096638028,1.0148519421661384,2.192638515661854,ERG_del x FLT1_del,ERG,del,FLT1,del,ERG_del,FLT1_del,0.006417435,0.14760100696861803,0.028288159,0.001398598,0.27418940476245723,0.27418940476245723,0.5619493312463708,124
Camptothecin,Extended mismatch repair complex,0.004742462,1,10,30,405,48,354,3,0,0.1,0,0,0,0,0,0.5222797081898193,0.13142116833594766,0.8813346762445776,1.9620497209986372,MSH2_amp x PMS1_amp,MSH2,amp,PMS1,amp,MSH2_amp,PMS1_amp,0.010913154,0.3908805620402259,0.028842841505651758,0.00142852,0.27418940476245723,0.27418940476245723,0.5619493312463708,124
Camptothecin,PI3-K/Akt,-0.106598318,0.3385111250256549,6,18,135,24,111,0,0,0.1,0,0,0,0,0,0.5222538686596949,0.1431056845454216,0.8443431145443814,1.8376436294673693,INSR_mut x IRS1_mut,INSR,mut,IRS1,mut,INSR_mut,IRS1_mut,0.014533036708821216,0.3487928810117092,0.029864993,0.001425003,0.27418940476245723,0.27418940476245723,0.5619493312463708,124
Camptothecin,Regulation of nuclear protein ubiquitiation,-0.122184942,0.07239641,11,32,465,91,371,3,0,0.1,0,0,0,0,0,0.5215489949233598,0.13690084041006828,0.8635938858007441,1.8207706500253609,BARD1_amp x EGFR_amp,BARD1,amp,EGFR,amp,BARD1_amp,EGFR_amp,0.015108778348289165,0.3466882229347759,0.027006041216147726,0.001424281,0.27418940476245723,0.27418940476245723,0.5619493312463708,124
Camptothecin,Ubiquitin regulation of mitophagy,0.054961146,1,8,20,173,18,154,1,0,0.1,0,0,0,0,0,0.5193829041031026,0.15129384831811143,0.8201787302439185,1.7545396793371928,ELOC_amp x HSP90AA1_amp,ELOC,amp,HSP90AA1,amp,ELOC_amp,HSP90AA1_amp,0.017597878733486675,0.31676181720276014,0.028636159303409264,0.001385611,0.27418940476245723,0.27418940476245723,0.5619493312463708,124
Camptothecin,NeST:195,-0.083587661,1,6,18,135,32,103,0,0,0.1,0,0,0,0,0,0.5157991503018414,0.14092032002666904,0.8510263792173165,1.7699603354972027,FRS2_amp x KRAS_amp,FRS2,amp,KRAS,amp,FRS2_amp,KRAS_amp,0.016983988,0.41452720955653444,0.024417629,0.001408459,0.27418940476245723,0.27418940476245723,0.5619493312463708,124
Camptothecin,ECM-cytoskeleton assembly,0.001092476,1,6,18,135,11,124,0,0,0.1,0,0,0,0,0,0.5083966185924119,0.15779771409667073,0.8018992923965143,1.4731253641516284,PDGFRB_amp x TNF_amp,PDGFRB,amp,TNF,amp,PDGFRB_amp,TNF_amp,0.033641444541711384,0.3475710274950741,0.023496943,0.001382395,0.27418940476245723,0.27418940476245723,0.5619493312463708,124
Camptothecin,Regulation of beta catenin transcriptional activity,0.3072206138489635,0,10,30,405,97,307,1,0,0.1,0,0,0,0,0,0.5080392231166562,0.12350635823784042,0.908310684,2.152399300374806,EP300_mut x KAT6A_mut,EP300,mut,KAT6A,mut,EP300_mut,KAT6A_mut,0.007040455,0.4103735695224455,0.023533926473247518,0.001394241,0.27418940476245723,0.27418940476245723,0.5619493312463708,124
Camptothecin,Histone deacetylase binding,-0.049562918,1,16,47,1035,212,818,5,0,0.1,0,0,0,0,0,0.5066661948689067,0.14194808334792375,0.8478704671539049,2.164854500059989,DNMT1_amp x EZH2_amp,DNMT1,amp,EZH2,amp,DNMT1_amp,EZH2_amp,0.006841408,0.49411494903810865,0.027811243775720407,0.001345337,0.27418940476245723,0.27418940476245723,0.5619493312463708,124
Camptothecin,Homologous recombination,-0.011429555,1,12,36,594,111,478,5,0,0.1,0,0,0,0,0,0.5026606205793365,0.16434169518815286,0.7842522375822834,1.8891632246568826,CHEK1_amp x TP53_mut,CHEK1,amp,TP53,mut,CHEK1_amp,TP53_mut,0.012907340746736889,0.6802144746236838,0.031762756,0.001324922,0.27418940476245723,0.27418940476245723,0.5619493312463708,124
Camptothecin,NeST:80,0.035104365,1,7,21,189,22,167,0,0,0.1,0,0,0,0,0,0.4999034116129781,0.096772432,1.0142483449442823,2.192638515661854,ERG_del x FLT1_del,ERG,del,FLT1,del,ERG_del,FLT1_del,0.006417435,0.14118357188302594,0.027186032,0.001319139,0.27418940476245723,0.27418940476245723,0.5619493312463708,124
Camptothecin,H3 acetylation and H3K4 methylation crosstalk,0.1560896178672282,0.001347276,5,13,66,24,41,1,0,0.1,0,0,0,0,0,0.49988187401075673,0.19082864002802727,0.7193564447644765,1.6235216479385377,CTNNB1_del x TP53_mut,CTNNB1,del,TP53,mut,CTNNB1_del,TP53_mut,0.023794596909276967,0.5710703258226473,0.029323168142440834,0.001266229,0.27418940476245723,0.27418940476245723,0.5619493312463708,124
Camptothecin,RAS-RAF-MAPK,0.035776163,1,7,21,189,35,154,0,0,0.1,0,0,0,0,0,0.49770203633204396,0.1330226895483609,0.8760742755350693,1.7913469711122065,ARAF_del x MAP2K1_amp,ARAF,del,MAP2K1,amp,ARAF_del,MAP2K1_amp,0.016167878203969192,0.338957377,0.022564569473993174,0.001372085,0.27418940476245723,0.27418940476245723,0.5619493312463708,124
Camptothecin,INSR-FOXO,-0.127637201,0.040430172,25,75,2700,357,2341,2,0,0.1,0,0,0,0,0,0.4953729494228141,0.13197522471933673,0.8795075898363063,2.2850110190545894,EBF1_del x PIK3R1_del,EBF1,del,PIK3R1,del,EBF1_del,PIK3R1_del,0.005187869,0.5548869083452396,0.027162612346688233,0.001337751,0.27418940476245723,0.27418940476245723,0.5619493312463708,124
Camptothecin,RNA metabolism,0.1292841125285764,0.033889538,22,65,2016,340,1664,12,0,0.1,0,0,0,0,0,0.49236350826226083,0.12615955325906897,0.8990798575474533,2.2644563143731316,FUS_amp x RBM10_del,FUS,amp,RBM10,del,FUS_amp,RBM10_del,0.005439308,0.5245967734951175,0.023944228310887043,0.001324175,0.27418940476245723,0.27418940476245723,0.5619493312463708,124
Camptothecin,Phosphatase 2A catalytic subunit,-0.164928245,0.000410395,5,15,90,14,75,1,0,0.1,0,0,0,0,0,0.4852951165119605,0.1501681567615947,0.8234221499475728,1.4063652768014188,PPP2R1A_amp x PPP2R1B_amp,PPP2R1A,amp,PPP2R1B,amp,PPP2R1A_amp,PPP2R1B_amp,0.039231482807992275,0.24453261117344643,0.017487365634474266,0.001367792,0.27418940476245723,0.27418940476245723,0.5619493312463708,124
Camptothecin,Protein Transport,-0.116319571,0.1321459626185956,15,45,945,219,725,1,0,0.1,0,0,0,0,0,0.4780901051459322,0.13431974928851595,0.8718601274917742,2.5171096828781034,ARFRP1_amp x SEC23B_amp,ARFRP1,amp,SEC23B,amp,ARFRP1_amp,SEC23B_amp,0.003040117,0.6038790743982586,0.025050066,0.001264562,0.27418940476245723,0.27418940476245723,0.5619493312463708,124
Camptothecin,CDK holoenzyme complex II,0.050778666,1,17,48,1083,221,851,11,0,0.1,0,0,0,0,0,0.4768669082812344,0.077605782,1.1101059230410568,2.8956083200150435,CKS1B_amp x TP53_amp,CKS1B,amp,TP53,amp,CKS1B_amp,TP53_amp,0.001271721,0.1989859238166684,0.021826,0.001263269,0.27418940476245723,0.27418940476245723,0.5619493312463708,124
Camptothecin,Ubiquitin regulation of p53 activity,-0.018778192,1,9,25,277,25,251,1,0,0.1,0,0,0,0,0,0.4762730499810759,0.1803923076732373,0.7437819856759684,1.7545396793371928,ELOC_amp x HSP90AA1_amp,ELOC,amp,HSP90AA1,amp,ELOC_amp,HSP90AA1_amp,0.017597878733486675,0.4399469683371669,0.027398992744504143,0.001225874,0.27418940476245723,0.27418940476245723,0.5619493312463708,124
Camptothecin,Checkpoint-regulated DNA repair,-0.024189663,1,41,118,6790,1385,5384,21,0,0.1,0,0,0,0,0,0.4711346318503786,0.12020244313734334,0.9200867051262598,2.8956083200150435,CKS1B_amp x TP53_amp,CKS1B,amp,TP53,amp,CKS1B_amp,TP53_amp,0.001271721,0.6585589037886787,0.023629261516888746,0.001235307,0.27418940476245723,0.27418940476245723,0.5619493312463708,124
Camptothecin,Positive regulators of transcription,0.064237485,1,15,43,862,214,640,8,0,0.1,0,0,0,0,0,0.4705853320038355,0.11965953602802425,0.9220526854389789,2.576325827205742,CREBBP_mut x TERT_amp,CREBBP,mut,TERT,amp,CREBBP_mut,TERT_amp,0.002652615,0.5116356000489939,0.022921038,0.001252819,0.27418940476245723,0.27418940476245723,0.5619493312463708,124
Camptothecin,Epigenetic modification,-0.076851826,1,30,84,3407,763,2631,13,0,0.1,0,0,0,0,0,0.4701034701253559,0.11286660077697926,0.9474345544807331,2.577994859239638,E2F1_amp x ZNF217_amp,E2F1,amp,ZNF217,amp,E2F1_amp,ZNF217_amp,0.00264244,0.49013405293563367,0.023805262,0.001238615,0.27418940476245723,0.27418940476245723,0.5619493312463708,124
Camptothecin,G1/S phase,0.1583571189839078,0.0010001,19,54,1380,353,1018,9,0,0.1,0,0,0,0,0,0.4683054797546124,0.083765403,1.0769353178536432,2.8956083200150435,CKS1B_amp x TP53_amp,CKS1B,amp,TP53,amp,CKS1B_amp,TP53_amp,0.001271721,0.2500834083909415,0.023187325,0.001230294,0.27418940476245723,0.27418940476245723,0.5619493312463708,124
Camptothecin,Histone methyltransferase complex,0.068719543,1,11,31,435,127,305,3,0,0.1,0,0,0,0,0,0.4681846549944001,0.15699634569689705,0.8041104562668361,2.1990743869027427,KMT2D_amp x MAGI2_amp,KMT2D,amp,MAGI2,amp,KMT2D_amp,MAGI2_amp,0.006323035,0.5929693641088974,0.022990127,0.001219775,0.27418940476245723,0.27418940476245723,0.5619493312463708,124
Camptothecin,Mismatch and excision repair,0.025958578,1,32,95,4371,827,3527,17,0,0.1,0,0,0,0,0,0.4650403862339212,0.10043047912758923,0.9981344653969734,3.3726965189333287,MLH1_amp x TERT_amp,MLH1,amp,TERT,amp,MLH1_amp,TERT_amp,0.000423939,0.3505976418126943,0.02502913,0.00121227,0.27418940476245723,0.27418940476245723,0.5619493312463708,124
Camptothecin,Transcription elongation,0.2099744626005155,3.871365632512891e-07,8,24,252,39,211,2,0,0.1,0,0,0,0,0,0.46497713986157424,0.10705861588898478,0.9703783757075095,2.1580766757030294,CDC73_amp x DNMT3A_amp,CDC73,amp,DNMT3A,amp,CDC73_amp,DNMT3A_amp,0.006949016,0.2566344036970562,0.021397800552891397,0.001264666,0.27418940476245723,0.27418940476245723,0.5619493312463708,124
Camptothecin,MAPK and MAP2K activation,-0.042163817,1,14,41,780,134,641,5,0,0.1,0,0,0,0,0,0.4647384156514222,0.1765481916443004,0.753136726,1.7913469711122065,ARAF_del x MAP2K1_amp,ARAF,del,MAP2K1,amp,ARAF_del,MAP2K1_amp,0.016167878203969192,0.6488612636704597,0.025343205364764934,0.001198813,0.27418940476245723,0.27418940476245723,0.5619493312463708,124
Camptothecin,Integrator-PP2A complex,0.012541593,1,12,35,561,107,451,3,0,0.1,0,0,0,0,0,0.4647206997110219,0.18294025825979193,0.7376907121498313,1.9196914407353958,CCDC6_del x PPP2CA_del,CCDC6,del,PPP2CA,del,CCDC6_del,PPP2CA_del,0.012031189,0.5795632095080256,0.02087343,0.001213157,0.27418940476245723,0.27418940476245723,0.5619493312463708,124
Camptothecin,Mediator/CCR-NOT complex,-0.094776482,0.9667661618062846,9,27,324,50,273,1,0,0.1,0,0,0,0,0,0.46455703071809373,0.13933885677750776,0.8559277570084018,2.2709175882113035,ESR1_del x PNRC1_del,ESR1,del,PNRC1,del,ESR1_del,PNRC1_del,0.005358983,0.2679491700090345,0.029536737,0.001178778,0.27418940476245723,0.27418940476245723,0.5619493312463708,124
Camptothecin,G1 to S cell cycle control,-0.125814368,0.049246709,13,38,666,136,520,10,0,0.1,0,0,0,0,0,0.4640296236147703,0.12026994478616203,0.9198428884068065,2.4777571075488494,CCND3_amp x TP53_mut,CCND3,amp,TP53,mut,CCND3_amp,TP53_mut,0.003328457,0.36009302270549026,0.021661280041558137,0.001215371,0.27418940476245723,0.27418940476245723,0.5619493312463708,124
Camptothecin,Cell Proliferation,-0.158360185,0.000995002,14,41,780,115,655,10,0,0.1,0,0,0,0,0,0.46148729436791625,0.1505697168192509,0.8222623663874973,2.119731495368528,EGFR_amp x ERBB3_amp,EGFR,amp,ERBB3,amp,EGFR_amp,ERBB3_amp,0.007590467,0.5792470079428815,0.022213198080638864,0.001216454,0.27418940476245723,0.27418940476245723,0.5619493312463708,124
Camptothecin,Mitosis,-0.059050346,1,29,83,3324,782,2530,12,0,0.1,0,0,0,0,0,0.4613658684377553,0.080444864,1.0945016758009203,3.148004277,ATM_mut x PARP1_amp,ATM,mut,PARP1,amp,ATM_mut,PARP1_amp,0.000711207,0.36230636003111366,0.022243630209480957,0.001216859,0.27418940476245723,0.27418940476245723,0.5619493312463708,124
Camptothecin,EGFR-MAPK signaling,-0.02044397,1,23,67,2146,356,1783,7,0,0.1,0,0,0,0,0,0.45825265938838006,0.14469930757193547,0.8395335471007763,2.575950149585885,MAP2K2_amp x MDM4_amp,MAP2K2,amp,MDM4,amp,MAP2K2_amp,MDM4_amp,0.00265491,0.6536273549300399,0.024882127022411098,0.001191838,0.27418940476245723,0.27418940476245723,0.5619493312463708,124
Camptothecin,NeST:16,0.027094204,1,22,64,1954,303,1649,2,0,0.1,0,0,0,0,0,0.4574379234585362,0.074645387,1.126997023178193,3.1190506280759336,FGF10_amp x SETBP1_del,FGF10,amp,SETBP1,del,FGF10_amp,SETBP1_del,0.000760238,0.184722932,0.02436805,0.001194376,0.27418940476245723,0.27418940476245723,0.5619493312463708,124
Camptothecin,Chromatin binding,0.068360337,1,91,262,33938,7316,26468,154,0,0.1,0,0,0,0,0,0.45440404152234465,0.075454143,1.1223169109423712,4.395655788279569,ARID1A_del x HDAC1_del,ARID1A,del,HDAC1,del,ARID1A_del,HDAC1_del,4.021093871459591e-05,0.2941832276359837,0.023129025363498895,0.001185152,0.27418940476245723,0.27418940476245723,0.5619493312463708,124
Camptothecin,RTK-JAK-STAT signaling,0.076044326,1,21,63,1890,238,1649,3,0,0.1,0,0,0,0,0,0.4535296329937247,0.13876839593239507,0.8577094318279544,2.4947476365303403,CBL_del x JAK1_amp,CBL,del,JAK1,amp,CBL_del,JAK1_amp,0.003200754,0.46035563813105557,0.02743962,0.001170254,0.27418940476245723,0.27418940476245723,0.5619493312463708,124
Camptothecin,CDK holoenzyme complex I,0.066666577,1,15,43,862,199,653,10,0,0.1,0,0,0,0,0,0.452455183,0.093830358,1.0276566287963236,2.8956083200150435,CKS1B_amp x TP53_amp,CKS1B,amp,TP53,amp,CKS1B_amp,TP53_amp,0.001271721,0.25307238407990296,0.020783063284175143,0.001172349,0.27418940476245723,0.27418940476245723,0.5619493312463708,124
Camptothecin,Regulation of mRNA processing,0.023338885,1,7,21,189,35,153,1,0,0.1,0,0,0,0,0,0.45053250335651546,0.10209890065362137,0.9909789341387151,2.171448739817864,SRSF2_amp x U2AF1_del,SRSF2,amp,U2AF1,del,SRSF2_amp,U2AF1_del,0.006738314,0.2358409983046395,0.019319801,0.001225288,0.27418940476245723,0.27418940476245723,0.5619493312463708,124
Camptothecin,RNA processing 2,0.057797376,1,15,45,945,123,815,7,0,0.1,0,0,0,0,0,0.4469306341161128,0.127954669,0.8929438615897347,2.2644563143731316,FUS_amp x RBM10_del,FUS,amp,RBM10,del,FUS_amp,RBM10_del,0.005439308,0.28729102650774274,0.021885017649885898,0.001165368,0.27418940476245723,0.27418940476245723,0.5619493312463708,124
Camptothecin,Locomotion,-0.107995025,0.2970027003064743,33,99,4752,692,4056,4,0,0.1,0,0,0,0,0,0.44542886959430317,0.15264294520434224,0.8163232629645738,2.4560143901073546,CBL_amp x CDH1_amp,CBL,amp,CDH1,amp,CBL_amp,CDH1_amp,0.003499336,0.7770401304489151,0.022482938559898524,0.00115189,0.27418940476245723,0.27418940476245723,0.5619493312463708,124
Camptothecin,Ubiquitin/Proteasome System,-0.130756768,0.028678671,21,59,1655,226,1417,12,0,0.1,0,0,0,0,0,0.44465636962548966,0.10058712871885772,0.997457589,2.9260257585691973,RIT1_amp x TP53_amp,RIT1,amp,TP53,amp,RIT1_amp,TP53_amp,0.001185698,0.26796784309398725,0.023943301737140404,0.001128472,0.27418940476245723,0.27418940476245723,0.5619493312463708,124
Camptothecin,p53 regulation of cell cycle,-0.073748792,1,5,15,90,29,59,2,0,0.1,0,0,0,0,0,0.4444377172449486,0.19433808373064645,0.711442084,1.7353822707688382,RBL1_amp x TP53_amp,RBL1,amp,TP53,amp,RBL1_amp,TP53_amp,0.018391524,0.5333542095234273,0.025010222018254744,0.001127194,0.27418940476245723,0.27418940476245723,0.5619493312463708,124
Camptothecin,Nuclear transport,0.1584316745986486,0.000990282,7,21,189,24,165,0,0,0.1,0,0,0,0,0,0.4430162234895317,0.1866312088550312,0.7290157308992005,1.5274887581089425,RANBP2_amp x TERT_amp,RANBP2,amp,TERT,amp,RANBP2_amp,TERT_amp,0.029683235787439047,0.36931702163893804,0.022629903469741086,0.00115488,0.27418940476245723,0.27418940476245723,0.5619493312463708,124
Camptothecin,Transcription factor (TF) binding,-0.14159,0.008217561,14,42,819,164,654,1,0,0.1,0,0,0,0,0,0.44075651710473895,0.17145233182692068,0.7658566039134127,2.1150539192524067,CHD4_amp x EP300_mut,CHD4,amp,EP300,mut,CHD4_amp,EP300_mut,0.007672662,0.6542497861421098,0.022815173,0.001124214,0.27418940476245723,0.27418940476245723,0.5619493312463708,124
Camptothecin,Cohesin,-0.119387031,0.096778695,5,15,90,26,62,2,0,0.1,0,0,0,0,0,0.4403701902146473,0.11191308923435966,0.9511191158862123,2.1262246363253436,SMC1A_del x STAG2_del,SMC1A,del,STAG2,del,SMC1A_del,STAG2_del,0.007477826,0.1944234796924998,0.019441535,0.001221002,0.27418940476245723,0.27418940476245723,0.5619493312463708,124
Camptothecin,Transmembrane tyrosine kinase signaling,-0.045015777,1,53,159,12402,1722,10635,45,0,0.1,0,0,0,0,0,0.4398533987281369,0.17268515193247758,0.7627450029711244,2.4947476365303403,CBL_del x JAK1_amp,CBL,del,JAK1,amp,CBL_del,JAK1_amp,0.003200754,0.9407822540344405,0.024620875,0.001122046,0.27418940476245723,0.27418940476245723,0.5619493312463708,124
Camptothecin,Foxo signaling,-0.073019032,1,10,30,405,82,322,1,0,0.1,0,0,0,0,0,0.4396053143633125,0.14870056909437646,0.8276873693793609,2.339483669174559,CDKN1B_amp x EP300_mut,CDKN1B,amp,EP300,mut,CDKN1B_amp,EP300_mut,0.004576319,0.375258193,0.025615577,0.001109636,0.27418940476245723,0.27418940476245723,0.5619493312463708,124
Camptothecin,Cyclin D associated events in G1,-0.177952238,6.424713601682619e-05,27,77,2853,581,2256,16,0,0.1,0,0,0,0,0,0.43882951864387965,0.11865367497664597,0.9257188061414422,2.8956083200150435,CKS1B_amp x TP53_amp,CKS1B,amp,TP53,amp,CKS1B_amp,TP53_amp,0.001271721,0.5231258902148613,0.020210778946413578,0.001129347,0.27418940476245723,0.27418940476245723,0.5619493312463708,124
Camptothecin,Lymphoid JAK/STAT signaling,0.041737745,1,16,47,1035,102,927,6,0,0.1,0,0,0,0,0,0.43850441832285786,0.1540371800007742,0.8123744407199973,2.237053145,IRS2_amp x STAT6_amp,IRS2,amp,STAT6,amp,IRS2_amp,STAT6_amp,0.005793578,0.5909449519413635,0.025383666797445227,0.001140012,0.27418940476245723,0.27418940476245723,0.5619493312463708,124
Camptothecin,Actin filament-based process,-0.105128804,0.3878534607267743,11,33,495,56,439,0,0,0.1,0,0,0,0,0,0.4380327239211649,0.1379518544935022,0.8602724569036706,2.199534976421537,PPP1CB_amp x RAC1_amp,PPP1CB,amp,RAC1,amp,PPP1CB_amp,RAC1_amp,0.006316333,0.3537146524245331,0.020975275491477832,0.00112867,0.27418940476245723,0.27418940476245723,0.5619493312463708,124
Camptothecin,PIK3/AKT signaling,-0.113603294,0.1730952747748133,11,33,495,71,423,1,0,0.1,0,0,0,0,0,0.43323133731806224,0.1533298517269891,0.8143732842962843,2.1810124670500612,PIK3CD_mut x PTEN_mut,PIK3CD,mut,PTEN,mut,PIK3CD_mut,PTEN_mut,0.00659155,0.37161531773999096,0.023181645480603138,0.001087852,0.27418940476245723,0.27418940476245723,0.5619493312463708,124
Camptothecin,Cell motility,0.07786679,1,80,237,27732,3866,23837,29,0,0.1,0,0,0,0,0,0.43108426753192786,0.05571977,1.253990687628858,4.517093298259252,ABL2_amp x CBLB_amp,ABL2,amp,CBLB,amp,ABL2_amp,CBLB_amp,3.040231831083094e-05,0.11753536258967241,0.022490612,0.001105839,0.27418940476245723,0.27418940476245723,0.5619493312463708,124
Camptothecin,Nucleolus,0.095850573,0.8852722318764779,34,99,4755,668,4077,10,0,0.1,0,0,0,0,0,0.4300721336381117,0.15668525372768669,0.804971875,2.4755747098402856,ASNS_amp x SF3B1_amp,ASNS,amp,SF3B1,amp,ASNS_amp,SF3B1_amp,0.003345225,0.8142101189138713,0.022591476,0.00109161,0.27418940476245723,0.27418940476245723,0.5619493312463708,124
Camptothecin,Nuclear pore,-0.182405087,3.307187915502219e-05,5,15,90,15,75,0,0,0.1,0,0,0,0,0,0.43002879953555845,0.18126377959598375,0.741688969,1.5274887581089425,RANBP2_amp x TERT_amp,RANBP2,amp,TERT,amp,RANBP2_amp,TERT_amp,0.029683235787439047,0.3462347077865044,0.022206208,0.001113669,0.27418940476245723,0.27418940476245723,0.5619493312463708,124
Camptothecin,Metabolism,0.076401703,1,18,53,1326,255,1070,1,0,0.1,0,0,0,0,0,0.4253633172243598,0.17868621384071212,0.747908953,2.5249753596857767,GPC3_del x HNF1A_mut,GPC3,del,HNF1A,mut,GPC3_del,HNF1A_mut,0.002985552,0.7613157609296871,0.021863100934507645,0.001063976,0.27418940476245723,0.27418940476245723,0.5619493312463708,124
Camptothecin,Histone acetyltransferase complex,0.045057785,1,14,40,742,117,623,2,0,0.1,0,0,0,0,0,0.4207079289355007,0.18910320567107522,0.7233011089473538,2.0446851625570783,MYC_amp x MYCN_amp,MYC,amp,MYCN,amp,MYC_amp,MYCN_amp,0.00902225,0.8705438874690299,0.022523814,0.001065985,0.27418940476245723,0.27418940476245723,0.5619493312463708,124
Camptothecin,RNA processing 1,0.1255097969606375,0.051078996,30,88,3742,607,3100,35,0,0.1,0,0,0,0,0,0.41949690235362713,0.14136877340881593,0.8496465101566326,2.576325827205742,CREBBP_mut x TERT_amp,CREBBP,mut,TERT,amp,CREBBP_mut,TERT_amp,0.002652615,0.6042876215878193,0.021389885,0.001069674,0.27418940476245723,0.27418940476245723,0.5619493312463708,124
Camptothecin,TNFR/Traf signaling,-0.185874108,1.950583607901457e-05,12,36,594,94,496,4,0,0.1,0,0,0,0,0,0.41701705411051193,0.10183708008034414,0.9920940614672625,2.4401147484627814,TP53_mut x TRAF2_del,TP53,mut,TRAF2,del,TP53_mut,TRAF2_del,0.003629821,0.22445431473018398,0.019324014359064553,0.001071308,0.27418940476245723,0.27418940476245723,0.5619493312463708,124
Camptothecin,Transcription coactivator activity,0.085386075,1,5,12,56,23,30,3,0,0.1,0,0,0,0,0,0.414427035,0.15982489338528877,0.7963555765996898,1.8543830950391365,MED1_del x TP53_mut,MED1,del,TP53,mut,MED1_del,TP53_mut,0.013983532784629002,0.3216212540464671,0.015959257844504502,0.001078926,0.27418940476245723,0.27418940476245723,0.5619493312463708,124
Camptothecin,BAF (SWI/SNF) complex,-0.113631398,0.1726173800642667,8,24,252,48,204,0,0,0.1,0,0,0,0,0,0.41375232628182995,0.172141648,0.7641140426242987,2.084849565,ARID1A_mut x SMARCA4_mut,ARID1A,mut,SMARCA4,mut,ARID1A_mut,SMARCA4_mut,0.008225275,0.39481320717989066,0.023218662,0.001027256,0.27418940476245723,0.27418940476245723,0.5619493312463708,124
Camptothecin,NeST:29,0.1246363782996794,0.056080151,14,40,742,83,659,0,0,0.1,0,0,0,0,0,0.40583991401337266,0.14638062984170347,0.8345163885059694,2.192638515661854,ERG_del x FLT1_del,ERG,del,FLT1,del,ERG_del,FLT1_del,0.006417435,0.3487845034871395,0.021458384,0.001013974,0.27418940476245723,0.27418940476245723,0.5619493312463708,124
Camptothecin,Immune system,0.043382556,1,99,288,41047,4859,35921,267,0,0.1,0,0,0,0,0,0.40536201372440867,0.14725678014959434,0.8319246998429625,3.5322727564539727,IKBKE_amp x TIGIT_amp,IKBKE,amp,TIGIT,amp,IKBKE_amp,TIGIT_amp,0.000293581,0.9959019286696984,0.021916960702425835,0.001005455,0.27418940476245723,0.27418940476245723,0.5619493312463708,124
Camptothecin,Regulation of E2F transcription via DREAM complex,0.003028947,1,11,32,465,115,346,4,0,0.1,0,0,0,0,0,0.4006855810726153,0.15063224341502185,0.8220820557687718,2.237901565,E2F1_amp x RBL1_amp,E2F1,amp,RBL1,amp,E2F1_amp,RBL1_amp,0.005782271,0.501112009,0.020481161713075107,0.001008399,0.27418940476245723,0.27418940476245723,0.5619493312463708,124
Camptothecin,HDACs deacetylate histones,0.051376407,1,16,48,1080,223,854,3,0,0.1,0,0,0,0,0,0.4006377634407612,0.10459044163640491,0.9805080031766129,2.966150611793948,ANKRD11_amp x TBL1XR1_amp,ANKRD11,amp,TBL1XR1,amp,ANKRD11_amp,TBL1XR1_amp,0.001081059,0.24107615228192414,0.02158272,0.001007287,0.27418940476245723,0.27418940476245723,0.5619493312463708,124
Camptothecin,Nuclear receptor signaling,-0.119634401,0.094348983,17,51,1224,230,993,1,0,0.1,0,0,0,0,0,0.3996211383128013,0.11486631288591252,0.9398073192042802,2.966150611793948,ANKRD11_amp x TBL1XR1_amp,ANKRD11,amp,TBL1XR1,amp,ANKRD11_amp,TBL1XR1_amp,0.001081059,0.2486435651338231,0.020003628,0.001005838,0.27418940476245723,0.27418940476245723,0.5619493312463708,124
Camptothecin,Regulation of immune responses,-0.028355941,1,57,168,13863,1537,12121,205,0,0.1,0,0,0,0,0,0.38988247828744266,0.19458602918625997,0.7108883442584373,2.9453759119031915,B2M_del x GATA3_del,B2M,del,GATA3,del,B2M_del,GATA3_del,0.001134029,0.9989785266445722,0.022612016,0.000948034,0.27418940476245723,0.27418940476245723,0.5619493312463708,124
Camptothecin,Extended cohesin complex,0.1393609350301382,0.0107502,6,18,135,42,91,2,0,0.1,0,0,0,0,0,0.37907818346929684,0.15716754124723714,0.803637141,2.1262246363253436,SMC1A_del x STAG2_del,SMC1A,del,STAG2,del,SMC1A_del,STAG2_del,0.007477826,0.31406869796480735,0.017044043783251268,0.000964937,0.27418940476245723,0.27418940476245723,0.5619493312463708,124
Camptothecin,Metabolic pathways,0.028933709,1,12,36,594,84,510,0,0,0.1,0,0,0,0,0,0.3779117820045042,0.13813161738303026,0.8597069030045176,2.5249753596857767,GPC3_del x HNF1A_mut,GPC3,del,HNF1A,mut,GPC3_del,HNF1A_mut,0.002985552,0.25078636830624984,0.020226695,0.00090936,0.27418940476245723,0.27418940476245723,0.5619493312463708,124
Camptothecin,Ribosome abundance control,0.1086212917488224,0.2808943881830381,12,36,594,79,513,2,0,0.1,0,0,0,0,0,0.37689770378170706,0.15558173411762374,0.8080413921636406,2.2424777890883743,DKC1_del x RHOA_mut,DKC1,del,RHOA,mut,DKC1_del,RHOA_mut,0.005721662,0.4085344534172765,0.018116746822234745,0.000916188,0.27418940476245723,0.27418940476245723,0.5619493312463708,124
Camptothecin,Resolution of D-loop structures,-0.015253162,1,9,27,324,60,259,5,0,0.1,0,0,0,0,0,0.48803908076381985,0.21012215271159937,0.6775281584782018,1.5138472325804577,FANCD2_del x TP53_mut,FANCD2,del,TP53,mut,FANCD2_del,TP53_mut,0.030630407,0.6718811767216543,0.031791291,0.001247904,0.27660611517547834,0.27660611517547834,0.558138223,124
Camptothecin,Neg Regulation EGFR,-0.090789226,1,6,18,135,28,107,0,0,0.1,0,0,0,0,0,0.4416444203063517,0.2017291605994958,0.6952313185840905,1.5818872785009948,AKT1_amp x EGFR_mut,AKT1,amp,EGFR,mut,AKT1_amp,EGFR_mut,0.026188626480233294,0.5974618841164324,0.020908907638523946,0.001124751,0.27660611517547834,0.27660611517547834,0.558138223,124
Camptothecin,Extracellular matrix,-0.183454223,2.821891132476217e-05,8,24,252,19,233,0,0,0.1,0,0,0,0,0,0.43550343144216686,0.21191597533605197,0.6738363026626082,1.4731253641516284,PDGFRB_amp x TNF_amp,PDGFRB,amp,TNF,amp,PDGFRB_amp,TNF_amp,0.033641444541711384,0.6003499565824008,0.023496943,0.001084669,0.27660611517547834,0.27660611517547834,0.558138223,124
Camptothecin,Protein nuclear transport,-0.106344836,0.3465900639863211,6,18,135,19,116,0,0,0.1,0,0,0,0,0,0.3920803256326195,0.2043999918453868,0.6895191258636634,1.5274887581089425,RANBP2_amp x TERT_amp,RANBP2,amp,TERT,amp,RANBP2_amp,TERT_amp,0.029683235787439047,0.4385639631962389,0.019776511,0.001008346,0.27660611517547834,0.27660611517547834,0.558138223,124
Camptothecin,Oncogene induced senescence,-0.078270782,1,7,20,171,48,120,3,0,0.1,0,0,0,0,0,0.39139125767188543,0.20728715850007784,0.6834276017426087,1.9438181408207669,E2F4_del x TP53_mut,E2F4,del,TP53,mut,E2F4_del,TP53_mut,0.011381037627208374,0.546289806,0.023580886979008613,0.000942942,0.27660611517547834,0.27660611517547834,0.558138223,124
Camptothecin,Polybromo- and BAF containing complex,0.096088259,0.8675121314086742,12,35,561,106,455,0,0,0.1,0,0,0,0,0,0.38557361598610934,0.21078424644152075,0.6761618504764636,2.084849565,ARID1A_mut x SMARCA4_mut,ARID1A,mut,SMARCA4,mut,ARID1A_mut,SMARCA4_mut,0.008225275,0.8718791658555918,0.021810120459191572,0.000950918,0.27660611517547834,0.27660611517547834,0.558138223,124
Camptothecin,Lymphocyte activation,-0.004034363,1,39,115,6442,753,5538,151,0,0.1,0,0,0,0,0,0.35507849035586125,0.20118418166399582,0.6964061691732971,2.7389066980563057,FCGR2A_amp x LYN_amp,FCGR2A,amp,LYN,amp,FCGR2A_amp,LYN_amp,0.001824288,0.9989785266445723,0.022300382,0.000823825,0.27660611517547834,0.27660611517547834,0.558138223,124
Camptothecin,EGFR/PI3K signaling,-0.131956806,0.025080354,11,33,495,64,431,0,0,0.1,0,0,0,0,0,0.4352093587225117,0.2187900630643417,0.6599724065356964,1.485815559694009,CTNNB1_del x PIK3R1_del,CTNNB1,del,PIK3R1,del,CTNNB1_del,PIK3R1_del,0.032672656005125214,0.7286042045572755,0.025330525328606114,0.001084951,0.27969038989668427,0.27969038989668427,0.5533224556397062,124
Camptothecin,Ribosome biogenesis,0.087409988,1,18,51,1227,216,1005,6,0,0.1,0,0,0,0,0,0.339636742,0.2182354788282171,0.6610746441840623,2.2816806810844956,NHP2_amp x RPS15_del,NHP2,amp,RPS15,del,NHP2_amp,RPS15_del,0.005227804,0.90424713,0.017670246,0.000795552,0.27969038989668427,0.27969038989668427,0.5533224556397062,124
Camptothecin,Chromosome centrometric region,-0.034037587,1,7,21,189,32,155,2,0,0.1,0,0,0,0,0,0.49975530621462816,0.23118237639230454,0.6360452763384524,1.2038462111052688,AURKA_amp x AURKB_amp,AURKA,amp,AURKB,amp,AURKA_amp,AURKB_amp,0.062539411,0.6308578233027573,0.031727246631838124,0.001247768,0.28956176437015924,0.28956176437015924,0.5382587857737673,124
Camptothecin,Extracellular matrix organization,0.004495635,1,13,39,702,95,606,1,0,0.1,0,0,0,0,0,0.36393320711179583,0.23072154202921535,0.6369118543404275,2.023306163394426,DMD_mut x PDGFRB_amp,DMD,mut,PDGFRB,amp,DMD_mut,PDGFRB_amp,0.009477501,0.9003625901972433,0.020663306351349307,0.000860949,0.28956176437015924,0.28956176437015924,0.5382587857737673,124
Camptothecin,p53 regulation,-0.014384698,1,11,29,379,88,286,5,0,0.1,0,0,0,0,0,0.41600949506727397,0.23523806426243413,0.6284924029972665,1.7874098276068426,HDAC1_del x TP53_mut,HDAC1,del,TP53,mut,HDAC1_del,TP53_mut,0.016315116241824343,0.8653086669462032,0.022925934738471425,0.001022354,0.2916951996854183,0.2916951996854183,0.5350707178350315,124
Camptothecin,Mediator complex,0.2486751798550197,2.7470559160747143e-10,6,18,135,26,108,1,0,0.1,0,0,0,0,0,0.48979617803217246,0.2384464882185083,0.6226090693658005,1.175210257591535,MED1_amp x MED12_del,MED1,amp,MED12,del,MED1_amp,MED12_del,0.066802043,0.5561405535253308,0.03533658,0.0012445,0.2919453001098316,0.2919453001098316,0.5346985118591582,124
Camptothecin,mTOR regulation of autophagy/ribosome biogenesis,-0.036506183,1,8,24,252,45,207,0,0,0.1,0,0,0,0,0,0.3794366662868604,0.2401485533161518,0.6195200252594757,1.6073250907776961,RICTOR_amp x SQSTM1_amp,RICTOR,amp,SQSTM1,amp,RICTOR_amp,SQSTM1_amp,0.024698746,0.7118196022215136,0.01939436,0.000914984,0.2919453001098316,0.2919453001098316,0.5346985118591582,124
Camptothecin,mTOR regulation of mRNA translation,-0.158025604,0.001039996,5,15,90,21,69,0,0,0.1,0,0,0,0,0,0.4356892935287785,0.2560420495713705,0.5916887050117344,1.2238240152894821,AKT1_del x RPS6KB1_amp,AKT1,del,RPS6KB1,amp,AKT1_del,RPS6KB1_amp,0.059727727,0.6643649620734128,0.027951677359883603,0.001043916,0.30824479754223244,0.30824479754223244,0.5111042445546716,124
Camptothecin,RPA complex associated proteins,-0.115281881,0.1465960964836385,6,18,135,26,109,0,0,0.1,0,0,0,0,0,0.37214144187002246,0.2601697353451574,0.5847432248268931,1.4922956601161164,ATR_amp x XPC_del,ATR,amp,XPC,del,ATR_amp,XPC_del,0.032188766900311847,0.836907939,0.025450031,0.000896308,0.3102023767576877,0.3102023767576877,0.5083548789634385,124
Camptothecin,Extended PRC1 complex,0.1077772601033891,0.3041664185726525,8,24,252,60,192,0,0,0.1,0,0,0,0,0,0.37671219440439485,0.26905434161992037,0.5701599955284304,1.4543071263241631,BCORL1_del x MGA_amp,BCORL1,del,MGA,amp,BCORL1_del,MGA_amp,0.035131191,0.9259511085802693,0.017273467750123433,0.000901732,0.31774036534162026,0.31774036534162026,0.49792760943613346,124
Camptothecin,MutL alpha/beta complex,-0.045848684,1,5,15,90,16,74,0,0,0.1,0,0,0,0,0,0.42801994725310627,0.274858785,0.5608903774877713,1.0416878448870843,BRIP1_amp x PMS2_amp,BRIP1,amp,PMS2,amp,BRIP1_amp,PMS2_amp,0.090847327,0.6096356644429918,0.024658580716823225,0.00105373,0.31883849461308966,0.31883849461308966,0.4964292500463371,124
Camptothecin,Fas,-0.127657467,0.040341029,7,21,189,30,156,3,0,0.1,0,0,0,0,0,0.4151271327749464,0.2776980436952717,0.5564271797216224,1.1584003283843016,MAP2K4_amp x PARP1_amp,MAP2K4,amp,PARP1,amp,MAP2K4_amp,PARP1_amp,0.069438395,0.8142798875060254,0.024992607,0.000986151,0.31883849461308966,0.31883849461308966,0.4964292500463371,124
Camptothecin,TGF-beta/Smad signaling,-0.087117804,1,7,21,189,23,164,2,0,0.1,0,0,0,0,0,0.3798425983057339,0.2754627657761669,0.5599370963068907,1.2891883163835425,PTEN_amp x SMAD2_del,PTEN,amp,SMAD2,del,PTEN_amp,SMAD2_del,0.05138208,0.8429854368487286,0.025433174350734177,0.000935985,0.31883849461308966,0.31883849461308966,0.4964292500463371,124
Camptothecin,PcG protein complex,-0.165057151,0.00040319,9,27,324,77,247,0,0,0.1,0,0,0,0,0,0.3627896143439202,0.2840626934156946,0.546585799,1.4543071263241631,BCORL1_del x MGA_amp,BCORL1,del,MGA,amp,BCORL1_del,MGA_amp,0.035131191,0.9802748924401288,0.017602901436460556,0.000863196,0.32315388975730397,0.32315388975730397,0.49059061216907857,124
Camptothecin,Actin cytoskeleton,-0.111540115,0.2117038771027104,5,15,90,9,81,0,0,0.1,0,0,0,0,0,0.40355138947983754,0.2970037985592281,0.527237996,0.9327672224173077,NFE2L2_amp x PPP1CB_amp,NFE2L2,amp,PPP1CB,amp,NFE2L2_amp,PPP1CB_amp,0.11674351832051932,0.6232771212315356,0.020373958036981506,0.000980414,0.3348042820122208,0.3348042820122208,0.475208996,124
Camptothecin,Culin-RIng uniqutin ligase complex,0.044725413,1,8,23,231,19,212,0,0,0.1,0,0,0,0,0,0.40409484320410183,0.30422808351407743,0.5168006983953005,1.1056562807547954,ELOC_amp x NF2_amp,ELOC,amp,NF2,amp,ELOC_amp,NF2_amp,0.078404993,0.746833082,0.028007498,0.000956373,0.33769563717246026,0.33769563717246026,0.47147455015572115,124
Camptothecin,Regulation of androgen receptor signaling pathway,0.064687658,1,5,15,90,29,61,0,0,0.1,0,0,0,0,0,0.36194034126345287,0.3050154142202867,0.5156782126477745,1.1562182558403966,NCOA3_amp x NCOR1_amp,NCOA3,amp,NCOR1,amp,NCOA3_amp,NCOR1_amp,0.069788159,0.7496363448596385,0.021744436527246502,0.000874199,0.33769563717246026,0.33769563717246026,0.47147455015572115,124
Camptothecin,Histone methyltransferase subcomplex,0.020176967,1,6,18,135,41,92,2,0,0.1,0,0,0,0,0,0.3809489799052029,0.31797393852190275,0.49760847378898676,1.2593563588319385,KDM6A_del x MEN1_mut,KDM6A,del,MEN1,mut,KDM6A_del,MEN1_mut,0.055035591843689065,0.8234296691789936,0.020206692082098382,0.000867773,0.3458663892694381,0.3458663892694381,0.46109163996322433,124
Camptothecin,Cell projection morphogenesis,0.1174437463533358,0.1184123182703493,8,24,252,56,196,0,0,0.1,0,0,0,0,0,0.3570058638392561,0.31550523667369834,0.500993428,1.3691548893980248,EPHA7_amp x PTPRD_del,EPHA7,amp,PTPRD,del,EPHA7_amp,PTPRD_del,0.042741042,0.9495808865576877,0.022034031587905026,0.000822014,0.3458663892694381,0.3458663892694381,0.46109163996322433,124
Camptothecin,Contractile fiber,-0.043916985,1,5,15,90,7,83,0,0,0.1,0,0,0,0,0,0.35114453716718935,0.32338665941073164,0.4902778999021189,1.0451006729474284,C8orf34_amp x CBL_amp,C8orf34,amp,CBL,amp,C8orf34_amp,CBL_amp,0.090136217,0.6309535192796539,0.018774791878086738,0.000772833,0.34869518058200627,0.34869518058200627,0.4575540550934955,124
Camptothecin,Actin filaments,-0.035456329,1,8,24,252,23,229,0,0,0.1,0,0,0,0,0,0.3701590537790808,0.3374408681948414,0.47180232021558993,0.9821663125530793,CBL_amp x TNF_amp,CBL,amp,TNF,amp,CBL_amp,TNF_amp,0.10419183515968278,0.863322043,0.022335801887040957,0.000846046,0.36071265220827875,0.36071265220827875,0.4428386242802733,124
Camptothecin,Cell-extracellular matrix interactions,-0.076336566,1,5,15,90,7,83,0,0,0.1,0,0,0,0,0,0.42539311092639404,0.34291231855392046,0.4648169132988827,0.702757951,MYH11_mut x PALLD_mut,MYH11,mut,PALLD,mut,MYH11_mut,PALLD_mut,0.19826317167015362,0.601346138,0.034422597,0.000937371,0.3634284401768046,0.3634284401768046,0.4395810898828093,124
Camptothecin,Structural constituent of muscle,0.1127686382842682,0.1885105678976637,6,18,135,10,125,0,0,0.1,0,0,0,0,0,0.3228350202912299,0.3686253364683178,0.43341481803114706,1.0451006729474284,C8orf34_amp x CBL_amp,C8orf34,amp,CBL,amp,C8orf34_amp,CBL_amp,0.090136217,0.7804380660198904,0.019678898719468367,0.000661965,0.3873689976446729,0.3873689976446729,0.4118751401750374,124
Camptothecin,Actin and actin-associated proteins,-0.192552208,6.876285395307491e-06,5,15,90,11,79,0,0,0.1,0,0,0,0,0,0.32379021053386536,0.39080798010165707,0.4080365767886525,0.8144790391257575,MYH11_mut x PIK3CA_mut,MYH11,mut,PIK3CA,mut,MYH11_mut,PIK3CA_mut,0.15329251899802332,0.8257863022565488,0.018774791878086738,0.00070815,0.4072284834672729,0.4072284834672729,0.3901618530189482,124
Camptothecin,SMAD-TGFbeta signaling,-0.009591357,1,6,18,135,16,116,3,0,0.1,0,0,0,0,0,0.3149497683485136,0.4164611646209875,0.3804254907209817,0.7652075138908633,CREBBP_mut x SMAD4_mut,CREBBP,mut,SMAD4,mut,CREBBP_mut,SMAD4_mut,0.17170877350119218,0.871238053,0.020003921,0.000653691,0.4303432034416871,0.4303432034416871,0.36618505160637144,124
Camptothecin,Type I interferon signaling pathway,0.08956208,1,7,21,189,1,176,12,0,0.1,0,0,0,0,0,0.264731997,0.5435856744054068,0.264731997,0.264731997,PML_amp x TNF_amp,PML,amp,TNF,amp,PML_amp,TNF_amp,0.5435856744054068,0.5435856744054068,0.022992577717795306,0.000412883,0.5570630051757889,0.5570630051757889,0.254095682,124
Camptothecin,Interferon signaling,0.021040838,1,8,24,252,8,232,12,0,0.1,0,0,0,0,0,0.24498844626760932,0.5571459642631793,0.254031011,0.34001837792333417,IFIT1_del x IRF2_del,IFIT1,del,IRF2,del,IFIT1_del,IRF2_del,0.45706884754556276,0.7991199362032915,0.023437109447833653,0.000386877,0.5662795046609364,0.5662795046609364,0.24696915649767215,124
Camptothecin,MHC class I including non-classical MHCs,0.031983246,1,8,24,252,28,210,14,0,0.1,0,0,0,0,0,0.17078378587460794,0.6224774521566145,0.2058763752865439,0.5439117638569742,HLA-C_del x HLA-F_del,HLA-C,del,HLA-F,del,HLA-C_del,HLA-F_del,0.28581711825361955,0.9989785266445723,0.013324989865113792,0.000282943,0.6275382444505707,0.6275382444505707,0.2023598015637068,124
Camptothecin,Histone modifications in DNA damage response,0.1313489053192943,0.026953353,6,14,79,6,73,0,0,0.1,0,0,0,0,0,0.17546193993783968,0.6414809016784518,0.19281626901489934,0.3584928637600727,CASP8_mut x CTCF_mut,CASP8,mut,CTCF,mut,CASP8_mut,CTCF_mut,0.438033309,0.946941983,0.013276685257420599,0.000257907,0.6414809016784518,0.6414809016784518,0.19281626901489934,124
Ceralasertib,Transcription coactivator activity,0.026906302,1,5,13,66,26,39,1,0,0.1,2,2,0.030303030303030304,0.030303030303030304,0.076923077,0.730636599,0.00975171,2.0109192114385674,3.368788762591928,MED1_del x TP53_mut,MED1,del,TP53,mut,MED1_del,TP53_mut,0.000427771,0.011122043398664929,0.025773607,0.001845169,0.25392395045850213,0.25392395045850213,0.5952963339375944,124
Ceralasertib,TGF-beta/Smad signaling,0.063397615,1,7,21,189,34,153,2,0,0.1,3,3,0.015873015873015872,0.015873015873015872,0.088235294,0.6688367989341759,0.032430413,1.4890475240318373,2.631099330170124,SMAD4_amp x TGFBR2_del,SMAD4,amp,TGFBR2,del,SMAD4_amp,TGFBR2_del,0.002338302,0.057143879291725735,0.023308402,0.001657764,0.25392395045850213,0.25392395045850213,0.5952963339375944,124
Ceralasertib,NeST:49,-0.007329308,1,8,23,231,35,196,0,0,0.1,3,3,0.012987012987012988,0.012987012987012988,0.085714286,0.5337598962871853,0.063160917,1.1995515730302524,2.249083311047951,FLT4_del x VSIR_del,FLT4,del,VSIR,del,FLT4_del,VSIR_del,0.005635295,0.090612933,0.017931574739081135,0.001267546,0.25392395045850213,0.25392395045850213,0.5952963339375944,124
Ceralasertib,Cohesin,-0.092490154,0.3077940145408522,5,15,90,33,56,1,0,0.1,1,1,0.011111111111111112,0.011111111111111112,0.030303030303030304,0.4251786396781105,0.021424125998110874,1.6690968861814233,3.161612375,SMC3_del x STAG1_amp,SMC3,del,STAG1,amp,SMC3_del,STAG1_amp,0.000689267,0.022745818255750463,0.018741525134665454,0.000929142,0.25392395045850213,0.25392395045850213,0.5952963339375944,124
Ceralasertib,Nuclear transport,-0.055357584,1,7,21,189,44,145,0,0,0.1,2,2,0.010582010582010581,0.010582010582010581,0.045454545454545456,0.5535558528404111,0.047049926,1.3274410568537605,2.544844163073125,GATA3_amp x XPO1_amp,GATA3,amp,XPO1,amp,GATA3_amp,XPO1_amp,0.002852041,0.073660444,0.020588998,0.0012911,0.25392395045850213,0.25392395045850213,0.5952963339375944,124
Ceralasertib,Homologous recombination,-0.202612827,3.4982494678814646e-09,12,36,594,160,431,3,0,0.1,5,5,0.008417508,0.008417508,0.03125,0.5046518843562241,0.00934847,2.029259452,4.071236034852666,TP53_mut x WRN_amp,TP53,mut,WRN,amp,TP53_mut,WRN_amp,8.48719079050496e-05,0.013579505264807935,0.01764163,0.001157417,0.25392395045850213,0.25392395045850213,0.5952963339375944,124
Ceralasertib,ECM-cytoskeleton assembly,0.053517154,1,6,18,135,17,118,0,0,0.1,1,1,0.007407407,0.007407407,0.058823529411764705,0.5822431474598331,0.045879442,1.3383818734987403,2.4521204787500914,ACTA2_del x PDGFRB_del,ACTA2,del,PDGFRB,del,ACTA2_del,PDGFRB_del,0.003530852,0.060024485,0.018506906303425014,0.001386522,0.25392395045850213,0.25392395045850213,0.5952963339375944,124
Ceralasertib,NeST:195,0.007269015,1,6,18,135,39,96,0,0,0.1,1,1,0.007407407,0.007407407,0.025641026,0.5680871537769657,0.05834798,1.233974178087401,2.5928274803115046,FRS2_amp x STAT3_amp,FRS2,amp,STAT3,amp,FRS2_amp,STAT3_amp,0.002553716,0.099594906,0.015618939907743967,0.001344743,0.25392395045850213,0.25392395045850213,0.5952963339375944,124
Ceralasertib,Extended cohesin complex,0.045963194,1,6,18,135,49,85,1,0,0.1,1,1,0.007407407,0.007407407,0.020408163,0.41876582535158285,0.030872835043091067,1.5104234875559248,3.161612375,SMC3_del x STAG1_amp,SMC3,del,STAG1,amp,SMC3_del,STAG1_amp,0.000689267,0.033774094,0.016018417,0.000867895,0.25392395045850213,0.25392395045850213,0.5952963339375944,124
Ceralasertib,Extracellular matrix,0.036887476,1,8,24,252,27,225,0,0,0.1,1,1,0.003968254,0.003968254,0.037037037037037035,0.6561915427130179,0.057075319166388756,1.2435516512470328,2.4521204787500914,ACTA2_del x PDGFRB_del,ACTA2,del,PDGFRB,del,ACTA2_del,PDGFRB_del,0.003530852,0.095333006,0.028281694542619123,0.001576533,0.25392395045850213,0.25392395045850213,0.5952963339375944,124
Ceralasertib,Resolution of D-loop structures,0.019596409,1,9,27,324,82,239,3,0,0.1,1,1,0.00308642,0.00308642,0.012195121951219513,0.49815173508286315,0.026947890034124542,1.5694752335351212,3.4008097481699573,BRCA1_del x RAD51C_amp,BRCA1,del,RAD51C,amp,BRCA1_del,RAD51C_amp,0.000397366,0.032583978027159725,0.01859173,0.001114488,0.25392395045850213,0.25392395045850213,0.5952963339375944,124
Ceralasertib,PML body,0.1330050709441964,0.001599419,9,27,324,78,246,0,0,0.1,1,1,0.00308642,0.00308642,0.012820513,0.4876583749970331,0.045852799,1.3386341478975312,2.958310972828677,HDAC1_del x PARP1_amp,HDAC1,del,PARP1,amp,HDAC1_del,PARP1_amp,0.001100751,0.085858566,0.016442831320967115,0.001082627,0.25392395045850213,0.25392395045850213,0.5952963339375944,124
Ceralasertib,Regulation of adherens junction stability,-0.060509122,1,10,30,405,124,279,2,0,0.1,1,1,0.002469136,0.002469136,0.008064516,0.48276624108368626,0.056390116,1.2487970097941108,3.136059594271837,CDH1_del x EGF_del,CDH1,del,EGF,del,CDH1_del,EGF_del,0.000731039,0.090648807,0.017402741,0.001076401,0.25392395045850213,0.25392395045850213,0.5952963339375944,124
Ceralasertib,Foxo signaling,-0.02000811,1,10,30,405,108,297,0,0,0.1,1,1,0.002469136,0.002469136,0.009259259,0.47660264440318834,0.023611634,1.6268739599813484,3.5919824520114543,SMAD4_amp x VHL_del,SMAD4,amp,VHL,del,SMAD4_amp,VHL_del,0.000255869,0.027633844121856852,0.017501768896125362,0.001063129,0.25392395045850213,0.25392395045850213,0.5952963339375944,124
Ceralasertib,Histone deacetylase binding,-0.192881524,2.939393461964812e-08,16,48,1080,278,800,2,0,0.1,1,1,0.000925926,0.000925926,0.003597122,0.4366952799547273,0.045496609,1.342020968,3.4989163638670018,HDAC2_del x IRF2_del,HDAC2,del,IRF2,del,HDAC2_del,IRF2_del,0.000317018,0.088130946,0.016124156,0.00094608,0.25392395045850213,0.25392395045850213,0.5952963339375944,124
Ceralasertib,Homologous recombination (HR) and Fanconi Anemia repair,-0.073463426,1,29,86,3570,906,2654,10,0,0.1,2,2,0.000560224,0.000560224,0.002207506,0.43626750994360636,0.030497788902085873,1.515731645978855,4.071236034852666,TP53_mut x WRN_amp,TP53,mut,WRN,amp,TP53_mut,WRN_amp,8.48719079050496e-05,0.058307829,0.015680394174592487,0.000932999,0.25392395045850213,0.25392395045850213,0.5952963339375944,124
Ceralasertib,Regulation of immune responses,-0.022576453,1,57,169,14029,2119,11748,162,0,0.1,6,6,0.000427686,0.000427686,0.002831524,0.4171483113790017,0.035021043979066475,1.4556709117194524,3.907901779487938,HLA-DQA1_amp x TNFRSF14_del,HLA-DQA1,amp,TNFRSF14,del,HLA-DQA1_amp,TNFRSF14_del,0.000123623,0.093430998,0.015526611514281093,0.000886734,0.25392395045850213,0.25392395045850213,0.5952963339375944,124
Ceralasertib,Mismatch and excision repair,0.055876214,1,32,96,4464,1108,3344,12,0,0.1,1,1,0.000224014,0.000224014,0.000902527,0.42014501536218707,0.047572887,1.3226404924358652,4.071236034852666,TP53_mut x WRN_amp,TP53,mut,WRN,amp,TP53_mut,WRN_amp,8.48719079050496e-05,0.094038074,0.015569123699166666,0.000876284,0.25392395045850213,0.25392395045850213,0.5952963339375944,124
Ceralasertib,Transmembrane tyrosine kinase signaling,0.1093838310505573,0.042172914,53,159,12402,2493,9881,28,0,0.1,2,2,0.000161264,0.000161264,0.000802246,0.4195580696987376,0.024622651022306007,1.6086651901383566,4.822151502476607,SRC_mut x TP53_mut,SRC,mut,TP53,mut,SRC_mut,TP53_mut,1.5060815819751845e-05,0.037546614,0.016543715374106493,0.000876943,0.25392395045850213,0.25392395045850213,0.5952963339375944,124
Ceralasertib,SMAD-TGFbeta signaling,-0.003892932,1,6,18,135,24,109,2,0,0.1,0,0,0,0,0,0.6068344647426586,0.063081463,1.200098243413933,2.355552217816896,CREBBP_mut x HDAC1_mut,CREBBP,mut,HDAC1,mut,CREBBP_mut,HDAC1_mut,0.004410093,0.10584224033995737,0.020877234842698628,0.001431887,0.25392395045850213,0.25392395045850213,0.5952963339375944,124
Ceralasertib,EMT,0.045766267,1,14,42,819,202,615,2,0,0.1,0,0,0,0,0,0.5348681444323995,0.047770781,1.3208376605457448,3.136059594271837,CDH1_del x EGF_del,CDH1,del,EGF,del,CDH1_del,EGF_del,0.000731039,0.1476698300889834,0.018452966,0.001245673,0.25392395045850213,0.25392395045850213,0.5952963339375944,124
Ceralasertib,Actin and actin-associated proteins,0.022598662,1,5,15,90,20,70,0,0,0.1,0,0,0,0,0,0.5335302805387003,0.091724181,1.0375161572678633,1.8550785367931422,CBL_amp x PIK3CA_amp,CBL,amp,PIK3CA,amp,CBL_amp,PIK3CA_amp,0.013961158679150107,0.15238721577590483,0.011587544,0.001316362,0.25392395045850213,0.25392395045850213,0.5952963339375944,124
Ceralasertib,Cell projection morphogenesis,-0.028265405,1,8,24,252,77,175,0,0,0.1,0,0,0,0,0,0.5323584387341189,0.1395912739163295,0.8551417293377443,2.0572868813442557,PTPRD_amp x SLIT2_mut,PTPRD,amp,SLIT2,mut,PTPRD_amp,SLIT2_mut,0.008764217,0.49872142611809583,0.021849117,0.001206403,0.25392395045850213,0.25392395045850213,0.5952963339375944,124
Ceralasertib,NeST:29,0.038671958,1,14,40,742,132,610,0,0,0.1,0,0,0,0,0,0.5269360333421914,0.10546784402643665,0.976879932,2.249083311047951,FLT4_del x VSIR_del,FLT4,del,VSIR,del,FLT4_del,VSIR_del,0.005635295,0.341740205,0.020020047565775582,0.001203171,0.25392395045850213,0.25392395045850213,0.5952963339375944,124
Ceralasertib,Actin cytoskeleton,-0.062403669,1,5,15,90,17,73,0,0,0.1,0,0,0,0,0,0.5241858983924296,0.11632271753455664,0.93433546,1.5660212920216565,MYH11_amp x PIK3CA_mut,MYH11,amp,PIK3CA,mut,MYH11_amp,PIK3CA_mut,0.027163061,0.17270551121269215,0.01214666,0.001258232,0.25392395045850213,0.25392395045850213,0.5952963339375944,124
Ceralasertib,Beta-catenin,0.006685619,1,5,14,78,25,53,0,0,0.1,0,0,0,0,0,0.5235659447412874,0.070552717,1.151486256970597,2.3639485808367118,DAXX_mut x MYC_amp,DAXX,mut,MYC,amp,DAXX_mut,MYC_amp,0.00432565,0.10814126060153864,0.019632734821336807,0.001182635,0.25392395045850213,0.25392395045850213,0.5952963339375944,124
Ceralasertib,NeST:80,-0.024588765,1,7,21,189,29,160,0,0,0.1,0,0,0,0,0,0.5205942252031291,0.079333412,1.1005438649434782,2.1428383964141506,FLT1_del x FLT4_del,FLT1,del,FLT4,del,FLT1_del,FLT4_del,0.007197167,0.11261893106675895,0.018505663,0.001208341,0.25392395045850213,0.25392395045850213,0.5952963339375944,124
Ceralasertib,RBL-TP53 complex,0.00816798,1,5,15,90,30,58,2,0,0.1,0,0,0,0,0,0.5156258976211519,0.12617841629262666,0.899014928,1.996711668857322,E2F4_del x TP53_mut,E2F4,del,TP53,mut,E2F4_del,TP53_mut,0.010076004,0.3022801199367597,0.01612833,0.001155017,0.25392395045850213,0.25392395045850213,0.5952963339375944,124
Ceralasertib,Phosphatase 2A catalytic subunit,-0.057772542,1,5,15,90,16,73,1,0,0.1,0,0,0,0,0,0.5067275733400032,0.15404624033458528,0.8123488966451152,1.48650644,PPP2CB_del x PPP2R1A_del,PPP2CB,del,PPP2R1A,del,PPP2CB_del,PPP2R1A_del,0.032620721,0.3246385674300787,0.012214948058053232,0.001126261,0.25392395045850213,0.25392395045850213,0.5952963339375944,124
Ceralasertib,Regulation of beta catenin transcriptional activity,-0.180235069,4.02326874926473e-07,10,30,405,134,270,1,0,0.1,0,0,0,0,0,0.5017735863698148,0.10575442426525794,0.9757014547444512,2.2600957625720706,CREBBP_mut x KAT6A_amp,CREBBP,mut,KAT6A,amp,CREBBP_mut,KAT6A_amp,0.005494197,0.27600411722611873,0.019590125509655762,0.00111162,0.25392395045850213,0.25392395045850213,0.5952963339375944,124
Ceralasertib,NeST:78,0.1155416847528282,0.018993767,10,30,405,147,258,0,0,0.1,0,0,0,0,0,0.5002174239681978,0.1045861606909491,0.9805257794572138,2.336309907110283,ASXL2_amp x NF1_mut,ASXL2,amp,NF1,mut,ASXL2_amp,NF1_mut,0.004609885,0.2854588937767972,0.017101151844224723,0.001130327,0.25392395045850213,0.25392395045850213,0.5952963339375944,124
Ceralasertib,Positive regulators of transcription,0.1508156439933796,9.255798470597654e-05,15,44,903,263,633,7,0,0.1,0,0,0,0,0,0.492204916,0.1065966060952694,0.9722566224910676,2.355552217816896,CREBBP_mut x HDAC1_mut,CREBBP,mut,HDAC1,mut,CREBBP_mut,HDAC1_mut,0.004410093,0.30802618262519077,0.017602889,0.001072313,0.25392395045850213,0.25392395045850213,0.5952963339375944,124
Ceralasertib,Regulation of beta catenin transcription,0.001995458,1,7,21,189,54,135,0,0,0.1,0,0,0,0,0,0.4891121376392254,0.11265346755538089,0.9482554358354863,2.213671230782309,CTNNA1_del x TCF7L2_del,CTNNA1,del,TCF7L2,del,CTNNA1_del,TCF7L2_del,0.006114047,0.29467993037674267,0.018199159991452073,0.001097494,0.25392395045850213,0.25392395045850213,0.5952963339375944,124
Ceralasertib,INSR-FOXO,0.046453598,1,25,75,2700,533,2164,3,0,0.1,0,0,0,0,0,0.47478300214737623,0.060053794,1.2214595512376187,3.239815615552944,PIK3CA_amp x PTEN_del,PIK3CA,amp,PTEN,del,PIK3CA_amp,PTEN_del,0.000575684,0.18653784380834096,0.017118028,0.001056164,0.25392395045850213,0.25392395045850213,0.5952963339375944,124
Ceralasertib,Oncogene induced senescence,0.030888019,1,7,21,189,57,130,2,0,0.1,0,0,0,0,0,0.4677731231495653,0.15998196339515866,0.7959289775909595,1.996711668857322,E2F4_del x TP53_mut,E2F4,del,TP53,mut,E2F4_del,TP53_mut,0.010076004,0.5743322278798434,0.015927070118507768,0.001017728,0.25392395045850213,0.25392395045850213,0.5952963339375944,124
Ceralasertib,p53 regulation,-0.088474912,0.4734409832152748,11,29,379,109,267,3,0,0.1,0,0,0,0,0,0.4677138735206018,0.14073920449653401,0.8515849080744469,2.2664980445282303,TAF1_del x TP53_del,TAF1,del,TP53,del,TAF1_del,TP53_del,0.005413797,0.5901038572114647,0.017770985,0.001014112,0.25392395045850213,0.25392395045850213,0.5952963339375944,124
Ceralasertib,Actin filaments,-0.026999055,1,8,24,252,40,212,0,0,0.1,0,0,0,0,0,0.4635339411051957,0.1131415252026905,0.9463779710556803,1.9615209259527253,ACTA2_del x PIK3CA_amp,ACTA2,del,PIK3CA,amp,ACTA2_del,PIK3CA_amp,0.010926449781478274,0.24381954524144772,0.016714933507787896,0.001047871,0.25392395045850213,0.25392395045850213,0.5952963339375944,124
Ceralasertib,Regulation of TP53 Activity,-0.107298576,0.054628712,11,33,495,132,360,3,0,0.1,0,0,0,0,0,0.46251111003228207,0.071540765,1.1454464210554967,2.958310972828677,HDAC1_del x PARP1_amp,HDAC1,del,PARP1,amp,HDAC1_del,PARP1_amp,0.001100751,0.1452991114229275,0.017612034077618098,0.001005905,0.25392395045850213,0.25392395045850213,0.5952963339375944,124
Ceralasertib,Extended PRC1 complex,0.018740289,1,8,24,252,68,183,1,0,0.1,0,0,0,0,0,0.45943344000899433,0.11968830573654769,0.9219482806895919,2.3173676311042284,BCOR_del x E2F6_amp,BCOR,del,E2F6,amp,BCOR_del,E2F6_amp,0.0048154,0.3274472,0.015161611725837635,0.001008144,0.25392395045850213,0.25392395045850213,0.5952963339375944,124
Ceralasertib,Mediator complex,0.015361769,1,6,18,135,35,99,1,0,0.1,0,0,0,0,0,0.4562255372962143,0.14802750895086883,0.8296575692307046,1.8739773047497095,MED12_del x RARA_mut,MED12,del,RARA,mut,MED12_del,RARA_mut,0.013366653658391825,0.27674338620916034,0.015446276511744407,0.000973476,0.25392395045850213,0.25392395045850213,0.5952963339375944,124
Ceralasertib,Actin filament-based process,-0.130720169,0.00224408,11,33,495,87,408,0,0,0.1,0,0,0,0,0,0.45560027955848315,0.13940938165221092,0.855707999,1.9759036633381837,RAC1_amp x TNF_amp,RAC1,amp,TNF,amp,RAC1_amp,TNF_amp,0.010570519620285403,0.40487360169535314,0.016613438,0.00099381,0.25392395045850213,0.25392395045850213,0.5952963339375944,124
Ceralasertib,Integrator-PP2A complex,0.1140143299675653,0.023233246,12,35,561,133,427,1,0,0.1,0,0,0,0,0,0.45513500905456616,0.1497404077103079,0.8246609887176909,2.2652664557722644,CCDC6_del x PPP2CA_del,CCDC6,del,PPP2CA,del,CCDC6_del,PPP2CA_del,0.005429171,0.5533369554580778,0.013932077368809538,0.001006528,0.25392395045850213,0.25392395045850213,0.5952963339375944,124
Ceralasertib,Ubiquitin regulation of mitophagy,-0.093219611,0.2841390020635321,8,21,191,29,162,0,0,0.1,0,0,0,0,0,0.4504834929539445,0.14438731192891552,0.8404709688256802,2.024588316310187,ELOC_amp x STK11_del,ELOC,amp,STK11,del,ELOC_amp,STK11_del,0.009449562,0.2740373010613371,0.019739659,0.00095206,0.25392395045850213,0.25392395045850213,0.5952963339375944,124
Ceralasertib,G1/S phase,0.086306174,0.5946571834301517,19,56,1485,433,1049,3,0,0.1,0,0,0,0,0,0.44983329745955497,0.078176588,1.1069232869941517,3.168194457552661,BRCA1_mut x CDKN2A_mut,BRCA1,mut,CDKN2A,mut,BRCA1_mut,CDKN2A_mut,0.0006789,0.20859066212895813,0.015580771609366108,0.000972448,0.25392395045850213,0.25392395045850213,0.5952963339375944,124
Ceralasertib,Transcription factor (TF) binding,-0.150829027,9.202952788145424e-05,14,42,819,220,599,0,0,0.1,0,0,0,0,0,0.449045483,0.055328584,1.2570504412860257,3.339352036814679,AR_del x REL_amp,AR,del,REL,amp,AR_del,REL_amp,0.000457771,0.10070954735444977,0.016739727207676802,0.000972178,0.25392395045850213,0.25392395045850213,0.5952963339375944,124
Ceralasertib,NeST:16,0.08037349,1,22,64,1954,412,1539,3,0,0.1,0,0,0,0,0,0.4484897031962392,0.12840365777278914,0.891422605,2.4857952155187846,EBF1_amp x SETBP1_del,EBF1,amp,SETBP1,del,EBF1_amp,SETBP1_del,0.003267419,0.39999137585779904,0.016953784120417946,0.000961306,0.25392395045850213,0.25392395045850213,0.5952963339375944,124
Ceralasertib,HDACs deacetylate histones,-0.034682498,1,16,48,1080,291,788,1,0,0.1,0,0,0,0,0,0.44565169579564207,0.12806085059932684,0.8925836178533543,2.425029242380297,ANKRD11_del x AR_del,ANKRD11,del,AR,del,ANKRD11_del,AR_del,0.003758121,0.47603067852517583,0.016745193,0.000958568,0.25392395045850213,0.25392395045850213,0.5952963339375944,124
Ceralasertib,Regulation of E2F transcription via DREAM complex,-0.112209616,0.029309669,11,33,495,144,347,4,0,0.1,0,0,0,0,0,0.4450996010922654,0.12307134824140464,0.9098430416989066,2.5622901662282507,E2F3_mut x TP53_mut,E2F3,mut,TP53,mut,E2F3_mut,TP53_mut,0.002739743,0.394522999,0.015868584782919942,0.000953436,0.25392395045850213,0.25392395045850213,0.5952963339375944,124
Ceralasertib,Protein nuclear transport,-0.079559251,1,6,18,135,31,104,0,0,0.1,0,0,0,0,0,0.4424987240513249,0.13779334866776602,0.8607717454661516,2.0534969097373335,DAXX_mut x XPO1_mut,DAXX,mut,XPO1,mut,DAXX_mut,XPO1_mut,0.008841035,0.2740720726304682,0.017730626,0.000929959,0.25392395045850213,0.25392395045850213,0.5952963339375944,124
Ceralasertib,mTOR regulation of autophagy/ribosome biogenesis,0.035084944,1,8,24,252,61,191,0,0,0.1,0,0,0,0,0,0.44166546465950035,0.1574397593715621,0.802885583,2.111411001,MAPK1_del x SQSTM1_amp,MAPK1,del,SQSTM1,amp,MAPK1_del,SQSTM1_amp,0.007737292,0.4719748247864188,0.015066339102553988,0.00093017,0.25392395045850213,0.25392395045850213,0.5952963339375944,124
Ceralasertib,Ubiquitin regulation of p53 activity,-0.087549327,0.5216481472590397,9,26,300,42,258,0,0,0.1,0,0,0,0,0,0.4377452584368336,0.1617741297275941,0.791090928,2.024588316310187,ELOC_amp x STK11_del,ELOC,amp,STK11,del,ELOC_amp,STK11_del,0.009449562,0.3968816084336606,0.019447913,0.000925037,0.25392395045850213,0.25392395045850213,0.5952963339375944,124
Ceralasertib,CDK holoenzyme complex I,-0.031969467,1,15,44,903,228,667,8,0,0.1,0,0,0,0,0,0.43716503168225007,0.12245599243392014,0.9120199576417014,2.898297651338854,CCND2_mut x TP53_mut,CCND2,mut,TP53,mut,CCND2_mut,TP53_mut,0.00126387,0.28816232242808754,0.015348135947038103,0.000924462,0.25392395045850213,0.25392395045850213,0.5952963339375944,124
Ceralasertib,Checkpoint-regulated DNA repair,-0.02204293,1,41,120,7023,1755,5251,17,0,0.1,0,0,0,0,0,0.4353633780839991,0.061017188660532296,1.2145478061551733,4.071236034852666,TP53_mut x WRN_amp,TP53,mut,WRN,amp,TP53_mut,WRN_amp,8.48719079050496e-05,0.14895019837336204,0.015868964762775765,0.000917715,0.25392395045850213,0.25392395045850213,0.5952963339375944,124
Ceralasertib,PI3-K/Akt,0.012782167,1,6,18,135,26,109,0,0,0.1,0,0,0,0,0,0.43391894863584696,0.09576354,1.0187998075165952,2.0847009611880485,EGFR_amp x IRS1_amp,EGFR,amp,IRS1,amp,EGFR_amp,IRS1_amp,0.00822809,0.16080440007181185,0.014114743091810374,0.000979396,0.25392395045850213,0.25392395045850213,0.5952963339375944,124
Ceralasertib,G1 to S cell cycle control,-0.064177934,1,13,38,666,159,499,8,0,0.1,0,0,0,0,0,0.4326786866593056,0.10671236580271844,0.9717852517216164,2.898297651338854,CCND2_mut x TP53_mut,CCND2,mut,TP53,mut,CCND2_mut,TP53_mut,0.00126387,0.20095530379853474,0.015422597529568522,0.000911505,0.25392395045850213,0.25392395045850213,0.5952963339375944,124
Ceralasertib,Cell motility,0.059135871,1,80,237,27732,5491,22220,21,0,0.1,0,0,0,0,0,0.4324560230727084,0.042124874,1.3754613838418859,4.4759054929722515,EXT2_mut x PAK3_del,EXT2,mut,PAK3,del,EXT2_mut,PAK3_del,3.342677722803043e-05,0.13127597149067774,0.016218294,0.000921757,0.25392395045850213,0.25392395045850213,0.5952963339375944,124
Ceralasertib,Apoptosis Regulation,0.086452039,0.5857805846484829,13,38,666,137,523,6,0,0.1,0,0,0,0,0,0.4310648469413422,0.0892838,1.0492273353185722,2.9667835966458718,BCL2_del x BCL2L1_amp,BCL2,del,BCL2L1,amp,BCL2_del,BCL2L1_amp,0.001079484,0.14788937396159096,0.015564406169251971,0.000911609,0.25392395045850213,0.25392395045850213,0.5952963339375944,124
Ceralasertib,Ribosome biogenesis,0.090793591,0.3707561887666828,18,53,1326,284,1037,5,0,0.1,0,0,0,0,0,0.426653289,0.082160462,1.085337128839045,3.2613505001885557,FOXL2_amp x XPC_del,FOXL2,amp,XPC,del,FOXL2_amp,XPC_del,0.000547835,0.1555850414340591,0.014928859822495168,0.000903407,0.25392395045850213,0.25392395045850213,0.5952963339375944,124
Ceralasertib,Mitosis,-0.058791974,1,29,86,3570,959,2602,9,0,0.1,0,0,0,0,0,0.4261387896380476,0.11051814559849898,0.956566411,3.168194457552661,BRCA1_mut x CDKN2A_mut,BRCA1,mut,CDKN2A,mut,BRCA1_mut,CDKN2A_mut,0.0006789,0.5278100297522252,0.014696388807098332,0.000899878,0.25392395045850213,0.25392395045850213,0.5952963339375944,124
Ceralasertib,Locomotion,0.070871783,1,33,99,4752,1002,3750,0,0,0.1,0,0,0,0,0,0.4246805976959414,0.16024626652719975,0.7952120800339413,2.6560239980841667,GNAQ_del x SLIT2_del,GNAQ,del,SLIT2,del,GNAQ_del,SLIT2_del,0.002207883,0.8185599682952723,0.015801755,0.00088968,0.25392395045850213,0.25392395045850213,0.5952963339375944,124
Ceralasertib,Cyclin D associated events in G1,-0.020121956,1,27,79,3004,700,2292,12,0,0.1,0,0,0,0,0,0.42449380124877417,0.1364763556044229,0.8649425832019125,2.898297651338854,CCND2_mut x TP53_mut,CCND2,mut,TP53,mut,CCND2_mut,TP53_mut,0.00126387,0.5530917453409089,0.014479655602046204,0.000886103,0.25392395045850213,0.25392395045850213,0.5952963339375944,124
Ceralasertib,Protein Transport,0.1395368675062943,0.00058448,15,45,945,288,657,0,0,0.1,0,0,0,0,0,0.42288143917575916,0.11880576098556435,0.9251624995603908,2.5974361163319224,EGFR_mut x TUSC3_del,EGFR,mut,TUSC3,del,EGFR_mut,TUSC3_del,0.002526759,0.3571958728047064,0.014496980246922902,0.000894,0.25392395045850213,0.25392395045850213,0.5952963339375944,124
Ceralasertib,Nucleolus,-0.060917394,1,34,101,4950,897,4045,8,0,0.1,0,0,0,0,0,0.4227188253816343,0.090329279,1.0441714574192305,3.4202512155246585,FOXL2_amp x VHL_del,FOXL2,amp,VHL,del,FOXL2_amp,VHL_del,0.00037997,0.2457038418421673,0.015202701,0.000892859,0.25392395045850213,0.25392395045850213,0.5952963339375944,124
Ceralasertib,RPA complex associated proteins,-0.052749086,1,6,18,135,42,93,0,0,0.1,0,0,0,0,0,0.4194086789020339,0.073367539,1.1344960455702422,2.622934052274905,ATR_amp x XPC_del,ATR,amp,XPC,del,ATR_amp,XPC_del,0.002382681,0.10007261261047634,0.012026394544279253,0.000921037,0.25392395045850213,0.25392395045850213,0.5952963339375944,124
Ceralasertib,RNA metabolism,0.09773408,0.1715649282794309,22,66,2079,445,1626,8,0,0.1,0,0,0,0,0,0.4191275652065023,0.16120112086402022,0.7926319427829965,2.7075031314695717,FUS_amp x PRCC_amp,FUS,amp,PRCC,amp,FUS_amp,PRCC_amp,0.001961087,0.8726837305997974,0.016457733064672412,0.000870948,0.25392395045850213,0.25392395045850213,0.5952963339375944,124
Ceralasertib,RTK-JAK-STAT signaling,0.044239836,1,21,63,1890,383,1505,2,0,0.1,0,0,0,0,0,0.41802229924310425,0.1437339693493354,0.8424405808042293,2.5928274803115046,FRS2_amp x STAT3_amp,FRS2,amp,STAT3,amp,FRS2_amp,STAT3_amp,0.002553716,0.45164015633340626,0.019414036,0.000848118,0.25392395045850213,0.25392395045850213,0.5952963339375944,124
Ceralasertib,PcG protein complex,0.084114533,0.7435245705064601,9,27,324,89,234,1,0,0.1,0,0,0,0,0,0.4164375099966355,0.14459242419667526,0.8398544609541454,2.3173676311042284,BCOR_del x E2F6_amp,BCOR,del,E2F6,amp,BCOR_del,E2F6_amp,0.0048154,0.4285706004658666,0.014180014816596757,0.000879083,0.25392395045850213,0.25392395045850213,0.5952963339375944,124
Ceralasertib,Extracellular matrix organization,0.050121483,1,13,39,702,131,571,0,0,0.1,0,0,0,0,0,0.41348658012778744,0.1153831011276138,0.9378577927785411,2.4521204787500914,ACTA2_del x PDGFRB_del,ACTA2,del,PDGFRB,del,ACTA2_del,PDGFRB_del,0.003530852,0.2618585119120998,0.015018354958399049,0.000861101,0.25392395045850213,0.25392395045850213,0.5952963339375944,124
Ceralasertib,Regulation of nuclear protein ubiquitiation,0.09168989,0.3365546150503318,11,33,495,115,378,2,0,0.1,0,0,0,0,0,0.41176714829456484,0.14538236378878958,0.8374882741768691,2.4820503582970375,BRCA1_amp x MDM2_amp,BRCA1,amp,MDM2,amp,BRCA1_amp,MDM2_amp,0.003295715,0.379007219,0.014771785834411607,0.000864589,0.25392395045850213,0.25392395045850213,0.5952963339375944,124
Ceralasertib,Chromatin binding,0.1825754898392025,2.521254842680065e-07,91,267,35248,9424,25700,124,0,0.1,0,0,0,0,0,0.40871928429920656,0.059320021,1.2267987049215143,4.6443674043133045,GATA3_del x TP53_mut,GATA3,del,TP53,mut,GATA3_del,TP53_mut,2.2679454043302296e-05,0.21373117490408083,0.015304877163605884,0.00084583,0.25392395045850213,0.25392395045850213,0.5952963339375944,124
Ceralasertib,Lymphocyte activation,-0.015337107,1,39,115,6442,929,5401,112,0,0.1,0,0,0,0,0,0.40736486816863027,0.1183252862237316,0.9269224363191961,3.022683888111494,HLA-C_amp x PIK3CD_del,HLA-C,amp,PIK3CD,del,HLA-C_amp,PIK3CD_del,0.000949109,0.4181191096560772,0.015494140579510247,0.000841865,0.25392395045850213,0.25392395045850213,0.5952963339375944,124
Ceralasertib,CDK holoenzyme complex II,-0.143249544,0.000322288,17,49,1129,260,861,8,0,0.1,0,0,0,0,0,0.4066517429254867,0.13338551018337746,0.8748913457507299,2.898297651338854,CCND2_mut x TP53_mut,CCND2,mut,TP53,mut,CCND2_mut,TP53_mut,0.00126387,0.3286061571548367,0.014111844766492552,0.000841337,0.25392395045850213,0.25392395045850213,0.5952963339375944,124
Ceralasertib,Immune system,0.1140047148441518,0.023262556,99,290,41620,6742,34660,218,0,0.1,0,0,0,0,0,0.40535587499532755,0.055664821,1.2544191860844645,4.019931432920187,IL2RA_del x KLHL6_amp,IL2RA,del,KLHL6,amp,IL2RA_del,KLHL6_amp,9.551433736206146e-05,0.190345854,0.015314875,0.000841759,0.25392395045850213,0.25392395045850213,0.5952963339375944,124
Ceralasertib,MDM2-p53 pathway,-0.100411841,0.1254925942156164,8,24,252,87,164,1,0,0.1,0,0,0,0,0,0.3957876091008177,0.13620661418805347,0.8658018025874893,2.450185451077964,MDM4_amp x RB1_mut,MDM4,amp,RB1,mut,MDM4_amp,RB1_mut,0.003546619,0.30855586193382645,0.013665984749457601,0.000810931,0.25392395045850213,0.25392395045850213,0.5952963339375944,124
Ceralasertib,Ubiquitin/Proteasome System,0.009938674,1,21,60,1712,298,1408,6,0,0.1,0,0,0,0,0,0.39510690278150434,0.15609250618134118,0.8066179464072405,2.6290680610760817,ETV4_amp x MDM2_amp,ETV4,amp,MDM2,amp,ETV4_amp,MDM2_amp,0.002349265,0.44849741602897475,0.015461104750318118,0.000805801,0.25392395045850213,0.25392395045850213,0.5952963339375944,124
Ceralasertib,Endoplasmic Reticulum protein processing,-0.016953287,1,6,18,135,41,94,0,0,0.1,0,0,0,0,0,0.3948416264624282,0.079673504,1.0986860850165314,2.5974361163319224,EGFR_mut x TUSC3_del,EGFR,mut,TUSC3,del,EGFR_mut,TUSC3_del,0.002526759,0.10359713388253664,0.012755670412254751,0.000808441,0.25392395045850213,0.25392395045850213,0.5952963339375944,124
Ceralasertib,Epigenetic modification,0.180087449,4.1608839174145373e-07,30,87,3656,983,2666,7,0,0.1,0,0,0,0,0,0.3942684743433201,0.06921631,1.1597915583726146,3.5372671834331846,KDM5A_amp x ZBTB2_amp,KDM5A,amp,ZBTB2,amp,KDM5A_amp,ZBTB2_amp,0.000290224,0.15581424451962508,0.013957184808635018,0.000828419,0.25392395045850213,0.25392395045850213,0.5952963339375944,124
Ceralasertib,Culin-RIng uniqutin ligase complex,-0.068846288,1,8,23,231,27,204,0,0,0.1,0,0,0,0,0,0.37640312996567526,0.15151506038396545,0.8195441967552374,2.024588316310187,ELOC_amp x STK11_del,ELOC,amp,STK11,del,ELOC_amp,STK11_del,0.009449562,0.2551381768502104,0.011508114010567403,0.00076638,0.25392395045850213,0.25392395045850213,0.5952963339375944,124
Ceralasertib,MutL alpha/beta complex,-0.034753403,1,5,15,90,22,68,0,0,0.1,0,0,0,0,0,0.33455668637442754,0.1589734753362499,0.7986753315038311,1.9790161368817398,BRCA1_del x BRIP1_amp,BRCA1,del,BRIP1,amp,BRCA1_del,BRIP1_amp,0.010495034320080783,0.23089075504177722,0.010991232884897603,0.000664324,0.25392395045850213,0.25392395045850213,0.5952963339375944,124
Ceralasertib,EGFR/PI3K signaling,-0.009413547,1,11,33,495,102,393,0,0,0.1,0,0,0,0,0,0.41069722,0.16382495785454507,0.7856199350980002,2.4512849701884822,EGF_del x PIK3R1_del,EGF,del,PIK3R1,del,EGF_del,PIK3R1_del,0.003537651,0.36084043821937944,0.018796983,0.000810353,0.2539286846745449,0.2539286846745449,0.5952882369277087,124
Ceralasertib,Mediator/CCR-NOT complex,-0.025100153,1,9,27,324,69,254,1,0,0.1,0,0,0,0,0,0.4541764348905589,0.17145820109140403,0.7658417371249445,1.8739773047497095,MED12_del x RARA_mut,MED12,del,RARA,mut,MED12_del,RARA_mut,0.013366653658391825,0.5455798185266304,0.016693879778015824,0.000954728,0.25615442090763973,0.25615442090763973,0.5914981443387834,124
Ceralasertib,p53 regulation of cell cycle,-0.209069184,8.062859269131194e-10,5,15,90,35,54,1,0,0.1,0,0,0,0,0,0.44545126171357896,0.17094969061691942,0.7671316808485873,1.7531294065529204,CREBBP_del x TP53_del,CREBBP,del,TP53,del,CREBBP_del,TP53_del,0.017655116734955234,0.4229633820231303,0.015104089896522828,0.000932801,0.25615442090763973,0.25615442090763973,0.5914981443387834,124
Ceralasertib,MAPK and MAP2K activation,-0.010437516,1,14,41,780,186,592,2,0,0.1,0,0,0,0,0,0.4291359038207214,0.16739648289202147,0.7762536710538323,2.2712560858440707,KRAS_mut x MYC_mut,KRAS,mut,MYC,mut,KRAS_mut,MYC_mut,0.005354808,0.6667294426046635,0.015883575947782412,0.000911631,0.25615442090763973,0.25615442090763973,0.5914981443387834,124
Ceralasertib,Histone modifications in DNA damage response,-0.142609446,0.000357289,6,14,79,10,69,0,0,0.1,0,0,0,0,0,0.5687994585333781,0.173794937,0.7599628801178602,1.2742022281970249,CASP8_amp x PARP1_amp,CASP8,amp,PARP1,amp,CASP8_amp,PARP1_amp,0.053186054199493404,0.29923694833399395,0.026699765049553854,0.001225946,0.2565544304945343,0.2565544304945343,0.5908204810175067,124
Ceralasertib,Beta-catenin destruction complex,0.032103724,1,5,15,90,19,71,0,0,0.1,0,0,0,0,0,0.48083701216006675,0.17971428176588305,0.7454174084466494,1.434437657302524,APC_amp x HLA-A_amp,APC,amp,HLA-A,amp,APC_amp,HLA-A_amp,0.036775818,0.4785523457163296,0.020805302,0.001099787,0.26204810507775933,0.26204810507775933,0.581618976,124
Ceralasertib,PIK3/AKT signaling,0.013452932,1,11,33,495,103,392,0,0,0.1,0,0,0,0,0,0.36933537155540813,0.18174304061844598,0.7405422103389303,2.1041704319884196,PIK3CD_mut x PTEN_mut,PIK3CD,mut,PTEN,mut,PIK3CD_mut,PTEN_mut,0.00786737,0.532837698,0.013858364,0.000753796,0.26204810507775933,0.26204810507775933,0.581618976,124
Ceralasertib,Contractile fiber,-0.015281984,1,5,15,90,10,80,0,0,0.1,0,0,0,0,0,0.5478762573176208,0.197995178,0.7033453867091788,1.205656877283938,C8orf34_amp x CBL_amp,C8orf34,amp,CBL,amp,C8orf34_amp,CBL_amp,0.062279213976341556,0.4317550701260531,0.024608593,0.001181725,0.26321648803354225,0.26321648803354225,0.5796869097476485,124
Ceralasertib,Cell Proliferation,-0.006985103,1,14,41,780,146,623,11,0,0.1,0,0,0,0,0,0.44094405369624745,0.1970736984748541,0.7053713329475237,2.2667239450468353,FGF1_del x TP53_del,FGF1,del,TP53,del,FGF1_del,TP53_del,0.005410982,0.7900033096581411,0.01927088,0.000895153,0.26321648803354225,0.26321648803354225,0.5796869097476485,124
Ceralasertib,TNFR/Traf signaling,-0.018488303,1,12,36,594,111,478,5,0,0.1,0,0,0,0,0,0.42542652445925355,0.1867187843355234,0.7288119888377619,1.8664141995558057,TP53_mut x TRAF2_del,TP53,mut,TRAF2,del,TP53_mut,TRAF2_del,0.013601468511949438,0.6290939569059454,0.014008444976645811,0.000908226,0.26321648803354225,0.26321648803354225,0.5796869097476485,124
Ceralasertib,BAF (SWI/SNF) complex,-0.062741344,1,8,24,252,60,192,0,0,0.1,0,0,0,0,0,0.4022455813312377,0.19550532017626887,0.7088414198959478,1.8536250336446771,PBRM1_del x SOX2_amp,PBRM1,del,SOX2,amp,PBRM1_del,SOX2_amp,0.014007962367947503,0.5735824357091047,0.013124276824707919,0.000852258,0.26321648803354225,0.26321648803354225,0.5796869097476485,124
Ceralasertib,Fas,0.002265535,1,7,21,189,41,146,2,0,0.1,0,0,0,0,0,0.39916306645484817,0.19665693545766502,0.7062907328144662,1.589019061,DAXX_mut x TP53_mut,DAXX,mut,TP53,mut,DAXX_mut,TP53_mut,0.025762080830555308,0.4776027910312462,0.012995693,0.000840592,0.26321648803354225,0.26321648803354225,0.5796869097476485,124
Ceralasertib,EGFR-MAPK signaling,0.1113956350011481,0.032637064,23,68,2211,491,1718,2,0,0.1,0,0,0,0,0,0.390352834,0.19953507963833042,0.6999807413101848,2.2712560858440707,KRAS_mut x MYC_mut,KRAS,mut,MYC,mut,KRAS_mut,MYC_mut,0.005354808,0.8566274460340927,0.014897769831348988,0.000792454,0.26321648803354225,0.26321648803354225,0.5796869097476485,124
Ceralasertib,Neg Regulation EGFR,0.031842907,1,6,18,135,38,97,0,0,0.1,0,0,0,0,0,0.3661220865314209,0.1912596102259693,0.718376734,1.9076454241831893,EGFR_amp x PTEN_amp,EGFR,amp,PTEN,amp,EGFR_amp,PTEN_amp,0.012369569236293218,0.47004363097914226,0.010893327458251969,0.000745971,0.26321648803354225,0.26321648803354225,0.5796869097476485,124
Ceralasertib,Epithelial differentiation,0.025619417,1,8,24,252,65,187,0,0,0.1,0,0,0,0,0,0.3635771764194139,0.19813218686537784,0.7030449669524091,1.906000402491781,FLG_amp x PRSS8_amp,FLG,amp,PRSS8,amp,FLG_amp,PRSS8_amp,0.012416511568648802,0.6009330620619009,0.013094013086027976,0.000734575,0.26321648803354225,0.26321648803354225,0.5796869097476485,124
Ceralasertib,Regulation of androgen receptor signaling pathway,-0.042739701,1,5,15,90,35,55,0,0,0.1,0,0,0,0,0,0.38579228312194186,0.2048754258163694,0.6885101307758931,1.794361212388863,ANKRD11_mut x NCOR2_mut,ANKRD11,mut,NCOR2,mut,ANKRD11_mut,NCOR2_mut,0.016056053,0.5619618479493697,0.015273734989677941,0.000807259,0.26601522737383126,0.26601522737383126,0.5750935025601053,124
Ceralasertib,RNA processing 1,-0.096063764,0.2069645691607342,30,90,3915,778,3100,37,0,0.1,0,0,0,0,0,0.3838911958895078,0.20594727280554678,0.6862439546827719,2.4047918307856344,CTCF_del x RBM10_del,CTCF,del,RBM10,del,CTCF_del,RBM10_del,0.003937388,0.9950875799077391,0.014997903967611111,0.000763886,0.26601522737383126,0.26601522737383126,0.5750935025601053,124
Ceralasertib,H3 acetylation and H3K4 methylation crosstalk,0.1342300616855958,0.00132873,5,13,66,26,39,1,0,0.1,0,0,0,0,0,0.402455456,0.20942076576076354,0.6789802567155767,1.6167352786485385,EP300_del x TP53_mut,EP300,del,TP53,mut,EP300_del,TP53_mut,0.024169336115607443,0.5451625737310707,0.014608455592901958,0.000828892,0.2677131438591204,0.2677131438591204,0.5723303058195865,124
Ceralasertib,Histone methyltransferase complex,0.1271155925364361,0.003816612,11,31,435,155,275,5,0,0.1,0,0,0,0,0,0.3660473910522658,0.2150698790409441,0.6674204091490339,2.274064543180106,KMT2C_amp x MEN1_amp,KMT2C,amp,MEN1,amp,KMT2C_amp,MEN1_amp,0.005320292,0.8246452371441007,0.012969687720057473,0.000722713,0.27212923470486805,0.27212923470486805,0.5652247996792936,124
Ceralasertib,Structural constituent of muscle,-0.013006689,1,6,18,135,14,121,0,0,0.1,0,0,0,0,0,0.5087288975083473,0.2221804220409508,0.6532942126057022,1.205656877283938,C8orf34_amp x CBL_amp,C8orf34,amp,CBL,amp,C8orf34_amp,CBL_amp,0.062279213976341556,0.6044570981764743,0.022072031928189725,0.001064573,0.2782865892230091,0.2782865892230091,0.5555077220410171,124
Ceralasertib,NeST:163,-0.007364999,1,7,21,189,53,136,0,0,0.1,0,0,0,0,0,0.3774515698782281,0.22444416691555136,0.648891677,1.794361212388863,ANKRD11_mut x NCOR2_mut,ANKRD11,mut,NCOR2,mut,ANKRD11_mut,NCOR2_mut,0.016056053,0.7624213127372452,0.011675221457700937,0.000775802,0.2783107669752837,0.2783107669752837,0.555469992,124
Ceralasertib,Regulation of mRNA processing,-0.003530489,1,7,21,189,47,142,0,0,0.1,0,0,0,0,0,0.42024934347384424,0.22715600102849956,0.6436757854655242,1.6019378369093888,RBM10_mut x SPEN_mut,RBM10,mut,SPEN,mut,RBM10_mut,SPEN_mut,0.025007032762590795,0.8509618243151843,0.017538525199557058,0.000846996,0.27840971689262295,0.27840971689262295,0.5553156113057116,124
Ceralasertib,Nuclear receptor signaling,0.069938838,1,17,51,1224,310,913,1,0,0.1,0,0,0,0,0,0.40516459300549235,0.22901444454070596,0.6401371247060291,1.969763127447543,CREBBP_del x TBL1XR1_amp,CREBBP,del,TBL1XR1,amp,CREBBP_del,TBL1XR1_amp,0.010721038918565625,0.9316957864113908,0.015986186,0.000826055,0.27840971689262295,0.27840971689262295,0.5553156113057116,124
Ceralasertib,Polybromo- and BAF containing complex,0.1101589255296896,0.038225834,12,35,561,140,421,0,0,0.1,0,0,0,0,0,0.38791345076766104,0.2356771301047182,0.6276825589742601,1.8536250336446771,PBRM1_del x SOX2_amp,PBRM1,del,SOX2,amp,PBRM1_del,SOX2_amp,0.014007962367947503,0.8235060370400316,0.013965224392289026,0.000793196,0.28372780711635975,0.28372780711635975,0.5470980985171973,124
Ceralasertib,Wnt/beta-catenin,0.035945485,1,8,24,252,50,202,0,0,0.1,0,0,0,0,0,0.4213272540577857,0.24289675435569202,0.6145782883024471,1.434437657302524,APC_amp x HLA-A_amp,APC,amp,HLA-A,amp,APC_amp,HLA-A_amp,0.036775818,0.669844013,0.01722984,0.000882774,0.28434098992235923,0.28434098992235923,0.5461605289345759,124
Ceralasertib,Metabolic pathways,0.050766087,1,12,36,594,127,467,0,0,0.1,0,0,0,0,0,0.3914587718374233,0.23915581050384696,0.6213190630918181,1.7249605301780249,APOB_mut x ATP7B_del,APOB,mut,ATP7B,del,APOB_mut,ATP7B_del,0.018838202882405678,0.7820268523928385,0.015019502533207016,0.000801878,0.28434098992235923,0.28434098992235923,0.5461605289345759,124
Ceralasertib,Histone acetyltransferase complex,0.09585506,0.212381135,14,41,780,158,620,2,0,0.1,0,0,0,0,0,0.3848579683934441,0.24535875743300353,0.6101984364116013,1.8419383903126358,HDAC1_amp x MYCL_amp,HDAC1,amp,MYCL,amp,HDAC1_amp,MYCL_amp,0.014390027029273762,0.9829855584109101,0.016103084,0.000765557,0.28434098992235923,0.28434098992235923,0.5461605289345759,124
Ceralasertib,Metabolism,0.063485441,1,18,54,1377,329,1047,1,0,0.1,0,0,0,0,0,0.3816487906721615,0.24435422038495994,0.6119801556164884,1.848592899215313,ABCC3_amp x SPTA1_amp,ABCC3,amp,SPTA1,amp,ABCC3_amp,SPTA1_amp,0.014171215448899852,0.9972714241554488,0.013787492141821952,0.000766102,0.28434098992235923,0.28434098992235923,0.5461605289345759,124
Ceralasertib,Histone methyltransferase subcomplex,0.027397758,1,6,18,135,53,79,3,0,0.1,0,0,0,0,0,0.35467354862502354,0.2477004231658791,0.6060732514745214,1.7054875166551757,KMT2D_mut x MEN1_mut,KMT2D,mut,MEN1,mut,KMT2D_mut,MEN1_mut,0.019702098380429304,0.8166906358897719,0.011346178507599097,0.000708885,0.28439678215341674,0.28439678215341674,0.546075322,124
Ceralasertib,Lymphoid JAK/STAT signaling,0.009581629,1,16,48,1080,163,911,6,0,0.1,0,0,0,0,0,0.40226819918272866,0.2559841445788799,0.5917869336535806,1.5937214822361838,IRS2_del x PIK3R1_del,IRS2,del,PIK3R1,del,IRS2_del,PIK3R1_del,0.025484640863035753,0.9419299270039022,0.018884659688277076,0.000796064,0.28856394479801006,0.28856394479801006,0.5397579336495706,124
Ceralasertib,RAS-RAF-MAPK,0.033918351,1,7,21,189,57,132,0,0,0.1,0,0,0,0,0,0.3717460629845318,0.2548353432622988,0.5937403396046145,1.8196397683318033,BRAF_amp x HRAS_amp,BRAF,amp,HRAS,amp,BRAF_amp,HRAS_amp,0.015148172139254536,0.8634458119375086,0.015320563816055014,0.000724293,0.28856394479801006,0.28856394479801006,0.5397579336495706,124
Ceralasertib,Cell-extracellular matrix interactions,-0.133334057,0.001517266,5,15,90,12,78,0,0,0.1,0,0,0,0,0,0.4178398963182286,0.26138240977364646,0.5827236424451719,1.2293050176523912,ACTA2_del x CASR_amp,ACTA2,del,CASR,amp,ACTA2_del,CASR_amp,0.058978671030772534,0.7015077536194214,0.021563398590248986,0.000824346,0.2919947640714609,0.2919947640714609,0.5346249360695943,124
Ceralasertib,Type I interferon signaling pathway,-0.051326786,1,7,21,189,11,168,10,0,0.1,0,0,0,0,0,0.42063457596586296,0.27706174024928915,0.5574234422647563,0.8731737479645493,IFIT2_del x PML_del,IFIT2,del,PML,del,IFIT2_del,PML_del,0.13391408308765307,0.4679708534455373,0.029490006158480863,0.000908365,0.30403235213196333,0.30403235213196333,0.517080201,124
Ceralasertib,RNA processing 2,-0.016627256,1,15,45,945,164,777,4,0,0.1,0,0,0,0,0,0.3454383494392719,0.2752565482968731,0.5602623404565927,1.7255695604569072,FUS_amp x SF3B1_amp,FUS,amp,SF3B1,amp,FUS_amp,SF3B1_amp,0.018811803755499512,0.9942660769006713,0.014809296671033777,0.000667193,0.30403235213196333,0.30403235213196333,0.517080201,124
Ceralasertib,Spliceosomal complex,-0.069017002,1,6,18,135,31,101,3,0,0.1,0,0,0,0,0,0.2798846414265819,0.2888036646641795,0.5393973002529058,1.635494227015653,SF1_mut x ZRSR2_del,SF1,mut,ZRSR2,del,SF1_mut,ZRSR2_del,0.023147589554101074,0.7175752761771332,0.011815526142970769,0.000526378,0.31413731945928297,0.31413731945928297,0.5028804664271432,124
Ceralasertib,mTOR regulation of mRNA translation,0.037610754,1,5,15,90,26,64,0,0,0.1,0,0,0,0,0,0.4004548133501075,0.2966861627031825,0.527702708,1.0489078373950167,MTOR_del x RICTOR_amp,MTOR,del,RICTOR,amp,MTOR_del,RICTOR_amp,0.089349507,0.8113984429805776,0.015950292585216703,0.000787844,0.31990507978430116,0.31990507978430116,0.4949788636833965,124
Ceralasertib,MAPK signaling,0.028742371,1,6,18,135,31,104,0,0,0.1,0,0,0,0,0,0.37843134758887664,0.30640447690804906,0.5137048934707082,1.0927253035894755,ERBB4_mut x FGFR2_mut,ERBB4,mut,FGFR2,mut,ERBB4_mut,FGFR2_mut,0.080774578,0.7231997465034677,0.01670367,0.000757262,0.32635534756810225,0.32635534756810225,0.4863092666809169,124
Ceralasertib,MHC class I including non-classical MHCs,-0.081643599,0.9491228215255074,8,24,252,39,203,10,0,0.1,0,0,0,0,0,0.3666130589449283,0.30955168172895137,0.5092668322144112,1.2601469710143458,B2M_amp x HLA-B_amp,B2M,amp,HLA-B,amp,B2M_amp,HLA-B_amp,0.054935493339943145,0.911229363,0.015391200214378085,0.000700348,0.32635534756810225,0.32635534756810225,0.4863092666809169,124
Ceralasertib,Chromosome centrometric region,0.057393189,1,7,21,189,38,149,2,0,0.1,0,0,0,0,0,0.35526301014193706,0.3105639597825489,0.5078489445370266,1.3829183260963551,AURKA_amp x AURKB_del,AURKA,amp,AURKB,del,AURKA_amp,AURKB_del,0.041407754,0.8995012963353215,0.015717878339128005,0.000659173,0.32635534756810225,0.32635534756810225,0.4863092666809169,124
Ceralasertib,Ribosome abundance control,0.093394855,0.2793383312795285,12,36,594,106,488,0,0,0.1,0,0,0,0,0,0.31572076326103704,0.3253839268514876,0.48760390392562586,1.7255695604569072,FUS_amp x SF3B1_amp,FUS,amp,SF3B1,amp,FUS_amp,SF3B1_amp,0.018811803755499512,0.9536021933628719,0.012399400005873517,0.000570688,0.33905552041667614,0.33905552041667614,0.4697291801559216,124
Ceralasertib,Nuclear pore,-0.081120616,0.9991136365242956,5,15,90,23,67,0,0,0.1,0,0,0,0,0,0.35459066909493014,0.336857243,0.472554111,1.0534341729209253,NUP98_mut x TERT_mut,NUP98,mut,TERT,mut,NUP98_mut,TERT_mut,0.088423118,0.8950922614684781,0.013827707812343557,0.000655136,0.348085817,0.348085817,0.4583136715626858,124
Ceralasertib,Transcription elongation,-0.16959683,3.1893186545062235e-06,8,24,252,54,196,2,0,0.1,0,0,0,0,0,0.3203142249639808,0.3493902113038509,0.4566892666005796,1.3779475721876842,CHD2_amp x SETD2_del,CHD2,amp,SETD2,del,CHD2_amp,SETD2_del,0.041884412,0.9334221785816764,0.012564589400500738,0.000565199,0.35805277852626044,0.35805277852626044,0.4460529517547946,124
Ceralasertib,Extended mismatch repair complex,-0.057019406,1,10,30,405,66,336,3,0,0.1,0,0,0,0,0,0.34836187970673255,0.3528537890690136,0.4524052145967773,1.1627782353627718,ERCC4_amp x SLX4_amp,ERCC4,amp,SLX4,amp,ERCC4_amp,SLX4_amp,0.068741937,0.9295622022733186,0.015887087908557477,0.000637529,0.35863827741440724,0.35863827741440724,0.44534336010929043,124
Ceralasertib,Interferon signaling,-0.002242468,1,8,24,252,19,223,10,0,0.1,0,0,0,0,0,0.32626165389999007,0.36106449853293066,0.4424152112386691,0.8731737479645493,IFIT2_del x PML_del,IFIT2,del,PML,del,IFIT2_del,PML_del,0.13391408308765307,0.8083132923150189,0.014430099244254768,0.000625686,0.3639999822608406,0.3639999822608406,0.43889863751583197,124
Ceralasertib,MutS homologs,-0.060915879,1,5,15,90,17,71,2,0,0.1,0,0,0,0,0,0.28272882833854734,0.4638370603157447,0.33363455443107565,0.6938387590791745,MSH6_amp x PMS2_amp,MSH6,amp,PMS2,amp,MSH6_amp,PMS2_amp,0.20237704063576145,0.9120553312065608,0.012288484469836235,0.000456666,0.4638370603157447,0.4638370603157447,0.33363455443107565,124
Cisplatin,Beta-catenin destruction complex,0.025366103,1,5,15,90,8,82,0,0,0.1,1,1,0.011111111111111112,0.011111111111111112,0.125,0.9897854249043389,0.000882233,3.0544165888508483,3.9558365479827393,APC_del x CTNNB1_del,APC,del,CTNNB1,del,APC_del,CTNNB1_del,0.000110704,0.000885632,0.033516185664462496,0.003810064,0.10939692035869339,0.10939692035869339,0.9609949036886132,124
Cisplatin,Regulation of beta catenin transcription,-0.073228609,1,7,21,189,37,151,1,0,0.1,2,2,0.010582010582010581,0.010582010582010581,0.054054054,0.5513544106919565,0.00385091,2.4144366171223326,3.9558365479827393,APC_del x CTNNB1_del,APC,del,CTNNB1,del,APC_del,CTNNB1_del,0.000110704,0.004096049,0.014811126871483022,0.001854742,0.15917095182550997,0.15917095182550997,0.7981361866797598,124
Cisplatin,Wnt/beta-catenin,0.04404244,1,8,24,252,28,224,0,0,0.1,1,1,0.003968254,0.003968254,0.035714286,0.43986704571747814,0.003074796,2.512183654,3.9558365479827393,APC_del x CTNNB1_del,APC,del,CTNNB1,del,APC_del,CTNNB1_del,0.000110704,0.003099713,0.013149526353009682,0.001421942,0.15917095182550997,0.15917095182550997,0.7981361866797598,124
Cisplatin,Regulation of adherens junction stability,0.026106603,1,10,30,405,62,340,3,0,0.1,1,1,0.002469136,0.002469136,0.016129032258064516,0.48460438686879337,0.006679357,2.175265368511552,3.9558365479827393,APC_del x CTNNB1_del,APC,del,CTNNB1,del,APC_del,CTNNB1_del,0.000110704,0.00686365,0.019463391795396596,0.001493141,0.20706005513768705,0.20706005513768705,0.6839036746772793,124
Cisplatin,EMT,0.027570102,1,14,42,819,112,704,3,0,0.1,1,1,0.001221001,0.001221001,0.008928571,0.4759543055022576,0.011018906186362616,1.957861514450107,3.9558365479827393,APC_del x CTNNB1_del,APC,del,CTNNB1,del,APC_del,CTNNB1_del,0.000110704,0.012398851961454125,0.016700316,0.001459844,0.22772406118482738,0.22772406118482738,0.6425910796715156,124
Cisplatin,Ubiquitin/Proteasome System,-0.013334863,1,21,59,1655,215,1430,10,0,0.1,1,1,0.00060423,0.00060423,0.004651163,0.4882312182659404,0.009229135,2.034838990345372,4.3417805002769825,RIT1_amp x STK11_amp,RIT1,amp,STK11,amp,RIT1_amp,STK11_amp,4.552180768772218e-05,0.009787189,0.018390834,0.00144535,0.22772406118482738,0.22772406118482738,0.6425910796715156,124
Cisplatin,Locomotion,-0.141098241,0.013328364,33,99,4752,642,4106,4,0,0.1,1,1,0.000210438,0.000210438,0.001557632,0.41984770098821433,0.013052004558384872,1.8843227832077107,4.635742958869579,GNA11_amp x LMNA_amp,GNA11,amp,LMNA,amp,GNA11_amp,LMNA_amp,2.3134336117388705e-05,0.014852243787363549,0.014329393149219168,0.001221487,0.23120693789138919,0.23120693789138919,0.6359991380597325,124
Cisplatin,MutS homologs,-0.118072474,0.1500457223800446,5,15,90,16,72,2,0,0.1,2,2,0.022222222222222223,0.022222222222222223,0.125,0.5861784277856643,0.020143614473491347,1.6958625990728666,2.8210565019726044,MLH1_del x MSH3_del,MLH1,del,MSH3,del,MLH1_del,MSH3_del,0.001509884,0.024158139,0.021827997267876896,0.001961518,0.2961399018495467,0.2961399018495467,0.5285030718894594,124
Cisplatin,RBL-TP53 complex,0.1312030584200567,0.039458495,5,14,78,26,51,1,0,0.1,1,1,0.012820513,0.012820513,0.038461538461538464,0.6089049623963979,0.042301202589071225,1.373647285807615,2.643665223772622,RBL2_amp x TP53_mut,RBL2,amp,TP53,mut,RBL2_amp,TP53_mut,0.002271615,0.059061996590253324,0.020505898,0.001937246,0.2961399018495467,0.2961399018495467,0.5285030718894594,124
Cisplatin,p53 regulation of cell cycle,0.089809488,1,5,15,90,28,60,2,0,0.1,1,1,0.011111111111111112,0.011111111111111112,0.035714286,0.44813120905427273,0.050502616,1.2966861280034576,2.6537283059124475,CDKN1A_amp x TP53_mut,CDKN1A,amp,TP53,mut,CDKN1A_amp,TP53_mut,0.002219585,0.062148368,0.015078732133791347,0.001334048,0.2961399018495467,0.2961399018495467,0.5285030718894594,124
Cisplatin,MDM2-p53 pathway,0.1329678626355919,0.032672133,8,23,231,67,161,3,0,0.1,2,2,0.008658009,0.008658009,0.029850746268656716,0.4953005512559047,0.035714949,1.4471499668368148,3.048835606190152,ATM_mut x MDM4_amp,ATM,mut,MDM4,amp,ATM_mut,MDM4_amp,0.000893644,0.059874127,0.015997703,0.001502668,0.2961399018495467,0.2961399018495467,0.5285030718894594,124
Cisplatin,NeST:80,-0.123981988,0.083578303,7,21,189,20,169,0,0,0.1,1,1,0.005291005,0.005291005,0.05,0.5858610164536924,0.061386055947652764,1.2119302691314442,2.360970009280978,KDR_del x VEGFA_amp,KDR,del,VEGFA,amp,KDR_del,VEGFA_amp,0.004355419,0.08710839,0.025494764558333827,0.001779849,0.2961399018495467,0.2961399018495467,0.5285030718894594,124
Cisplatin,NeST:49,-0.000315102,1,8,23,231,21,210,0,0,0.1,1,1,0.004329004,0.004329004,0.047619047619047616,0.6291575205395665,0.058811340417605294,1.230538922122611,2.360970009280978,KDR_del x VEGFA_amp,KDR,del,VEGFA,amp,KDR_del,VEGFA_amp,0.004355419,0.091463809,0.025791674,0.001968065,0.2961399018495467,0.2961399018495467,0.5285030718894594,124
Cisplatin,Extended mismatch repair complex,-0.226983111,5.3040373204638065e-08,10,30,405,45,357,3,0,0.1,1,1,0.002469136,0.002469136,0.022222222222222223,0.4965842961026766,0.04728995,1.3252311451512009,2.8210565019726044,MLH1_del x MSH3_del,MLH1,del,MSH3,del,MLH1_del,MSH3_del,0.001509884,0.067944767,0.017566711151823764,0.001567392,0.2961399018495467,0.2961399018495467,0.5285030718894594,124
Cisplatin,EGFR/PI3K signaling,-0.089664424,1,11,33,495,58,437,0,0,0.1,1,1,0.002020202,0.002020202,0.017241379310344827,0.4189093546640055,0.065252946,1.1853998758708115,2.8465861499122274,CTNNB1_del x PIK3R1_del,CTNNB1,del,PIK3R1,del,CTNNB1_del,PIK3R1_del,0.001423685,0.082573719,0.013800645217153575,0.001195772,0.2961399018495467,0.2961399018495467,0.5285030718894594,124
Cisplatin,EGFR-MAPK signaling,0.033790411,1,23,67,2146,342,1796,8,0,0.1,1,1,0.000465983,0.000465983,0.002923977,0.40722354555522583,0.057506877,1.2402802168591467,3.603138891330767,STAT5A_mut x TSC2_mut,STAT5A,mut,TSC2,mut,STAT5A_mut,TSC2_mut,0.00024938,0.085287859,0.015021652990151568,0.001155162,0.2961399018495467,0.2961399018495467,0.5285030718894594,124
Cisplatin,Transmembrane tyrosine kinase signaling,0.1124518202842329,0.2554475772315197,53,159,12402,1602,10759,41,0,0.1,2,2,0.000161264,0.000161264,0.001248439,0.41265724279125765,0.026728266,1.5730292073241299,4.406120625178871,RAF1_del x RASA1_del,RAF1,del,RASA1,del,RAF1_del,RASA1_del,3.925358935152664e-05,0.035873719,0.015958272,0.001169815,0.2961399018495467,0.2961399018495467,0.5285030718894594,124
Cisplatin,Cell motility,0.031377244,1,80,236,27498,3573,23896,29,0,0.1,1,1,3.636628118408612e-05,3.636628118408612e-05,0.000279877,0.4276559178399097,0.042042201,1.3763145563437926,4.635742958869579,GNA11_amp x LMNA_amp,GNA11,amp,LMNA,amp,GNA11_amp,LMNA_amp,2.3134336117388705e-05,0.082658983,0.015516978029678042,0.001232394,0.2961399018495467,0.2961399018495467,0.5285030718894594,124
Cisplatin,Histone modifications in DNA damage response,0.1311485584750871,0.039687726,6,14,79,6,73,0,0,0.1,0,0,0,0,0,0.7131563302830082,0.14021437425982386,0.8532074618206819,1.1393167023256376,PARP1_amp x XPC_del,PARP1,amp,XPC,del,PARP1_amp,XPC_del,0.072557665,0.22544451108823946,0.038479131468729964,0.002276494,0.2961399018495467,0.2961399018495467,0.5285030718894594,124
Cisplatin,Endoplasmic Reticulum protein processing,-0.029538871,1,6,18,135,32,103,0,0,0.1,0,0,0,0,0,0.5729411836102629,0.094525494,1.0244510438628125,2.0582150331507236,EGFR_amp x TUSC3_del,EGFR,amp,TUSC3,del,EGFR_amp,TUSC3_del,0.008745506,0.26361911023402024,0.017559165937669888,0.001800026,0.2961399018495467,0.2961399018495467,0.5285030718894594,124
Cisplatin,Culin-RIng uniqutin ligase complex,-0.134686571,0.027174088,8,23,231,18,213,0,0,0.1,0,0,0,0,0,0.5664564204277291,0.083462771,1.0785072016052055,1.896819916129211,ELOC_amp x TET2_mut,ELOC,amp,TET2,mut,ELOC_amp,TET2_mut,0.012681776173945222,0.14789691425988122,0.017508338,0.001819539,0.2961399018495467,0.2961399018495467,0.5285030718894594,124
Cisplatin,Epithelial differentiation,-0.136121995,0.023227876,8,23,231,50,181,0,0,0.1,0,0,0,0,0,0.5213613976204876,0.14739021278119327,0.8315313541719668,1.8709235992499387,ALOX12B_amp x FLG_amp,ALOX12B,amp,FLG,amp,ALOX12B_amp,FLG_amp,0.013460971375974568,0.4910843843802408,0.020329659050816046,0.001608986,0.2961399018495467,0.2961399018495467,0.5285030718894594,124
Cisplatin,Cell Proliferation,-0.021298934,1,14,41,780,110,664,6,0,0.1,0,0,0,0,0,0.510781887,0.15352451220465793,0.813822274,1.894262456666122,ERBB3_mut x MYC_amp,ERBB3,mut,MYC,amp,ERBB3_mut,MYC_amp,0.012756676531081186,0.5497003484199185,0.020698260818202786,0.001533507,0.2961399018495467,0.2961399018495467,0.5285030718894594,124
Cisplatin,Apoptosis Regulation,-0.039409181,1,13,37,631,101,524,6,0,0.1,0,0,0,0,0,0.5044018958304807,0.07834239,1.106003181406069,2.5143259765408916,BCL2L2_del x TP53_mut,BCL2L2,del,TP53,mut,BCL2L2_del,TP53_mut,0.003059666,0.21913707657736897,0.017024962766764396,0.001544916,0.2961399018495467,0.2961399018495467,0.5285030718894594,124
Cisplatin,Transcription elongation,0.064766806,1,8,24,252,29,222,1,0,0.1,0,0,0,0,0,0.49442548671389175,0.16203305847515295,0.7903963703422543,1.579208286937824,CDC73_amp x PTPN11_amp,CDC73,amp,PTPN11,amp,CDC73_amp,PTPN11_amp,0.026350673086648013,0.41983914788640975,0.016574682608041996,0.001480771,0.2961399018495467,0.2961399018495467,0.5285030718894594,124
Cisplatin,Fas,-0.108284304,0.3745070772106595,7,21,189,29,157,3,0,0.1,0,0,0,0,0,0.49194702562304826,0.15166250424507172,0.8191217772375158,1.596928312625631,MAPK1_amp x PARP1_amp,MAPK1,amp,PARP1,amp,MAPK1_amp,PARP1_amp,0.025297155,0.32166173105964696,0.023314942,0.001477015,0.2961399018495467,0.2961399018495467,0.5285030718894594,124
Cisplatin,Protein Transport,0.063261766,1,15,45,945,209,735,1,0,0.1,0,0,0,0,0,0.49146963635376195,0.077971616,1.1080634633488449,3.047996233381847,ARFRP1_amp x PIK3C3_del,ARFRP1,amp,PIK3C3,del,ARFRP1_amp,PIK3C3_del,0.000895373,0.18713285898840495,0.015681209697123517,0.001481957,0.2961399018495467,0.2961399018495467,0.5285030718894594,124
Cisplatin,BAF (SWI/SNF) complex,0.002971007,1,8,24,252,45,207,0,0,0.1,0,0,0,0,0,0.49048178637798623,0.081907153,1.0866781695572068,2.5192248760433342,SMARCB1_del x SOX2_amp,SMARCB1,del,SOX2,amp,SMARCB1_del,SOX2_amp,0.003025347,0.13614059292577457,0.020041792492559503,0.001443485,0.2961399018495467,0.2961399018495467,0.5285030718894594,124
Cisplatin,Extended PRC1 complex,0.043173232,1,8,24,252,56,196,0,0,0.1,0,0,0,0,0,0.488213853,0.14393192324524876,0.8418428714445206,1.9833173018484904,BCORL1_del x E2F6_del,BCORL1,del,E2F6,del,BCORL1_del,E2F6_del,0.010391606625563361,0.3262237305428718,0.017664150642821314,0.001424695,0.2961399018495467,0.2961399018495467,0.5285030718894594,124
Cisplatin,Neg Regulation EGFR,-0.028136016,1,6,18,135,24,111,0,0,0.1,0,0,0,0,0,0.4778717062574353,0.15237785236225304,0.8170781517355463,1.8866598070378435,EGFR_amp x NF2_mut,EGFR,amp,NF2,mut,EGFR_amp,NF2_mut,0.012981957797332667,0.311566987,0.023476121,0.001403672,0.2961399018495467,0.2961399018495467,0.5285030718894594,124
Cisplatin,Polybromo- and BAF containing complex,-0.034789521,1,12,35,561,99,462,0,0,0.1,0,0,0,0,0,0.4775748720446127,0.11640828013917952,0.9340161271529746,2.5192248760433342,SMARCB1_del x SOX2_amp,SMARCB1,del,SOX2,amp,SMARCB1_del,SOX2_amp,0.003025347,0.2995093044367041,0.020039888,0.00140057,0.2961399018495467,0.2961399018495467,0.5285030718894594,124
Cisplatin,PML body,0.041776005,1,9,27,324,53,270,1,0,0.1,0,0,0,0,0,0.47416095925138596,0.094376898,1.0251343030181097,2.4594653850173867,PARP1_amp x RB1_mut,PARP1,amp,RB1,mut,PARP1_amp,RB1_mut,0.003471639,0.18399689091375326,0.017936485,0.001394438,0.2961399018495467,0.2961399018495467,0.5285030718894594,124
Cisplatin,NeST:16,-0.142861615,0.010900153,22,64,1954,274,1677,3,0,0.1,0,0,0,0,0,0.4718764401045459,0.1014851751489153,0.9935973944133507,2.820674198930922,FGF10_amp x SETBP1_del,FGF10,amp,SETBP1,del,FGF10_amp,SETBP1_del,0.001511213,0.3977949805538077,0.017889605348527453,0.001390432,0.2961399018495467,0.2961399018495467,0.5285030718894594,124
Cisplatin,RAS-RAF-MAPK,0.018296161,1,7,21,189,34,154,1,0,0.1,0,0,0,0,0,0.47144135900835477,0.12212918024323603,0.9131805579671292,2.099973397724362,MAPK1_del x RAF1_del,MAPK1,del,RAF1,del,MAPK1_del,RAF1_del,0.007943769,0.27008814327959957,0.015649526681004108,0.001378278,0.2961399018495467,0.2961399018495467,0.5285030718894594,124
Cisplatin,Histone deacetylase binding,-0.026019287,1,16,47,1035,192,838,5,0,0.1,0,0,0,0,0,0.46174864307997815,0.10165120178416226,0.9928874824942671,2.5474473839288874,HDAC1_amp x TP53_mut,HDAC1,amp,TP53,mut,HDAC1_amp,TP53_mut,0.002834997,0.2571474270060476,0.017744958048288358,0.001352131,0.2961399018495467,0.2961399018495467,0.5285030718894594,124
Cisplatin,Nuclear pore,-0.12204072,0.1015703641619354,5,15,90,13,77,0,0,0.1,0,0,0,0,0,0.4608826874379294,0.10963623803699525,0.9600458748819387,1.863823326531484,NUP98_mut x RANBP2_mut,NUP98,mut,RANBP2,mut,NUP98_mut,RANBP2_mut,0.013682853386598914,0.1778770940257859,0.010722238,0.001424271,0.2961399018495467,0.2961399018495467,0.5285030718894594,124
Cisplatin,Oncogene induced senescence,-0.012430082,1,7,20,171,47,122,2,0,0.1,0,0,0,0,0,0.45893924839139727,0.1797203671235977,0.7454027029234935,1.6247442517486612,RB1_del x TP53_mut,RB1,del,TP53,mut,RB1_del,TP53_mut,0.023727706,0.4360239975558658,0.019780819266131955,0.001328322,0.2961399018495467,0.2961399018495467,0.5285030718894594,124
Cisplatin,Regulation of E2F transcription via DREAM complex,0.085788072,1,11,32,465,113,349,3,0,0.1,0,0,0,0,0,0.4562601376561493,0.11112127370999283,0.9542027892102254,2.643665223772622,RBL2_amp x TP53_mut,RBL2,amp,TP53,mut,RBL2_amp,TP53_mut,0.002271615,0.2566925236422548,0.016606367232369385,0.001331914,0.2961399018495467,0.2961399018495467,0.5285030718894594,124
Cisplatin,mTOR regulation of mRNA translation,-0.046272326,1,5,14,78,20,58,0,0,0.1,0,0,0,0,0,0.4517271672304045,0.095700402,1.0190862362435076,1.9860662545192636,MTOR_del x RICTOR_amp,MTOR,del,RICTOR,amp,MTOR_del,RICTOR_amp,0.010326039,0.14185722589159877,0.012604871607449138,0.001373279,0.2961399018495467,0.2961399018495467,0.5285030718894594,124
Cisplatin,PcG protein complex,-0.133876115,0.029671971,9,27,324,73,251,0,0,0.1,0,0,0,0,0,0.45112115032165445,0.1556089122203156,0.807965533,1.9833173018484904,BCORL1_del x E2F6_del,BCORL1,del,E2F6,del,BCORL1_del,E2F6_del,0.010391606625563361,0.4252559344576721,0.016734657582589945,0.001296246,0.2961399018495467,0.2961399018495467,0.5285030718894594,124
Cisplatin,RTK-JAK-STAT signaling,0.069542657,1,21,63,1890,195,1692,3,0,0.1,0,0,0,0,0,0.45080427757719194,0.17917244151844983,0.746728788,2.0856608438433173,BCR_del x JAK2_del,BCR,del,JAK2,del,BCR_del,JAK2_del,0.008209924,0.7717715305215543,0.018054675880577586,0.001307555,0.2961399018495467,0.2961399018495467,0.5285030718894594,124
Cisplatin,Integrator-PP2A complex,0.022302489,1,12,35,561,106,452,3,0,0.1,0,0,0,0,0,0.45052031402348297,0.1505847370824332,0.8222190449799093,2.4135704546982724,MYC_amp x PPP6C_del,MYC,amp,PPP6C,del,MYC_amp,PPP6C_del,0.003858598,0.4090113978322828,0.017145907,0.001285356,0.2961399018495467,0.2961399018495467,0.5285030718894594,124
Cisplatin,G1/S phase,0.2315810892592315,2.331815318612485e-08,19,54,1380,340,1032,8,0,0.1,0,0,0,0,0,0.4495071580395974,0.13320681214270017,0.8754735649529873,2.6537283059124475,CDKN1A_amp x TP53_mut,CDKN1A,amp,TP53,mut,CDKN1A_amp,TP53_mut,0.002219585,0.48194950377542006,0.016017053349128643,0.001287126,0.2961399018495467,0.2961399018495467,0.5285030718894594,124
Cisplatin,Homologous recombination,0.012319795,1,12,36,594,108,482,4,0,0.1,0,0,0,0,0,0.44866840993746915,0.16222802589346552,0.7898741165892782,2.246524740715526,BRCA2_del x TP53_mut,BRCA2,del,TP53,mut,BRCA2_del,TP53_mut,0.005668593,0.6122080202283209,0.018036018,0.001300994,0.2961399018495467,0.2961399018495467,0.5285030718894594,124
Cisplatin,Regulation of TP53 Activity,0.033278581,1,11,33,495,96,397,2,0,0.1,0,0,0,0,0,0.4448676233611754,0.1049098618226006,0.9791836849825465,2.5474473839288874,HDAC1_amp x TP53_mut,HDAC1,amp,TP53,mut,HDAC1_amp,TP53_mut,0.002834997,0.2721597197790607,0.015349604595661943,0.001333047,0.2961399018495467,0.2961399018495467,0.5285030718894594,124
Cisplatin,Mitosis,0.006316389,1,29,83,3324,749,2563,12,0,0.1,0,0,0,0,0,0.44051872343687076,0.083639554,1.0775882901916154,3.048835606190152,ATM_mut x MDM4_amp,ATM,mut,MDM4,amp,ATM_mut,MDM4_amp,0.000893644,0.30602979558074556,0.014724529527929749,0.001279916,0.2961399018495467,0.2961399018495467,0.5285030718894594,124
Cisplatin,Mismatch and excision repair,0.1113151185693576,0.2837820071589125,32,95,4371,787,3568,16,0,0.1,0,0,0,0,0,0.43882858404479896,0.096442103,1.0157333272000009,3.450950852846558,BLM_mut x CKS1B_amp,BLM,mut,CKS1B,amp,BLM_mut,CKS1B_amp,0.000354037,0.27862743666260453,0.016642577599502967,0.001252828,0.2961399018495467,0.2961399018495467,0.5285030718894594,124
Cisplatin,TNFR/Traf signaling,-0.058475013,1,12,36,594,89,502,3,0,0.1,0,0,0,0,0,0.43369548212962916,0.17325297592724165,0.7613192968738489,1.768431164,TNFAIP3_amp x TRAF2_amp,TNFAIP3,amp,TRAF2,amp,TNFAIP3_amp,TRAF2_amp,0.017043894,0.4555789525266186,0.016096148,0.001257548,0.2961399018495467,0.2961399018495467,0.5285030718894594,124
Cisplatin,Resolution of D-loop structures,-0.103455677,0.5735934216594916,9,27,324,57,263,4,0,0.1,0,0,0,0,0,0.4281913298501574,0.13718855739856622,0.8626821106839424,2.246524740715526,BRCA2_del x TP53_mut,BRCA2,del,TP53,mut,BRCA2_del,TP53_mut,0.005668593,0.323109788,0.016584114,0.001262759,0.2961399018495467,0.2961399018495467,0.5285030718894594,124
Cisplatin,CDK holoenzyme complex I,0.1165892692564966,0.1728486480613773,15,43,862,191,663,8,0,0.1,0,0,0,0,0,0.42758995663578236,0.090048403,1.0455239868166477,2.912842023339635,CCND3_amp x TP53_mut,CCND3,amp,TP53,mut,CCND3_amp,TP53_mut,0.001222244,0.21197032499134566,0.015714157257951864,0.001207497,0.2961399018495467,0.2961399018495467,0.5285030718894594,124
Cisplatin,mTOR regulation of autophagy/ribosome biogenesis,0.023553149,1,8,23,231,41,190,0,0,0.1,0,0,0,0,0,0.42680442181404604,0.14345848321790455,0.8432737652584001,1.9860662545192636,MTOR_del x RICTOR_amp,MTOR,del,RICTOR,amp,MTOR_del,RICTOR_amp,0.010326039,0.2908073130777775,0.013768406378129878,0.00122104,0.2961399018495467,0.2961399018495467,0.5285030718894594,124
Cisplatin,NeST:29,-0.012554554,1,14,40,742,79,663,0,0,0.1,0,0,0,0,0,0.42234867902406875,0.12338846231208783,0.9087254479888163,2.360970009280978,KDR_del x VEGFA_amp,KDR,del,VEGFA,amp,KDR_del,VEGFA_amp,0.004355419,0.34407814011405996,0.018477459271517577,0.001216252,0.2961399018495467,0.2961399018495467,0.5285030718894594,124
Cisplatin,Cyclin D associated events in G1,-0.145975283,0.007600149,27,77,2853,562,2278,13,0,0.1,0,0,0,0,0,0.42075494841019134,0.13112443535331936,0.8823163689487431,2.912842023339635,CCND3_amp x TP53_mut,CCND3,amp,TP53,mut,CCND3_amp,TP53_mut,0.001222244,0.4255492574836201,0.015073166701238106,0.001179269,0.2961399018495467,0.2961399018495467,0.5285030718894594,124
Cisplatin,Phosphatase 2A catalytic subunit,0.1147615058378126,0.2057094323651938,5,15,90,14,75,1,0,0.1,0,0,0,0,0,0.41709527915016426,0.16492001811537502,0.7827266261662954,1.5284308789840724,PPP2CB_amp x PPP2R1A_amp,PPP2CB,amp,PPP2R1A,amp,PPP2CB_amp,PPP2R1A_amp,0.029618913336834425,0.33841470878047647,0.009613775,0.001258471,0.2961399018495467,0.2961399018495467,0.5285030718894594,124
Cisplatin,Checkpoint-regulated DNA repair,0.007522837,1,41,118,6790,1329,5443,18,0,0.1,0,0,0,0,0,0.41621759865119956,0.12187187976788093,0.9140964902016195,3.450950852846558,BLM_mut x CKS1B_amp,BLM,mut,CKS1B,amp,BLM_mut,CKS1B_amp,0.000354037,0.4705157094340552,0.015791475511516724,0.001161594,0.2961399018495467,0.2961399018495467,0.5285030718894594,124
Cisplatin,INSR-FOXO,-0.052694614,1,25,75,2700,328,2370,2,0,0.1,0,0,0,0,0,0.41385552654488195,0.090631302,1.0427217823004615,3.302393808110928,PIK3R1_del x TGFBR2_del,PIK3R1,del,TGFBR2,del,PIK3R1_del,TGFBR2_del,0.000498432,0.16348579954248652,0.015968384148139912,0.001157592,0.2961399018495467,0.2961399018495467,0.5285030718894594,124
Cisplatin,G1 to S cell cycle control,-0.315510559,0,13,38,666,130,528,8,0,0.1,0,0,0,0,0,0.4135598367067005,0.074074477,1.130331404809377,2.912842023339635,CCND3_amp x TP53_mut,CCND3,amp,TP53,mut,CCND3_amp,TP53_mut,0.001222244,0.14427299606740804,0.016717330998086213,0.001164356,0.2961399018495467,0.2961399018495467,0.5285030718894594,124
Cisplatin,CDK holoenzyme complex II,0.1627732875590085,0.000960236,17,48,1083,214,860,9,0,0.1,0,0,0,0,0,0.4116806543729698,0.097034743,1.0130727385763594,2.912842023339635,CCND3_amp x TP53_mut,CCND3,amp,TP53,mut,CCND3_amp,TP53_mut,0.001222244,0.23749554737250247,0.014892932727194452,0.001157395,0.2961399018495467,0.2961399018495467,0.5285030718894594,124
Cisplatin,Protein nuclear transport,0.017317771,1,6,18,135,17,118,0,0,0.1,0,0,0,0,0,0.4032528196408678,0.13572805235033658,0.8673303828349117,1.863823326531484,NUP98_mut x RANBP2_mut,NUP98,mut,RANBP2,mut,NUP98_mut,RANBP2_mut,0.013682853386598914,0.23260850757218154,0.012622919610051122,0.001171693,0.2961399018495467,0.2961399018495467,0.5285030718894594,124
Cisplatin,MAPK and MAP2K activation,0.09745652,0.9510088902509216,14,41,780,129,645,6,0,0.1,0,0,0,0,0,0.40315145427192367,0.16034889580603912,0.7949340263622653,2.1431448976911778,MAPK1_amp x MYC_amp,MAPK1,amp,MYC,amp,MAPK1_amp,MYC_amp,0.00719209,0.5123730953392404,0.014974480003303986,0.001142316,0.2961399018495467,0.2961399018495467,0.5285030718894594,124
Cisplatin,PIK3/AKT signaling,-0.097858858,0.9211240630404576,11,33,495,59,434,2,0,0.1,0,0,0,0,0,0.4024186709268966,0.14320414559462546,0.8440444095225074,2.1191875929525943,HSP90AA1_del x PIK3CD_del,HSP90AA1,del,PIK3CD,del,HSP90AA1_del,PIK3CD_del,0.007599979,0.29001757618154705,0.016046428,0.00114723,0.2961399018495467,0.2961399018495467,0.5285030718894594,124
Cisplatin,Epigenetic modification,-0.038147082,1,30,84,3407,709,2683,15,0,0.1,0,0,0,0,0,0.40185724327799005,0.14640062710539345,0.834457063,2.5474473839288874,HDAC1_amp x TP53_mut,HDAC1,amp,TP53,mut,HDAC1_amp,TP53_mut,0.002834997,0.5765296790830222,0.014619688103057013,0.001128984,0.2961399018495467,0.2961399018495467,0.5285030718894594,124
Cisplatin,NeST:163,0.018826629,1,7,21,189,39,150,0,0,0.1,0,0,0,0,0,0.40012768927417725,0.14475817120690582,0.8393569121607316,2.005153478173764,ANKRD11_amp x TBL1XR1_amp,ANKRD11,amp,TBL1XR1,amp,ANKRD11_amp,TBL1XR1_amp,0.009882038,0.2829191669299015,0.016977982577192133,0.001124681,0.2961399018495467,0.2961399018495467,0.5285030718894594,124
Cisplatin,Homologous recombination (HR) and Fanconi Anemia repair,0.1139104967363103,0.2228933811771618,29,86,3570,631,2930,9,0,0.1,0,0,0,0,0,0.3962892463944929,0.14256188731152952,0.8459965638434139,2.890902600004476,POLH_amp x TP53_mut,POLH,amp,TP53,mut,POLH_amp,TP53_mut,0.001285575,0.5573259555049116,0.015350191369540262,0.00109834,0.2961399018495467,0.2961399018495467,0.5285030718894594,124
Cisplatin,Chromatin binding,0.066658913,1,91,262,33938,6835,26969,134,0,0.1,0,0,0,0,0,0.39007081957063794,0.17174580396306177,0.7651138646785958,2.889418359189244,HDAC3_del x RAD21_amp,HDAC3,del,RAD21,amp,HDAC3_del,RAD21_amp,0.001289976,0.999549512,0.014594501660824844,0.00107288,0.2961399018495467,0.2961399018495467,0.5285030718894594,124
Cisplatin,Positive regulators of transcription,0.008605442,1,15,43,862,206,651,5,0,0.1,0,0,0,0,0,0.3864017858772078,0.18389332614850884,0.7354340318792126,2.5474473839288874,HDAC1_amp x TP53_mut,HDAC1,amp,TP53,mut,HDAC1_amp,TP53_mut,0.002834997,0.5840093986925678,0.014693540952052261,0.00103024,0.2961399018495467,0.2961399018495467,0.5285030718894594,124
Cisplatin,RNA processing 1,0.1342510795994627,0.028442702,30,87,3657,566,3065,26,0,0.1,0,0,0,0,0,0.38579047597201677,0.12087224932193778,0.9176733959939186,3.3175222573756247,CDC73_amp x RPS15_amp,CDC73,amp,RPS15,amp,CDC73_amp,RPS15_amp,0.000481369,0.27245461824295525,0.014607687328189987,0.001054555,0.2961399018495467,0.2961399018495467,0.5285030718894594,124
Cisplatin,Immune system,0.071778279,1,99,288,41047,4607,36179,261,0,0.1,0,0,0,0,0,0.38154988675815604,0.182251102,0.7393298359211804,2.918376858763223,B2M_del x IL2RA_del,B2M,del,IL2RA,del,B2M_del,IL2RA_del,0.001206766,0.997907932,0.014446962,0.001041977,0.2961399018495467,0.2961399018495467,0.5285030718894594,124
Cisplatin,Nuclear receptor signaling,-0.052313803,1,17,50,1176,222,953,1,0,0.1,0,0,0,0,0,0.37579613569103754,0.1828898520892562,0.737810391,2.2719078128705554,BCL6_amp x NRIP1_mut,BCL6,amp,NRIP1,mut,BCL6_amp,NRIP1_mut,0.005346778,0.6554966426111364,0.013538078493803146,0.00103335,0.2961399018495467,0.2961399018495467,0.5285030718894594,124
Cisplatin,Lymphoid JAK/STAT signaling,-0.015077856,1,16,47,1035,81,948,6,0,0.1,0,0,0,0,0,0.37548554501645975,0.15824293924498437,0.8006756589747611,2.2741034240723903,EPOR_amp x IL6R_amp,EPOR,amp,IL6R,amp,EPOR_amp,IL6R_amp,0.005319816,0.43090506087997466,0.013474268,0.00103855,0.2961399018495467,0.2961399018495467,0.5285030718894594,124
Cisplatin,Regulation of immune responses,-0.029569387,1,57,168,13863,1478,12182,203,0,0.1,0,0,0,0,0,0.374404018,0.1803040564256198,0.7439945025430119,2.8901608688279747,B2M_del x GATA3_del,B2M,del,GATA3,del,B2M_del,GATA3_del,0.001287772,0.9979006817915133,0.014824461124043169,0.001022699,0.2961399018495467,0.2961399018495467,0.5285030718894594,124
Cisplatin,Nucleolus,0.1835486889831081,5.604547915871727e-05,34,98,4659,621,4031,7,0,0.1,0,0,0,0,0,0.37335005249161834,0.12732830928733319,0.8950750276076959,3.3175222573756247,CDC73_amp x RPS15_amp,CDC73,amp,RPS15,amp,CDC73_amp,RPS15_amp,0.000481369,0.2989298903337018,0.013382031985051746,0.001014346,0.2961399018495467,0.2961399018495467,0.5285030718894594,124
Cisplatin,MutL alpha/beta complex,-0.155600715,0.002384497,5,15,90,14,76,0,0,0.1,0,0,0,0,0,0.3695948435898547,0.11104695340303698,0.954493352,1.993513254,MLH1_del x PMS2_amp,MLH1,del,PMS2,amp,MLH1_del,PMS2_amp,0.010150483893920034,0.14210677451488046,0.012084592597406522,0.001078432,0.2961399018495467,0.2961399018495467,0.5285030718894594,124
Cisplatin,p53 regulation,0.1007824711509045,0.7202362383335774,11,29,379,79,295,5,0,0.1,0,0,0,0,0,0.3687661119643939,0.094628331,1.0239788193212016,2.5474473839288874,HDAC1_amp x TP53_mut,HDAC1,amp,TP53,mut,HDAC1_amp,TP53_mut,0.002834997,0.15643256873838574,0.013696264895488591,0.001032854,0.2961399018495467,0.2961399018495467,0.5285030718894594,124
Cisplatin,Metabolism,0.060280956,1,18,53,1326,242,1083,1,0,0.1,0,0,0,0,0,0.35470443188686807,0.16193263660874935,0.7906656128237897,2.733260257903944,APOB_amp x IDH1_amp,APOB,amp,IDH1,amp,APOB_amp,IDH1_amp,0.001848161,0.4472549008256662,0.012282083639745488,0.000938422,0.2961399018495467,0.2961399018495467,0.5285030718894594,124
Cisplatin,Nuclear transport,0.076651942,1,7,21,189,22,167,0,0,0.1,0,0,0,0,0,0.3500343468782897,0.1654957035179808,0.7812132765870746,1.863823326531484,NUP98_mut x RANBP2_mut,NUP98,mut,RANBP2,mut,NUP98_mut,RANBP2_mut,0.013682853386598914,0.3010227745051761,0.010809612128691817,0.000968563,0.2961399018495467,0.2961399018495467,0.5285030718894594,124
Cisplatin,Metabolic pathways,-0.034204545,1,12,36,594,82,512,0,0,0.1,0,0,0,0,0,0.3308585594211149,0.1117178930391583,0.9518772635375897,2.733260257903944,APOB_amp x IDH1_amp,APOB,amp,IDH1,amp,APOB_amp,IDH1_amp,0.001848161,0.15154918127150674,0.013397843340690689,0.000835811,0.2961399018495467,0.2961399018495467,0.5285030718894594,124
Cisplatin,Contractile fiber,-0.006879546,1,5,15,90,7,83,0,0,0.1,0,0,0,0,0,0.47536908188391586,0.19316408487795445,0.7140736190658683,1.3116677763843119,CBL_amp x MYOD1_amp,CBL,amp,MYOD1,amp,CBL_amp,MYOD1_amp,0.048790157898904486,0.3415311052923314,0.018343646789282773,0.00140824,0.30708136570341477,0.30708136570341477,0.5127465365941136,124
Cisplatin,NeST:195,-0.137453513,0.020054925,6,18,135,30,105,0,0,0.1,0,0,0,0,0,0.43344572130093934,0.20192171243439624,0.6948169793057332,1.5860236962367618,EGFR_amp x KRAS_mut,EGFR,amp,KRAS,mut,EGFR_amp,KRAS_mut,0.025940378,0.5828392150572898,0.012913357649924032,0.00126232,0.3169404093906979,0.3169404093906979,0.4990223854339395,124
Cisplatin,Ubiquitin regulation of mitophagy,-0.220005372,1.784004839411324e-07,8,20,173,17,155,1,0,0.1,0,0,0,0,0,0.4055333770383564,0.21272338802318144,0.672184759,1.5642092353425847,SKP1_del x VHL_del,SKP1,del,VHL,del,SKP1_del,VHL_del,0.027276633,0.4637027655231558,0.016972488802542575,0.001104208,0.32972125143593123,0.32972125143593123,0.48185306048826454,124
Cisplatin,Structural constituent of muscle,-0.00190006,1,6,18,135,9,126,0,0,0.1,0,0,0,0,0,0.45114580474309945,0.22011101931308902,0.6573582150246773,1.3116677763843119,CBL_amp x MYOD1_amp,CBL,amp,MYOD1,amp,CBL_amp,MYOD1_amp,0.048790157898904486,0.4391114210901404,0.018343646789282773,0.001268894,0.3328508096929639,0.3328508096929639,0.4777503822461589,124
Cisplatin,Regulation of beta catenin transcriptional activity,0.103882073,0.5520207680565676,10,30,405,95,309,1,0,0.1,0,0,0,0,0,0.37178209657319705,0.21816644175144476,0.6612120515616432,2.0684923060330034,KMT2A_amp x TP53_del,KMT2A,amp,TP53,del,KMT2A_amp,TP53_del,0.00854098,0.8113930795712108,0.015494951947992101,0.000998531,0.3328508096929639,0.3328508096929639,0.4777503822461589,124
Cisplatin,H3 acetylation and H3K4 methylation crosstalk,-0.070576487,1,5,13,66,24,41,1,0,0.1,0,0,0,0,0,0.4535966636177388,0.23376398000546245,0.6312224071605667,1.2154758834665769,EP300_del x EZH2_amp,EP300,del,EZH2,amp,EP300_del,EZH2_amp,0.060886935556346326,0.5002467451285728,0.020618592769781504,0.001255671,0.3342145330738345,0.3342145330738345,0.4759746690550122,124
Cisplatin,Transcription factor (TF) binding,-0.228495147,4.0587023963922775e-08,14,42,819,148,670,1,0,0.1,0,0,0,0,0,0.43198854766823797,0.22658479762743428,0.6447692318424282,1.4859865564116699,CTNNB1_mut x RBL1_amp,CTNNB1,mut,RBL1,amp,CTNNB1_mut,RBL1_amp,0.032659794,0.8437862108751011,0.017358579660401253,0.001203293,0.3342145330738345,0.3342145330738345,0.4759746690550122,124
Cisplatin,Regulation of nuclear protein ubiquitiation,-0.025590468,1,11,32,465,87,377,1,0,0.1,0,0,0,0,0,0.41144358400801606,0.2264042070228432,0.6451155073873415,1.8001616389211659,CBL_amp x TP53_del,CBL,amp,TP53,del,CBL_amp,TP53_del,0.015843034249903767,0.8411572552473892,0.016247975269390126,0.001130634,0.3342145330738345,0.3342145330738345,0.4759746690550122,124
Cisplatin,Mediator complex,-0.079198172,1,6,18,135,23,111,1,0,0.1,0,0,0,0,0,0.3858863659026248,0.2344892288501903,0.6298771015986288,1.426339179774734,FBXW7_mut x MED1_mut,FBXW7,mut,MED1,mut,FBXW7_mut,MED1_mut,0.037468027,0.6590579335471399,0.011011150446384888,0.001087193,0.3342145330738345,0.3342145330738345,0.4759746690550122,124
Cisplatin,Ribosome biogenesis,-0.025936769,1,18,50,1179,205,970,4,0,0.1,0,0,0,0,0,0.351310014,0.2301806389664915,0.6379312086976756,2.0938318806574108,CHEK2_mut x DDX3X_del,CHEK2,mut,DDX3X,del,CHEK2_mut,DDX3X_del,0.008056903,0.9951177867704899,0.011730706251352677,0.000945026,0.3342145330738345,0.3342145330738345,0.4759746690550122,124
Cisplatin,Histone methyltransferase complex,-0.033871909,1,11,31,435,126,307,2,0,0.1,0,0,0,0,0,0.41154126018532705,0.24154683904023122,0.6169986414578068,1.623990395754455,KMT2C_mut x MEN1_mut,KMT2C,mut,MEN1,mut,KMT2C_mut,MEN1_mut,0.023768929,0.9021627716567223,0.015244578027478545,0.001125634,0.3365371689998727,0.3365371689998727,0.47296696294048457,124
Cisplatin,Extracellular matrix organization,-0.084209793,1,13,38,666,86,579,1,0,0.1,0,0,0,0,0,0.34589705872659743,0.24014460767911452,0.6195271607697518,1.8839490285399294,DMD_mut x PDGFRB_amp,DMD,mut,PDGFRB,amp,DMD_mut,PDGFRB_amp,0.013063242,0.9000970139643542,0.012976721924254368,0.000934163,0.3365371689998727,0.3365371689998727,0.47296696294048457,124
Cisplatin,Ubiquitin regulation of p53 activity,-0.209359203,1.059154198346235e-06,9,25,277,23,253,1,0,0.1,0,0,0,0,0,0.3766411549475575,0.24494018409723445,0.6109399600771093,1.5642092353425847,SKP1_del x VHL_del,SKP1,del,VHL,del,SKP1_del,VHL_del,0.027276633,0.6273625651195638,0.016972488802542575,0.000997656,0.3374731425339675,0.3374731425339675,0.471760784,124
Cisplatin,HDACs deacetylate histones,0.1669420707611811,0.000556918,16,47,1035,206,827,2,0,0.1,0,0,0,0,0,0.349860535,0.2557145183931283,0.5922446138624978,2.005153478173764,ANKRD11_amp x TBL1XR1_amp,ANKRD11,amp,TBL1XR1,amp,ANKRD11_amp,TBL1XR1_amp,0.009882038,0.9938176795255997,0.013067583,0.000909029,0.3484461569312957,0.3484461569312957,0.4578643210213563,124
Cisplatin,Spliceosomal complex,-0.080004392,1,6,18,135,20,113,2,0,0.1,0,0,0,0,0,0.35288589029538847,0.25924934371187247,0.5862823343513538,1.2969261226241167,CDC73_amp x RBM10_del,CDC73,amp,RBM10,del,CDC73_amp,RBM10_del,0.050474715226626506,0.5598812942667939,0.013138323,0.000968362,0.3494230284812194,0.3494230284812194,0.456648477,124
Cisplatin,RNA metabolism,0.044528699,1,22,65,2016,323,1683,10,0,0.1,0,0,0,0,0,0.38765844174748776,0.26455471882952386,0.5774844876063299,1.6204799584070175,FUBP1_mut x RBM10_del,FUBP1,mut,RBM10,del,FUBP1_mut,RBM10_del,0.023961833,0.9897574753704214,0.015662029236253802,0.001039984,0.3527396251060318,0.3527396251060318,0.4525457509980299,124
Cisplatin,Actin filament-based process,-0.147565437,0.006304722,11,33,495,48,447,0,0,0.1,0,0,0,0,0,0.41652393010827815,0.2716036474260903,0.5660644021147032,1.2240949501690632,PALLD_del x PIK3CA_mut,PALLD,del,PIK3CA,mut,PALLD_del,PIK3CA_mut,0.059690477,0.6936851596912297,0.017761089388897727,0.001142401,0.3553791633391954,0.3553791633391954,0.44930803942349207,124
Cisplatin,MAPK signaling,-0.211486283,7.469895730860543e-07,6,18,135,16,119,0,0,0.1,0,0,0,0,0,0.4090972291085723,0.27455286450170846,0.5613740207916262,1.0777256228790448,ERBB4_mut x KRAS_amp,ERBB4,mut,KRAS,amp,ERBB4_mut,KRAS_amp,0.08361311,0.5955920651169985,0.017943085,0.001096527,0.3553791633391954,0.3553791633391954,0.44930803942349207,124
Cisplatin,TGF-beta/Smad signaling,-0.009628194,1,7,21,189,21,166,2,0,0.1,0,0,0,0,0,0.4074716605535253,0.3044676760498479,0.516458808,1.0593038824148566,PIAS4_del x SMAD4_del,PIAS4,del,SMAD4,del,PIAS4_del,SMAD4_del,0.087236075,0.7045441376789391,0.019336625,0.001044522,0.3553791633391954,0.3553791633391954,0.44930803942349207,124
Cisplatin,Ribosome abundance control,0.056897888,1,12,35,561,71,488,2,0,0.1,0,0,0,0,0,0.3892589382557776,0.2946205296757614,0.5307369940369976,1.3146942216708926,CHEK2_mut x DKC1_del,CHEK2,mut,DKC1,del,CHEK2_mut,DKC1_del,0.048451338,0.8977549854797445,0.013053359840567056,0.001013,0.3553791633391954,0.3553791633391954,0.44930803942349207,124
Cisplatin,Actin filaments,0.029133469,1,8,24,252,18,234,0,0,0.1,0,0,0,0,0,0.3889387098271598,0.2884537778232891,0.5399237687978335,1.2240949501690632,PALLD_del x PIK3CA_mut,PALLD,del,PIK3CA,mut,PALLD_del,PIK3CA_mut,0.059690477,0.8506785088590926,0.016612626753683857,0.001033743,0.3553791633391954,0.3553791633391954,0.44930803942349207,124
Cisplatin,Cell-extracellular matrix interactions,-0.163027276,0.000931093,5,15,90,5,85,0,0,0.1,0,0,0,0,0,0.38135765674825783,0.3065485928992365,0.5135006730043691,0.9476548505772452,CASR_mut x MYH11_mut,CASR,mut,MYH11,mut,CASR_mut,MYH11_mut,0.11280936365442018,0.5640468182721009,0.021899835070705812,0.001019184,0.3553791633391954,0.3553791633391954,0.44930803942349207,124
Cisplatin,Beta-catenin,-0.027082055,1,5,14,78,20,58,0,0,0.1,0,0,0,0,0,0.3804747109272669,0.2937530484762119,0.5320176177260717,1.0332308524866995,DAXX_amp x MYC_amp,DAXX,amp,MYC,amp,DAXX_amp,MYC_amp,0.092633729,0.7004583641968914,0.019625030499749486,0.001037659,0.3553791633391954,0.3553791633391954,0.44930803942349207,124
Cisplatin,Lymphocyte activation,-0.035580876,1,39,115,6442,736,5557,149,0,0.1,0,0,0,0,0,0.35713242585584654,0.28302600198947087,0.5481736634092783,1.8628963808930334,HLA-B_amp x IKZF1_amp,HLA-B,amp,IKZF1,amp,HLA-B_amp,IKZF1_amp,0.013712088863507261,0.9994902796531305,0.015502637372632907,0.000929244,0.3553791633391954,0.3553791633391954,0.44930803942349207,124
Cisplatin,RNA processing 2,0.038651692,1,15,45,945,113,826,6,0,0.1,0,0,0,0,0,0.35563956732134044,0.2949839107275835,0.530201671,1.4253121487548615,CREBBP_del x RBM10_del,CREBBP,del,RBM10,del,CREBBP_del,RBM10_del,0.037556737,0.9983001949616993,0.014821376,0.000933276,0.3553791633391954,0.3553791633391954,0.44930803942349207,124
Cisplatin,PI3-K/Akt,-0.072182152,1,6,18,135,22,113,0,0,0.1,0,0,0,0,0,0.35116410658346775,0.29758559492734243,0.5263880952867123,1.394242390906936,INSR_mut x IRS1_mut,INSR,mut,IRS1,mut,INSR_mut,IRS1_mut,0.040342017096148826,0.8875243761152741,0.017815200391316233,0.000912194,0.3553791633391954,0.3553791633391954,0.44930803942349207,124
Cisplatin,Histone methyltransferase subcomplex,-0.069213603,1,6,18,135,41,92,2,0,0.1,0,0,0,0,0,0.34713452630092134,0.3080440946770214,0.511387112,1.6064063828527462,KMT2D_mut x MEN1_mut,KMT2D,mut,MEN1,mut,KMT2D_mut,MEN1_mut,0.024751049410372504,0.8862472580366383,0.014546547427398764,0.000846345,0.3553791633391954,0.3553791633391954,0.44930803942349207,124
Cisplatin,Foxo signaling,-0.090219071,1,10,30,405,74,330,1,0,0.1,0,0,0,0,0,0.34116402367297544,0.30122116392331494,0.5211145176897679,1.6325252111874027,SMARCB1_del x VHL_del,SMARCB1,del,VHL,del,SMARCB1_del,VHL_del,0.023306378,0.9566428348516978,0.013129790203856082,0.000863308,0.3553791633391954,0.3553791633391954,0.44930803942349207,124
Cisplatin,Mediator/CCR-NOT complex,-0.184541901,4.8651016059109153e-05,9,27,324,45,278,1,0,0.1,0,0,0,0,0,0.3360999539349568,0.2938356040862886,0.5318955818562978,1.426339179774734,FBXW7_mut x MED1_mut,FBXW7,mut,MED1,mut,FBXW7_mut,MED1_mut,0.037468027,0.9830077703537621,0.011381834,0.00088552,0.3553791633391954,0.3553791633391954,0.44930803942349207,124
Cisplatin,NeST:78,-0.167288892,0.000533032,10,30,405,99,306,0,0,0.1,0,0,0,0,0,0.33098711846027407,0.27612475073158377,0.5588946631746383,1.8893833865458365,ATRX_del x GATA1_del,ATRX,del,GATA1,del,ATRX_del,GATA1_del,0.012900799138516425,0.975647998,0.012111467453087879,0.000843799,0.3553791633391954,0.3553791633391954,0.44930803942349207,124
Cisplatin,RPA complex associated proteins,-0.148457699,0.005672567,6,18,135,24,111,0,0,0.1,0,0,0,0,0,0.32881358949197775,0.3095237874244605,0.5093059690987773,1.425879176306937,ATM_mut x BRCA1_amp,ATM,mut,BRCA1,amp,ATM_mut,BRCA1_amp,0.037507733681009306,0.9001856083442233,0.014128796258982198,0.000828484,0.3553791633391954,0.3553791633391954,0.44930803942349207,124
Cisplatin,Regulation of mRNA processing,-0.021588014,1,7,21,189,33,155,1,0,0.1,0,0,0,0,0,0.3624997254310487,0.31568170906798815,0.5007505808602974,1.1324070037017688,RBM10_del x SPEN_mut,RBM10,del,SPEN,mut,RBM10_del,SPEN_mut,0.073721302,0.9087686525294718,0.015415619871710681,0.000950203,0.35884343997483215,0.35884343997483215,0.44509498870649467,124
Cisplatin,ECM-cytoskeleton assembly,-0.187188428,3.305405776066195e-05,6,18,135,9,126,0,0,0.1,0,0,0,0,0,0.33990341754101916,0.3183288580421898,0.49712398871050467,1.0725662675430931,PDGFRB_amp x TNF_amp,PDGFRB,amp,TNF,amp,PDGFRB_amp,TNF_amp,0.084612345,0.7615111066271447,0.012485269940047408,0.000893603,0.35884343997483215,0.35884343997483215,0.44509498870649467,124
Cisplatin,Histone acetyltransferase complex,-0.09800172,0.910301755,14,39,705,109,595,1,0,0.1,0,0,0,0,0,0.3440249188837478,0.32638602467020694,0.48626844531814967,1.5042523688156415,PALB2_mut x TERT_amp,PALB2,mut,TERT,amp,PALB2_mut,TERT_amp,0.031314654987913686,0.9874545167578586,0.013806239,0.000876971,0.36461141494689786,0.36461141494689786,0.43816973894257205,124
Cisplatin,Interferon signaling,-0.092354201,1,8,24,252,6,234,12,0,0.1,0,0,0,0,0,0.4116511228991501,0.3335924808339934,0.47678374691052017,0.850378851,IRF2_del x TNF_amp,IRF2,del,TNF,amp,IRF2_del,TNF_amp,0.141130587,0.6501408476646524,0.020363526,0.001002064,0.3652155337872803,0.3652155337872803,0.43745075880852924,124
Cisplatin,Chromosome centrometric region,-0.03810963,1,7,21,189,29,158,2,0,0.1,0,0,0,0,0,0.37840581330406026,0.33466539320745253,0.47538919447250017,0.9733010897950456,MKI67_mut x TOP2A_mut,MKI67,mut,TOP2A,mut,MKI67_mut,TOP2A_mut,0.10634055196441461,0.8285359823757339,0.014852382,0.000943478,0.3652155337872803,0.3652155337872803,0.43745075880852924,124
Cisplatin,Cell projection morphogenesis,-0.038420413,1,8,24,252,48,204,0,0,0.1,0,0,0,0,0,0.31865806304833905,0.3357626681592738,0.4739675926342917,1.3374460230901783,EPHA7_mut x SLIT2_mut,EPHA7,mut,SLIT2,mut,EPHA7_mut,SLIT2_mut,0.045978413,0.9702103602722147,0.012798420962903762,0.000825985,0.3652155337872803,0.3652155337872803,0.43745075880852924,124
Cisplatin,Type I interferon signaling pathway,0.019563425,1,7,21,189,1,176,12,0,0.1,0,0,0,0,0,0.44363686,0.3600502696383221,0.44363686,0.44363686,PML_amp x TNF_amp,PML,amp,TNF,amp,PML_amp,TNF_amp,0.3600502696383221,0.3600502696383221,0.025416849843642376,0.001047881,0.37713546366411804,0.37713546366411804,0.4235026271025497,124
Cisplatin,SMAD-TGFbeta signaling,-0.04429449,1,6,18,135,14,118,3,0,0.1,0,0,0,0,0,0.4145032844580828,0.35886646668395383,0.44506712125581965,0.7163778669747455,CREBBP_mut x SMAD4_mut,CREBBP,mut,SMAD4,mut,CREBBP_mut,SMAD4_mut,0.19214192305311684,0.6039718502092647,0.022234403731888282,0.00098256,0.37713546366411804,0.37713546366411804,0.4235026271025497,124
Cisplatin,Actin cytoskeleton,-0.016681237,1,5,15,90,9,81,0,0,0.1,0,0,0,0,0,0.3978650335770768,0.3619283885163714,0.44137735087225394,0.638630466,NFE2L2_amp x PPP1CB_amp,NFE2L2,amp,PPP1CB,amp,NFE2L2_amp,PPP1CB_amp,0.22981032346139396,0.6172819579844505,0.019389030299103778,0.000969954,0.37713546366411804,0.37713546366411804,0.4235026271025497,124
Cisplatin,Regulation of androgen receptor signaling pathway,-0.048953461,1,5,14,78,29,49,0,0,0.1,0,0,0,0,0,0.36586216001655536,0.3543389644546767,0.45058108837465194,0.9806160891353475,ANKRD11_amp x NCOR2_mut,ANKRD11,amp,NCOR2,mut,ANKRD11_amp,NCOR2_mut,0.10456441470767652,0.8360871699839412,0.016704825023027517,0.000912021,0.37713546366411804,0.37713546366411804,0.4235026271025497,124
Cisplatin,Extended cohesin complex,-0.087279979,1,6,18,135,40,94,1,0,0.1,0,0,0,0,0,0.3407689119683669,0.35610550242652167,0.44842131569667276,1.1131035315081335,SMARCA4_amp x SMC1A_del,SMARCA4,amp,SMC1A,del,SMARCA4_amp,SMC1A_del,0.077071972,0.9388591732131055,0.016205746,0.000845942,0.37713546366411804,0.37713546366411804,0.4235026271025497,124
Cisplatin,Cohesin,-0.081923637,1,5,15,90,25,64,1,0,0.1,0,0,0,0,0,0.3093553988605409,0.40778030339736193,0.3895737553416584,0.9784728484552018,RAD21_amp x STAG1_amp,RAD21,amp,STAG1,amp,RAD21_amp,STAG1_amp,0.10508171485785067,0.943661934,0.014505957429487331,0.000724614,0.4178905588534949,0.4178905588534949,0.37893744049587336,124
Cisplatin,Extracellular matrix,0.020131736,1,8,23,231,15,216,0,0,0.1,0,0,0,0,0,0.2562959229610087,0.4057602021298341,0.3917305517901133,1.0725662675430931,PDGFRB_amp x TNF_amp,PDGFRB,amp,TNF,amp,PDGFRB_amp,TNF_amp,0.084612345,0.9461278248392836,0.009556142,0.000627025,0.4178905588534949,0.4178905588534949,0.37893744049587336,124
Cisplatin,Actin and actin-associated proteins,-0.057399534,1,5,15,90,10,80,0,0,0.1,0,0,0,0,0,0.26125397561813446,0.49411481937435975,0.30617212065825444,0.576799302,PIK3CA_amp x TPM1_amp,PIK3CA,amp,TPM1,amp,PIK3CA_amp,TPM1_amp,0.26497243582297614,0.9745050767668313,0.013550372367690165,0.000561775,0.4981320130278098,0.4981320130278098,0.30265554693541735,124
Cisplatin,Transcription coactivator activity,-0.129323684,0.048202003,5,12,56,21,31,4,0,0.1,0,0,0,0,0,0.2228663790683105,0.4910932487348147,0.30883603625603556,0.982818313,MED1_del x TP53_mut,MED1,del,TP53,mut,MED1_del,TP53_mut,0.10403553067292581,0.9527178150987807,0.007632681,0.000477296,0.4981320130278098,0.4981320130278098,0.30265554693541735,124
Cisplatin,MHC class I including non-classical MHCs,0.021694417,1,8,24,252,28,210,14,0,0.1,0,0,0,0,0,0.1920938566317152,0.6031186271936131,0.2195972582269844,0.42946058901800765,HLA-F_del x TAP2_del,HLA-F,del,TAP2,del,HLA-F_del,TAP2_del,0.37199697729193903,0.9993222838709531,0.013693298877392075,0.000363665,0.6031186271936131,0.6031186271936131,0.2195972582269844,124
Doxorubicin,RBL-TP53 complex,-0.014480156,1,5,15,90,25,65,0,0,0.1,2,2,0.022222222222222223,0.022222222222222223,0.08,0.49390883887455217,0.017826023403794255,1.7489455276268948,3.0249019409009854,RBL2_del x TP53_mut,RBL2,del,TP53,mut,RBL2_del,TP53_mut,0.000944274,0.023606851482739978,0.030985107648610212,0.001471005,0.1898731783851532,0.1898731783851532,0.7215363796654103,124
Doxorubicin,Type I interferon signaling pathway,0.119801132,0.083602938,7,21,189,5,172,12,0,0.1,2,2,0.010582010582010581,0.010582010582010581,0.4,1.2231359463361038,0.006961423,2.1573019910950206,2.5509266169197984,IFIT2_del x PML_del,IFIT2,del,PML,del,IFIT2_del,PML_del,0.002812376,0.00703094,0.059627608,0.004595507,0.1898731783851532,0.1898731783851532,0.7215363796654103,124
Doxorubicin,Interferon signaling,0.1284004029748013,0.033046819,8,24,252,12,228,12,0,0.1,2,2,0.007936508,0.007936508,0.16666666666666666,0.9869892580857248,0.015282069396898157,1.815817832488005,2.5509266169197984,IFIT2_del x PML_del,IFIT2,del,PML,del,IFIT2_del,PML_del,0.002812376,0.016874255997826097,0.073812067,0.003404228,0.1898731783851532,0.1898731783851532,0.7215363796654103,124
Doxorubicin,Epithelial differentiation,0.057871397,1,8,24,252,50,202,0,0,0.1,1,1,0.003968254,0.003968254,0.02,0.5039218606700568,0.022968529643365303,1.6388668057719642,3.2767196621560264,CDH2_del x ZNF750_amp,CDH2,del,ZNF750,amp,CDH2_del,ZNF750_amp,0.000528786,0.026439323711148655,0.034296976,0.001460332,0.1898731783851532,0.1898731783851532,0.7215363796654103,124
Doxorubicin,Mediator/CCR-NOT complex,0.090913146,1,9,27,324,46,277,1,0,0.1,1,1,0.00308642,0.00308642,0.021739130434782608,0.6317405114801755,0.012287108622503547,1.9105503023882167,3.5240714659590497,ESR1_del x PNRC1_del,ESR1,del,PNRC1,del,ESR1_del,PNRC1_del,0.000299177,0.013762152491070658,0.053439477,0.001951816,0.1898731783851532,0.1898731783851532,0.7215363796654103,124
Doxorubicin,EGFR/PI3K signaling,-0.027555439,1,11,33,495,69,426,0,0,0.1,1,1,0.002020202,0.002020202,0.014492753623188406,0.5190667209744397,0.016051737,1.7944779718627275,3.583454183168573,EGF_del x PIK3R1_del,EGF,del,PIK3R1,del,EGF_del,PIK3R1_del,0.000260943,0.018005073872640037,0.036486607,0.001528326,0.1898731783851532,0.1898731783851532,0.7215363796654103,124
Doxorubicin,Cell Proliferation,-0.07445785,1,14,41,780,112,659,9,0,0.1,1,1,0.001282051,0.001282051,0.008928571,0.458984189,0.021876182587665785,1.660028460480943,3.635587748173616,FGF7_del x MYC_amp,FGF7,del,MYC,amp,FGF7_del,MYC_amp,0.000231426,0.025919718,0.030838188594275742,0.001295719,0.1898731783851532,0.1898731783851532,0.7215363796654103,124
Doxorubicin,Transcription factor (TF) binding,-4.82E-05,1,14,42,819,159,660,0,0,0.1,1,1,0.001221001,0.001221001,0.006289308,0.47664308990992543,0.019952625022778333,1.6999999592298012,3.8405138009076323,AR_del x REL_amp,AR,del,REL,amp,AR_del,REL_amp,0.000144373,0.022955319,0.035305524,0.001349123,0.1898731783851532,0.1898731783851532,0.7215363796654103,124
Doxorubicin,INSR-FOXO,-0.024820017,1,25,75,2700,374,2323,3,0,0.1,2,2,0.000740741,0.000740741,0.005347594,0.5633663223737765,0.021525134363903617,1.6670541289186849,3.8919593447759966,FOXO1_amp x SMAD4_del,FOXO1,amp,SMAD4,del,FOXO1_amp,SMAD4_del,0.000128245,0.043832303,0.038932416490494864,0.001658977,0.1898731783851532,0.1898731783851532,0.7215363796654103,124
Doxorubicin,NeST:16,0.2301178596375999,7.085711350995893e-09,22,64,1954,308,1642,4,0,0.1,1,1,0.000511771,0.000511771,0.003246753,0.4774624623346775,0.004706065,2.3273421228136733,4.800647314508066,FCGR2A_amp x SOX17_amp,FCGR2A,amp,SOX17,amp,FCGR2A_amp,SOX17_amp,1.5825326739392333e-05,0.004874201,0.035540515,0.001325534,0.1898731783851532,0.1898731783851532,0.7215363796654103,124
Doxorubicin,Lymphocyte activation,0.1018991190863135,0.4817516760693292,39,115,6442,771,5541,130,0,0.1,2,2,0.000310463,0.000310463,0.002594034,0.36482508753692316,0.00880581,2.055230692697863,4.811178364352045,FCGR2A_amp x LYN_amp,FCGR2A,amp,LYN,amp,FCGR2A_amp,LYN_amp,1.5446199352377868e-05,0.011909019700683336,0.029091124,0.000898391,0.1898731783851532,0.1898731783851532,0.7215363796654103,124
Doxorubicin,Homologous recombination (HR) and Fanconi Anemia repair,-0.189553254,8.597249431918641e-06,29,86,3570,695,2863,12,0,0.1,1,1,0.000280112,0.000280112,0.001438849,0.4848267896755215,0.019498614,1.7099962501243378,4.377490641749013,CDC73_amp x NBN_amp,CDC73,amp,NBN,amp,CDC73_amp,NBN_amp,4.192850314120726e-05,0.02914031,0.033102066484981846,0.001376125,0.1898731783851532,0.1898731783851532,0.7215363796654103,124
Doxorubicin,Immune system,-0.097385922,0.7216236583707267,99,289,41333,4967,36123,243,0,0.1,6,6,0.000145162,0.000145162,0.001207973,0.46391272509053133,0.022464256,1.648507950781355,4.811178364352045,FCGR2A_amp x LYN_amp,FCGR2A,amp,LYN,amp,FCGR2A_amp,LYN_amp,1.5446199352377868e-05,0.046714323,0.032611639421704294,0.001279961,0.1898731783851532,0.1898731783851532,0.7215363796654103,124
Doxorubicin,Cell motility,-0.043866162,1,80,237,27732,4034,23663,35,0,0.1,4,4,0.000144238,0.000144238,0.000991572,0.48254705033956424,0.022506159934451715,1.6476985992484894,4.800647314508066,FCGR2A_amp x SOX17_amp,FCGR2A,amp,SOX17,amp,FCGR2A_amp,SOX17_amp,1.5825326739392333e-05,0.058166734,0.035225171464040445,0.00134083,0.1898731783851532,0.1898731783851532,0.7215363796654103,124
Doxorubicin,Chromatin binding,0.047773363,1,91,266,34984,7516,27324,144,0,0.1,5,5,0.000142922,0.000142922,0.000665247,0.45574824751313725,0.013919200221435713,1.856385717986653,5.497751115322202,STAG2_del x XPO1_amp,STAG2,del,XPO1,amp,STAG2_del,XPO1_amp,3.1786951895335803e-06,0.023891073,0.032049960115668186,0.001247658,0.1898731783851532,0.1898731783851532,0.7215363796654103,124
Doxorubicin,Endoplasmic Reticulum protein processing,-0.172494303,0.00011541,6,18,135,36,99,0,0,0.1,2,2,0.014814814814814815,0.014814814814814815,0.055555556,0.6850091393159743,0.028889358917589304,1.5392620954573806,2.7810965014186193,SEC23B_amp x TUSC3_del,SEC23B,amp,TUSC3,del,SEC23B_amp,TUSC3_del,0.001655402,0.04855302,0.039280335171189326,0.002140473,0.19235173390100777,0.19235173390100777,0.7159038945131528,124
Doxorubicin,Positive regulators of transcription,0.062614721,1,15,43,862,216,641,5,0,0.1,1,1,0.001160093,0.001160093,0.00462963,0.5038581396671239,0.029473249549347963,1.5305719787225591,3.7206054850466215,TBL1XR1_amp x TERT_amp,TBL1XR1,amp,TERT,amp,TBL1XR1_amp,TERT_amp,0.000190281,0.041100609862102226,0.030569565632819075,0.001454897,0.19235173390100777,0.19235173390100777,0.7159038945131528,124
Doxorubicin,Mitosis,-0.164661776,0.000352239,29,85,3487,771,2701,15,0,0.1,4,4,0.001147118,0.001147118,0.005188067,0.4505542421664945,0.028283539,1.5484662572174783,3.973992420753484,MYC_amp x PARP1_amp,MYC,amp,PARP1,amp,MYC_amp,PARP1_amp,0.000106171,0.081858156,0.028440791544778025,0.001240011,0.19235173390100777,0.19235173390100777,0.7159038945131528,124
Doxorubicin,Ubiquitin/Proteasome System,-0.126358175,0.041448928,21,59,1655,228,1418,9,0,0.1,1,1,0.00060423,0.00060423,0.004385965,0.5127838826125716,0.028213869,1.5495373486876924,3.7610916332838245,STK11_del x TP53_mut,STK11,del,TP53,mut,STK11_del,TP53_mut,0.000173344,0.039522391,0.033344978,0.00147424,0.19235173390100777,0.19235173390100777,0.7159038945131528,124
Doxorubicin,Protein Transport,0.043656401,1,15,45,945,239,706,0,0,0.1,7,7,0.007407407,0.007407407,0.029288702928870293,0.56206098,0.032889318,1.4829451291647657,3.150659839261495,PREX2_mut x RAC1_amp,PREX2,mut,RAC1,amp,PREX2_mut,RAC1_amp,0.000706871,0.076049405,0.031213109,0.001663722,0.20271163986460708,0.20271163986460708,0.6931213130542464,124
Doxorubicin,Regulation of immune responses,-0.015916532,1,57,168,13863,1604,12075,184,0,0.1,2,2,0.000144269,0.000144269,0.001246883,0.4054881117476536,0.034330197,1.464323703482562,4.248492851625163,IRF1_amp x PDCD1LG2_del,IRF1,amp,PDCD1LG2,del,IRF1_amp,PDCD1LG2_del,5.642962294386383e-05,0.045256558,0.029329538649108984,0.001063919,0.20271163986460708,0.20271163986460708,0.6931213130542464,124
Doxorubicin,mTOR regulation of mRNA translation,0.034906893,1,5,15,90,21,69,0,0,0.1,2,2,0.022222222222222223,0.022222222222222223,0.095238095,0.6395545470150419,0.039863148,1.399428405268335,2.3933944767231727,MTOR_del x RPTOR_amp,MTOR,del,RPTOR,amp,MTOR_del,RPTOR_amp,0.004042086,0.062633954,0.037365803,0.002010093,0.21797849381866566,0.21797849381866566,0.6615863526184099,124
Doxorubicin,Resolution of D-loop structures,0.1443233127086019,0.005098447,9,27,324,58,262,4,0,0.1,3,3,0.009259259,0.009259259,0.051724138,0.5065718470444133,0.046633177688429485,1.3313049897453977,2.761606443032247,FANCD2_del x TP53_mut,FANCD2,del,TP53,mut,FANCD2_del,TP53_mut,0.001731385,0.096969336,0.037125721,0.001492256,0.21797849381866566,0.21797849381866566,0.6615863526184099,124
Doxorubicin,RAS-RAF-MAPK,0.1553988994509533,0.001237364,7,21,189,45,143,1,0,0.1,1,1,0.005291005,0.005291005,0.022222222222222223,0.3939989768946561,0.054659485,1.2623344646678931,2.815783066247875,BRAF_amp x KRAS_mut,BRAF,amp,KRAS,mut,BRAF_amp,KRAS_mut,0.001528329,0.068774818,0.020160905452314488,0.001086947,0.21797849381866566,0.21797849381866566,0.6615863526184099,124
Doxorubicin,NeST:78,0.114563037,0.1431250653890472,10,30,405,122,283,0,0,0.1,1,1,0.002469136,0.002469136,0.008196721,0.5048848139204246,0.046453537,1.3329812150016496,3.2813782491988976,ATRX_mut x SPEN_mut,ATRX,mut,SPEN,mut,ATRX_mut,SPEN_mut,0.000523145,0.063823642,0.038689815568184766,0.001434956,0.21797849381866566,0.21797849381866566,0.6615863526184099,124
Doxorubicin,Histone acetyltransferase complex,0.045899394,1,14,40,742,123,617,2,0,0.1,1,1,0.001347709,0.001347709,0.008130081,0.4404161872876191,0.056977939439192125,1.2442932607190371,3.1986206418445873,MYC_amp x MYCN_amp,MYC,amp,MYCN,amp,MYC_amp,MYCN_amp,0.000632965,0.077854634,0.032247623,0.001194701,0.21797849381866566,0.21797849381866566,0.6615863526184099,124
Doxorubicin,RTK-JAK-STAT signaling,0.022446046,1,21,63,1890,247,1640,3,0,0.1,1,1,0.000529101,0.000529101,0.004048583,0.41946504495343057,0.047660162,1.3218444838134875,3.583454183168573,EGF_del x PIK3R1_del,EGF,del,PIK3R1,del,EGF_del,PIK3R1_del,0.000260943,0.064452946,0.033626029,0.00113286,0.21797849381866566,0.21797849381866566,0.6615863526184099,124
Doxorubicin,RNA metabolism,0.1263170340774456,0.041595807,22,66,2079,358,1712,9,0,0.1,1,1,0.000481,0.000481,0.002793296,0.44853891450959904,0.046807033454970254,1.3296888827982714,3.5844825632669908,CDC73_amp x PRKDC_amp,CDC73,amp,PRKDC,amp,CDC73_amp,PRKDC_amp,0.000260326,0.093196685,0.031822217945188705,0.001232388,0.21797849381866566,0.21797849381866566,0.6615863526184099,124
Doxorubicin,MutS homologs,0.008009051,1,5,15,90,17,71,2,0,0.1,0,0,0,0,0,0.7088722344583779,0.060539752,1.2179593626543235,2.194538364216988,MSH3_mut x MSH6_mut,MSH3,mut,MSH6,mut,MSH3_mut,MSH6_mut,0.006389423,0.10862018975735932,0.053874188,0.002267015,0.21797849381866566,0.21797849381866566,0.6615863526184099,124
Doxorubicin,mTOR regulation of autophagy/ribosome biogenesis,-0.053163181,1,8,24,252,48,204,0,0,0.1,0,0,0,0,0,0.6129809555279007,0.067955886,1.1677729219277804,2.3933944767231727,MTOR_del x RPTOR_amp,MTOR,del,RPTOR,amp,MTOR_del,RPTOR_amp,0.004042086,0.14316332392846381,0.039389674,0.001841305,0.21797849381866566,0.21797849381866566,0.6615863526184099,124
Doxorubicin,Extended mismatch repair complex,0.020714661,1,10,30,405,53,349,3,0,0.1,0,0,0,0,0,0.5825704236682128,0.061225718609185735,1.213066108838242,2.566296398404564,MLH1_del x MLH3_del,MLH1,del,MLH3,del,MLH1_del,MLH3_del,0.002714586,0.14387305688363522,0.035308581915288594,0.001778142,0.21797849381866566,0.21797849381866566,0.6615863526184099,124
Doxorubicin,Integrator-PP2A complex,0.048460243,1,12,35,561,117,441,3,0,0.1,0,0,0,0,0,0.5419043204685461,0.067402884,1.1713215229203517,2.8690140294799007,ARAF_del x PPP2R1B_del,ARAF,del,PPP2R1B,del,ARAF_del,PPP2R1B_del,0.001352029,0.1581873797148009,0.035484684,0.001582595,0.21797849381866566,0.21797849381866566,0.6615863526184099,124
Doxorubicin,Apoptosis Regulation,-0.057048344,1,13,37,631,113,512,6,0,0.1,0,0,0,0,0,0.5406204602301455,0.062135645,1.2066591870259802,2.7293134358440483,PTPN13_del x TP53_mut,PTPN13,del,TP53,mut,PTPN13_del,TP53_mut,0.001865033,0.11805376765879527,0.040695694416723646,0.001527946,0.21797849381866566,0.21797849381866566,0.6615863526184099,124
Doxorubicin,BAF (SWI/SNF) complex,0.05683278,1,8,24,252,43,209,0,0,0.1,0,0,0,0,0,0.529985599,0.060739616,1.2165279558390634,2.543922529180053,ARID1A_mut x SMARCA4_mut,ARID1A,mut,SMARCA4,mut,ARID1A_mut,SMARCA4_mut,0.0028581,0.12289831439897834,0.028293921,0.001591108,0.21797849381866566,0.21797849381866566,0.6615863526184099,124
Doxorubicin,Homologous recombination,0.033509003,1,12,36,594,115,475,4,0,0.1,0,0,0,0,0,0.5296303400815103,0.059856355,1.2228897321040224,2.761606443032247,FANCD2_del x TP53_mut,FANCD2,del,TP53,mut,FANCD2_del,TP53_mut,0.001731385,0.14420008944508492,0.041731384,0.001558438,0.21797849381866566,0.21797849381866566,0.6615863526184099,124
Doxorubicin,TNFR/Traf signaling,0.07283747,1,12,36,594,99,491,4,0,0.1,0,0,0,0,0,0.5195329441851874,0.072682507,1.1385701004410866,2.553228539289962,MAP3K7_del x TNFAIP3_del,MAP3K7,del,TNFAIP3,del,MAP3K7_del,TNFAIP3_del,0.002797509,0.17736794905568704,0.032889295,0.001493589,0.21797849381866566,0.21797849381866566,0.6615863526184099,124
Doxorubicin,CDK holoenzyme complex II,-0.142804795,0.006151672,17,49,1129,219,900,10,0,0.1,0,0,0,0,0,0.5139004750957719,0.080570769,1.0938224902088565,2.7500169509712507,CCNE2_amp x CKS1B_amp,CCNE2,amp,CKS1B,amp,CCNE2_amp,CKS1B_amp,0.00177821,0.2971506528108124,0.033941321,0.001471403,0.21797849381866566,0.21797849381866566,0.6615863526184099,124
Doxorubicin,p53 regulation,-0.178765432,4.5622462161887256e-05,11,29,379,83,291,5,0,0.1,0,0,0,0,0,0.5049807194866581,0.096221925,1.0167259575580518,2.160835894113708,MTA1_del x TP53_mut,MTA1,del,TP53,mut,MTA1_del,TP53_mut,0.006905007,0.1900460173267988,0.026857716116245548,0.001474855,0.21797849381866566,0.21797849381866566,0.6615863526184099,124
Doxorubicin,CDK holoenzyme complex I,-0.11511396,0.1355111347986695,15,44,903,193,701,9,0,0.1,0,0,0,0,0,0.5029554539529413,0.081555593,1.0885462507212378,2.7500169509712507,CCNE2_amp x CKS1B_amp,CCNE2,amp,CKS1B,amp,CCNE2_amp,CKS1B_amp,0.00177821,0.292412097,0.033941321,0.001410596,0.21797849381866566,0.21797849381866566,0.6615863526184099,124
Doxorubicin,Polybromo- and BAF containing complex,0.090101927,1,12,35,561,104,457,0,0,0.1,0,0,0,0,0,0.5001441180969978,0.0984419,1.0068200107744445,2.543922529180053,ARID1A_mut x SMARCA4_mut,ARID1A,mut,SMARCA4,mut,ARID1A_mut,SMARCA4_mut,0.0028581,0.297242435,0.03317279,0.001438455,0.21797849381866566,0.21797849381866566,0.6615863526184099,124
Doxorubicin,G1 to S cell cycle control,-0.045281034,1,13,38,666,136,521,9,0,0.1,0,0,0,0,0,0.49325585818670475,0.09528424,1.0209789278572015,2.518531978313301,CCND1_amp x CDKN2A_mut,CCND1,amp,CDKN2A,mut,CCND1_amp,CDKN2A_mut,0.003030177,0.30256430234332177,0.03388522,0.001387836,0.21797849381866566,0.21797849381866566,0.6615863526184099,124
Doxorubicin,EMT,0.001336046,1,14,42,819,125,692,2,0,0.1,0,0,0,0,0,0.4908870775365921,0.097999828,1.008774684797737,2.680944783788254,APC_mut x HDAC1_mut,APC,mut,HDAC1,mut,APC_mut,HDAC1_mut,0.002084756,0.26059449027133286,0.038127242948594826,0.001392742,0.21797849381866566,0.21797849381866566,0.6615863526184099,124
Doxorubicin,Histone deacetylase binding,-0.186918704,1.303309296507571e-05,16,48,1080,208,868,4,0,0.1,0,0,0,0,0,0.49066502547726515,0.087724997,1.0568766368241467,2.662070624733576,HDAC2_del x ZBTB2_del,HDAC2,del,ZBTB2,del,HDAC2_del,ZBTB2_del,0.002177356,0.28724827975906314,0.035471079296868074,0.001356149,0.21797849381866566,0.21797849381866566,0.6615863526184099,124
Doxorubicin,Regulation of beta catenin transcriptional activity,-0.047635689,1,10,30,405,107,296,2,0,0.1,0,0,0,0,0,0.4900436994139134,0.069582844,1.1574978225665422,2.739298341696178,TCF3_del x TP53_mut,TCF3,del,TP53,mut,TCF3_del,TP53_mut,0.001822643,0.19502282180070585,0.033456625,0.001414775,0.21797849381866566,0.21797849381866566,0.6615863526184099,124
Doxorubicin,Cyclin D associated events in G1,-0.034400174,1,27,79,3004,570,2416,18,0,0.1,0,0,0,0,0,0.4883702263291808,0.087277518,1.0590976134096772,3.0249019409009854,RBL2_del x TP53_mut,RBL2,del,TP53,mut,RBL2_del,TP53_mut,0.000944274,0.35461885449837616,0.032760735,0.001355922,0.21797849381866566,0.21797849381866566,0.6615863526184099,124
Doxorubicin,G1/S phase,-0.156237682,0.001108532,19,56,1485,340,1140,5,0,0.1,0,0,0,0,0,0.4825790584083242,0.063743798,1.1955620669662683,3.3635431475484214,CKS1B_amp x MYC_amp,CKS1B,amp,MYC,amp,CKS1B_amp,MYC_amp,0.000432969,0.1472094769100905,0.033717814734454885,0.001333066,0.21797849381866566,0.21797849381866566,0.6615863526184099,124
Doxorubicin,Locomotion,-0.104053189,0.3955849202080592,33,99,4752,755,3995,2,0,0.1,0,0,0,0,0,0.4822237859956315,0.079010139,1.102317173,3.235847254492606,PAK3_del x PIK3CA_mut,PAK3,del,PIK3CA,mut,PAK3_del,PIK3CA_mut,0.000580969,0.26684380005583686,0.035435452,0.00133807,0.21797849381866566,0.21797849381866566,0.6615863526184099,124
Doxorubicin,Checkpoint-regulated DNA repair,-0.160048397,0.000664504,41,120,7023,1369,5635,19,0,0.1,0,0,0,0,0,0.48220942231992436,0.063351968,1.1982398863049322,3.744810754950502,CCNE2_amp x RAD51C_amp,CCNE2,amp,RAD51C,amp,CCNE2_amp,RAD51C_amp,0.000179965,0.2463727625223117,0.03377213,0.001341232,0.21797849381866566,0.21797849381866566,0.6615863526184099,124
Doxorubicin,Mismatch and excision repair,-0.18510273,1.7306541861827895e-05,32,96,4464,845,3603,16,0,0.1,0,0,0,0,0,0.4786102050090271,0.089738628,1.0470205755016098,2.763178803774257,CDKN1B_amp x PMS2_amp,CDKN1B,amp,PMS2,amp,CDKN1B_amp,PMS2_amp,0.001725127,0.3075448783105311,0.033334286389580255,0.00134299,0.21797849381866566,0.21797849381866566,0.6615863526184099,124
Doxorubicin,Epigenetic modification,0.031262712,1,30,87,3656,751,2890,15,0,0.1,0,0,0,0,0,0.47573431086199713,0.091539235,1.038392722280786,3.305169597100361,ING1_amp x PRDM1_del,ING1,amp,PRDM1,del,ING1_amp,PRDM1_del,0.000495257,0.37193781884012705,0.034873648,0.001292778,0.21797849381866566,0.21797849381866566,0.6615863526184099,124
Doxorubicin,Transmembrane tyrosine kinase signaling,-0.025042595,1,53,159,12402,1812,10562,28,0,0.1,0,0,0,0,0,0.46014444279395195,0.083413841,1.0787618816797746,3.583454183168573,EGF_del x PIK3R1_del,EGF,del,PIK3R1,del,EGF_del,PIK3R1_del,0.000260943,0.4728288964815036,0.033707759038222596,0.001273788,0.21797849381866566,0.21797849381866566,0.6615863526184099,124
Doxorubicin,Extended PRC1 complex,0.1334674912263054,0.01862317,8,24,252,59,193,0,0,0.1,0,0,0,0,0,0.44325940061546254,0.078544777,1.104882689869212,2.6228832732928002,MGA_del x TFDP1_del,MGA,del,TFDP1,del,MGA_del,TFDP1_del,0.00238296,0.140594632,0.024384139905808302,0.001224593,0.21797849381866566,0.21797849381866566,0.6615863526184099,124
Doxorubicin,PcG protein complex,0.210215997,2.716070963693085e-07,9,27,324,76,248,0,0,0.1,0,0,0,0,0,0.435896933,0.088212955,1.0544676291023274,2.6228832732928002,MGA_del x TFDP1_del,MGA,del,TFDP1,del,MGA_del,TFDP1_del,0.00238296,0.18110494928282395,0.024983173448690624,0.001207681,0.21797849381866566,0.21797849381866566,0.6615863526184099,124
Doxorubicin,Oncogene induced senescence,-0.035528169,1,7,21,189,45,140,4,0,0.1,0,0,0,0,0,0.41950477140065623,0.095172654,1.0214878192598167,2.4640015372969204,E2F4_del x TP53_mut,E2F4,del,TP53,mut,E2F4_del,TP53_mut,0.003435567,0.15460052930567347,0.030779590546455057,0.001098616,0.21797849381866566,0.21797849381866566,0.6615863526184099,124
Doxorubicin,Regulation of E2F transcription via DREAM complex,-0.082163199,1,11,33,495,115,374,6,0,0.1,0,0,0,0,0,0.38198531977959493,0.063429121,1.1977113094828242,3.0249019409009854,RBL2_del x TP53_mut,RBL2,del,TP53,mut,RBL2_del,TP53_mut,0.000944274,0.1085915168206039,0.026097929473457564,0.000993379,0.21797849381866566,0.21797849381866566,0.6615863526184099,124
Doxorubicin,p53 regulation of cell cycle,-0.181228872,3.1417466387573256e-05,5,15,90,30,59,1,0,0.1,0,0,0,0,0,0.3725236225378609,0.097457872,1.011183076225838,2.2928201743616814,CDKN1A_del x TP53_mut,CDKN1A,del,TP53,mut,CDKN1A_del,TP53_mut,0.005095418,0.15286254306558944,0.020219371012508005,0.001013037,0.21797849381866566,0.21797849381866566,0.6615863526184099,124
Doxorubicin,Mediator complex,0.2615419951371458,1.1780576514297536e-11,6,18,135,23,111,1,0,0.1,0,0,0,0,0,0.6005209629835402,0.1039543561610952,0.983157307,1.8437786817650375,CDK8_amp x MED12_del,CDK8,amp,MED12,del,CDK8_amp,MED12_del,0.014329179340526074,0.25614449625744384,0.064624823,0.00178997,0.2222472442064794,0.2222472442064794,0.6531636154346412,124
Doxorubicin,MDM2-p53 pathway,-0.129881777,0.028030665,8,23,231,69,158,4,0,0.1,0,0,0,0,0,0.4517371537898677,0.1035385620446399,0.9848978708435836,2.2928201743616814,CDKN1A_del x TP53_mut,CDKN1A,del,TP53,mut,CDKN1A_del,TP53_mut,0.005095418,0.23112086546187127,0.030072291,0.001252515,0.2222472442064794,0.2222472442064794,0.6531636154346412,124
Doxorubicin,Ubiquitin regulation of mitophagy,0.028057277,1,8,20,173,21,152,0,0,0.1,0,0,0,0,0,0.6534889612994437,0.11184023266261103,0.951401938,1.5614515854959725,FBXW7_del x SKP1_del,FBXW7,del,SKP1,del,FBXW7_del,SKP1_del,0.027450383,0.24209383851570832,0.058727084,0.002013275,0.22368046532522207,0.22368046532522207,0.6503719424653227,124
Doxorubicin,Wnt/beta-catenin,0.1014997586109431,0.4995624226315807,8,24,252,32,220,0,0,0.1,0,0,0,0,0,0.548057559,0.10905787027725906,0.9623429876309092,1.9349375607123604,CTNNB1_del x PPP1CA_amp,CTNNB1,del,PPP1CA,amp,CTNNB1_del,PPP1CA_amp,0.011616156093710627,0.2178009677949597,0.034385629,0.001619059,0.22368046532522207,0.22368046532522207,0.6503719424653227,124
Doxorubicin,Extracellular matrix,0.081982127,1,8,24,252,22,230,0,0,0.1,0,0,0,0,0,0.5337680725953731,0.10931934852244955,0.9613029651055048,2.102494666888705,ACTA2_del x CD276_del,ACTA2,del,CD276,del,ACTA2_del,CD276_del,0.007897785,0.17375128051062005,0.045867864,0.001463134,0.22368046532522207,0.22368046532522207,0.6503719424653227,124
Doxorubicin,Nucleolus,-0.169653669,0.000173943,34,100,4852,663,4179,10,0,0.1,0,0,0,0,0,0.4637254850352533,0.11138204758354758,0.953184803,2.9286431662969266,GSTP1_amp x XPC_del,GSTP1,amp,XPC,del,GSTP1_amp,XPC_del,0.001178574,0.5637517929922822,0.034717298680258094,0.00128042,0.22368046532522207,0.22368046532522207,0.6503719424653227,124
Doxorubicin,Cohesin,0.1465045681874686,0.003886928,5,15,90,23,67,0,0,0.1,0,0,0,0,0,0.6543033405839388,0.12963560824107148,0.8872756902977721,1.6264486352286602,SMC1A_del x STAG1_mut,SMC1A,del,STAG1,mut,SMC1A_del,STAG1_mut,0.023634769151911608,0.3216651340059902,0.044941642006189414,0.001921966,0.22526987666069875,0.22526987666069875,0.6472968787364116,124
Doxorubicin,Extended cohesin complex,0.1343355807786306,0.016846887,6,18,135,39,96,0,0,0.1,0,0,0,0,0,0.6442402447186018,0.12994628673833525,0.8862361261059595,1.6264486352286602,SMC1A_del x STAG1_mut,SMC1A,del,STAG1,mut,SMC1A_del,STAG1_mut,0.023634769151911608,0.3116755335710216,0.045356074101668184,0.001878861,0.22526987666069875,0.22526987666069875,0.6472968787364116,124
Doxorubicin,Beta-catenin,0.03760538,1,5,14,78,21,57,0,0,0.1,0,0,0,0,0,0.5950483007350988,0.13285190554005555,0.8766322119755997,1.4417292860110469,AMER1_del x AXIN1_amp,AMER1,del,AXIN1,amp,AMER1_del,AXIN1_amp,0.036163521,0.27610612627473813,0.037041334694957836,0.001794296,0.22526987666069875,0.22526987666069875,0.6472968787364116,124
Doxorubicin,Ubiquitin regulation of p53 activity,0.012330529,1,9,25,277,27,250,0,0,0.1,0,0,0,0,0,0.5659793051047454,0.1351443687536349,0.8692020459339898,1.5614515854959725,FBXW7_del x SKP1_del,FBXW7,del,SKP1,del,FBXW7_del,SKP1_del,0.027450383,0.3112635066630535,0.047735031,0.001682377,0.22526987666069875,0.22526987666069875,0.6472968787364116,124
Doxorubicin,NeST:29,0.1552720737492819,0.00125827,14,40,742,81,661,0,0,0.1,0,0,0,0,0,0.5401192731079543,0.12339732267742187,0.908694263,1.9930008321127513,ADGRA2_amp x SOX17_amp,ADGRA2,amp,SOX17,amp,ADGRA2_amp,SOX17_amp,0.010162467457294797,0.34281344780949735,0.040089685,0.001530841,0.22526987666069875,0.22526987666069875,0.6472968787364116,124
Doxorubicin,Histone modifications in DNA damage response,-0.044146352,1,6,14,79,8,71,0,0,0.1,0,0,0,0,0,0.5127131630479547,0.11656631694085748,0.9334269253919758,1.5201277056205382,PARP1_amp x XPC_amp,PARP1,amp,XPC,amp,PARP1_amp,XPC_amp,0.030190638249137775,0.17396010389597863,0.021245126,0.0016117,0.22526987666069875,0.22526987666069875,0.6472968787364116,124
Doxorubicin,HDACs deacetylate histones,-0.0949369,0.8924233614480297,16,48,1080,223,856,1,0,0.1,0,0,0,0,0,0.5121774449072878,0.11552869530230087,0.9373101312383283,2.402231669418087,ANKRD11_amp x RUNX1T1_amp,ANKRD11,amp,RUNX1T1,amp,ANKRD11_amp,RUNX1T1_amp,0.003960667,0.4783919666632759,0.037325755,0.001453739,0.22526987666069875,0.22526987666069875,0.6472968787364116,124
Doxorubicin,TGF-beta/Smad signaling,-0.031112427,1,7,21,189,23,164,2,0,0.1,0,0,0,0,0,0.48366164488031754,0.13781473991452858,0.86070433,1.7592100478040191,SMAD4_del x TGFBR2_del,SMAD4,del,TGFBR2,del,SMAD4_del,TGFBR2_del,0.017409646470613313,0.3239090757701504,0.02917366,0.001374119,0.22526987666069875,0.22526987666069875,0.6472968787364116,124
Doxorubicin,Transcription coactivator activity,0.2246157963921559,2.003753896140381e-08,5,13,66,23,41,2,0,0.1,0,0,0,0,0,0.47832989479884275,0.12594883741958715,0.8998058369359224,2.0197281663256454,MED1_del x TP53_mut,MED1,del,TP53,mut,MED1_del,TP53_mut,0.009555905,0.2197858201175885,0.029055458746262215,0.001309455,0.22526987666069875,0.22526987666069875,0.6472968787364116,124
Doxorubicin,Metabolism,-0.006585195,1,18,53,1326,254,1068,4,0,0.1,0,0,0,0,0,0.45278560634779075,0.12155605217729727,0.9152234131121387,2.6197932766872425,FGF19_amp x MST1_del,FGF19,amp,MST1,del,FGF19_amp,MST1_del,0.002399975,0.3240453210989817,0.030389599550168157,0.001227414,0.22526987666069875,0.22526987666069875,0.6472968787364116,124
Doxorubicin,Beta-catenin destruction complex,0.1117286363167575,0.1897916440208833,5,15,90,10,80,0,0,0.1,0,0,0,0,0,0.4523536963879753,0.13576682559083006,0.8672063362625859,1.6899689183959292,CTNNB1_del x GSK3B_amp,CTNNB1,del,GSK3B,amp,CTNNB1_del,GSK3B_amp,0.020418841,0.2041884073077747,0.034385629,0.001265208,0.22526987666069875,0.22526987666069875,0.6472968787364116,124
Doxorubicin,RNA processing 1,-0.118204966,0.098794933,30,89,3828,613,3189,26,0,0.1,0,0,0,0,0,0.43971486248665537,0.13978125653702958,0.8545510598369727,2.590168487561563,TP53_mut x XPC_del,TP53,mut,XPC,del,TP53_mut,XPC_del,0.002569399,0.6690306469485332,0.032434083,0.001173896,0.22526987666069875,0.22526987666069875,0.6472968787364116,124
Doxorubicin,EGFR-MAPK signaling,-0.02256847,1,23,67,2146,374,1765,7,0,0.1,0,0,0,0,0,0.42373663100704645,0.13988532663607905,0.8542278387261648,2.815783066247875,BRAF_amp x KRAS_mut,BRAF,amp,KRAS,mut,BRAF_amp,KRAS_mut,0.001528329,0.5715951510769112,0.03050694,0.001134166,0.22526987666069875,0.22526987666069875,0.6472968787364116,124
Doxorubicin,MAPK and MAP2K activation,-0.075447835,1,14,41,780,140,634,6,0,0.1,0,0,0,0,0,0.3835376182907741,0.11845171355264318,0.9264586522812367,2.815783066247875,BRAF_amp x KRAS_mut,BRAF,amp,KRAS,mut,BRAF_amp,KRAS_mut,0.001528329,0.2139660993336031,0.025664987,0.001013107,0.22526987666069875,0.22526987666069875,0.6472968787364116,124
Doxorubicin,H3 acetylation and H3K4 methylation crosstalk,0.2126351720246209,1.7731431478651419e-07,5,13,66,21,44,1,0,0.1,0,0,0,0,0,0.3430223414925093,0.1258399392178842,0.9001815001538721,2.086666198006786,CTNNB1_del x TP53_mut,CTNNB1,del,TP53,mut,CTNNB1_del,TP53_mut,0.008190941,0.17200976270587934,0.017985026,0.00089686,0.22526987666069875,0.22526987666069875,0.6472968787364116,124
Doxorubicin,Nuclear receptor signaling,-0.074546715,1,17,51,1224,237,987,0,0,0.1,0,0,0,0,0,0.4883850406023254,0.1443947690856072,0.8404485394423111,2.402231669418087,ANKRD11_amp x RUNX1T1_amp,ANKRD11,amp,RUNX1T1,amp,ANKRD11_amp,RUNX1T1_amp,0.003960667,0.719021952,0.035343875,0.001333158,0.22664495400778853,0.22664495400778853,0.6446539455705174,124
Doxorubicin,MAPK signaling,0.072593144,1,6,18,135,19,116,0,0,0.1,0,0,0,0,0,0.43669558169631356,0.14327002276487966,0.8438446701031179,1.9228368057391512,ERBB2_mut x ERBB4_mut,ERBB2,mut,ERBB4,mut,ERBB2_mut,ERBB4_mut,0.011944368520963915,0.22694300189831437,0.033533149,0.00114702,0.22664495400778853,0.22664495400778853,0.6446539455705174,124
Doxorubicin,Regulation of beta catenin transcription,-0.030546905,1,7,21,189,36,153,0,0,0.1,0,0,0,0,0,0.44232552741682385,0.15045685929053737,0.8225880080958895,1.9375819197276483,EGFR_amp x TCF7L2_mut,EGFR,amp,TCF7L2,mut,EGFR_amp,TCF7L2_mut,0.011545641820044791,0.4156431055216125,0.031147685443938533,0.001214556,0.22752012868325164,0.22752012868325164,0.6429801753173711,124
Doxorubicin,Foxo signaling,-0.072257459,1,10,30,405,81,324,0,0,0.1,0,0,0,0,0,0.4249699670414288,0.14966895121716775,0.8248682845842414,2.0923905810387686,SMAD4_del x SMARCB1_amp,SMAD4,del,SMARCB1,amp,SMAD4_del,SMARCB1_amp,0.008083686,0.432091224,0.029096054,0.001132176,0.22752012868325164,0.22752012868325164,0.6429801753173711,124
Doxorubicin,Regulation of nuclear protein ubiquitiation,0.010707707,1,11,32,465,95,365,5,0,0.1,0,0,0,0,0,0.41132649085524564,0.15016377584253018,0.8234348199887438,2.214656936466108,TNF_del x TP53_mut,TNF,del,TP53,mut,TNF_del,TP53_mut,0.006100186,0.38513555197047944,0.030072291,0.001077039,0.22752012868325164,0.22752012868325164,0.6429801753173711,124
Doxorubicin,Ribosome biogenesis,0.048963237,1,18,52,1276,213,1058,5,0,0.1,0,0,0,0,0,0.4211142165436215,0.15720239598799365,0.803540839,2.4383628196253744,FOXL2_amp x PHB2_amp,FOXL2,amp,PHB2,amp,FOXL2_amp,PHB2_amp,0.003644494,0.6976143996017762,0.031987857,0.001122639,0.23485659159652064,0.23485659159652064,0.6291972461947088,124
Doxorubicin,NeST:195,-0.016194982,1,6,18,135,32,103,0,0,0.1,0,0,0,0,0,0.6276025161696979,0.1605362071947054,0.7944270018168791,1.4621175079602546,FRS2_amp x KRAS_amp,FRS2,amp,KRAS,amp,FRS2_amp,KRAS_amp,0.034505037,0.3928022717009052,0.047048120237575417,0.001802286,0.23698202014456513,0.23698202014456513,0.6252846027165256,124
Doxorubicin,Regulation of TP53 Activity,-0.082199501,1,11,33,495,99,392,4,0,0.1,0,0,0,0,0,0.41228886370500767,0.1650964020907381,0.7822623911173693,2.352482633,CHEK1_del x TP53_mut,CHEK1,del,TP53,mut,CHEK1_del,TP53_mut,0.004441374,0.43969604761436143,0.032673111,0.001073536,0.24084651599119442,0.24084651599119442,0.6182596316694269,124
Doxorubicin,Fas,0.039732353,1,7,21,189,36,152,1,0,0.1,0,0,0,0,0,0.44442160529191105,0.17038299279123947,0.7685737576065134,1.8986434756973556,DAXX_del x TP53_mut,DAXX,del,TP53,mut,DAXX_del,TP53_mut,0.012628638288733611,0.454630978,0.035036556286136555,0.001210179,0.24170461679775318,0.24170461679775318,0.6167150540580554,124
Doxorubicin,Histone methyltransferase subcomplex,-0.018220612,1,6,18,135,46,88,1,0,0.1,0,0,0,0,0,0.44042075999178965,0.17348153947580672,0.7607467325753776,1.9653749473375266,KDM6A_del x KMT2A_del,KDM6A,del,KMT2A,del,KDM6A_del,KMT2A_del,0.010829915115722864,0.49817609532325174,0.029680885764165856,0.001201864,0.24170461679775318,0.24170461679775318,0.6167150540580554,124
Doxorubicin,Histone methyltransferase complex,0.1814915025479572,3.0143135188787085e-05,11,31,435,136,298,1,0,0.1,0,0,0,0,0,0.43744091778107863,0.17340099612846654,0.7609484119817597,1.9991949738412034,KMT2A_mut x KMT2C_mut,KMT2A,mut,KMT2C,mut,KMT2A_mut,KMT2C_mut,0.010018553602876313,0.7364342278691548,0.028796279581323803,0.001189733,0.24170461679775318,0.24170461679775318,0.6167150540580554,124
Doxorubicin,RNA processing 2,0.051711181,1,15,45,945,131,810,4,0,0.1,0,0,0,0,0,0.4161120015097339,0.17341504029787255,0.7609132388372757,2.045663744039787,CREBBP_amp x ZRSR2_del,CREBBP,amp,ZRSR2,del,CREBBP_amp,ZRSR2_del,0.009001943,0.7185313829358294,0.029785415,0.001104943,0.24170461679775318,0.24170461679775318,0.6167150540580554,124
Doxorubicin,Ribosome abundance control,0.066658476,1,12,36,594,73,519,2,0,0.1,0,0,0,0,0,0.4576464997548514,0.18432858158782045,0.7344073188044105,1.8441176588687485,CHEK2_amp x TERT_amp,CHEK2,amp,TERT,amp,CHEK2_amp,TERT_amp,0.014317999441166823,0.6728025011498984,0.036366131,0.001212925,0.24208705192909483,0.24208705192909483,0.616028438,124
Doxorubicin,Actin filament-based process,-0.157920277,0.000885569,11,33,495,63,432,0,0,0.1,0,0,0,0,0,0.4495468081642076,0.1801075132452634,0.7444681700627522,2.076993499451711,CASR_amp x PIK3CA_amp,CASR,amp,PIK3CA,amp,CASR_amp,PIK3CA_amp,0.008375418,0.5276513456007758,0.035750391,0.001179644,0.24208705192909483,0.24208705192909483,0.616028438,124
Doxorubicin,Chromosome centrometric region,-0.020324591,1,7,21,189,31,156,2,0,0.1,0,0,0,0,0,0.4493350665855267,0.18546991881664524,0.7317265181314632,1.630088534042381,CHEK1_del x MKI67_mut,CHEK1,del,MKI67,mut,CHEK1_del,MKI67_mut,0.023437509761838064,0.5253576729342654,0.035661037734184664,0.001228873,0.24208705192909483,0.24208705192909483,0.616028438,124
Doxorubicin,Lymphoid JAK/STAT signaling,0.021112148,1,16,48,1080,103,971,6,0,0.1,0,0,0,0,0,0.427909466,0.18158548118485374,0.7409188787960649,1.951518124417616,IRS2_mut x STAT6_mut,IRS2,mut,STAT6,mut,IRS2_mut,STAT6_mut,0.011181032,0.5967739986095751,0.035067120424078835,0.001110122,0.24208705192909483,0.24208705192909483,0.616028438,124
Doxorubicin,Cell projection morphogenesis,0.074285752,1,8,24,252,62,188,2,0,0.1,0,0,0,0,0,0.42212042252153065,0.1790207495815075,0.747096629,1.868179549600705,EPHA5_del x EPHA7_del,EPHA5,del,EPHA7,del,EPHA5_del,EPHA7_del,0.013546292545859992,0.4536187994190603,0.034584128,0.001125209,0.24208705192909483,0.24208705192909483,0.616028438,124
Doxorubicin,Nuclear pore,0.029769461,1,5,15,90,19,71,0,0,0.1,0,0,0,0,0,0.3643130494025419,0.17867261852095515,0.7479419977819968,1.7421371195676885,RANBP2_mut x XPO1_amp,RANBP2,mut,XPO1,amp,RANBP2_mut,XPO1_amp,0.018107682894399187,0.3440459749935845,0.023952595,0.000988244,0.24208705192909483,0.24208705192909483,0.616028438,124
Doxorubicin,Metabolic pathways,0.001343747,1,12,36,594,87,507,0,0,0.1,0,0,0,0,0,0.39549642212711494,0.190415385,0.7202979654857645,1.8485890881684985,APOB_mut x CYP1B1_mut,APOB,mut,CYP1B1,mut,APOB_mut,CYP1B1_mut,0.014171339805539663,0.5331358378970908,0.029697349,0.00104331,0.24595320525026942,0.24595320525026942,0.6091475133630979,124
Doxorubicin,Phosphatase 2A catalytic subunit,0.042342735,1,5,15,90,17,72,1,0,0.1,0,0,0,0,0,0.5110777417080152,0.19499356517787353,0.70997972,1.395487110929952,PPP2R1A_amp x PPP2R2A_amp,PPP2R1A,amp,PPP2R2A,amp,PPP2R1A_amp,PPP2R2A_amp,0.040226559433246746,0.449181507,0.040583701,0.001346596,0.24602588402496187,0.24602588402496187,0.6090191990029225,124
Doxorubicin,NeST:49,0.1756389306748522,7.265010873269695e-05,8,23,231,18,213,0,0,0.1,0,0,0,0,0,0.4853176748781009,0.2047694519152075,0.6887348321405576,1.3891919119183196,FLT1_del x VSIR_del,FLT1,del,VSIR,del,FLT1_del,VSIR_del,0.040813899,0.522191905,0.041087219,0.001289959,0.24602588402496187,0.24602588402496187,0.6090191990029225,124
Doxorubicin,Extracellular matrix organization,0.3015207159668209,0,13,39,702,103,599,0,0,0.1,0,0,0,0,0,0.44492451283418916,0.198986049,0.701177371,2.102494666888705,ACTA2_del x CD276_del,ACTA2,del,CD276,del,ACTA2_del,CD276_del,0.007897785,0.7838435764791872,0.036939325453226805,0.001180908,0.24602588402496187,0.24602588402496187,0.6090191990029225,124
Doxorubicin,Actin and actin-associated proteins,0.1093973012679606,0.2382862095053188,5,15,90,11,79,0,0,0.1,0,0,0,0,0,0.42822647540110576,0.209835868,0.6781202747853721,1.4433811548387285,PIK3CA_amp x TPM1_amp,PIK3CA,amp,TPM1,amp,PIK3CA_amp,TPM1_amp,0.036026232,0.39628855539533553,0.032756351,0.001132037,0.24602588402496187,0.24602588402496187,0.6090191990029225,124
Doxorubicin,Culin-RIng uniqutin ligase complex,-0.031713822,1,8,23,231,23,208,0,0,0.1,0,0,0,0,0,0.42476332212483037,0.20797124474297446,0.6819967088485818,1.4758755772654553,CUL3_amp x ELOC_amp,CUL3,amp,ELOC,amp,CUL3_amp,ELOC_amp,0.03342908,0.42449245679939374,0.033134615409101086,0.001133178,0.24602588402496187,0.24602588402496187,0.6090191990029225,124
Doxorubicin,Regulation of mRNA processing,0.2329347725525061,4.1228527258851955e-09,7,21,189,39,150,0,0,0.1,0,0,0,0,0,0.4133575236093331,0.207146593,0.683722204,1.6282239149022126,SPEN_del x SRSF2_amp,SPEN,del,SRSF2,amp,SPEN_del,SRSF2_amp,0.023538354,0.6030524636564054,0.026616702234248498,0.001126127,0.24602588402496187,0.24602588402496187,0.6090191990029225,124
Doxorubicin,Neg Regulation EGFR,0.004388269,1,6,18,135,32,103,0,0,0.1,0,0,0,0,0,0.39724502474927625,0.21031244924714482,0.6771350189003873,1.6067225,CTNNB1_del x EGF_del,CTNNB1,del,EGF,del,CTNNB1_del,EGF_del,0.024733040010746894,0.667563091,0.023334293998253628,0.001098551,0.24602588402496187,0.24602588402496187,0.6090191990029225,124
Doxorubicin,Nuclear transport,0.009866802,1,7,21,189,33,156,0,0,0.1,0,0,0,0,0,0.36948011010384446,0.20850819958184302,0.6808768617303741,1.7421371195676885,RANBP2_mut x XPO1_amp,RANBP2,mut,XPO1,amp,RANBP2_mut,XPO1_amp,0.018107682894399187,0.5975535355151732,0.023952595,0.000972488,0.24602588402496187,0.24602588402496187,0.6090191990029225,124
Doxorubicin,Spliceosomal complex,0.045967033,1,6,18,135,23,112,0,0,0.1,0,0,0,0,0,0.36891416393853027,0.20899274125340306,0.6798687975652005,1.5936239127293814,PRPF40B_amp x ZRSR2_del,PRPF40B,amp,ZRSR2,del,PRPF40B_amp,ZRSR2_del,0.025490366938955226,0.4588106471215627,0.025739914,0.000947001,0.24602588402496187,0.24602588402496187,0.6090191990029225,124
Doxorubicin,Protein nuclear transport,0.085698191,1,6,18,135,24,111,0,0,0.1,0,0,0,0,0,0.3429389273868311,0.20322516243821517,0.6920225206424608,1.7421371195676885,RANBP2_mut x XPO1_amp,RANBP2,mut,XPO1,amp,RANBP2_mut,XPO1_amp,0.018107682894399187,0.4345843894655805,0.022245229388383064,0.000899981,0.24602588402496187,0.24602588402496187,0.6090191990029225,124
Doxorubicin,Cell-extracellular matrix interactions,0.1129932144114869,0.1674648640859282,5,15,90,5,85,0,0,0.1,0,0,0,0,0,0.5458178255067647,0.21615314773745253,0.6652384356563427,1.0704638544300504,CASR_amp x PALLD_del,CASR,amp,PALLD,del,CASR_amp,PALLD_del,0.085022945,0.4251147266763683,0.054186538,0.001454164,0.24664485054960147,0.24664485054960147,0.6079279473059888,124
Doxorubicin,NeST:163,-0.050690179,1,7,21,189,36,153,0,0,0.1,0,0,0,0,0,0.4763541395554191,0.21984558627520745,0.6578822490598027,1.5492506242753965,PML_amp x TBL1XR1_amp,PML,amp,TBL1XR1,amp,PML_amp,TBL1XR1_amp,0.028232502529581337,0.6957278133350846,0.040931898,0.001225946,0.24664485054960147,0.24664485054960147,0.6079279473059888,124
Doxorubicin,Actin cytoskeleton,0.039199446,1,5,15,90,11,79,0,0,0.1,0,0,0,0,0,0.4237290357542039,0.2135895629970335,0.6704199728211011,1.4433811548387285,PIK3CA_amp x TPM1_amp,PIK3CA,amp,TPM1,amp,PIK3CA_amp,TPM1_amp,0.036026232,0.39628855539533553,0.035837689,0.001114979,0.24664485054960147,0.24664485054960147,0.6079279473059888,124
Doxorubicin,PIK3/AKT signaling,0.009354889,1,11,33,495,74,419,2,0,0.1,0,0,0,0,0,0.4158666057611549,0.21747425228700504,0.6625921536592155,1.8102396790186912,AKT3_amp x PRKDC_amp,AKT3,amp,PRKDC,amp,AKT3_amp,PRKDC_amp,0.015479620917488116,0.860835707,0.033473814,0.001069088,0.24664485054960147,0.24664485054960147,0.6079279473059888,124
Doxorubicin,Transcription elongation,0.011445395,1,8,24,252,43,206,3,0,0.1,0,0,0,0,0,0.3782886751085309,0.22078692266940134,0.6560266536815663,1.6468335772112366,CDC73_amp x SETD2_mut,CDC73,amp,SETD2,mut,CDC73_amp,SETD2_mut,0.022551032080850884,0.5797266789971959,0.029184771,0.000984974,0.24664485054960147,0.24664485054960147,0.6079279473059888,124
Doxorubicin,SMAD-TGFbeta signaling,0.003921185,1,6,18,135,19,114,2,0,0.1,0,0,0,0,0,0.42112504,0.22437581161971748,0.6490239631301864,1.3996759582243505,CREBBP_mut x HDAC1_mut,CREBBP,mut,HDAC1,mut,CREBBP_mut,HDAC1_mut,0.039840432,0.5542363438266161,0.025179775075718124,0.00109749,0.2484160771504015,0.2484160771504015,0.6048203006381329,124
Doxorubicin,PML body,-0.024859863,1,9,27,324,59,265,0,0,0.1,0,0,0,0,0,0.39157789399926557,0.22723309951425344,0.6435284076027746,1.750219301974199,EP300_amp x TERT_amp,EP300,amp,TERT,amp,EP300_amp,TERT_amp,0.017773817,0.8216079581396531,0.030178577,0.00100833,0.2493531357501542,0.2493531357501542,0.6031851659239593,124
Doxorubicin,Regulation of adherens junction stability,0.054172117,1,10,30,405,78,325,2,0,0.1,0,0,0,0,0,0.42488934637699455,0.22958938035598625,0.6390482040765834,1.6067225,CTNNB1_del x EGF_del,CTNNB1,del,EGF,del,CTNNB1_del,EGF_del,0.024733040010746894,0.8363090176897213,0.032862304,0.001117045,0.24972879968545872,0.24972879968545872,0.6025313702508209,124
Doxorubicin,PI3-K/Akt,0.055456707,1,6,18,135,23,112,0,0,0.1,0,0,0,0,0,0.4032668118824753,0.2455785723724934,0.6098095296577489,1.4653537493494793,EGFR_amp x INSR_mut,EGFR,amp,INSR,mut,EGFR_amp,INSR_mut,0.034248870284397805,0.7877240165411495,0.033009559,0.001028009,0.2647977649929494,0.2647977649929494,0.5770856848491256,124
Doxorubicin,MutL alpha/beta complex,0.053336145,1,5,15,90,16,74,0,0,0.1,0,0,0,0,0,0.477662554,0.24945904851707443,0.603000738,1.165389810117731,BRIP1_amp x PMS1_amp,BRIP1,amp,PMS1,amp,BRIP1_amp,PMS1_amp,0.068329806,0.5668983175703257,0.036836609,0.001249307,0.2666631208285968,0.2666631208285968,0.5740370425332655,124
Doxorubicin,Actin filaments,0.084099489,1,8,24,252,24,228,0,0,0.1,0,0,0,0,0,0.4124470963953963,0.26300008121766705,0.5800441173947319,1.4433811548387285,PIK3CA_amp x TPM1_amp,PIK3CA,amp,TPM1,amp,PIK3CA_amp,TPM1_amp,0.036026232,0.7739549756667552,0.034935888,0.001033448,0.27873512881188645,0.27873512881188645,0.5548082939786585,124
Doxorubicin,NeST:80,0.1077741113423571,0.278513796,7,21,189,17,172,0,0,0.1,0,0,0,0,0,0.4321486021110292,0.26812916,0.5716559523956003,1.2364123742794657,FLT1_del x KDR_del,FLT1,del,KDR,del,FLT1_del,KDR_del,0.058021322782865446,0.688566417,0.037101408158975134,0.001075876,0.281762846,0.281762846,0.5501162745394905,124
Doxorubicin,ECM-cytoskeleton assembly,0.063669833,1,6,18,135,13,122,0,0,0.1,0,0,0,0,0,0.45751666641352784,0.27301499884754754,0.5638134931138544,1.060256815456899,FGF10_amp x PDGFRB_mut,FGF10,amp,PDGFRB,mut,FGF10_amp,PDGFRB_mut,0.087044871,0.595270413,0.041822042,0.001141072,0.2844862172865201,0.2844862172865201,0.5459387693441501,124
Doxorubicin,Regulation of androgen receptor signaling pathway,0.049752708,1,5,15,90,28,62,0,0,0.1,0,0,0,0,0,0.3386528503565863,0.29400013014941745,0.531652477,1.520390087014573,CREBBP_mut x NCOR1_del,CREBBP,mut,NCOR1,del,CREBBP_mut,NCOR1_del,0.030172403918136297,0.8448273097078163,0.028054650418256697,0.000782651,0.30380013448773135,0.30380013448773135,0.5174120382175817,124
Doxorubicin,Contractile fiber,0.082622278,1,5,15,90,7,83,0,0,0.1,0,0,0,0,0,0.3710092301440281,0.330800344,0.48043404787766936,0.8176308158951695,C8orf34_amp x CBL_amp,C8orf34,amp,CBL,amp,C8orf34_amp,CBL_amp,0.15218406630103165,0.5550967796972835,0.025583376,0.000941643,0.33900200512315487,0.33900200512315487,0.4697977330318843,124
Doxorubicin,RPA complex associated proteins,0.1184901323354632,0.095832793,6,18,135,29,106,0,0,0.1,0,0,0,0,0,0.3876382021525845,0.33737507565578345,0.47188700504562153,0.9411973188768102,XPA_amp x XPC_del,XPA,amp,XPC,del,XPA_amp,XPC_del,0.11449926032965674,0.8002648304479296,0.035589457,0.000923713,0.3429058146009602,0.3429058146009602,0.4648251505581348,124
Doxorubicin,Structural constituent of muscle,0.075296316,1,6,18,135,9,126,0,0,0.1,0,0,0,0,0,0.2981526020234949,0.38501214792820726,0.41452556738771945,0.8176308158951695,C8orf34_amp x CBL_amp,C8orf34,amp,CBL,amp,C8orf34_amp,CBL_amp,0.15218406630103165,0.7136958596107932,0.016133552,0.000737841,0.3881423279926642,0.3881423279926642,0.41100899366488236,124
Doxorubicin,MHC class I including non-classical MHCs,-0.010051765,1,8,24,252,29,210,13,0,0.1,0,0,0,0,0,0.26056417206662275,0.4780142412875142,0.3205591644329661,0.7570937510951634,HLA-A_del x HLA-B_del,HLA-A,del,HLA-B,del,HLA-A_del,HLA-B_del,0.17494689902084792,0.9231893077662261,0.027778073,0.000524572,0.4780142412875142,0.4780142412875142,0.3205591644329661,124
Etoposide,Endoplasmic Reticulum protein processing,0.050765062,1,6,18,135,33,102,0,0,0.1,1,1,0.007407407,0.007407407,0.030303030303030304,0.5590391050159655,0.00167062,2.777122264,4.290033413822818,ARFRP1_amp x TUSC3_mut,ARFRP1,amp,TUSC3,mut,ARFRP1_amp,TUSC3_mut,5.128219268927504e-05,0.001692312,0.022321067843608426,0.001769752,0.20715690860910835,0.20715690860910835,0.6837005785579048,124
Etoposide,MutS homologs,-0.084222778,1,5,15,90,15,73,2,0,0.1,2,2,0.022222222222222223,0.022222222222222223,0.13333333333333333,0.7414823813524075,0.019849556785060868,1.7022491860268776,2.7826899808872376,MSH6_mut x PMS2_mut,MSH6,mut,PMS2,mut,MSH6_mut,PMS2_mut,0.001649339,0.02474009,0.047593767,0.002508183,0.2913862715674247,0.2913862715674247,0.5355309135233457,124
Etoposide,mTOR regulation of mRNA translation,-0.074058387,1,5,14,78,21,57,0,0,0.1,1,1,0.012820513,0.012820513,0.047619047619047616,0.7652544331811446,0.039794392,1.4001781292810658,2.3725804845930147,MTOR_del x RPTOR_amp,MTOR,del,RPTOR,amp,MTOR_del,RPTOR_amp,0.004240524,0.089051002,0.040840776,0.00258522,0.2913862715674247,0.2913862715674247,0.5355309135233457,124
Etoposide,Nuclear pore,0.02032726,1,5,15,90,16,74,0,0,0.1,1,1,0.011111111111111112,0.011111111111111112,0.0625,0.3589870696663697,0.075327568,1.1230460520162149,2.2621212821605057,RANBP2_mut x XPO1_amp,RANBP2,mut,XPO1,amp,RANBP2_mut,XPO1_amp,0.005468632,0.087498116,0.023993645,0.001026169,0.2913862715674247,0.2913862715674247,0.5355309135233457,124
Etoposide,TNFR/Traf signaling,-0.022583806,1,12,36,594,99,491,4,0,0.1,5,5,0.008417508,0.008417508,0.050505050505050504,0.5226187523579654,0.020887767942197554,1.6801079660598206,3.206440972249892,TP53_del x TRAF3_del,TP53,del,TRAF3,del,TP53_del,TRAF3_del,0.000621669,0.041846968,0.030421861905213635,0.00159198,0.2913862715674247,0.2913862715674247,0.5355309135233457,124
Etoposide,RAS-RAF-MAPK,0.033829996,1,7,21,189,40,147,2,0,0.1,1,1,0.005291005,0.005291005,0.025,0.399394816,0.036825941,1.4338461495815067,2.9902096122545583,BRAF_amp x KRAS_amp,BRAF,amp,KRAS,amp,BRAF_amp,KRAS_amp,0.001022799,0.040911969,0.026672258108445524,0.001094609,0.2913862715674247,0.2913862715674247,0.5355309135233457,124
Etoposide,Apoptosis Regulation,0.013441481,1,13,37,631,108,516,7,0,0.1,3,3,0.004754358,0.004754358,0.027777777777777776,0.4591399775283246,0.055299117,1.2572818001997326,2.746560726279351,BCL2_del x BCL2L1_amp,BCL2,del,BCL2L1,amp,BCL2_del,BCL2L1_amp,0.001792418,0.083201883,0.028954606,0.001309949,0.2913862715674247,0.2913862715674247,0.5355309135233457,124
Etoposide,Mediator/CCR-NOT complex,-0.127330973,0.043986961,9,27,324,41,282,1,0,0.1,1,1,0.00308642,0.00308642,0.024390243902439025,0.5804089993508279,0.047280504,1.3253179029986728,2.786321867204009,ESR1_del x PNRC1_del,ESR1,del,PNRC1,del,ESR1_del,PNRC1_del,0.001635604,0.067059759,0.042135461,0.001795417,0.2913862715674247,0.2913862715674247,0.5355309135233457,124
Etoposide,Extended mismatch repair complex,-0.244331768,7.763836240570753e-10,10,30,405,48,354,3,0,0.1,1,1,0.002469136,0.002469136,0.020833333333333332,0.5242363387055188,0.052008586,1.2839249514610507,2.7826899808872376,MSH6_mut x PMS2_mut,MSH6,mut,PMS2,mut,MSH6_mut,PMS2_mut,0.001649339,0.079168289,0.037188698,0.001614763,0.2913862715674247,0.2913862715674247,0.5355309135233457,124
Etoposide,Regulation of nuclear protein ubiquitiation,0.053454671,1,11,32,465,97,364,4,0,0.1,1,1,0.002150538,0.002150538,0.010309278350515464,0.4536518352888184,0.024367789,1.6131838757908221,3.5347819660892057,CBL_del x TP53_mut,CBL,del,TP53,mut,CBL_del,TP53_mut,0.000291889,0.028313253,0.030913543632967413,0.001293325,0.2913862715674247,0.2913862715674247,0.5355309135233457,124
Etoposide,Regulation of TP53 Activity,-0.044178893,1,11,33,495,96,396,3,0,0.1,1,1,0.002020202,0.002020202,0.010416666666666666,0.5068618277295823,0.014454390875673585,1.8400002052667699,3.7634996867838164,CHEK1_del x TP53_mut,CHEK1,del,TP53,mut,CHEK1_del,TP53_mut,0.000172385,0.016548992009101995,0.034768848910705516,0.001532608,0.2913862715674247,0.2913862715674247,0.5355309135233457,124
Etoposide,Homologous recombination,-0.132249025,0.025634213,12,36,594,108,482,4,0,0.1,1,1,0.001683502,0.001683502,0.009259259,0.47905114548503436,0.016885218262669508,1.7724933211902323,3.7634996867838164,CHEK1_del x TP53_mut,CHEK1,del,TP53,mut,CHEK1_del,TP53_mut,0.000172385,0.018617616010239743,0.033199454,0.001405847,0.2913862715674247,0.2913862715674247,0.5355309135233457,124
Etoposide,Protein Transport,0.1470539297953665,0.004506328,15,45,945,225,720,0,0,0.1,1,1,0.001058201,0.001058201,0.004444444,0.5146658851551551,0.010614450467475847,1.974102485258764,4.290033413822818,ARFRP1_amp x TUSC3_mut,ARFRP1,amp,TUSC3,mut,ARFRP1_amp,TUSC3_mut,5.128219268927504e-05,0.011538493355086884,0.027988176,0.001521748,0.2913862715674247,0.2913862715674247,0.5355309135233457,124
Etoposide,NeST:16,0.064451829,1,22,64,1954,298,1652,4,0,0.1,1,1,0.000511771,0.000511771,0.003355705,0.45323771554576037,0.019255064798864643,1.715455015512193,4.1286641118659295,FCGR2A_amp x SOX17_amp,FCGR2A,amp,SOX17,amp,FCGR2A_amp,SOX17_amp,7.435940193600774e-05,0.022159101776930305,0.030182606316550946,0.001275025,0.2913862715674247,0.2913862715674247,0.5355309135233457,124
Etoposide,Lymphocyte activation,0.035749505,1,39,115,6442,732,5579,131,0,0.1,2,2,0.000310463,0.000310463,0.00273224,0.3960967869483022,0.029485806,1.530386996790376,4.2105825900381495,FCGR2A_amp x LYN_amp,FCGR2A,amp,LYN,amp,FCGR2A_amp,LYN_amp,6.157684169364796e-05,0.045074248119750304,0.028831318550754208,0.001050091,0.2913862715674247,0.2913862715674247,0.5355309135233457,124
Etoposide,Locomotion,0.1021393156133081,0.5256802761036907,33,99,4752,697,4052,3,0,0.1,1,1,0.000210438,0.000210438,0.00143472,0.42194083917993813,0.046896544587764745,1.3288591556164917,4.031970383884529,GNA13_mut x RAC1_amp,GNA13,mut,RAC1,amp,GNA13_mut,RAC1_amp,9.290297385263484e-05,0.064753373,0.029566684,0.001149033,0.2913862715674247,0.2913862715674247,0.5355309135233457,124
Etoposide,NeST:195,0.067942049,1,6,18,135,31,104,0,0,0.1,0,0,0,0,0,0.6511441380475218,0.096036668,1.0175629181728763,1.920226479427293,FRS2_amp x KRAS_amp,FRS2,amp,KRAS,amp,FRS2_amp,KRAS_amp,0.012016376,0.21810708655672867,0.039808648,0.002025262,0.2913862715674247,0.2913862715674247,0.5355309135233457,124
Etoposide,mTOR regulation of autophagy/ribosome biogenesis,-0.094500846,1,8,23,231,48,183,0,0,0.1,0,0,0,0,0,0.6086230216899441,0.074475009,1.1279894353912965,2.3725804845930147,MTOR_del x RPTOR_amp,MTOR,del,RPTOR,amp,MTOR_del,RPTOR_amp,0.004240524,0.20354514726068146,0.03875828,0.001871312,0.2913862715674247,0.2913862715674247,0.5355309135233457,124
Etoposide,Regulation of beta catenin transcriptional activity,-0.055400983,1,10,30,405,107,296,2,0,0.1,0,0,0,0,0,0.5551243743503076,0.050039201,1.3006896311214813,3.027755625637742,KMT2A_del x TP53_mut,KMT2A,del,TP53,mut,KMT2A_del,TP53_mut,0.00093809,0.10037559947690239,0.034126653370416496,0.001701221,0.2913862715674247,0.2913862715674247,0.5355309135233457,124
Etoposide,Transcription coactivator activity,-0.025404814,1,5,13,66,20,43,3,0,0.1,0,0,0,0,0,0.5367976689786091,0.15673097034794028,0.8048451776078138,1.5443129990875444,E2F1_amp x TAF1_mut,E2F1,amp,TAF1,mut,E2F1_amp,TAF1_mut,0.028555318,0.4162097154463978,0.035472883675929844,0.001578992,0.2913862715674247,0.2913862715674247,0.5355309135233457,124
Etoposide,TGF-beta/Smad signaling,-0.005258608,1,7,21,189,22,165,2,0,0.1,0,0,0,0,0,0.5307201246397749,0.1544468300672893,0.8112210009165092,1.5145264006654953,SMAD4_del x TGFBR2_del,SMAD4,del,TGFBR2,del,SMAD4_del,TGFBR2_del,0.030582543302554093,0.3451978261704627,0.033667555,0.001547135,0.2913862715674247,0.2913862715674247,0.5355309135233457,124
Etoposide,Integrator-PP2A complex,-0.112889533,0.1934255970160152,12,35,561,108,447,6,0,0.1,0,0,0,0,0,0.5164037891560265,0.15129400282544325,0.8201782867252421,1.9615184208824727,BRAF_amp x CCDC6_del,BRAF,amp,CCDC6,del,BRAF_amp,CCDC6_del,0.010926513,0.5260533902803205,0.034222096,0.001495393,0.2913862715674247,0.2913862715674247,0.5355309135233457,124
Etoposide,PI3-K/Akt,-0.041569088,1,6,18,135,23,112,0,0,0.1,0,0,0,0,0,0.5107453658751832,0.15579045079688453,0.8074591660043893,1.7472128340230701,EGFR_mut x INSR_mut,EGFR,mut,INSR,mut,EGFR_mut,INSR_mut,0.017897285495891622,0.4116375664055073,0.036366245,0.001478033,0.2913862715674247,0.2913862715674247,0.5355309135233457,124
Etoposide,p53 regulation,-0.051656428,1,11,29,379,78,295,6,0,0.1,0,0,0,0,0,0.4999244016029401,0.058310310486662846,1.2342546460719177,2.4755480407979062,AURKB_del x HDAC2_del,AURKB,del,HDAC2,del,AURKB_del,HDAC2_del,0.00334543,0.11203507461874068,0.032013749,0.001530401,0.2913862715674247,0.2913862715674247,0.5355309135233457,124
Etoposide,Ubiquitin regulation of mitophagy,-0.227899017,1.802114057980475e-08,8,20,173,19,154,0,0,0.1,0,0,0,0,0,0.49832101973361015,0.11700909977013428,0.9317803619608499,1.6782886123775111,ELOC_amp x VHL_amp,ELOC,amp,VHL,amp,ELOC_amp,VHL_amp,0.020975454869343168,0.2061322160569751,0.021789526,0.001534824,0.2913862715674247,0.2913862715674247,0.5355309135233457,124
Etoposide,Positive regulators of transcription,-0.03972561,1,15,43,862,211,648,3,0,0.1,0,0,0,0,0,0.49715590009682503,0.049309688,1.3070677466499576,3.295352450027449,TBL1XR1_amp x TERT_amp,TBL1XR1,amp,TERT,amp,TBL1XR1_amp,TERT_amp,0.000506579,0.10688825947916547,0.031717406,0.001454574,0.2913862715674247,0.2913862715674247,0.5355309135233457,124
Etoposide,CDK holoenzyme complex II,0.028159468,1,17,49,1129,219,900,10,0,0.1,0,0,0,0,0,0.4955401144526613,0.093570975,1.0288588455294398,2.7560169582024594,CDK4_amp x CDK5_amp,CDK4,amp,CDK5,amp,CDK4_amp,CDK5_amp,0.001753812,0.3781845811152841,0.027477619,0.001465444,0.2913862715674247,0.2913862715674247,0.5355309135233457,124
Etoposide,HDACs deacetylate histones,0.040749435,1,16,48,1080,210,870,0,0,0.1,0,0,0,0,0,0.49206815338423815,0.066500626,1.177174266504099,2.9597494873506434,GPS2_del x HDAC2_del,GPS2,del,HDAC2,del,GPS2_del,HDAC2_del,0.001097111,0.1497041672561635,0.031836422696844224,0.001404525,0.2913862715674247,0.2913862715674247,0.5355309135233457,124
Etoposide,Histone deacetylase binding,-0.174717907,0.000112975,16,48,1080,201,875,4,0,0.1,0,0,0,0,0,0.4881450822404297,0.087148204,1.0597415575507054,2.3807076267706226,BCL11B_del x TP53_del,BCL11B,del,TP53,del,BCL11B_del,TP53_del,0.004161907,0.22793559561277482,0.032397652380543256,0.001431359,0.2913862715674247,0.2913862715674247,0.5355309135233457,124
Etoposide,G1 to S cell cycle control,-0.132814977,0.024061778,13,38,666,136,521,9,0,0.1,0,0,0,0,0,0.4789690102241484,0.13657292128629486,0.8646354009599069,2.2279224451528736,CCND2_amp x CDK6_amp,CCND2,amp,CDK6,amp,CCND2_amp,CDK6_amp,0.005916673,0.5454070681599873,0.027144231,0.001391201,0.2913862715674247,0.2913862715674247,0.5355309135233457,124
Etoposide,EMT,-0.00749715,1,14,42,819,116,700,3,0,0.1,0,0,0,0,0,0.47577996646438625,0.12341569208016144,0.908629617,2.411527552381086,CDH1_del x SOX2_amp,CDH1,del,SOX2,amp,CDH1_del,SOX2_amp,0.003876792,0.3163181710666142,0.032531038,0.001361587,0.2913862715674247,0.2913862715674247,0.5355309135233457,124
Etoposide,Resolution of D-loop structures,0.1523228083135371,0.002334323,9,27,324,55,265,4,0,0.1,0,0,0,0,0,0.4742698527661387,0.14135113404463046,0.8497007028635344,1.782290326818548,BRCA2_mut x RAD51C_amp,BRCA2,mut,RAD51C,amp,BRCA2_mut,RAD51C_amp,0.016508578271698313,0.40256120023020553,0.027445748328478965,0.00140987,0.2913862715674247,0.2913862715674247,0.5355309135233457,124
Etoposide,INSR-FOXO,0.018581927,1,25,74,2628,358,2266,4,0,0.1,0,0,0,0,0,0.4678669035312213,0.10884562909428079,0.9631890062034878,2.6578333456368357,IRS2_mut x PIK3CB_mut,IRS2,mut,PIK3CB,mut,IRS2_mut,PIK3CB_mut,0.002198703,0.35195353090944037,0.031993214,0.001331464,0.2913862715674247,0.2913862715674247,0.5355309135233457,124
Etoposide,Phosphatase 2A catalytic subunit,0.149898919,0.003167477,5,15,90,14,74,2,0,0.1,0,0,0,0,0,0.4678386698870186,0.15260856344705803,0.8164210957818187,1.6744176523031786,PPP2CB_amp x PPP2R1A_amp,PPP2CB,amp,PPP2R1A,amp,PPP2CB_amp,PPP2R1A_amp,0.021163249290274078,0.2962854900638371,0.023565271874836535,0.001393754,0.2913862715674247,0.2913862715674247,0.5355309135233457,124
Etoposide,Immune system,0.010827973,1,99,289,41333,4745,36344,244,0,0.1,0,0,0,0,0,0.46299415107974984,0.066492108,1.1772298997426631,4.2105825900381495,FCGR2A_amp x LYN_amp,FCGR2A,amp,LYN,amp,FCGR2A_amp,LYN_amp,6.157684169364796e-05,0.29218211383635956,0.031083131,0.001308082,0.2913862715674247,0.2913862715674247,0.5355309135233457,124
Etoposide,Ubiquitin/Proteasome System,-0.009994822,1,21,59,1655,219,1428,8,0,0.1,0,0,0,0,0,0.4606432492929547,0.10268059114148209,0.9885116397206499,2.567470269764765,HSP90AA1_del x TP53_del,HSP90AA1,del,TP53,del,HSP90AA1_del,TP53_del,0.002707259,0.3966467678941494,0.027941015683472927,0.001338444,0.2913862715674247,0.2913862715674247,0.5355309135233457,124
Etoposide,RNA metabolism,0.1690357114548175,0.000251945,22,66,2079,346,1724,9,0,0.1,0,0,0,0,0,0.45881031686664997,0.10513493974321785,0.97825293,2.8676979837251624,DDX3X_mut x PRPF40B_mut,DDX3X,mut,PRPF40B,mut,DDX3X_mut,PRPF40B_mut,0.001356132,0.410921504,0.029114182009186515,0.001336103,0.2913862715674247,0.2913862715674247,0.5355309135233457,124
Etoposide,Homologous recombination (HR) and Fanconi Anemia repair,0.010934253,1,29,86,3570,659,2899,12,0,0.1,0,0,0,0,0,0.4579531551027781,0.048802789917812506,1.3115553498973491,3.7634996867838164,CHEK1_del x TP53_mut,CHEK1,del,TP53,mut,CHEK1_del,TP53_mut,0.000172385,0.11360193472914806,0.028922831112104867,0.001313898,0.2913862715674247,0.2913862715674247,0.5355309135233457,124
Etoposide,Nuclear receptor signaling,0.06277377,1,17,51,1224,229,995,0,0,0.1,0,0,0,0,0,0.45555781470006884,0.10945106582124703,0.9607800049682967,2.8459554092735346,CREBBP_mut x TBL1XR1_amp,CREBBP,mut,TBL1XR1,amp,CREBBP_mut,TBL1XR1_amp,0.001425754,0.32649766001582325,0.030942763459007844,0.001257706,0.2913862715674247,0.2913862715674247,0.5355309135233457,124
Etoposide,Mismatch and excision repair,0.068016933,1,32,96,4464,799,3648,17,0,0.1,0,0,0,0,0,0.45357693021669443,0.057518535155670646,1.2401921828113673,3.7634996867838164,CHEK1_del x TP53_mut,CHEK1,del,TP53,mut,CHEK1_del,TP53_mut,0.000172385,0.13773588140908846,0.028549091476798107,0.001307,0.2913862715674247,0.2913862715674247,0.5355309135233457,124
Etoposide,Transmembrane tyrosine kinase signaling,0.032228314,1,53,159,12402,1693,10675,34,0,0.1,0,0,0,0,0,0.45348195804044594,0.045568365805463765,1.3413365460147748,4.017249312894028,ARAF_del x SRC_mut,ARAF,del,SRC,mut,ARAF_del,SRC_mut,9.61060409664472e-05,0.12354210608172214,0.031309851,0.001283044,0.2913862715674247,0.2913862715674247,0.5355309135233457,124
Etoposide,Epigenetic modification,0.24030127,1.7039076816161012e-09,30,87,3656,721,2920,15,0,0.1,0,0,0,0,0,0.4505501661540797,0.11950510696005451,0.9226135350741729,2.944950983597037,PRDM1_del x ZBTB2_del,PRDM1,del,ZBTB2,del,PRDM1_del,ZBTB2_del,0.001135139,0.5325270507393225,0.030601943,0.001250912,0.2913862715674247,0.2913862715674247,0.5355309135233457,124
Etoposide,CDK holoenzyme complex I,0.012547566,1,15,44,903,192,702,9,0,0.1,0,0,0,0,0,0.4503144573384828,0.15826639284292512,0.8006112958287022,2.2279224451528736,CCND2_amp x CDK6_amp,CCND2,amp,CDK6,amp,CCND2_amp,CDK6_amp,0.005916673,0.659593768,0.026532068,0.001274903,0.2913862715674247,0.2913862715674247,0.5355309135233457,124
Etoposide,MAPK signaling,-0.049312983,1,6,18,135,17,118,0,0,0.1,0,0,0,0,0,0.449998106,0.15979247150471676,0.7964436859793445,1.6650219331039033,ERBB2_mut x ERBB4_mut,ERBB2,mut,ERBB4,mut,ERBB2_mut,ERBB4_mut,0.021626093,0.3676435815204686,0.023597130785673576,0.001326446,0.2913862715674247,0.2913862715674247,0.5355309135233457,124
Etoposide,Transcription factor (TF) binding,-0.233460926,6.364216487142471e-09,14,42,819,151,668,0,0,0.1,0,0,0,0,0,0.44806622382511613,0.13140051784731288,0.8814029232253454,2.3248953338544935,AR_del x REL_amp,AR,del,REL,amp,AR_del,REL_amp,0.004732653,0.38095710734394705,0.029763729431675875,0.001249131,0.2913862715674247,0.2913862715674247,0.5355309135233457,124
Etoposide,Checkpoint-regulated DNA repair,0.042258992,1,41,120,7023,1325,5679,19,0,0.1,0,0,0,0,0,0.44801082667377573,0.086200659,1.0644894117884727,3.7634996867838164,CHEK1_del x TP53_mut,CHEK1,del,TP53,mut,CHEK1_del,TP53_mut,0.000172385,0.22841056679229313,0.029051396059570116,0.001255173,0.2913862715674247,0.2913862715674247,0.5355309135233457,124
Etoposide,BAF (SWI/SNF) complex,0.044475535,1,8,24,252,43,209,0,0,0.1,0,0,0,0,0,0.4451673855771816,0.15788552367605732,0.8016576880779674,1.864249454799882,PBRM1_del x SMARCE1_amp,PBRM1,del,SMARCE1,amp,PBRM1_del,SMARCE1_amp,0.013669434401805694,0.4455175774568642,0.028512237785422116,0.001273797,0.2913862715674247,0.2913862715674247,0.5355309135233457,124
Etoposide,Chromatin binding,0.028782836,1,91,266,34984,7250,27609,125,0,0.1,0,0,0,0,0,0.4411993887808346,0.072927327,1.1371097024190222,4.524424961101778,STAG2_del x XPO1_amp,STAG2,del,XPO1,amp,STAG2_del,XPO1_amp,2.9893381104871954e-05,0.21672701301032166,0.029250773779378472,0.001232263,0.2913862715674247,0.2913862715674247,0.5355309135233457,124
Etoposide,RNA processing 1,-0.046436373,1,30,88,3742,591,3125,26,0,0.1,0,0,0,0,0,0.44079738379269856,0.14106992739317312,0.8505655571824027,2.8676979837251624,DDX3X_mut x PRPF40B_mut,DDX3X,mut,PRPF40B,mut,DDX3X_mut,PRPF40B_mut,0.001356132,0.7164734134909079,0.030468355339266066,0.001224127,0.2913862715674247,0.2913862715674247,0.5355309135233457,124
Etoposide,Nucleolus,-0.022256018,1,34,99,4755,632,4115,8,0,0.1,0,0,0,0,0,0.4400615689761737,0.11920312212035826,0.9237123695799567,2.9418328478053164,GSTP1_amp x XPC_del,GSTP1,amp,XPC,del,GSTP1_amp,XPC_del,0.001143318,0.5086107261299515,0.029446426282913607,0.001226848,0.2913862715674247,0.2913862715674247,0.5355309135233457,124
Etoposide,RNA processing 2,0.001223579,1,15,45,945,127,814,4,0,0.1,0,0,0,0,0,0.43908250249529346,0.1453029998132348,0.8377254195017982,2.1076765247456817,CDC73_amp x UPF1_amp,CDC73,amp,UPF1,amp,CDC73_amp,UPF1_amp,0.007804112,0.48133285745830323,0.027981233,0.001262238,0.2913862715674247,0.2913862715674247,0.5355309135233457,124
Etoposide,Regulation of immune responses,0.020234373,1,57,168,13863,1551,12128,184,0,0.1,0,0,0,0,0,0.433956535,0.10693881553281306,0.9708646305069714,3.3349436502241723,IRF4_amp x TNFRSF14_del,IRF4,amp,TNFRSF14,del,IRF4_amp,TNFRSF14_del,0.000462441,0.4589486335357258,0.030883451,0.001197101,0.2913862715674247,0.2913862715674247,0.5355309135233457,124
Etoposide,Cyclin D associated events in G1,-0.191894451,8.51480218000411e-06,27,79,3004,562,2425,17,0,0.1,0,0,0,0,0,0.43331576411948736,0.15102575405297877,0.8209489872142536,2.7560169582024594,CDK4_amp x CDK5_amp,CDK4,amp,CDK5,amp,CDK4_amp,CDK5_amp,0.001753812,0.8470413706655245,0.026774278229731968,0.001194303,0.2913862715674247,0.2913862715674247,0.5355309135233457,124
Etoposide,Cell motility,-0.009059443,1,80,237,27732,3815,23881,36,0,0.1,0,0,0,0,0,0.4316282069778764,0.060780307141698534,1.216237109626135,4.1286641118659295,FCGR2A_amp x SOX17_amp,FCGR2A,amp,SOX17,amp,FCGR2A_amp,SOX17_amp,7.435940193600774e-05,0.17721242262390097,0.030335950434191693,0.001184839,0.2913862715674247,0.2913862715674247,0.5355309135233457,124
Etoposide,Histone acetyltransferase complex,-0.045443884,1,14,40,742,122,618,2,0,0.1,0,0,0,0,0,0.42658765867781206,0.14203466636178783,0.8476056445451281,2.452287332294177,MYC_amp x MYCN_amp,MYC,amp,MYCN,amp,MYC_amp,MYCN_amp,0.003529496,0.4305984858866478,0.029567913957125443,0.001172347,0.2913862715674247,0.2913862715674247,0.5355309135233457,124
Etoposide,Ubiquitin regulation of p53 activity,-0.221001758,6.336664482020637e-08,9,25,277,24,253,0,0,0.1,0,0,0,0,0,0.4216265194153008,0.14188995598684498,0.8480483460074665,1.6782886123775111,ELOC_amp x VHL_amp,ELOC,amp,VHL,amp,ELOC_amp,VHL_amp,0.020975454869343168,0.26037753607196856,0.020972747423682946,0.001243786,0.2913862715674247,0.2913862715674247,0.5355309135233457,124
Etoposide,MDM2-p53 pathway,-0.105497537,0.38877716,8,23,231,67,161,3,0,0.1,0,0,0,0,0,0.41994199784405445,0.12714584136135884,0.8956978399975131,2.1093488780953344,CHEK2_del x RB1_del,CHEK2,del,RB1,del,CHEK2_del,RB1_del,0.007774118,0.3029070681826503,0.026808924362377445,0.001195562,0.2913862715674247,0.2913862715674247,0.5355309135233457,124
Etoposide,Mitosis,-0.026246504,1,29,85,3487,749,2724,14,0,0.1,0,0,0,0,0,0.41603467397716154,0.1547381320976346,0.8104026499792996,2.6002806119242456,E2F5_amp x PARP1_amp,E2F5,amp,PARP1,amp,E2F5_amp,PARP1_amp,0.002510264,0.8037652415936398,0.026093525,0.001133737,0.2913862715674247,0.2913862715674247,0.5355309135233457,124
Etoposide,Ribosome biogenesis,-0.010219127,1,18,51,1227,204,1018,5,0,0.1,0,0,0,0,0,0.41060803414974767,0.15721710517200985,0.8035002046217884,2.4432539537472153,DIS3_del x NSD2_del,DIS3,del,NSD2,del,DIS3_del,NSD2_del,0.003603679,0.6019633277613983,0.028684073900012735,0.001105859,0.2913862715674247,0.2913862715674247,0.5355309135233457,124
Etoposide,Fas,-0.041644165,1,7,21,189,35,153,1,0,0.1,0,0,0,0,0,0.4104577417315656,0.082398723,1.0840795168047652,2.5084349986436063,MAPK1_del x TP53_mut,MAPK1,del,TP53,mut,MAPK1_del,TP53_mut,0.003101452,0.10855080430702091,0.029869357418439667,0.001138282,0.2913862715674247,0.2913862715674247,0.5355309135233457,124
Etoposide,Metabolism,0.051734169,1,18,53,1326,245,1076,5,0,0.1,0,0,0,0,0,0.409225071,0.11100914109227288,0.9546412575874361,2.7941394891613136,FGF19_amp x MST1_del,FGF19,amp,MST1,del,FGF19_amp,MST1_del,0.001606425,0.25351349291556946,0.026416802986294705,0.001109467,0.2913862715674247,0.2913862715674247,0.5355309135233457,124
Etoposide,Nuclear transport,0.006358766,1,7,21,189,30,159,0,0,0.1,0,0,0,0,0,0.4084546980719304,0.1024255929036943,0.9895915133981791,2.2621212821605057,RANBP2_mut x XPO1_amp,RANBP2,mut,XPO1,amp,RANBP2_mut,XPO1_amp,0.005468632,0.1640589669539081,0.024970404,0.001188603,0.2913862715674247,0.2913862715674247,0.5355309135233457,124
Etoposide,EGFR-MAPK signaling,0.004204414,1,23,67,2146,349,1787,10,0,0.1,0,0,0,0,0,0.40228544305428277,0.13447979403415952,0.8713429647224855,2.9902096122545583,BRAF_amp x KRAS_amp,BRAF,amp,KRAS,amp,BRAF_amp,KRAS_amp,0.001022799,0.356956927,0.028557871067993047,0.001087727,0.2913862715674247,0.2913862715674247,0.5355309135233457,124
Etoposide,MutL alpha/beta complex,-0.070816751,1,5,15,90,15,75,0,0,0.1,0,0,0,0,0,0.40054044659112154,0.08832489,1.0539168961345193,2.0483459765332057,BRCA1_mut x BRIP1_mut,BRCA1,mut,BRIP1,mut,BRCA1_mut,BRIP1_mut,0.008946518,0.13419776487561882,0.021765341403649538,0.00120496,0.2913862715674247,0.2913862715674247,0.5355309135233457,124
Etoposide,MAPK and MAP2K activation,-0.009787506,1,14,41,780,130,642,8,0,0.1,0,0,0,0,0,0.40046922500986787,0.088229017,1.0543885603203647,2.9902096122545583,BRAF_amp x KRAS_amp,BRAF,amp,KRAS,amp,BRAF_amp,KRAS_amp,0.001022799,0.13296389847436488,0.028897329029927525,0.001058772,0.2913862715674247,0.2913862715674247,0.5355309135233457,124
Etoposide,NeST:78,-0.017124602,1,10,30,405,117,288,0,0,0.1,0,0,0,0,0,0.4000179600752892,0.1161904787670426,0.9348294587645506,2.7702885021318093,CDK12_mut x SETD2_mut,CDK12,mut,SETD2,mut,CDK12_mut,SETD2_mut,0.001697116,0.19856255826790625,0.028026335579713985,0.001070488,0.2913862715674247,0.2913862715674247,0.5355309135233457,124
Etoposide,Protein nuclear transport,0.041757363,1,6,18,135,21,114,0,0,0.1,0,0,0,0,0,0.3451590792909441,0.093072622,1.0311780510355604,2.2621212821605057,RANBP2_mut x XPO1_amp,RANBP2,mut,XPO1,amp,RANBP2_mut,XPO1_amp,0.005468632,0.11484127686773565,0.023860899351121713,0.000968943,0.2913862715674247,0.2913862715674247,0.5355309135233457,124
Etoposide,Beta-catenin destruction complex,0.065309957,1,5,15,90,9,81,0,0,0.1,0,0,0,0,0,0.32046552,0.15615348242824736,0.8064483259870514,1.6544027888961916,CTNNB1_del x GSK3B_amp,CTNNB1,del,GSK3B,amp,CTNNB1_del,GSK3B_amp,0.022161400945918987,0.19945260851327087,0.015683312,0.00093969,0.2913862715674247,0.2913862715674247,0.5355309135233457,124
Etoposide,Type I interferon signaling pathway,0.1821843549170782,3.762186896993924e-05,7,21,189,3,174,12,0,0.1,0,0,0,0,0,0.6258509312214765,0.22917356291245503,0.639835483,0.7779981038766304,PML_amp x TNF_amp,PML,amp,TNF,amp,PML_amp,TNF_amp,0.16672544917439502,0.2819828236847032,0.056825540548584505,0.001688078,0.2921798377825932,0.2921798377825932,0.534349756,124
Etoposide,Mediator complex,-0.073101478,1,6,18,135,19,115,1,0,0.1,0,0,0,0,0,0.5559928222737375,0.1888284363929618,0.7239326030538262,1.2205084396402932,CDK8_del x FBXW7_del,CDK8,del,FBXW7,del,CDK8_del,FBXW7_del,0.060185456695219186,0.40954798678644816,0.04776141,0.001611917,0.2921798377825932,0.2921798377825932,0.534349756,124
Etoposide,p53 regulation of cell cycle,-0.20509366,1.0006989485944473e-06,5,15,90,29,60,1,0,0.1,0,0,0,0,0,0.4996279311119246,0.18204577507094905,0.7398193957449504,1.688392791638143,CDKN1A_mut x RBL1_amp,CDKN1A,mut,RBL1,amp,CDKN1A_mut,RBL1_amp,0.020493079,0.548682215,0.031354845,0.001367553,0.2921798377825932,0.2921798377825932,0.534349756,124
Etoposide,Cohesin,0.061417313,1,5,15,90,24,66,0,0,0.1,0,0,0,0,0,0.4875152827449733,0.19240954931460827,0.7157733776634596,1.4150522012729323,RAD21_amp x SMC3_del,RAD21,amp,SMC3,del,RAD21_amp,SMC3_del,0.038454555770931015,0.5322063698520942,0.029558721186234073,0.001406932,0.2921798377825932,0.2921798377825932,0.534349756,124
Etoposide,Chromosome centrometric region,0.081283587,1,7,21,189,27,160,2,0,0.1,0,0,0,0,0,0.47677970692706884,0.22075431619670852,0.6560907963253064,1.3595262280005835,CHEK1_del x MKI67_mut,CHEK1,del,MKI67,mut,CHEK1_del,MKI67_mut,0.043699229,0.6249479689204669,0.036337984,0.001287697,0.2921798377825932,0.2921798377825932,0.534349756,124
Etoposide,H3 acetylation and H3K4 methylation crosstalk,0.1332889749900235,0.022753163,5,13,66,22,43,1,0,0.1,0,0,0,0,0,0.47118790036979696,0.20600099901780625,0.6861306734809993,1.3026639716566826,CTNNB1_del x EP300_mut,CTNNB1,del,EP300,mut,CTNNB1_del,EP300_mut,0.049812235,0.3967367272233714,0.030033439,0.001341981,0.2921798377825932,0.2921798377825932,0.534349756,124
Etoposide,Extended cohesin complex,-0.02422996,1,6,18,135,40,95,0,0,0.1,0,0,0,0,0,0.45715392836995744,0.19419664649188553,0.7117582740296832,1.6238331332921272,SMARCA4_amp x SMC1A_del,SMARCA4,amp,SMC1A,del,SMARCA4_amp,SMC1A_del,0.023777537,0.668309261,0.029558721186234073,0.001290036,0.2921798377825932,0.2921798377825932,0.534349756,124
Etoposide,Regulation of mRNA processing,0.013554663,1,7,21,189,38,151,0,0,0.1,0,0,0,0,0,0.4486004372180606,0.1649032319680947,0.7827708324564262,1.8107271915249485,RBM10_mut x SPEN_mut,RBM10,mut,SPEN,mut,RBM10_mut,SPEN_mut,0.015462254188084931,0.43758303882236393,0.031804052,0.001275289,0.2921798377825932,0.2921798377825932,0.534349756,124
Etoposide,NeST:49,0.076653339,1,8,23,231,17,214,0,0,0.1,0,0,0,0,0,0.447521391,0.22315375799543796,0.6513957950751245,1.3578060651944721,FLT1_del x KDR_del,FLT1,del,KDR,del,FLT1_del,KDR_del,0.043872657,0.5749912011659768,0.029556042,0.001226213,0.2921798377825932,0.2921798377825932,0.534349756,124
Etoposide,Cell projection morphogenesis,0.040941789,1,8,24,252,57,193,2,0,0.1,0,0,0,0,0,0.4473934806092617,0.17890395008984475,0.7473800703701126,1.7964662652422418,EPHA2_mut x EPHB2_mut,EPHA2,mut,EPHB2,mut,EPHA2_mut,EPHB2_mut,0.015978416,0.5088941716598113,0.035808844,0.001227521,0.2921798377825932,0.2921798377825932,0.534349756,124
Etoposide,G1/S phase,0.2021277397924519,1.63156988053359e-06,19,56,1485,324,1156,5,0,0.1,0,0,0,0,0,0.4471709413599746,0.1907092943971869,0.7196281406873565,2.178710382307406,CREBBP_mut x HLA-A_amp,CREBBP,mut,HLA-A,amp,CREBBP_mut,HLA-A_amp,0.006626583,0.8333774455768733,0.030176022,0.001213397,0.2921798377825932,0.2921798377825932,0.534349756,124
Etoposide,NeST:29,0.021572627,1,14,40,742,77,665,0,0,0.1,0,0,0,0,0,0.4443717253790838,0.20010230879624358,0.6987479004108461,1.957624025529635,ADGRA2_amp x SOX17_amp,ADGRA2,amp,SOX17,amp,ADGRA2_amp,SOX17_amp,0.011024933,0.8093747540236629,0.032466451,0.001195784,0.2921798377825932,0.2921798377825932,0.534349756,124
Etoposide,Histone methyltransferase complex,0.042719711,1,11,31,435,133,301,1,0,0.1,0,0,0,0,0,0.44269070860760645,0.21368659012641247,0.670222731,1.7312127438916283,EP300_mut x MAGI2_amp,EP300,mut,MAGI2,amp,EP300_mut,MAGI2_amp,0.018568946121706804,0.7861962285740257,0.027506727950468973,0.001221053,0.2921798377825932,0.2921798377825932,0.534349756,124
Etoposide,Polybromo- and BAF containing complex,0.06715954,1,12,35,561,103,458,0,0,0.1,0,0,0,0,0,0.4405705851041103,0.16756982315503355,0.7758041886725979,1.864249454799882,PBRM1_del x SMARCE1_amp,PBRM1,del,SMARCE1,amp,PBRM1_del,SMARCE1_amp,0.013669434401805694,0.4624121031300527,0.031292413,0.001243298,0.2921798377825932,0.2921798377825932,0.534349756,124
Etoposide,Foxo signaling,-0.099920194,0.6410362357714072,10,30,405,82,323,0,0,0.1,0,0,0,0,0,0.43583814110692004,0.21206634275201203,0.6735282532984651,1.5072315038088837,FOXO3_amp x SMAD4_del,FOXO3,amp,SMAD4,del,FOXO3_amp,SMAD4_del,0.031100580562666406,0.6016011567854301,0.029364953,0.001192236,0.2921798377825932,0.2921798377825932,0.534349756,124
Etoposide,NeST:80,0.096009145,0.8961568555111701,7,21,189,16,173,0,0,0.1,0,0,0,0,0,0.42569760041303095,0.22883682605106395,0.6404740844952005,1.3578060651944721,FLT1_del x KDR_del,FLT1,del,KDR,del,FLT1_del,KDR_del,0.043872657,0.633655056,0.028782217,0.001152353,0.2921798377825932,0.2921798377825932,0.534349756,124
Etoposide,Regulation of adherens junction stability,0.069190497,1,10,30,405,70,332,3,0,0.1,0,0,0,0,0,0.4220235468643002,0.23091632340882368,0.6365453658450303,1.4743571910218227,CDH2_del x CTNNA1_amp,CDH2,del,CTNNA1,amp,CDH2_del,CTNNA1_amp,0.033546159609367784,0.6825030522387721,0.030109927765684497,0.001154246,0.2921798377825932,0.2921798377825932,0.534349756,124
Etoposide,Wnt/beta-catenin,0.033716345,1,8,24,252,30,222,0,0,0.1,0,0,0,0,0,0.4197305001139311,0.183196383,0.7370831051931737,1.6544027888961916,CTNNB1_del x GSK3B_amp,CTNNB1,del,GSK3B,amp,CTNNB1_del,GSK3B_amp,0.022161400945918987,0.522253285,0.019542804287067995,0.001216099,0.2921798377825932,0.2921798377825932,0.534349756,124
Etoposide,RTK-JAK-STAT signaling,0.04090358,1,21,63,1890,214,1673,3,0,0.1,0,0,0,0,0,0.41777046504834026,0.1911840279598241,0.7185483927014203,2.035593216478071,BCR_mut x EGFR_amp,BCR,mut,EGFR,amp,BCR_mut,EGFR_amp,0.009213121,0.8341416129820941,0.031032219643672157,0.001136537,0.2921798377825932,0.2921798377825932,0.534349756,124
Etoposide,Extracellular matrix organization,0.014603358,1,13,39,702,96,606,0,0,0.1,0,0,0,0,0,0.41094794240914984,0.21840258445590857,0.6607422267351631,1.7294437815316983,ACTA2_del x DMD_del,ACTA2,del,DMD,del,ACTA2_del,DMD_del,0.018644735146397255,0.731065826,0.031491749,0.001097955,0.2921798377825932,0.2921798377825932,0.534349756,124
Etoposide,Histone methyltransferase subcomplex,0.1444983905774809,0.006152937,6,18,135,45,89,1,0,0.1,0,0,0,0,0,0.410003968,0.23005656541522376,0.6381653682113269,1.4839443276349182,KMT2A_mut x KMT2D_mut,KMT2A,mut,KMT2D,mut,KMT2A_mut,KMT2D_mut,0.032813735446205014,0.5297752081157512,0.028892395,0.001087196,0.2921798377825932,0.2921798377825932,0.534349756,124
Etoposide,PML body,0.006976458,1,9,27,324,57,267,0,0,0.1,0,0,0,0,0,0.4060274666916359,0.19398502130188727,0.712231803,1.967674759476231,PARP1_amp x RB1_mut,PARP1,amp,RB1,mut,PARP1_amp,RB1_mut,0.010772717,0.6140448541165722,0.030713236329403138,0.001075217,0.2921798377825932,0.2921798377825932,0.534349756,124
Etoposide,Neg Regulation EGFR,-0.032486746,1,6,18,135,29,106,0,0,0.1,0,0,0,0,0,0.40172779871161823,0.1930611189733009,0.7143051809879216,1.7491911444773987,AKT1_amp x EGFR_mut,AKT1,amp,EGFR,mut,AKT1_amp,EGFR_mut,0.017815944680625872,0.5166623957381503,0.022406827838998222,0.001135645,0.2921798377825932,0.2921798377825932,0.534349756,124
Etoposide,SMAD-TGFbeta signaling,-0.142858197,0.007516552,6,18,135,18,115,2,0,0.1,0,0,0,0,0,0.3923635651916862,0.2140753449329081,0.6694333475405002,1.5915795339675958,CREBBP_mut x HDAC1_mut,CREBBP,mut,HDAC1,mut,CREBBP_mut,HDAC1_mut,0.025610642039031385,0.4609915567025649,0.025263475,0.00104109,0.2921798377825932,0.2921798377825932,0.534349756,124
Etoposide,Epithelial differentiation,-0.067768576,1,8,24,252,50,202,0,0,0.1,0,0,0,0,0,0.38371227296330573,0.22098013368572048,0.6556467680274713,1.7436297320720247,EPCAM_amp x FLG_mut,EPCAM,amp,FLG,mut,EPCAM_amp,FLG_mut,0.018045556,0.8195155311012371,0.02129853,0.001022616,0.2921798377825932,0.2921798377825932,0.534349756,124
Etoposide,Ribosome abundance control,0.062437909,1,12,36,594,70,522,2,0,0.1,0,0,0,0,0,0.37646244121135064,0.16954809869847404,0.770707076,2.217213667220851,DKC1_del x RHOA_mut,DKC1,del,RHOA,mut,DKC1_del,RHOA_mut,0.006064379,0.4245065276523591,0.027923395,0.000960924,0.2921798377825932,0.2921798377825932,0.534349756,124
Etoposide,Lymphoid JAK/STAT signaling,0.05020124,1,16,48,1080,97,977,6,0,0.1,0,0,0,0,0,0.3747380034264775,0.20247015047384193,0.6936389943754037,2.1122039607415837,IRS2_mut x STAT5B_mut,IRS2,mut,STAT5B,mut,IRS2_mut,STAT5B_mut,0.007723178,0.6214176148115835,0.031000492,0.000952045,0.2921798377825932,0.2921798377825932,0.534349756,124
Etoposide,PcG protein complex,-0.063407767,1,9,27,324,76,248,0,0,0.1,0,0,0,0,0,0.3703309521231855,0.20629720094781834,0.6855066645191595,1.9798924428090914,MGA_del x TFDP1_del,MGA,del,TFDP1,del,MGA_del,TFDP1_del,0.010473879115875625,0.7700710883214285,0.026808551,0.000973249,0.2921798377825932,0.2921798377825932,0.534349756,124
Etoposide,Extended PRC1 complex,0.095015828,0.974539297,8,24,252,59,193,0,0,0.1,0,0,0,0,0,0.3668653839051089,0.19466002914280056,0.7107232159418563,1.9798924428090914,MGA_del x TFDP1_del,MGA,del,TFDP1,del,MGA_del,TFDP1_del,0.010473879115875625,0.6179588678366619,0.025114204181242626,0.000963619,0.2921798377825932,0.2921798377825932,0.534349756,124
Etoposide,PIK3/AKT signaling,-0.05996253,1,11,33,495,71,423,1,0,0.1,0,0,0,0,0,0.35918709842285057,0.21456900326203296,0.6684330162216608,2.0754426879142738,PIK3CD_mut x PRKDC_mut,PIK3CD,mut,PRKDC,mut,PIK3CD_mut,PRKDC_mut,0.008405379,0.5967819247408758,0.02441066,0.000925727,0.2921798377825932,0.2921798377825932,0.534349756,124
Etoposide,Actin filament-based process,-0.125578396,0.053086771,11,33,495,58,437,0,0,0.1,0,0,0,0,0,0.3532483888595385,0.2357131200170538,0.6276162435578599,1.858500834732991,CBL_del x RAC1_amp,CBL,del,RAC1,amp,CBL_del,RAC1_amp,0.013851575235885535,0.803391364,0.024239971008265384,0.000930152,0.2922842688211467,0.2922842688211467,0.5341945583956248,124
Etoposide,Culin-RIng uniqutin ligase complex,-0.194484664,5.653280539474892e-06,8,23,231,21,210,0,0,0.1,0,0,0,0,0,0.3142508401261764,0.2349648756270398,0.6289970545855713,1.6782886123775111,ELOC_amp x VHL_amp,ELOC,amp,VHL,amp,ELOC_amp,VHL_amp,0.020975454869343168,0.44048455225620653,0.020305076,0.000814129,0.2922842688211467,0.2922842688211467,0.5341945583956248,124
Etoposide,Beta-catenin,-0.104359048,0.4313601691969007,5,14,78,20,58,0,0,0.1,0,0,0,0,0,0.4243472115672276,0.24352681033203194,0.6134532195076466,1.2041485152478422,DAXX_amp x MYC_amp,DAXX,amp,MYC,amp,DAXX_amp,MYC_amp,0.062495893964831274,0.5200505754038514,0.029365823861041716,0.00114129,0.2960522007958035,0.2960522007958035,0.5286317061073291,124
Etoposide,Regulation of androgen receptor signaling pathway,-0.076188332,1,5,15,90,27,63,0,0,0.1,0,0,0,0,0,0.384251231,0.2428352179671069,0.6146883280596158,1.4751745946160528,CREBBP_mut x NCOR2_mut,CREBBP,mut,NCOR2,mut,CREBBP_mut,NCOR2_mut,0.03348308,0.5910304030917217,0.025947471,0.000995778,0.2960522007958035,0.2960522007958035,0.5286317061073291,124
Etoposide,Regulation of beta catenin transcription,0.092373684,1,7,21,189,32,156,1,0,0.1,0,0,0,0,0,0.4328914660703712,0.2540579793179239,0.59506716,1.2728045916796922,CTNNA1_amp x ERBB2_amp,CTNNA1,amp,ERBB2,amp,CTNNA1_amp,ERBB2_amp,0.053357492047092885,0.718566132,0.031113442374325735,0.001147908,0.30585620811089864,0.30585620811089864,0.5144826999922582,124
Etoposide,Actin and actin-associated proteins,0.054232291,1,5,15,90,11,79,0,0,0.1,0,0,0,0,0,0.3966135714927464,0.25750682865454483,0.5892112496998183,1.2414218711316576,CBL_del x PIK3CA_amp,CBL,del,PIK3CA,amp,CBL_del,PIK3CA_amp,0.057355904,0.6309149435603165,0.031755295481345015,0.00105874,0.30702737262657265,0.30702737262657265,0.5128229038363636,124
Etoposide,Metabolic pathways,0.13469963,0.019401308,12,36,594,83,511,0,0,0.1,0,0,0,0,0,0.3581585697661591,0.28046570365954965,0.552120238,1.678881518214823,ATP7B_mut x TPMT_amp,ATP7B,mut,TPMT,amp,ATP7B_mut,TPMT_amp,0.020946838378050937,0.9883978927628512,0.026416802986294705,0.0009157,0.33121664051223004,0.33121664051223004,0.47988785213748003,124
Etoposide,RBL-TP53 complex,0.043483122,1,5,15,90,25,65,0,0,0.1,0,0,0,0,0,0.4322797232119369,0.29069634673947814,0.5365604260928509,1.1074963441292776,E2F4_del x TP53_mut,E2F4,del,TP53,mut,E2F4_del,TP53_mut,0.078073501,0.7179488455796363,0.033116189,0.001075783,0.34005987731788007,0.34005987731788007,0.46844460619538614,124
Etoposide,EGFR/PI3K signaling,-0.065362937,1,11,33,495,55,440,0,0,0.1,0,0,0,0,0,0.39450554449433295,0.29869097373216924,0.5247779013247014,1.1885099414920863,MET_amp x PIK3R2_amp,MET,amp,PIK3R2,amp,MET_amp,PIK3R2_amp,0.064787326,0.8775161112847837,0.032736199389278214,0.00101831,0.3461465489980279,0.3461465489980279,0.460739994,124
Etoposide,RPA complex associated proteins,-0.159960239,0.000869363,6,18,135,27,108,0,0,0.1,0,0,0,0,0,0.4018102957002969,0.30639676829995455,0.5137158197081628,1.0586169572855089,ATR_amp x XPC_del,ATR,amp,XPC,del,ATR_amp,XPC_del,0.087374166,0.8070608860913887,0.031916168918290515,0.001009091,0.3514798216009081,0.3514798216009081,0.4540996027036912,124
Etoposide,Regulation of E2F transcription via DREAM complex,0.067366955,1,11,33,495,109,381,5,0,0.1,0,0,0,0,0,0.3540317992935147,0.3117966159362895,0.5061286027077012,1.552537028471416,E2F4_del x E2F5_amp,E2F4,del,E2F5,amp,E2F4_del,E2F5_amp,0.028019667,0.9520680490272949,0.026758778274169323,0.000854504,0.3514798216009081,0.3514798216009081,0.4540996027036912,124
Etoposide,Actin filaments,0.090150237,1,8,24,252,24,228,0,0,0.1,0,0,0,0,0,0.3496966600446509,0.30919511781249176,0.5097673722046641,1.2414218711316576,CBL_del x PIK3CA_amp,CBL,del,PIK3CA,amp,CBL_del,PIK3CA_amp,0.057355904,0.7898097739610064,0.027453848927834923,0.000924932,0.3514798216009081,0.3514798216009081,0.4540996027036912,124
Etoposide,Spliceosomal complex,0.048346237,1,6,18,135,24,111,0,0,0.1,0,0,0,0,0,0.3294807621402598,0.3332847694602683,0.4771845323955639,1.0678846718831636,RBM10_mut x ZRSR2_del,RBM10,mut,ZRSR2,del,RBM10_mut,ZRSR2_del,0.085529381,0.976504391,0.021212069126943834,0.000833398,0.3723181208384979,0.3723181208384979,0.42908582601998624,124
Etoposide,Cell Proliferation,-0.086868566,1,14,41,780,107,665,8,0,0.1,0,0,0,0,0,0.3677324178239529,0.3380116350398429,0.4710683501760976,1.323713532363877,EGFR_amp x TP53_mut,EGFR,amp,TP53,mut,EGFR_amp,TP53_mut,0.047455491,0.9056981864324093,0.030587906,0.000887851,0.37422716736554035,0.37422716736554035,0.4268646876840442,124
Etoposide,Transcription elongation,-0.065306787,1,8,24,252,42,208,2,0,0.1,0,0,0,0,0,0.32245456964496877,0.35079597719453026,0.45494539561453384,1.4273278197558033,CDC73_amp x SETD2_mut,CDC73,amp,SETD2,mut,CDC73_amp,SETD2_mut,0.037382830385036904,0.9078525059628988,0.025749111339410352,0.000744916,0.38494425816036953,0.38494425816036953,0.4146021539357185,124
Etoposide,Interferon signaling,0.037714816,1,8,24,252,10,230,12,0,0.1,0,0,0,0,0,0.35975044210329565,0.36680241781625467,0.43556781029537284,0.7779981038766304,PML_amp x TNF_amp,PML,amp,TNF,amp,PML_amp,TNF_amp,0.16672544917439502,0.5639656473694064,0.042202149,0.000869884,0.39897806850189105,0.39897806850189105,0.39905097646961035,124
Etoposide,ECM-cytoskeleton assembly,0.1195223857875584,0.099636044,6,18,135,11,124,0,0,0.1,0,0,0,0,0,0.34323664081101796,0.38261317625779145,0.41724007801620455,0.8360660841093803,ACTA2_amp x FGF10_amp,ACTA2,amp,FGF10,amp,ACTA2_amp,FGF10_amp,0.14585922977340915,0.8062305491577594,0.033226158,0.000797208,0.4068143755730419,0.4068143755730419,0.3906037088423691,124
Etoposide,NeST:163,0.007403442,1,7,21,189,33,156,0,0,0.1,0,0,0,0,0,0.31489644972052144,0.380284696,0.41989115124886967,0.9407007092879863,ANKRD11_del x TBL1XR1_amp,ANKRD11,del,TBL1XR1,amp,ANKRD11_del,TBL1XR1_amp,0.11463026349796557,0.9987077848998276,0.024729597,0.000769282,0.4068143755730419,0.4068143755730419,0.3906037088423691,124
Etoposide,Oncogene induced senescence,0.008237681,1,7,21,189,43,143,3,0,0.1,0,0,0,0,0,0.29681187134175063,0.383849048,0.4158395322584425,1.1074963441292776,E2F4_del x TP53_mut,E2F4,del,TP53,mut,E2F4_del,TP53_mut,0.078073501,0.9449471095079718,0.017417939805625983,0.00069079,0.4068143755730419,0.4068143755730419,0.3906037088423691,124
Etoposide,Actin cytoskeleton,0.031412391,1,5,15,90,10,80,0,0,0.1,0,0,0,0,0,0.2906594978449206,0.39099266584370684,0.4078313889301711,0.8776731451411162,PIK3CA_amp x TPM1_amp,PIK3CA,amp,TPM1,amp,PIK3CA_amp,TPM1_amp,0.1325338624531397,0.828799748,0.015050524178208395,0.00071542,0.4108736488527089,0.4108736488527089,0.38629171107406146,124
Etoposide,Extracellular matrix,0.1144657252713013,0.1654096904150237,8,24,252,17,235,0,0,0.1,0,0,0,0,0,0.3176614284347551,0.4053580242148948,0.39216122553863014,0.8360660841093803,ACTA2_amp x FGF10_amp,ACTA2,amp,FGF10,amp,ACTA2_amp,FGF10_amp,0.14585922977340915,0.9135060037971936,0.029203631,0.000721475,0.42238987397182315,0.42238987397182315,0.37428650176892586,124
Etoposide,Structural constituent of muscle,0.080028366,1,6,18,135,9,126,0,0,0.1,0,0,0,0,0,0.3141783756139622,0.4121189621589739,0.3849774025306194,0.8118842900131018,C8orf34_amp x MYOD1_amp,C8orf34,amp,MYOD1,amp,C8orf34_amp,MYOD1_amp,0.15421112661493253,0.8698372250213505,0.027727199805137458,0.000714316,0.42585626089760636,0.42585626089760636,0.3707369634160092,124
Etoposide,Contractile fiber,0.046472635,1,5,15,90,7,83,0,0,0.1,0,0,0,0,0,0.294919319,0.41784759279988704,0.37898209543945965,0.8118842900131018,C8orf34_amp x MYOD1_amp,C8orf34,amp,MYOD1,amp,C8orf34_amp,MYOD1_amp,0.15421112661493253,0.9504372761307033,0.027727199805137458,0.000675938,0.4282074504726115,0.4282074504726115,0.3683457805936747,124
Etoposide,MHC class I including non-classical MHCs,-0.080176857,1,8,24,252,29,210,13,0,0.1,0,0,0,0,0,0.2499100495123802,0.48771062576310387,0.3118377823210618,0.9172511326128799,HLA-B_del x TAP2_del,HLA-B,del,TAP2,del,HLA-B_del,TAP2_del,0.12098983024418353,0.9684782302188962,0.028137791557286945,0.0005086,0.4957058819231548,0.4957058819231548,0.30477592783357493,124
Etoposide,Histone modifications in DNA damage response,-0.035226529,1,6,14,79,7,72,0,0,0.1,0,0,0,0,0,0.2382470646190938,0.5000770122140875,0.3009631088557155,0.6151734603251067,PARP1_amp x XPC_del,PARP1,amp,XPC,del,PARP1_amp,XPC_del,0.2425641083166813,0.9524160763730042,0.020049522956572172,0.00051827,0.5041426789800557,0.5041426789800557,0.29744653513287833,124
Etoposide,Cell-extracellular matrix interactions,0.056702195,1,5,15,90,4,86,0,0,0.1,0,0,0,0,0,0.20225583467998162,0.5612323220706668,0.25085732536157906,0.5218978120025602,CASR_mut x MYH11_mut,CASR,mut,MYH11,mut,CASR_mut,MYH11_mut,0.30067837052615365,0.9789519920298043,0.01711408,0.000408179,0.5612323220706668,0.5612323220706668,0.25085732536157906,124
Gemcitabine,p53 regulation of cell cycle,0.1442430625589576,0.000612492,5,15,90,32,57,1,0,0.1,1,1,0.011111111111111112,0.011111111111111112,0.03125,0.4978813663394908,0.012026723837316467,1.919852661367603,3.3982138941159663,CDKN1A_amp x TP53_mut,CDKN1A,amp,TP53,mut,CDKN1A_amp,TP53_mut,0.000399748,0.012791930294708398,0.028962181133324764,0.001194784,0.15010964129847998,0.15010964129847998,0.8235914128316262,124
Gemcitabine,Culin-RIng uniqutin ligase complex,-0.015217815,1,8,23,231,23,208,0,0,0.1,2,2,0.008658009,0.008658009,0.086956522,0.5600628521421268,0.002933636,2.5325937850853895,3.884368259226963,ELOC_amp x VHL_amp,ELOC,amp,VHL,amp,ELOC_amp,VHL_amp,0.000130506,0.003001647,0.035670793277901056,0.001413745,0.15010964129847998,0.15010964129847998,0.8235914128316262,124
Gemcitabine,Ubiquitin regulation of mitophagy,-0.122971964,0.01242284,8,20,173,28,145,0,0,0.1,1,1,0.005780347,0.005780347,0.035714286,0.4851994513742233,0.00360862,2.4426589062185315,3.884368259226963,ELOC_amp x VHL_amp,ELOC,amp,VHL,amp,ELOC_amp,VHL_amp,0.000130506,0.003654179,0.027791661645978086,0.001196009,0.15010964129847998,0.15010964129847998,0.8235914128316262,124
Gemcitabine,Ubiquitin regulation of p53 activity,-0.094518167,0.3534034643820432,9,25,277,37,240,0,0,0.1,1,1,0.003610108,0.003610108,0.027027027,0.4988233648622661,0.004723104,2.3257725086684102,3.884368259226963,ELOC_amp x VHL_amp,ELOC,amp,VHL,amp,ELOC_amp,VHL_amp,0.000130506,0.004828736,0.033323625628648997,0.001195769,0.15010964129847998,0.15010964129847998,0.8235914128316262,124
Gemcitabine,Regulation of TP53 Activity,-0.098562942,0.2300688219515891,11,33,495,119,374,2,0,0.1,1,1,0.002020202,0.002020202,0.008403361,0.5462181325756142,0.013316177857123225,1.8756204128356362,3.907179832129203,MDM2_amp x PARP1_amp,MDM2,amp,PARP1,amp,MDM2_amp,PARP1_amp,0.000123828,0.014735576426738376,0.040852573,0.00125939,0.15010964129847998,0.15010964129847998,0.8235914128316262,124
Gemcitabine,G1/S phase,-0.148498739,0.000318582,19,56,1485,409,1072,4,0,0.1,3,3,0.002020202,0.002020202,0.007334963,0.46883855927407836,0.011234465293558536,1.9494475930786892,4.460538164269208,CKS1B_amp x MYC_amp,CKS1B,amp,MYC,amp,CKS1B_amp,MYC_amp,3.463074509922223e-05,0.014163974745581892,0.037897206,0.001041147,0.15010964129847998,0.15010964129847998,0.8235914128316262,124
Gemcitabine,Mitosis,-0.015968073,1,29,86,3570,906,2656,8,0,0.1,6,6,0.001680672,0.001680672,0.006622517,0.46863438707546273,0.010130135108501534,1.994384762291706,4.537508651,E2F5_amp x MDM4_amp,E2F5,amp,MDM4,amp,E2F5_amp,MDM4_amp,2.9006234198540626e-05,0.015687728,0.035286055,0.001045589,0.15010964129847998,0.15010964129847998,0.8235914128316262,124
Gemcitabine,NeST:16,0.046690881,1,22,64,1954,366,1585,3,0,0.1,3,3,0.001535312,0.001535312,0.008196721,0.48965670556829943,0.013046762,1.884497264803705,4.289514864693997,FCGR2A_amp x SOX17_amp,FCGR2A,amp,SOX17,amp,FCGR2A_amp,SOX17_amp,5.1343460376163684e-05,0.018791706,0.041534019,0.001107208,0.15010964129847998,0.15010964129847998,0.8235914128316262,124
Gemcitabine,Histone acetyltransferase complex,-0.069488858,1,14,41,780,147,632,1,0,0.1,1,1,0.001282051,0.001282051,0.006802721,0.47691246912584656,0.010862961271904316,1.964051769,4.091896430377004,MYC_amp x MYCN_amp,MYC,amp,MYCN,amp,MYC_amp,MYCN_amp,8.092888736541998e-05,0.011896546442716736,0.036860062,0.001057163,0.15010964129847998,0.15010964129847998,0.8235914128316262,124
Gemcitabine,Chromatin binding,0.031596801,1,91,266,34984,8547,26325,112,0,0.1,5,5,0.000142922,0.000142922,0.000585001,0.4398959328543087,0.009437476,2.025144157408025,5.837569022666507,MYC_amp x PRCC_amp,MYC,amp,PRCC,amp,MYC_amp,PRCC_amp,1.4535533531963503e-06,0.012423520509769206,0.03738981,0.000944467,0.15010964129847998,0.15010964129847998,0.8235914128316262,124
Gemcitabine,Cell motility,0.085012126,0.9120193791234424,80,237,27732,4865,22844,23,0,0.1,1,1,3.6059425933939135e-05,3.6059425933939135e-05,0.00020555,0.44591369055230756,0.013168423792932956,1.8804662052203072,5.457385816534062,ABL2_amp x SOX17_amp,ABL2,amp,SOX17,amp,ABL2_amp,SOX17_amp,3.488302855430541e-06,0.016970593,0.038650553,0.000957623,0.15010964129847998,0.15010964129847998,0.8235914128316262,124
Gemcitabine,Ubiquitin/Proteasome System,-0.093455655,0.3945794508457552,21,59,1655,270,1378,7,0,0.1,3,3,0.001812689,0.001812689,0.011111111111111112,0.5041634953719236,0.018001628480654192,1.744688205553832,3.884368259226963,ELOC_amp x VHL_amp,ELOC,amp,VHL,amp,ELOC_amp,VHL_amp,0.000130506,0.035236722,0.038377074,0.001169145,0.18601682763342664,0.18601682763342664,0.7304477664392217,124
Gemcitabine,MDM2-p53 pathway,0.1680450543348057,1.2557836525983744e-05,8,24,252,84,166,2,0,0.1,2,2,0.007936508,0.007936508,0.023809523809523808,0.5570109465430533,0.022200392373958985,1.6536393496782205,3.3982138941159663,CDKN1A_amp x TP53_mut,CDKN1A,amp,TP53,mut,CDKN1A_amp,TP53_mut,0.000399748,0.033578817,0.039548501,0.001319048,0.19857539128347973,0.19857539128347973,0.7020745730208542,124
Gemcitabine,NeST:29,0.061373067,1,14,40,742,114,628,0,0,0.1,1,1,0.001347709,0.001347709,0.00877193,0.5044680854537469,0.022419802241683193,1.6493682225048514,3.635097223147492,ADGRA2_amp x SOX17_amp,ADGRA2,amp,SOX17,amp,ADGRA2_amp,SOX17_amp,0.000231688,0.026412385550421538,0.047654324499343675,0.001152122,0.19857539128347973,0.19857539128347973,0.7020745730208542,124
Gemcitabine,MutL alpha/beta complex,0.089000768,0.6188538995787496,5,15,90,20,70,0,0,0.1,1,1,0.011111111111111112,0.011111111111111112,0.05,0.3817634387676162,0.030919233,1.5097712905578857,2.7509612814242113,BRIP1_amp x PMS1_amp,BRIP1,amp,PMS1,amp,BRIP1_amp,PMS1_amp,0.001774348,0.035486953238570734,0.012747930300528147,0.000927534,0.19887203273967116,0.19887203273967116,0.7014262871663595,124
Gemcitabine,Spliceosomal complex,-0.030756925,1,6,18,135,26,106,3,0,0.1,1,1,0.007407407,0.007407407,0.038461538461538464,0.6772973086255079,0.042097241,1.3757463712224565,2.4466450166823095,CDC73_amp x ZRSR2_del,CDC73,amp,ZRSR2,del,CDC73_amp,ZRSR2_del,0.00357565,0.092966896,0.046297134,0.001757221,0.19887203273967116,0.19887203273967116,0.7014262871663595,124
Gemcitabine,Epithelial differentiation,-0.18281558,8.528772634797122e-07,8,24,252,61,191,0,0,0.1,1,1,0.003968254,0.003968254,0.016393443,0.4726838515166642,0.030840554349743247,1.5108778242374616,3.2096280948461997,ALOX12B_amp x FLG_amp,ALOX12B,amp,FLG,amp,ALOX12B_amp,FLG_amp,0.000617123,0.037644517944015195,0.037172064527010946,0.001064256,0.19887203273967116,0.19887203273967116,0.7014262871663595,124
Gemcitabine,CDK holoenzyme complex I,-0.17812482,2.0512806977457387e-06,15,44,903,220,675,8,0,0.1,3,3,0.003322259,0.003322259,0.013636363636363636,0.4956884293038193,0.037738649,1.4232136511646658,3.3982138941159663,CDKN1A_amp x TP53_mut,CDKN1A,amp,TP53,mut,CDKN1A_amp,TP53_mut,0.000399748,0.085635832,0.038300184,0.001134449,0.19887203273967116,0.19887203273967116,0.7014262871663595,124
Gemcitabine,G1 to S cell cycle control,-0.057259123,1,13,38,666,152,506,8,0,0.1,2,2,0.003003003,0.003003003,0.013157894736842105,0.4788509615141316,0.036137531071353785,1.4420415219110694,3.3982138941159663,CDKN1A_amp x TP53_mut,CDKN1A,amp,TP53,mut,CDKN1A_amp,TP53_mut,0.000399748,0.060761669,0.038300184,0.001085444,0.19887203273967116,0.19887203273967116,0.7014262871663595,124
Gemcitabine,CDK holoenzyme complex II,-0.020848052,1,17,49,1129,249,872,8,0,0.1,3,3,0.002657219,0.002657219,0.012048192771084338,0.48161096661470876,0.04261667,1.3704204850202426,3.3982138941159663,CDKN1A_amp x TP53_mut,CDKN1A,amp,TP53,mut,CDKN1A_amp,TP53_mut,0.000399748,0.096924191,0.038382088,0.001078829,0.19887203273967116,0.19887203273967116,0.7014262871663595,124
Gemcitabine,Positive regulators of transcription,-0.078613691,1,15,44,903,245,651,7,0,0.1,1,1,0.00110742,0.00110742,0.004081633,0.4886524522251732,0.037037203,1.4313618205471754,3.5950733120649647,BCL6_amp x KAT6A_amp,BCL6,amp,KAT6A,amp,BCL6_amp,KAT6A_amp,0.000254054,0.062243323,0.037623826,0.001107172,0.19887203273967116,0.19887203273967116,0.7014262871663595,124
Gemcitabine,RNA metabolism,0.026711603,1,22,66,2079,400,1669,10,0,0.1,2,2,0.000962001,0.000962001,0.005,0.5035257494616251,0.037206323,1.429383245548466,3.635244334974164,CDC73_amp x PRKDC_amp,CDC73,amp,PRKDC,amp,CDC73_amp,PRKDC_amp,0.000231609,0.081253825,0.042087407,0.001145046,0.19887203273967116,0.19887203273967116,0.7014262871663595,124
Gemcitabine,Homologous recombination (HR) and Fanconi Anemia repair,0.023121483,1,29,86,3570,826,2734,10,0,0.1,2,2,0.000560224,0.000560224,0.002421308,0.46190750786129486,0.028889770167865477,1.5392559131653158,4.269168202,CDC73_amp x NBN_amp,CDC73,amp,NBN,amp,CDC73_amp,NBN_amp,5.380613517580234e-05,0.044443867655212736,0.040967141427063855,0.000999255,0.19887203273967116,0.19887203273967116,0.7014262871663595,124
Gemcitabine,Lymphocyte activation,0.001383784,1,39,115,6442,863,5467,112,0,0.1,1,1,0.000155231,0.000155231,0.001158749,0.4542234218323832,0.038727432327990245,1.4119812962685363,4.145354683148138,FCGR2A_amp x LYN_amp,FCGR2A,amp,LYN,amp,FCGR2A_amp,LYN_amp,7.155587831521468e-05,0.061752723,0.042834502,0.00096744,0.19887203273967116,0.19887203273967116,0.7014262871663595,124
Gemcitabine,Checkpoint-regulated DNA repair,-0.115657814,0.031615961,41,120,7023,1644,5362,17,0,0.1,1,1,0.000142389,0.000142389,0.000608273,0.46869397313504696,0.035510875176758015,1.4496386242415271,4.460538164269208,CKS1B_amp x MYC_amp,CKS1B,amp,MYC,amp,CKS1B_amp,MYC_amp,3.463074509922223e-05,0.056932944943121344,0.039968586310720214,0.00102643,0.19887203273967116,0.19887203273967116,0.7014262871663595,124
Gemcitabine,Mismatch and excision repair,-0.047227374,1,32,96,4464,1013,3438,13,0,0.1,0,0,0,0,0,0.48019653340061325,0.041143905,1.3856944947097065,3.9165129716026046,MKI67_amp x MSH2_amp,MKI67,amp,MSH2,amp,MKI67_amp,MSH2_amp,0.000121196,0.12277119236130186,0.041211123,0.001056746,0.19887203273967116,0.19887203273967116,0.7014262871663595,124
Gemcitabine,Immune system,0.014016505,1,99,289,41333,6074,35044,215,0,0.1,0,0,0,0,0,0.46043111394418307,0.043302781,1.3634842081696072,4.145354683148138,FCGR2A_amp x LYN_amp,FCGR2A,amp,LYN,amp,FCGR2A_amp,LYN_amp,7.155587831521468e-05,0.138191492,0.037525333,0.001021631,0.19887203273967116,0.19887203273967116,0.7014262871663595,124
Gemcitabine,Nuclear pore,-0.360089809,0,5,15,90,20,70,0,0,0.1,2,2,0.022222222222222223,0.022222222222222223,0.1,0.5931545288621145,0.0451276,1.3455577621588939,2.367995037639507,RANBP2_mut x XPO1_amp,RANBP2,mut,XPO1,amp,RANBP2_mut,XPO1_amp,0.004285534,0.067252614,0.047272716,0.001433682,0.19985080026997865,0.19985080026997865,0.6992941083388781,124
Gemcitabine,Regulation of immune responses,-0.000587156,1,57,168,13863,1896,11805,162,0,0.1,0,0,0,0,0,0.42558927082235404,0.047507356,1.3232391438387712,3.903691775858492,CD79A_amp x HLA-F_amp,CD79A,amp,HLA-F,amp,CD79A_amp,HLA-F_amp,0.000124827,0.10784123698951337,0.037302344337692556,0.00090831,0.2031348994258354,0.2031348994258354,0.6922154565754922,124
Gemcitabine,Transcription factor (TF) binding,0.3195909017242198,0,14,42,819,197,622,0,0,0.1,2,2,0.002442002,0.002442002,0.010152284,0.4439454266662765,0.05352262,1.2714626324470115,3.2053097892701925,CTNNB1_del x RBL1_amp,CTNNB1,del,RBL1,amp,CTNNB1_del,RBL1_amp,0.00062329,0.096589205,0.036960033,0.000974843,0.22122683086570896,0.22122683086570896,0.6551622020044389,124
Gemcitabine,Protein nuclear transport,-0.078814819,1,6,18,135,25,110,0,0,0.1,2,2,0.014814814814814815,0.014814814814814815,0.08,0.5103241622050709,0.055429504,1.2562590050576312,2.367995037639507,RANBP2_mut x XPO1_amp,RANBP2,mut,XPO1,amp,RANBP2_mut,XPO1_amp,0.004285534,0.084065768,0.033944540445257444,0.001189837,0.2217180172922192,0.2217180172922192,0.6541990137296688,124
Gemcitabine,Type I interferon signaling pathway,0.034070927,1,7,21,189,8,169,12,0,0.1,5,5,0.026455026455026454,0.026455026455026454,0.625,1.0606269014832401,0.076460155,1.116564825437533,1.2451939371354364,IFIT1_amp x TNF_amp,IFIT1,amp,TNF,amp,IFIT1_amp,TNF_amp,0.056859896,0.097548895,0.14067722649308295,0.002745974,0.22573950548600147,0.22573950548600147,0.6463924306731984,124
Gemcitabine,Apoptosis Regulation,-0.113701594,0.040239058,13,38,666,129,532,5,0,0.1,0,0,0,0,0,0.5586142542849266,0.064164572,1.1927046987555654,2.9042288212398404,MCL1_amp x TP53_amp,MCL1,amp,TP53,amp,MCL1_amp,TP53_amp,0.001246726,0.15186228577967267,0.048695183117446486,0.001276969,0.22573950548600147,0.22573950548600147,0.6463924306731984,124
Gemcitabine,Histone deacetylase binding,-0.062886881,1,16,48,1080,246,832,2,0,0.1,0,0,0,0,0,0.5081157579187767,0.067661449,1.1696587036390402,3.219857170493939,DNMT1_amp x PARP1_amp,DNMT1,amp,PARP1,amp,DNMT1_amp,PARP1_amp,0.000602758,0.14827841553029505,0.042649709,0.001157098,0.22573950548600147,0.22573950548600147,0.6463924306731984,124
Gemcitabine,INSR-FOXO,-0.129537333,0.0051416,25,75,2700,467,2231,2,0,0.1,0,0,0,0,0,0.4954053424844467,0.0690432,1.160879086264631,3.240986683564542,FOXO1_amp x SMAD4_del,FOXO1,amp,SMAD4,del,FOXO1_amp,SMAD4_del,0.000574134,0.1983153000788923,0.040582607,0.001127446,0.22573950548600147,0.22573950548600147,0.6463924306731984,124
Gemcitabine,Protein Transport,-0.232469744,2.0855983606793416e-11,15,45,945,261,684,0,0,0.1,0,0,0,0,0,0.493920243,0.070724635,1.1504292875059643,3.060123403760388,ARFRP1_amp x RAC1_amp,ARFRP1,amp,RAC1,amp,ARFRP1_amp,RAC1_amp,0.000870716,0.19264882532196315,0.040427318,0.001093236,0.22573950548600147,0.22573950548600147,0.6463924306731984,124
Gemcitabine,SMAD-TGFbeta signaling,-0.127776148,0.006540908,6,18,135,20,113,2,0,0.1,0,0,0,0,0,0.48466208313324993,0.071950362,1.142967015047924,2.147122399663602,SMAD4_del x TGFBR1_del,SMAD4,del,TGFBR1,del,SMAD4_del,TGFBR1_del,0.007126522,0.10386942972507665,0.036591196,0.001093211,0.22573950548600147,0.22573950548600147,0.6463924306731984,124
Gemcitabine,Nuclear transport,0.1002520257119706,0.1913235597828366,7,21,189,36,153,0,0,0.1,0,0,0,0,0,0.48293415517407606,0.073416047,1.1342090022864744,2.367995037639507,RANBP2_mut x XPO1_amp,RANBP2,mut,XPO1,amp,RANBP2_mut,XPO1_amp,0.004285534,0.12105470594091756,0.043249558834771315,0.001082459,0.22573950548600147,0.22573950548600147,0.6463924306731984,124
Gemcitabine,Epigenetic modification,-0.063735466,1,30,86,3572,880,2686,6,0,0.1,0,0,0,0,0,0.4592356219385576,0.059638836,1.2244708400389275,3.592640193388263,PHF6_del x RB1_amp,PHF6,del,RB1,amp,PHF6_del,RB1_amp,0.000255482,0.14903021261223173,0.040348998,0.001002377,0.22573950548600147,0.22573950548600147,0.6463924306731984,124
Gemcitabine,RBL-TP53 complex,-0.00496187,1,5,15,90,29,60,1,0,0.1,0,0,0,0,0,0.4545143131030574,0.072490762,1.1397173357314265,2.2741518197495036,E2F4_del x TP53_mut,E2F4,del,TP53,mut,E2F4_del,TP53_mut,0.005319223,0.11448472760694199,0.028642928988038115,0.001039769,0.22573950548600147,0.22573950548600147,0.6463924306731984,124
Gemcitabine,Cyclin D associated events in G1,-0.095743354,0.310820053,27,79,3004,662,2332,10,0,0.1,0,0,0,0,0,0.44329823826169756,0.067656073,1.169693213479921,3.3982138941159663,CDKN1A_amp x TP53_mut,CDKN1A,amp,TP53,mut,CDKN1A_amp,TP53_mut,0.000399748,0.1932645020474738,0.03487607,0.000964361,0.22573950548600147,0.22573950548600147,0.6463924306731984,124
Gemcitabine,Metabolic pathways,-0.01433018,1,12,36,594,110,484,0,0,0.1,0,0,0,0,0,0.4272256278675014,0.074882141,1.1256217483984732,2.999774871954522,ATP7B_amp x GPC3_del,ATP7B,amp,GPC3,del,ATP7B_amp,GPC3_del,0.001000519,0.11005703619480237,0.036529612,0.000910325,0.22573950548600147,0.22573950548600147,0.6463924306731984,124
Gemcitabine,TGF-beta/Smad signaling,-0.090056857,0.5573972250568149,7,21,189,26,161,2,0,0.1,0,0,0,0,0,0.5401619328857227,0.078750107,1.1037488451444488,2.147122399663602,SMAD4_del x TGFBR1_del,SMAD4,del,TGFBR1,del,SMAD4_del,TGFBR1_del,0.007126522,0.13503025864259963,0.04398408,0.001247278,0.22709333301940077,0.22709333301940077,0.6437956155618002,124
Gemcitabine,Endoplasmic Reticulum protein processing,0.041396705,1,6,18,135,37,98,0,0,0.1,0,0,0,0,0,0.5822403428947006,0.087639182,1.0573016829517872,2.3079890991331675,ARFRP1_amp x EGFR_amp,ARFRP1,amp,EGFR,amp,ARFRP1_amp,EGFR_amp,0.004920519,0.18205919786223496,0.047393164,0.001331337,0.2312182683230558,0.2312182683230558,0.6359778557252695,124
Gemcitabine,Chromosome centrometric region,-0.014993025,1,7,21,189,36,151,2,0,0.1,0,0,0,0,0,0.5734376676376947,0.08660434,1.0624603429306312,2.363072316806741,CHEK1_del x MKI67_mut,CHEK1,del,MKI67,mut,CHEK1_del,MKI67_mut,0.004334387,0.15603793130618615,0.058097911,0.001303193,0.2312182683230558,0.2312182683230558,0.6359778557252695,124
Gemcitabine,Regulation of nuclear protein ubiquitiation,-0.08924781,0.6042105712926908,11,33,495,108,384,3,0,0.1,0,0,0,0,0,0.4610203027079028,0.082972081,1.0810680151280798,2.838984081485939,MDM2_amp x MDM4_amp,MDM2,amp,MDM4,amp,MDM2_amp,MDM4_amp,0.001448825,0.15647309540081367,0.033117174,0.001019676,0.2312182683230558,0.2312182683230558,0.6359778557252695,124
Gemcitabine,Locomotion,-0.13603753,0.002060763,33,99,4752,879,3871,2,0,0.1,0,0,0,0,0,0.4607440128509922,0.086647439,1.062244267296024,3.1720346362810488,MAPK1_del x MYH11_amp,MAPK1,del,MYH11,amp,MAPK1_del,MYH11_amp,0.000672923,0.2802149134411842,0.039334227445182265,0.000996835,0.2312182683230558,0.2312182683230558,0.6359778557252695,124
Gemcitabine,Metabolism,0.053230259,1,18,54,1377,293,1083,1,0,0.1,0,0,0,0,0,0.4387127700614344,0.090327153,1.044181678323376,2.999774871954522,ATP7B_amp x GPC3_del,ATP7B,amp,GPC3,del,ATP7B_amp,GPC3_del,0.001000519,0.15372731122546648,0.035618480826888614,0.000927076,0.23334514506340656,0.23334514506340656,0.6320012305367281,124
Gemcitabine,Beta-catenin destruction complex,0.020279604,1,5,15,90,17,73,0,0,0.1,0,0,0,0,0,0.38681265049220687,0.095209079,1.0213216342408729,2.1450504601231994,CTNNB1_del x GSK3B_amp,CTNNB1,del,GSK3B,amp,CTNNB1_del,GSK3B_amp,0.007160602,0.12173023523336698,0.027353863685557527,0.000844652,0.2409372620896472,0.2409372620896472,0.6180960291071516,124
Gemcitabine,RNA processing 2,-0.035446899,1,15,45,945,143,797,5,0,0.1,0,0,0,0,0,0.5150240163354189,0.10317908764571514,0.9864083166660762,2.4466450166823095,CDC73_amp x ZRSR2_del,CDC73,amp,ZRSR2,del,CDC73_amp,ZRSR2_del,0.00357565,0.32026720901766703,0.045552492,0.001176463,0.25588413736137355,0.25588413736137355,0.5919566358398599,124
Gemcitabine,Interferon signaling,0.036090257,1,8,24,252,14,226,12,0,0.1,0,0,0,0,0,0.764876166,0.11714206639671026,0.9312871192463095,1.2451939371354364,IFIT1_amp x TNF_amp,IFIT1,amp,TNF,amp,IFIT1_amp,TNF_amp,0.056859896,0.17071056682911478,0.083869381,0.001831618,0.2674137383886151,0.2674137383886151,0.5728162846091936,124
Gemcitabine,Fas,-0.167002142,1.5077747597569411e-05,7,21,189,38,149,2,0,0.1,0,0,0,0,0,0.5449514294293414,0.11630771460631874,0.9343914778782871,1.8096759179835928,PARP1_amp x TP53_amp,PARP1,amp,TP53,amp,PARP1_amp,TP53_amp,0.015499728181326231,0.24287851716666237,0.037009533,0.001272544,0.2674137383886151,0.2674137383886151,0.5728162846091936,124
Gemcitabine,TNFR/Traf signaling,-0.093272605,0.4021000477309184,12,36,594,108,481,5,0,0.1,0,0,0,0,0,0.45884034311540106,0.11190468045873207,0.9511517485485907,2.4453817462927487,MAP3K7_del x TP53_del,MAP3K7,del,TP53,del,MAP3K7_del,TP53_del,0.003586066,0.2889076871529979,0.039053473,0.001000579,0.2674137383886151,0.2674137383886151,0.5728162846091936,124
Gemcitabine,Regulation of beta catenin transcriptional activity,0.2982712740029149,0,10,30,405,122,282,1,0,0.1,0,0,0,0,0,0.44311709,0.11648008140522606,0.9337483345125961,2.6076150461337937,HDAC2_del x KAT6A_amp,HDAC2,del,KAT6A,amp,HDAC2_del,KAT6A_amp,0.002468226,0.3011235935344422,0.037868522,0.000957546,0.2674137383886151,0.2674137383886151,0.5728162846091936,124
Gemcitabine,BAF (SWI/SNF) complex,-0.126897708,0.007367089,8,24,252,55,197,0,0,0.1,0,0,0,0,0,0.4380893348359937,0.11861093234978895,0.9258752802771849,2.3179030803206397,PBRM1_del x SOX2_amp,PBRM1,del,SOX2,amp,PBRM1_del,SOX2_amp,0.004809467,0.26452066702951393,0.035513936,0.000951058,0.2674137383886151,0.2674137383886151,0.5728162846091936,124
Gemcitabine,Histone modifications in DNA damage response,0.031203284,1,6,14,79,7,72,0,0,0.1,0,0,0,0,0,0.6366089931826936,0.1433696859749742,0.8435426660009835,1.4474717641368917,CASP8_amp x PARP1_amp,CASP8,amp,PARP1,amp,CASP8_amp,PARP1_amp,0.035688495157475145,0.24981946610232603,0.070779131,0.001410374,0.268896373,0.268896373,0.5704150549160723,124
Gemcitabine,MutS homologs,0.084104552,0.9941011699672976,5,15,90,17,71,2,0,0.1,0,0,0,0,0,0.5819188526167796,0.13284552033037778,0.8766530858046954,1.4086381839911561,MLH1_del x MSH3_del,MLH1,del,MSH3,del,MLH1_del,MSH3_del,0.039026699,0.2728505182053354,0.038134704,0.001408803,0.268896373,0.268896373,0.5704150549160723,124
Gemcitabine,ECM-cytoskeleton assembly,0.1140176804294886,0.038684016,6,18,135,14,121,0,0,0.1,0,0,0,0,0,0.5606479099715581,0.16050885664769368,0.7945009988534995,1.5182457833023042,PDGFRB_amp x TNF_amp,PDGFRB,amp,TNF,amp,PDGFRB_amp,TNF_amp,0.030321746787790173,0.414035094,0.061527539,0.00122854,0.268896373,0.268896373,0.5704150549160723,124
Gemcitabine,Neg Regulation EGFR,-0.11620664,0.029528132,6,18,135,33,102,0,0,0.1,0,0,0,0,0,0.5356082299492347,0.1411525803010475,0.8503111784432822,1.9262803741149785,CTNNB1_del x EGF_del,CTNNB1,del,EGF,del,CTNNB1_del,EGF_del,0.011850034803937832,0.39105114852994843,0.04160269,0.001191148,0.268896373,0.268896373,0.5704150549160723,124
Gemcitabine,Resolution of D-loop structures,0.038634083,1,9,27,324,76,244,4,0,0.1,0,0,0,0,0,0.530111925,0.1565706891596359,0.8052895368353752,1.8478821176551714,BRCA2_del x TP53_mut,BRCA2,del,TP53,mut,BRCA2_del,TP53_mut,0.014194427546131283,0.47582501847903796,0.054176167151395185,0.00118572,0.268896373,0.268896373,0.5704150549160723,124
Gemcitabine,NeST:80,-0.135048177,0.002374682,7,21,189,25,164,0,0,0.1,0,0,0,0,0,0.5184861800026632,0.16932393329041012,0.771281652,1.5928761354860488,FLT1_del x VEGFA_amp,FLT1,del,VEGFA,amp,FLT1_del,VEGFA_amp,0.025534294588168156,0.4354708132100155,0.052116722,0.001153241,0.268896373,0.268896373,0.5704150549160723,124
Gemcitabine,Homologous recombination,0.114855255,0.03489538,12,36,594,151,439,4,0,0.1,0,0,0,0,0,0.5155288496736629,0.16566922904777678,0.7807581487667893,1.8478821176551714,BRCA2_del x TP53_mut,BRCA2,del,TP53,mut,BRCA2_del,TP53_mut,0.014194427546131283,0.5817779578164756,0.052242601,0.001128676,0.268896373,0.268896373,0.5704150549160723,124
Gemcitabine,Extended mismatch repair complex,-0.155111017,0.000111277,10,30,405,62,340,3,0,0.1,0,0,0,0,0,0.5134917895010761,0.1400448717365586,0.8537327898557077,1.7325311470527485,ERCC1_del x PMS2_amp,ERCC1,del,PMS2,amp,ERCC1_del,PMS2_amp,0.018512661189718404,0.3668760198572864,0.048761580840502784,0.001175001,0.268896373,0.268896373,0.5704150549160723,124
Gemcitabine,NeST:195,-0.104995927,0.1126167717910957,6,18,135,34,101,0,0,0.1,0,0,0,0,0,0.505371371,0.14358026981730102,0.8429052348721567,1.9008556936970695,FRS2_amp x KRAS_amp,FRS2,amp,KRAS,amp,FRS2_amp,KRAS_amp,0.012564473835896183,0.42719211042047023,0.032988471,0.001121995,0.268896373,0.268896373,0.5704150549160723,124
Gemcitabine,Beta-catenin,0.049565082,1,5,14,78,24,54,0,0,0.1,0,0,0,0,0,0.5031994986250768,0.15516160259905362,0.8092157434034368,1.7390451203663406,AXIN1_mut x MYC_amp,AXIN1,mut,MYC,amp,AXIN1_mut,MYC_amp,0.018237062212857227,0.4376894931085734,0.044442286,0.00111968,0.268896373,0.268896373,0.5704150549160723,124
Gemcitabine,RNA processing 1,0.1973516438675001,4.8937969232554224e-08,30,89,3828,710,3092,26,0,0.1,0,0,0,0,0,0.46878358224109706,0.12553758346532704,0.9012262355528784,2.4761022789665126,TERT_amp x XPC_amp,TERT,amp,XPC,amp,TERT_amp,XPC_amp,0.003341163,0.5677866719809087,0.040262692,0.001026725,0.268896373,0.268896373,0.5704150549160723,124
Gemcitabine,p53 regulation,-0.085275594,0.8898371647767058,11,29,379,101,276,2,0,0.1,0,0,0,0,0,0.46736625311595076,0.17230045579814332,0.7637135736816484,1.9827564120953611,HDAC2_del x TP53_del,HDAC2,del,TP53,del,HDAC2_del,TP53_del,0.010405036018087357,0.6486157366928251,0.041064526455591874,0.001013818,0.268896373,0.268896373,0.5704150549160723,124
Gemcitabine,Cell Proliferation,-0.137206421,0.001740792,14,41,780,137,634,9,0,0.1,0,0,0,0,0,0.460372604,0.14663304300596758,0.8337681526270758,2.3191872046503335,ERBB3_mut x MYC_amp,ERBB3,mut,MYC,amp,ERBB3_mut,MYC_amp,0.004795267,0.6054032253286205,0.038344959,0.000985632,0.268896373,0.268896373,0.5704150549160723,124
Gemcitabine,Histone methyltransferase subcomplex,0.1022538240807181,0.153338973,6,18,135,49,83,3,0,0.1,0,0,0,0,0,0.4499383082711363,0.14272795052420492,0.8454909703346893,2.131615122621929,KMT2A_amp x KMT2D_amp,KMT2A,amp,KMT2D,amp,KMT2A_amp,KMT2D_amp,0.007385585,0.3618936455163476,0.034952717823346934,0.000975245,0.268896373,0.268896373,0.5704150549160723,124
Gemcitabine,Transmembrane tyrosine kinase signaling,-0.083181349,1,53,159,12402,2173,10203,26,0,0.1,0,0,0,0,0,0.4311511381840961,0.14483740992298827,0.8391192501227113,2.946728960276484,CBL_amp x IFNAR1_amp,CBL,amp,IFNAR1,amp,CBL_amp,IFNAR1_amp,0.001130501,0.9486070327125921,0.038439645076276466,0.000913053,0.268896373,0.268896373,0.5704150549160723,124
Gemcitabine,MHC class I including non-classical MHCs,-0.040739546,1,8,24,252,35,207,10,0,0.1,0,0,0,0,0,0.4297796824628192,0.16686002643543546,0.7776476919474333,1.8426322784675322,B2M_amp x HLA-C_amp,B2M,amp,HLA-C,amp,B2M_amp,HLA-C_amp,0.014367054,0.3334247211953793,0.048846243,0.000896795,0.268896373,0.268896373,0.5704150549160723,124
Gemcitabine,Nucleolus,0.043144627,1,34,100,4852,828,4017,7,0,0.1,0,0,0,0,0,0.42628041920939436,0.1641554427118236,0.7847447132969606,2.4761022789665126,TERT_amp x XPC_amp,TERT,amp,XPC,amp,TERT_amp,XPC_amp,0.003341163,0.9365772282437769,0.036573954,0.00089386,0.268896373,0.268896373,0.5704150549160723,124
Gemcitabine,Foxo signaling,-0.110531827,0.059020823,10,30,405,98,307,0,0,0.1,0,0,0,0,0,0.4196736756497982,0.15281081929632356,0.8158458957973257,2.2227924933045182,AR_del x SMAD4_amp,AR,del,SMAD4,amp,AR_del,SMAD4_amp,0.005986976,0.3472208599360929,0.035025681,0.00087562,0.268896373,0.268896373,0.5704150549160723,124
Gemcitabine,Polybromo- and BAF containing complex,0.084468233,0.9604458380251176,12,35,561,129,432,0,0,0.1,0,0,0,0,0,0.41872962167197564,0.17348153128257035,0.7607467530863636,2.3179030803206397,PBRM1_del x SOX2_amp,PBRM1,del,SOX2,amp,PBRM1_del,SOX2_amp,0.004809467,0.6204212008510418,0.036829755851141205,0.000877003,0.268896373,0.268896373,0.5704150549160723,124
Gemcitabine,Ribosome abundance control,0.050661357,1,12,36,594,94,500,0,0,0.1,0,0,0,0,0,0.41147863055316647,0.12475207105998173,0.9039522357450082,2.4761022789665126,TERT_amp x XPC_amp,TERT,amp,XPC,amp,TERT_amp,XPC_amp,0.003341163,0.3140693636872529,0.031529368,0.000872092,0.268896373,0.268896373,0.5704150549160723,124
Gemcitabine,EGFR-MAPK signaling,-0.109949597,0.063257352,23,68,2211,449,1760,2,0,0.1,0,0,0,0,0,0.4017393158289424,0.14753818836550728,0.831095554,2.8302562224670953,CBL_amp x KRAS_amp,CBL,amp,KRAS,amp,CBL_amp,KRAS_amp,0.001478236,0.6637279684865898,0.035121959,0.000829606,0.268896373,0.268896373,0.5704150549160723,124
Gemcitabine,Oncogene induced senescence,-0.049693042,1,7,21,189,54,134,1,0,0.1,0,0,0,0,0,0.3883742199555226,0.14753742550449575,0.8310977991543529,2.2741518197495036,E2F4_del x TP53_mut,E2F4,del,TP53,mut,E2F4_del,TP53_mut,0.005319223,0.2872380303859317,0.025297759400620824,0.000829862,0.268896373,0.268896373,0.5704150549160723,124
Gemcitabine,PML body,0.00562492,1,9,27,324,74,250,0,0,0.1,0,0,0,0,0,0.3876449377539905,0.1560854927677907,0.8066374601898583,2.117201930089452,PARP1_amp x RB1_mut,PARP1,amp,RB1,mut,PARP1_amp,RB1_mut,0.007634807,0.43648495017025096,0.029281447,0.000818605,0.268896373,0.268896373,0.5704150549160723,124
Gemcitabine,EMT,-0.050838935,1,14,42,819,165,652,2,0,0.1,0,0,0,0,0,0.36670863192382386,0.16671082573758997,0.7780361973799041,2.4385251732426605,CTNNB1_del x SOX2_amp,CTNNB1,del,SOX2,amp,CTNNB1_del,SOX2_amp,0.003643131,0.6011166687571506,0.032890641,0.000741461,0.268896373,0.268896373,0.5704150549160723,124
Gemcitabine,Wnt/beta-catenin,-0.067152151,1,8,24,252,43,209,0,0,0.1,0,0,0,0,0,0.33523860617452655,0.17234036277303663,0.7636129972082351,2.1450504601231994,CTNNB1_del x GSK3B_amp,CTNNB1,del,GSK3B,amp,CTNNB1_del,GSK3B_amp,0.007160602,0.30790588911969297,0.027353863685557527,0.000669841,0.268896373,0.268896373,0.5704150549160723,124
Gemcitabine,Mediator/CCR-NOT complex,-0.176441627,2.7957868380390494e-06,9,27,324,63,260,1,0,0.1,0,0,0,0,0,0.36624316437793236,0.17671585644393864,0.75272448,2.198820416688402,DICER1_amp x FBXW7_del,DICER1,amp,FBXW7,del,DICER1_amp,FBXW7_del,0.006326734,0.39858424921658825,0.032561095,0.000739379,0.27052797776602955,0.27052797776602955,0.5677878138805936,124
Gemcitabine,Cell-extracellular matrix interactions,-0.026802862,1,5,15,90,8,82,0,0,0.1,0,0,0,0,0,0.529603716,0.19174907717284992,0.7172667174947751,1.2484918576868318,CASR_amp x PALLD_del,CASR,amp,PALLD,del,CASR_amp,PALLD_del,0.056429752,0.4514380167232265,0.066052781,0.001174653,0.27900702550997875,0.27900702550997875,0.5543848608776515,124
Gemcitabine,NeST:49,-0.065368351,1,8,23,231,30,201,0,0,0.1,0,0,0,0,0,0.47746252151498264,0.1875542407245604,0.7268731117187801,1.5928761354860488,FLT1_del x VEGFA_amp,FLT1,del,VEGFA,amp,FLT1_del,VEGFA_amp,0.025534294588168156,0.5225649758520187,0.048325834,0.001044482,0.27900702550997875,0.27900702550997875,0.5543848608776515,124
Gemcitabine,HDACs deacetylate histones,0.080347364,1,16,48,1080,264,815,1,0,0.1,0,0,0,0,0,0.4123451174613959,0.19229290216062436,0.7160367459714242,2.195759740773964,BCL6_amp x GPS2_amp,BCL6,amp,GPS2,amp,BCL6_amp,GPS2_amp,0.006371479,0.781734018,0.037742853855424925,0.000867544,0.27900702550997875,0.27900702550997875,0.5543848608776515,124
Gemcitabine,Ribosome biogenesis,0.1020547165595504,0.1567783767850346,18,52,1276,270,1003,3,0,0.1,0,0,0,0,0,0.39726210226699343,0.19340946977436607,0.7135222656714894,2.232175049,CTCF_mut x DDX3X_mut,CTCF,mut,DDX3X,mut,CTCF_mut,DDX3X_mut,0.00585902,0.8958570555404969,0.035002635,0.00080636,0.27900702550997875,0.27900702550997875,0.5543848608776515,124
Gemcitabine,Regulation of E2F transcription via DREAM complex,0.087862377,0.692324598,11,33,495,134,359,2,0,0.1,0,0,0,0,0,0.34617395069272694,0.19350487253111429,0.7133080947963188,2.2741518197495036,E2F4_del x TP53_mut,E2F4,del,TP53,mut,E2F4_del,TP53_mut,0.005319223,0.5289983965286286,0.025594552,0.000690811,0.27900702550997875,0.27900702550997875,0.5543848608776515,124
Gemcitabine,RPA complex associated proteins,-0.035792464,1,6,18,135,40,95,0,0,0.1,0,0,0,0,0,0.4934239658799404,0.20642408772832313,0.6852396260510802,1.403809125242235,XPA_del x XPC_del,XPA,del,XPC,del,XPA_del,XPC_del,0.039463071,0.6429671592334559,0.051923781,0.00106343,0.2811066111507695,0.2811066111507695,0.5511289404027505,124
Gemcitabine,Regulation of androgen receptor signaling pathway,0.039487284,1,5,15,90,32,58,0,0,0.1,0,0,0,0,0,0.47616037076012163,0.20994858235646363,0.6778870535187482,1.4348735695421169,ANKRD11_amp x NCOR1_amp,ANKRD11,amp,NCOR1,amp,ANKRD11_amp,NCOR1_amp,0.036738924,0.7022712369354702,0.04285311,0.001007858,0.2811066111507695,0.2811066111507695,0.5511289404027505,124
Gemcitabine,Extracellular matrix,-0.035581472,1,8,24,252,23,229,0,0,0.1,0,0,0,0,0,0.4736222173825421,0.20511744528161685,0.6879974012242931,1.5182457833023042,PDGFRB_amp x TNF_amp,PDGFRB,amp,TNF,amp,PDGFRB_amp,TNF_amp,0.030321746787790173,0.6802005122957988,0.041141473953781156,0.000996685,0.2811066111507695,0.2811066111507695,0.5511289404027505,124
Gemcitabine,Lymphoid JAK/STAT signaling,0.036149059,1,16,48,1080,132,942,6,0,0.1,0,0,0,0,0,0.40885037093822385,0.20511078838424399,0.6880114960795889,1.8483200483883861,IFNAR2_del x JAK2_del,IFNAR2,del,JAK2,del,IFNAR2_del,JAK2_del,0.014180121485926612,0.8629071969117774,0.039342874,0.00084088,0.2811066111507695,0.2811066111507695,0.5511289404027505,124
Gemcitabine,RTK-JAK-STAT signaling,0.003744063,1,21,63,1890,289,1599,2,0,0.1,0,0,0,0,0,0.40651722753535036,0.2142204198169539,0.6691391339189844,2.001187332,ERBB2_mut x IRS1_mut,ERBB2,mut,IRS1,mut,ERBB2_mut,IRS1_mut,0.009972698,0.9569021627009757,0.038948039,0.000833124,0.2811066111507695,0.2811066111507695,0.5511289404027505,124
Gemcitabine,Nuclear receptor signaling,-0.134398853,0.002604933,17,51,1224,285,938,1,0,0.1,0,0,0,0,0,0.40513341347169857,0.1990072099359144,0.7011311890241615,2.195759740773964,BCL6_amp x GPS2_amp,BCL6,amp,GPS2,amp,BCL6_amp,GPS2_amp,0.006371479,0.957743528,0.035817802,0.000834235,0.2811066111507695,0.2811066111507695,0.5511289404027505,124
Gemcitabine,Histone methyltransferase complex,-0.013614944,1,11,31,435,144,287,4,0,0.1,0,0,0,0,0,0.3973876325304708,0.2000536650674376,0.6988534877541998,2.131615122621929,KMT2A_amp x KMT2D_amp,KMT2A,amp,KMT2D,amp,KMT2A_amp,KMT2D_amp,0.007385585,0.7266949888426462,0.032784155,0.000829834,0.2811066111507695,0.2811066111507695,0.5511289404027505,124
Gemcitabine,EGFR/PI3K signaling,-0.102914182,0.1425145460262145,11,33,495,83,412,0,0,0.1,0,0,0,0,0,0.37032515831871987,0.2153639359622831,0.6668270202761378,1.9262803741149785,CTNNB1_del x EGF_del,CTNNB1,del,EGF,del,CTNNB1_del,EGF_del,0.011850034803937832,0.7461595642498261,0.030990905,0.000758228,0.2811066111507695,0.2811066111507695,0.5511289404027505,124
Gemcitabine,MAPK and MAP2K activation,0.013949268,1,14,41,780,167,611,2,0,0.1,0,0,0,0,0,0.35826116742683534,0.2122391633049886,0.6731744751098901,2.204145379721527,HDAC4_amp x MYC_amp,HDAC4,amp,MYC,amp,HDAC4_amp,MYC_amp,0.006249635,0.7298719911367115,0.032288203,0.000706918,0.2811066111507695,0.2811066111507695,0.5511289404027505,124
Gemcitabine,Transcription elongation,0.049177038,1,8,24,252,49,201,2,0,0.1,0,0,0,0,0,0.4488111169066456,0.22363719568998297,0.6504559622370182,1.494309630223836,KMT2A_mut x SETD2_mut,KMT2A,mut,SETD2,mut,KMT2A_mut,SETD2_mut,0.032039842,0.6530342920548431,0.047088816,0.000930515,0.2822141131776068,0.2822141131776068,0.5494212715104609,124
Gemcitabine,Cohesin,-0.030329183,1,5,15,90,31,58,1,0,0.1,0,0,0,0,0,0.43100770122361803,0.22546691629437474,0.6469171749606816,1.5135635194166486,STAG1_mut x STAG2_del,STAG1,mut,STAG2,del,STAG1_mut,STAG2_del,0.030650423570342387,0.708031996,0.040713965,0.000885746,0.2822141131776068,0.2822141131776068,0.5494212715104609,124
Gemcitabine,PIK3/AKT signaling,-0.079510807,1,11,33,495,90,405,0,0,0.1,0,0,0,0,0,0.4079570726113151,0.22759202675613455,0.642842957,1.6129909305950463,AKT3_amp x FOXO3_amp,AKT3,amp,FOXO3,amp,AKT3_amp,FOXO3_amp,0.024378617278904998,0.7352600832719913,0.034952659750581996,0.000863331,0.2822141131776068,0.2822141131776068,0.5494212715104609,124
Gemcitabine,MAPK signaling,0.077107565,1,6,18,135,25,110,0,0,0.1,0,0,0,0,0,0.38184409315474244,0.22611412040416407,0.6456723159291744,1.675058562633293,ERBB2_mut x ERBB4_mut,ERBB2,mut,ERBB4,mut,ERBB2_mut,ERBB4_mut,0.021132040646777848,0.5283010161694462,0.038054350524137436,0.000761921,0.2822141131776068,0.2822141131776068,0.5494212715104609,124
Gemcitabine,Regulation of adherens junction stability,-0.000124446,1,10,30,405,100,303,2,0,0.1,0,0,0,0,0,0.36863165352494603,0.2230418776249455,0.6516135875619958,1.9262803741149785,CTNNB1_del x EGF_del,CTNNB1,del,EGF,del,CTNNB1_del,EGF_del,0.011850034803937832,0.924809494,0.033996953,0.000735176,0.2822141131776068,0.2822141131776068,0.5494212715104609,124
Gemcitabine,NeST:78,-0.054630549,1,10,30,405,136,269,0,0,0.1,0,0,0,0,0,0.4307936470261797,0.237012128,0.6252294295453268,1.6333317249509325,ATRX_mut x SPEN_mut,ATRX,mut,SPEN,mut,ATRX_mut,SPEN_mut,0.023263136824946292,0.8220193188215354,0.037218747633313495,0.000884441,0.28259138394648564,0.28259138394648564,0.548841084,124
Gemcitabine,Integrator-PP2A complex,-0.050325112,1,12,35,561,130,429,2,0,0.1,0,0,0,0,0,0.3955298094480305,0.23674172809238828,0.625725187,2.0266094201482288,PPP2R2A_del x PPP6C_amp,PPP2R2A,del,PPP6C,amp,PPP2R2A_del,PPP6C_amp,0.009405688,0.8960806862630605,0.033993514,0.000802966,0.28259138394648564,0.28259138394648564,0.548841084,124
Gemcitabine,Cell projection morphogenesis,0.1557007180577823,0.000101011,8,24,252,71,181,0,0,0.1,0,0,0,0,0,0.3941019441183701,0.23392854846690675,0.6309167739793664,1.6501628325864095,EPHA3_del x PTPRD_mut,EPHA3,del,PTPRD,mut,EPHA3_del,PTPRD_mut,0.022378819190110696,0.7811160811633495,0.03918128,0.000821913,0.28259138394648564,0.28259138394648564,0.548841084,124
Gemcitabine,Transcription coactivator activity,0.069011617,1,5,13,66,26,39,1,0,0.1,0,0,0,0,0,0.33067229658010483,0.23564938622963366,0.6277336870625478,1.7180969051395587,MED1_del x TP53_mut,MED1,del,TP53,mut,MED1_del,TP53_mut,0.019138288402867142,0.4975954984745457,0.025033647,0.000637617,0.28259138394648564,0.28259138394648564,0.548841084,124
Gemcitabine,NeST:163,-0.026459539,1,7,21,189,50,139,0,0,0.1,0,0,0,0,0,0.40845284031150286,0.2414737883946038,0.617130004,1.5383432727074453,ANKRD11_del x TBL1XR1_amp,ANKRD11,del,TBL1XR1,amp,ANKRD11_del,TBL1XR1_amp,0.028950544,0.8312064856399554,0.039634648,0.000833862,0.2837031465649818,0.2837031465649818,0.547135847,124
Gemcitabine,Extended cohesin complex,0.1289031923945087,0.005604727,6,18,135,46,88,1,0,0.1,0,0,0,0,0,0.4054746156971802,0.24252043174103285,0.6152516672943148,1.5135635194166486,STAG1_mut x STAG2_del,STAG1,mut,STAG2,del,STAG1_mut,STAG2_del,0.030650423570342387,0.8743083885891084,0.035128468027503135,0.000820248,0.2837031465649818,0.2837031465649818,0.547135847,124
Gemcitabine,Extracellular matrix organization,0.042817517,1,13,39,702,116,586,0,0,0.1,0,0,0,0,0,0.3729400002997593,0.24601506758787323,0.6090382930190884,1.8395547994649273,FANCC_amp x FOXA1_amp,FANCC,amp,FOXA1,amp,FANCC_amp,FOXA1_amp,0.014469222683003524,0.9745256081539551,0.031190663616675336,0.000748093,0.2851015736532363,0.2851015736532363,0.545000386,124
Gemcitabine,mTOR regulation of mRNA translation,-0.183644418,7.287283414481038e-07,5,15,90,22,68,0,0,0.1,0,0,0,0,0,0.4287447429671318,0.2760023237948129,0.5590872613876237,1.2116464635040671,MTOR_del x RPTOR_amp,MTOR,del,RPTOR,amp,MTOR_del,RPTOR_amp,0.061426184023217284,0.7564492888714358,0.041849789,0.000860446,0.316891557,0.316891557,0.49908933171233827,124
Gemcitabine,mTOR regulation of autophagy/ribosome biogenesis,-0.095574735,0.3163876979328335,8,24,252,51,201,0,0,0.1,0,0,0,0,0,0.3611811640023996,0.2822097202701908,0.5494280317333192,1.5842139295118716,MAPK1_amp x SQSTM1_amp,MAPK1,amp,SQSTM1,amp,MAPK1_amp,SQSTM1_amp,0.026048701,0.9563860825663282,0.030470288197071538,0.000701675,0.32104592030737306,0.32104592030737306,0.4934328445117077,124
Gemcitabine,Regulation of mRNA processing,0.076622746,1,7,21,189,41,147,1,0,0.1,0,0,0,0,0,0.39260057623465255,0.28580607586418577,0.5439285429129959,1.273583492894407,SPEN_amp x SRSF2_amp,SPEN,amp,SRSF2,amp,SPEN_amp,SRSF2_amp,0.053261881878114786,0.8054926242172437,0.036018503,0.000772457,0.3221813946105367,0.3221813946105367,0.49189954290898585,124
Gemcitabine,Extended PRC1 complex,0.098288895,0.2368293345986019,8,24,252,67,184,1,0,0.1,0,0,0,0,0,0.3802201928265356,0.28904016666659166,0.5390418010167011,1.5094959661603582,BCORL1_del x E2F6_amp,BCORL1,del,E2F6,amp,BCORL1_del,E2F6_amp,0.030938840521146704,0.9235179661637158,0.032926353,0.000736634,0.3228917177176339,0.3228917177176339,0.4909430946411234,124
Gemcitabine,H3 acetylation and H3K4 methylation crosstalk,0.054218293,1,5,13,66,24,41,1,0,0.1,0,0,0,0,0,0.31247324193077136,0.2975587779092674,0.5264272336319964,1.3980657434059416,CTNNB1_del x TP53_mut,CTNNB1,del,TP53,mut,CTNNB1_del,TP53_mut,0.039988421,0.8497864170710994,0.024788981,0.00060874,0.3294400755424031,0.3294400755424031,0.482223571,124
Gemcitabine,Actin filament-based process,-0.199833307,2.9463890882652777e-08,11,33,495,74,421,0,0,0.1,0,0,0,0,0,0.381442565,0.30607376510872103,0.5141738940446186,1.2484918576868318,CASR_amp x PALLD_del,CASR,amp,PALLD,del,CASR_amp,PALLD_del,0.056429752,0.8693775002042368,0.037011321,0.000737668,0.33564608906419435,0.33564608906419435,0.47411840883280676,124
Gemcitabine,Mediator complex,0.4166920668414816,0,6,18,135,32,102,1,0,0.1,0,0,0,0,0,0.3264003379605852,0.30857785607514643,0.5106352426585692,1.3982571955580914,CDK8_del x ESR1_amp,CDK8,del,ESR1,amp,CDK8_del,ESR1_amp,0.039970797,0.9627446115244164,0.029551442,0.000619544,0.33564608906419435,0.33564608906419435,0.47411840883280676,124
Gemcitabine,Structural constituent of muscle,0.070266301,1,6,18,135,13,122,0,0,0.1,0,0,0,0,0,0.431442424,0.31465463210998734,0.5021658705111257,0.8627537987902395,C8orf34_amp x FBXO11_amp,C8orf34,amp,FBXO11,amp,C8orf34_amp,FBXO11_amp,0.13716591383150345,0.6507309332106778,0.051606357,0.000833784,0.33635495156584855,0.33635495156584855,0.47320217457580915,124
Gemcitabine,Regulation of beta catenin transcription,-0.076518019,1,7,21,189,47,142,0,0,0.1,0,0,0,0,0,0.30922178202342554,0.3128860085391858,0.5046138569563449,1.4484158449192464,APC_del x EGFR_amp,APC,del,EGFR,amp,APC_del,EGFR_amp,0.035610999,0.9565180198247637,0.029237761426548593,0.000576279,0.33635495156584855,0.33635495156584855,0.47320217457580915,124
Gemcitabine,PcG protein complex,-0.079929737,1,9,27,324,85,238,1,0,0.1,0,0,0,0,0,0.34360079985745917,0.3210903614554355,0.4933727309627558,1.5094959661603582,BCORL1_del x E2F6_amp,BCORL1,del,E2F6,amp,BCORL1_del,E2F6_amp,0.030938840521146704,0.9913769211975596,0.029879819272959206,0.000649289,0.3403008959014872,0.3403008959014872,0.46813690754668236,124
Gemcitabine,Contractile fiber,-0.06973713,1,5,15,90,10,80,0,0,0.1,0,0,0,0,0,0.40807613903028644,0.3489807898506072,0.45719847874711245,0.8072031221454546,C8orf34_amp x GALNT12_amp,C8orf34,amp,GALNT12,amp,C8orf34_amp,GALNT12_amp,0.1558823261274982,0.6257028203948825,0.048563519726933235,0.000745278,0.36492335542739823,0.36492335542739823,0.4377983405031245,124
Gemcitabine,RAS-RAF-MAPK,-0.033372477,1,7,21,189,50,139,0,0,0.1,0,0,0,0,0,0.3347558902330558,0.3502087039988741,0.4556730642728288,1.136358496067584,ARAF_del x HRAS_amp,ARAF,del,HRAS,amp,ARAF_del,HRAS_amp,0.07305358,0.9471046903454857,0.031622645892443284,0.00063192,0.36492335542739823,0.36492335542739823,0.4377983405031245,124
Gemcitabine,PI3-K/Akt,-0.092415557,0.4390805251196521,6,18,135,25,110,0,0,0.1,0,0,0,0,0,0.3665184391439212,0.3687928384923219,0.4332175210063277,0.807369373,EGFR_amp x INSR_mut,EGFR,amp,INSR,mut,EGFR_amp,INSR_mut,0.155822665,0.8227284237355275,0.045410517,0.000666145,0.3810859331087327,0.3810859331087327,0.4189770818917174,124
Gemcitabine,Actin filaments,0.003906206,1,8,24,252,32,220,0,0,0.1,0,0,0,0,0,0.3471802705764959,0.3788854707780174,0.4214920484117757,0.927089286,PPP1CB_amp x TNF_amp,PPP1CB,amp,TNF,amp,PPP1CB_amp,TNF_amp,0.11827983620548888,0.8156251526080736,0.037615811,0.000618636,0.3882793254254062,0.3882793254254062,0.4108557335659907,124
Gemcitabine,Actin and actin-associated proteins,-0.128324537,0.006070521,5,15,90,17,73,0,0,0.1,0,0,0,0,0,0.3153269501036055,0.4086160922538792,0.38868453383807405,0.8767981213750603,CBL_mut x MYH11_mut,CBL,mut,MYH11,mut,CBL_mut,MYH11_mut,0.13280116308029588,0.9072346627234897,0.039733787,0.000558548,0.4153147167170575,0.4153147167170575,0.38162267935058725,124
Gemcitabine,Actin cytoskeleton,-0.022465025,1,5,15,90,13,77,0,0,0.1,0,0,0,0,0,0.28047036655954966,0.470537775,0.3274055051566913,0.6662880116148194,PIK3CA_amp x PPP1CB_amp,PIK3CA,amp,PPP1CB,amp,PIK3CA_amp,PPP1CB_amp,0.21563139294726685,0.935421772,0.03301687,0.000452768,0.47436328570395325,0.47436328570395325,0.32388893143385417,124
Gemcitabine,Phosphatase 2A catalytic subunit,-0.002235815,1,5,15,90,17,72,1,0,0.1,0,0,0,0,0,0.2600324235174688,0.5052607223526925,0.2964844613669453,0.7037736407316113,PPP2CA_amp x PPP2R1B_amp,PPP2CA,amp,PPP2R1B,amp,PPP2CA_amp,PPP2R1B_amp,0.19780003279579061,0.8831642797975727,0.030948436,0.000391588,0.5052607223526925,0.5052607223526925,0.2964844613669453,124
MK-1775,H3 acetylation and H3K4 methylation crosstalk,0.080425328,1,5,13,66,25,40,1,0,0.1,1,1,0.015151515151515152,0.015151515151515152,0.04,0.5687463532912377,0.004527474,2.344144059257561,3.734822684472419,EZH2_amp x TP53_mut,EZH2,amp,TP53,mut,EZH2_amp,TP53_mut,0.000184152,0.004603809,0.030655330206410796,0.001349625,0.20027024620470746,0.20027024620470746,0.6983835682748524,124
MK-1775,EGFR/PI3K signaling,-0.106729689,0.06693173,11,33,495,89,406,0,0,0.1,2,2,0.004040404,0.004040404,0.02247191,0.4572169152160971,0.005329139,2.273342921858783,4.1825787466271835,EGF_del x PIK3R1_del,EGF,del,PIK3R1,del,EGF_del,PIK3R1_del,6.567820174317122e-05,0.00584536,0.024584924342177454,0.001027207,0.20027024620470746,0.20027024620470746,0.6983835682748524,124
MK-1775,Transcription elongation,-0.013692576,1,8,24,252,51,199,2,0,0.1,1,1,0.003968254,0.003968254,0.019607843,0.44700553541264015,0.006460331,2.189745262109125,3.8873940345095988,CHD2_del x TERT_amp,CHD2,del,TERT,amp,CHD2_del,TERT_amp,0.0001296,0.006609615,0.020621299,0.001008586,0.20027024620470746,0.20027024620470746,0.6983835682748524,124
MK-1775,INSR-FOXO,-0.138947357,0.000796178,25,75,2700,499,2199,2,0,0.1,2,2,0.000740741,0.000740741,0.004008016,0.459096716,0.004915734,2.3084116624169737,4.968990925061189,CCND1_amp x SMAD4_del,CCND1,amp,SMAD4,del,CCND1_amp,SMAD4_del,1.0740118544638971e-05,0.005359319,0.02430229,0.001009122,0.20027024620470746,0.20027024620470746,0.6983835682748524,124
MK-1775,Transcription coactivator activity,0.004607933,1,5,13,66,25,39,2,0,0.1,1,1,0.015151515151515152,0.015151515151515152,0.04,0.4164862664464306,0.033461743,1.4754514400886287,2.8321098745923017,MED1_del x TP53_mut,MED1,del,TP53,mut,MED1_del,TP53_mut,0.00147194,0.036798501524131146,0.014529020166443897,0.000927285,0.22280977065910684,0.22280977065910684,0.6520657683892706,124
MK-1775,NeST:195,0.089348672,0.4772259565191443,6,18,135,35,100,0,0,0.1,1,1,0.007407407,0.007407407,0.028571429,0.6365228387533911,0.011671223911319417,1.9328835989622277,3.4361206833330717,ERBB2_del x STAT3_del,ERBB2,del,STAT3,del,ERBB2_del,STAT3_del,0.000366336,0.012821751662514192,0.025242467609794872,0.00156472,0.22280977065910684,0.22280977065910684,0.6520657683892706,124
MK-1775,RPA complex associated proteins,-0.111764542,0.035875678,6,18,135,40,95,0,0,0.1,1,1,0.007407407,0.007407407,0.025,0.3573244416913483,0.020934540187829864,1.679136573635003,3.2453905982106663,XPA_del x XPC_del,XPA,del,XPC,del,XPA_del,XPC_del,0.000568342,0.022733662,0.015957473,0.000767997,0.22280977065910684,0.22280977065910684,0.6520657683892706,124
MK-1775,CDK holoenzyme complex II,0.1615566785131134,1.908248483095676e-05,17,49,1129,260,860,9,0,0.1,3,3,0.002657219,0.002657219,0.011538461538461539,0.5539008334527747,0.016656701067827222,1.7784110083257785,3.9651176599160385,CDK5_amp x TP53_mut,CDK5,amp,TP53,mut,CDK5_amp,TP53_mut,0.000108363,0.028174465648772153,0.023786064686254146,0.001317008,0.22280977065910684,0.22280977065910684,0.6520657683892706,124
MK-1775,RTK-JAK-STAT signaling,0.094377456,0.2792725818461441,21,63,1890,329,1559,2,0,0.1,4,4,0.002116402,0.002116402,0.012158055,0.4376087866426994,0.015070596274225797,1.821869564308925,4.1825787466271835,EGF_del x PIK3R1_del,EGF,del,PIK3R1,del,EGF_del,PIK3R1_del,6.567820174317122e-05,0.021608128,0.025062022,0.00095238,0.22280977065910684,0.22280977065910684,0.6520657683892706,124
MK-1775,Regulation of TP53 Activity,-0.048243637,1,11,33,495,125,369,1,0,0.1,1,1,0.002020202,0.002020202,0.008,0.5224343450338292,0.034609259,1.4608077052028265,3.368861678818115,BRCA1_mut x IKZF1_amp,BRCA1,mut,IKZF1,amp,BRCA1_mut,IKZF1_amp,0.000427699,0.053462385629182124,0.02779456,0.001195456,0.22280977065910684,0.22280977065910684,0.6520657683892706,124
MK-1775,Apoptosis Regulation,-0.130440868,0.002840979,13,38,666,134,527,5,0,0.1,1,1,0.001501502,0.001501502,0.007462687,0.5808717067351016,0.03826025,1.4172521982778814,3.1996847201279945,BCL2_amp x MCL1_amp,BCL2,amp,MCL1,amp,BCL2_amp,MCL1_amp,0.000631416,0.084609685,0.026783949,0.001389706,0.22280977065910684,0.22280977065910684,0.6520657683892706,124
MK-1775,Transmembrane tyrosine kinase signaling,-0.136029559,0.001241963,53,159,12402,2331,10043,28,0,0.1,16,16,0.001290114,0.001290114,0.006864007,0.47356139176075995,0.026719547680113902,1.5731708980562706,4.1825787466271835,EGF_del x PIK3R1_del,EGF,del,PIK3R1,del,EGF_del,PIK3R1_del,6.567820174317122e-05,0.079096132,0.025187435,0.001054638,0.22280977065910684,0.22280977065910684,0.6520657683892706,124
MK-1775,Cell Proliferation,-0.130701111,0.00273552,14,41,780,144,626,10,0,0.1,1,1,0.001282051,0.001282051,0.006944444,0.5334687276497054,0.026277899,1.5804093595577897,3.5760568886669324,ERBB3_amp x TP53_mut,ERBB3,amp,TP53,mut,ERBB3_amp,TP53_mut,0.000265426,0.038221313,0.02580449,0.001247516,0.22280977065910684,0.22280977065910684,0.6520657683892706,124
MK-1775,Ubiquitin/Proteasome System,-0.119833759,0.012523036,21,60,1712,287,1420,5,0,0.1,2,2,0.001168224,0.001168224,0.006968641,0.5390723025299549,0.017159170976686625,1.7655036983607206,4.060579608475885,HSP90AA1_del x PRAME_del,HSP90AA1,del,PRAME,del,HSP90AA1_del,PRAME_del,8.698019791474416e-05,0.024963316801531573,0.026379335,0.001262768,0.22280977065910684,0.22280977065910684,0.6520657683892706,124
MK-1775,Protein Transport,-0.042515245,1,15,45,945,281,664,0,0,0.1,1,1,0.001058201,0.001058201,0.003558719,0.5411296782145724,0.039530766,1.4030647727292993,3.4920434733804284,KRAS_mut x PIK3C3_amp,KRAS,mut,PIK3C3,amp,KRAS_mut,PIK3C3_amp,0.000322075,0.090502973,0.021709089980231428,0.001274055,0.22280977065910684,0.22280977065910684,0.6520657683892706,124
MK-1775,Histone deacetylase binding,-0.152346116,9.243763567434726e-05,16,48,1080,264,813,3,0,0.1,1,1,0.000925926,0.000925926,0.003787879,0.501958396,0.031382124,1.5033176680470726,3.734822684472419,EZH2_amp x TP53_mut,EZH2,amp,TP53,mut,EZH2_amp,TP53_mut,0.000184152,0.048616226,0.028681884682635772,0.001134681,0.22280977065910684,0.22280977065910684,0.6520657683892706,124
MK-1775,Mitosis,-0.049031142,1,29,86,3570,939,2621,10,0,0.1,3,3,0.000840336,0.000840336,0.003194888,0.4612498520326219,0.033646919,1.473054691340955,4.088673272,CKS1B_amp x MYC_amp,CKS1B,amp,MYC,amp,CKS1B_amp,MYC_amp,8.153174325712336e-05,0.076558307,0.022188809679026755,0.001012174,0.22280977065910684,0.22280977065910684,0.6520657683892706,124
MK-1775,G1/S phase,0.1442510564742576,0.000349866,19,56,1485,418,1061,6,0,0.1,1,1,0.000673401,0.000673401,0.002392344,0.48685002383848996,0.025171329936988677,1.599093837727889,4.088673272,CKS1B_amp x MYC_amp,CKS1B,amp,MYC,amp,CKS1B_amp,MYC_amp,8.153174325712336e-05,0.034080268681477566,0.025566455895911066,0.001071375,0.22280977065910684,0.22280977065910684,0.6520657683892706,124
MK-1775,NeST:16,0.1903859425731521,7.569398552398354e-08,22,64,1954,394,1557,3,0,0.1,1,1,0.000511771,0.000511771,0.002538071,0.47168464726320586,0.033025355,1.4811525101788496,3.869160830242126,FGF19_amp x SETBP1_del,FGF19,amp,SETBP1,del,FGF19_amp,SETBP1_del,0.000135157,0.053251935,0.025775113717371595,0.001027894,0.22280977065910684,0.22280977065910684,0.6520657683892706,124
MK-1775,Cyclin D associated events in G1,-0.12565397,0.005627669,27,79,3004,698,2293,13,0,0.1,1,1,0.000332889,0.000332889,0.001432665,0.4857357426983401,0.037895404,1.421413454657487,3.9651176599160385,CDK5_amp x TP53_mut,CDK5,amp,TP53,mut,CDK5_amp,TP53_mut,0.000108363,0.075637604,0.022276638312507598,0.001090032,0.22280977065910684,0.22280977065910684,0.6520657683892706,124
MK-1775,Checkpoint-regulated DNA repair,-0.135763803,0.001292735,41,120,7023,1686,5317,20,0,0.1,2,2,0.000284779,0.000284779,0.00118624,0.477195694,0.038778351,1.4114106655677428,4.088673272,CKS1B_amp x MYC_amp,CKS1B,amp,MYC,amp,CKS1B_amp,MYC_amp,8.153174325712336e-05,0.091350287,0.024596701865239656,0.001050929,0.22280977065910684,0.22280977065910684,0.6520657683892706,124
MK-1775,Homologous recombination (HR) and Fanconi Anemia repair,-0.049579532,1,29,86,3570,840,2718,12,0,0.1,1,1,0.000280112,0.000280112,0.001190476,0.48806753994611624,0.035980123,1.4439373556482065,4.001227912204741,TP53_mut x XRCC2_amp,TP53,mut,XRCC2,amp,TP53_mut,XRCC2_amp,9.971766209146701e-05,0.083762836,0.025005591440353584,0.001095585,0.22280977065910684,0.22280977065910684,0.6520657683892706,124
MK-1775,Endoplasmic Reticulum protein processing,-0.02921578,1,6,18,135,38,97,0,0,0.1,1,1,0.007407407,0.007407407,0.026315789,0.4702997731165819,0.058131985,1.2355848468677133,2.6489321176038305,ARFRP1_amp x TRAF3_del,ARFRP1,amp,TRAF3,del,ARFRP1_amp,TRAF3_del,0.002244233,0.085280842,0.022919859950946104,0.001032032,0.22471298984186364,0.22471298984186364,0.6483718218684362,124
MK-1775,Lymphoid JAK/STAT signaling,-0.000454997,1,16,48,1080,151,923,6,0,0.1,1,1,0.000925926,0.000925926,0.006622517,0.3973326677427705,0.043667226,1.359844397365704,3.414823854672831,IFNAR2_del x JAK2_del,IFNAR2,del,JAK2,del,IFNAR2_del,JAK2_del,0.000384748,0.058096917816860216,0.020887498,0.000838996,0.22471298984186364,0.22471298984186364,0.6483718218684362,124
MK-1775,G1 to S cell cycle control,0.043654319,1,13,38,666,160,497,9,0,0.1,0,0,0,0,0,0.5407986588736016,0.052776101,1.277562700418851,2.7663296861968436,CDK4_amp x TP53_mut,CDK4,amp,TP53,mut,CDK4_amp,TP53_mut,0.001712657,0.14684514907983207,0.02188113,0.001291407,0.22471298984186364,0.22471298984186364,0.6483718218684362,124
MK-1775,Regulation of beta catenin transcriptional activity,-0.002035665,1,10,30,405,133,271,1,0,0.1,0,0,0,0,0,0.5276149653095844,0.057478984,1.2404909190080649,2.880576418999272,KAT6A_amp x TP53_mut,KAT6A,amp,TP53,mut,KAT6A_amp,TP53_mut,0.001316508,0.14014090710594868,0.030713775,0.001210472,0.22471298984186364,0.22471298984186364,0.6483718218684362,124
MK-1775,CDK holoenzyme complex I,0.082856161,0.918789979,15,44,903,228,666,9,0,0.1,0,0,0,0,0,0.5273714512959696,0.063913628,1.194406532706693,2.7663296861968436,CDK4_amp x TP53_mut,CDK4,amp,TP53,mut,CDK4_amp,TP53_mut,0.001712657,0.17502511399540988,0.023138453427511065,0.001221222,0.22471298984186364,0.22471298984186364,0.6483718218684362,124
MK-1775,TNFR/Traf signaling,-0.048587941,1,12,36,594,112,477,5,0,0.1,0,0,0,0,0,0.5112395946140995,0.046906030351462714,1.328771319758097,2.9619667095472746,TP53_mut x TRAF2_del,TP53,mut,TRAF2,del,TP53_mut,TRAF2_del,0.001091524,0.11614525220434896,0.027934870878544366,0.00116932,0.22471298984186364,0.22471298984186364,0.6483718218684362,124
MK-1775,Homologous recombination,0.1429753953384377,0.000428307,12,36,594,149,440,5,0,0.1,0,0,0,0,0,0.5012715677822774,0.055532181,1.2554552709714024,2.9565381642111754,TOP2A_del x TP53_mut,TOP2A,del,TP53,mut,TOP2A_del,TP53_mut,0.001105253,0.1401936469768192,0.030160688567926898,0.001126369,0.22471298984186364,0.22471298984186364,0.6483718218684362,124
MK-1775,Fas,-0.148098691,0.000186605,7,21,189,40,148,1,0,0.1,0,0,0,0,0,0.4893806423038791,0.062968381,1.2008774695694149,2.505001180531333,MAPK1_del x TP53_mut,MAPK1,del,TP53,mut,MAPK1_del,TP53_mut,0.003126071,0.11847545962502865,0.022814422,0.001113332,0.22471298984186364,0.22471298984186364,0.6483718218684362,124
MK-1775,Integrator-PP2A complex,-0.01624241,1,12,35,561,130,429,2,0,0.1,0,0,0,0,0,0.46748518231061276,0.061189398456700565,1.2133238162627353,3.093522272717511,BRAF_amp x CCDC6_del,BRAF,amp,CCDC6,del,BRAF_amp,CCDC6_del,0.000806265,0.10481443064829768,0.021854821985452015,0.00102465,0.22471298984186364,0.22471298984186364,0.6483718218684362,124
MK-1775,Cell motility,0.080145009,1,80,237,27732,5252,22460,20,0,0.1,0,0,0,0,0,0.4554239966869311,0.067051457,1.1735917829636762,4.1825787466271835,EGF_del x PIK3R1_del,EGF,del,PIK3R1,del,EGF_del,PIK3R1_del,6.567820174317122e-05,0.34494191555513526,0.024912015,0.000984292,0.22471298984186364,0.22471298984186364,0.6483718218684362,124
MK-1775,Epigenetic modification,0.071411714,1,30,87,3656,942,2705,9,0,0.1,0,0,0,0,0,0.4501600190961742,0.065619964,1.1829640142752145,3.734822684472419,EZH2_amp x TP53_mut,EZH2,amp,TP53,mut,EZH2_amp,TP53_mut,0.000184152,0.17347153374924218,0.023779216,0.000975963,0.22471298984186364,0.22471298984186364,0.6483718218684362,124
MK-1775,EGFR-MAPK signaling,-0.16605989,8.433216335479443e-06,23,68,2211,475,1734,2,0,0.1,0,0,0,0,0,0.44850705540341984,0.066119187,1.179672492443753,3.5958242492379795,MDM4_amp x MYC_amp,MDM4,amp,MYC,amp,MDM4_amp,MYC_amp,0.000253615,0.12046735094395829,0.024221290454355875,0.000963937,0.22471298984186364,0.22471298984186364,0.6483718218684362,124
MK-1775,Mismatch and excision repair,-0.04152757,1,32,96,4464,1049,3400,15,0,0.1,0,0,0,0,0,0.4440244722691962,0.048019578,1.3185816595531372,4.001227912204741,TP53_mut x XRCC2_amp,TP53,mut,XRCC2,amp,TP53_mut,XRCC2_amp,9.971766209146701e-05,0.1046038275339489,0.023667358690986753,0.000951357,0.22471298984186364,0.22471298984186364,0.6483718218684362,124
MK-1775,Chromatin binding,-0.066335406,1,91,267,35248,9041,26084,123,0,0.1,0,0,0,0,0,0.4412569643027471,0.054651815,1.2623954126532706,4.580761599756379,MYC_amp x PRCC_amp,MYC,amp,PRCC,amp,MYC_amp,PRCC_amp,2.62565946909025e-05,0.2373858726004495,0.023431763900879084,0.000945043,0.22471298984186364,0.22471298984186364,0.6483718218684362,124
MK-1775,Lymphocyte activation,-0.033179866,1,39,115,6442,907,5422,113,0,0.1,0,0,0,0,0,0.42317452894379515,0.05868661,1.2314609751003884,3.755729404405092,FYN_del x LYN_amp,FYN,del,LYN,amp,FYN_del,LYN_amp,0.000175497,0.15075062831093272,0.021947954,0.000912976,0.22471298984186364,0.22471298984186364,0.6483718218684362,124
MK-1775,mTOR regulation of autophagy/ribosome biogenesis,-0.08692604,0.6091364381333331,8,24,252,61,191,0,0,0.1,0,0,0,0,0,0.5413369519939831,0.080911396,1.0919903053337314,2.280083097386808,AKT1_del x MAPK1_del,AKT1,del,MAPK1,del,AKT1_del,MAPK1_del,0.005247071,0.1504469685177834,0.025947181761348453,0.001240126,0.22667584385087103,0.22667584385087103,0.6445947588379355,124
MK-1775,p53 regulation,-0.124545339,0.006571183,11,29,379,106,271,2,0,0.1,0,0,0,0,0,0.5195100019450772,0.081294367,1.089939548508935,2.6431394199541463,BRCA1_del x TP53_mut,BRCA1,del,TP53,mut,BRCA1_del,TP53_mut,0.002274367,0.24108292127760178,0.032905793,0.001170592,0.22667584385087103,0.22667584385087103,0.6445947588379355,124
MK-1775,Actin and actin-associated proteins,0.046592924,1,5,15,90,21,69,0,0,0.1,0,0,0,0,0,0.5123138704560966,0.082219191,1.085026800318603,2.2251439674566083,CBL_del x MYH11_mut,CBL,del,MYH11,mut,CBL_del,MYH11_mut,0.005954647,0.1250475903285643,0.025321245889689602,0.001170732,0.22667584385087103,0.22667584385087103,0.6445947588379355,124
MK-1775,Resolution of D-loop structures,0.1561267821936975,4.913107330128952e-05,9,27,324,77,242,5,0,0.1,0,0,0,0,0,0.501773456,0.073485902,1.1337959694034858,2.6431394199541463,BRCA1_del x TP53_mut,BRCA1,del,TP53,mut,BRCA1_del,TP53_mut,0.002274367,0.13113445368777937,0.033966860180597566,0.001105013,0.22667584385087103,0.22667584385087103,0.6445947588379355,124
MK-1775,Locomotion,0.047969932,1,33,99,4752,971,3781,0,0,0.1,0,0,0,0,0,0.4658269081751328,0.072295155,1.1408908069287733,3.4502849856029716,MAPK1_del x PIK3R1_del,MAPK1,del,PIK3R1,del,MAPK1_del,PIK3R1_del,0.000354581,0.32189912496957046,0.024418511620993708,0.0010293,0.22667584385087103,0.22667584385087103,0.6445947588379355,124
MK-1775,RNA processing 1,0.040889115,1,30,90,3915,755,3129,31,0,0.1,0,0,0,0,0,0.45218361399289686,0.079329253,1.100566634,3.670997726119915,PA2G4_amp x TP53_mut,PA2G4,amp,TP53,mut,PA2G4_amp,TP53_mut,0.000213306,0.16104573414399828,0.025100614816773087,0.000964288,0.22667584385087103,0.22667584385087103,0.6445947588379355,124
MK-1775,BAF (SWI/SNF) complex,0.083340507,0.8762136998646142,8,24,252,60,192,0,0,0.1,0,0,0,0,0,0.4461152177767247,0.073309969,1.1348369637643423,2.6856055711155262,ARID1A_mut x ARID1B_del,ARID1A,mut,ARID1B,del,ARID1A_mut,ARID1B_del,0.002062502,0.12375013439790258,0.026338148732519356,0.000972735,0.22667584385087103,0.22667584385087103,0.6445947588379355,124
MK-1775,Immune system,-0.073841519,1,99,289,41333,6585,34532,216,0,0.1,0,0,0,0,0,0.43879802744086965,0.082261395,1.084803930224827,3.8230570470625485,PRDM1_del x SOD2_del,PRDM1,del,SOD2,del,PRDM1_del,SOD2_del,0.000150294,0.35538760106739364,0.023469207992664436,0.000940399,0.22667584385087103,0.22667584385087103,0.6445947588379355,124
MK-1775,Foxo signaling,-0.092603345,0.3364901744706747,10,30,405,103,302,0,0,0.1,0,0,0,0,0,0.529151803,0.085312118,1.0689892772335767,2.5023446340379225,AKT1_del x SMARCB1_del,AKT1,del,SMARCB1,del,AKT1_del,SMARCB1_del,0.003145251,0.2807936559503958,0.029747975422121615,0.001212776,0.22997179564412343,0.22997179564412343,0.6383254237529156,124
MK-1775,Mediator complex,-0.002965328,1,6,18,135,35,99,1,0,0.1,0,0,0,0,0,0.5854708448882526,0.09050519,1.0433265177839137,2.141448186,ESR1_del x MED12_del,ESR1,del,MED12,del,ESR1_del,MED12_del,0.007220243,0.22671856026136744,0.030587930115378133,0.001377217,0.23453163160852075,0.23453163160852075,0.6297985750955962,124
MK-1775,Regulation of nuclear protein ubiquitiation,-0.003597289,1,11,33,495,114,379,2,0,0.1,0,0,0,0,0,0.5001737968302763,0.091329333,1.0393897160888887,2.6431394199541463,BRCA1_del x TP53_mut,BRCA1,del,TP53,mut,BRCA1_del,TP53_mut,0.002274367,0.25927785873251513,0.028197081661468365,0.001119204,0.23453163160852075,0.23453163160852075,0.6297985750955962,124
MK-1775,Extracellular matrix organization,0.02656353,1,13,39,702,124,578,0,0,0.1,0,0,0,0,0,0.4750743538944176,0.092677822,1.0330241802293176,2.722260798154623,INHBA_amp x PALLD_del,INHBA,amp,PALLD,del,INHBA_amp,PALLD_del,0.001895567,0.23505034177332043,0.028765331,0.001038633,0.23453163160852075,0.23453163160852075,0.6297985750955962,124
MK-1775,Positive regulators of transcription,-0.115157821,0.023229906,15,44,903,248,648,7,0,0.1,0,0,0,0,0,0.4745026421643264,0.097194385,1.0123588248707507,2.880576418999272,KAT6A_amp x TP53_mut,KAT6A,amp,TP53,mut,KAT6A_amp,TP53_mut,0.001316508,0.32649404300070284,0.025056497905645358,0.001036271,0.23631575907984315,0.23631575907984315,0.6265073158064518,124
MK-1775,Polybromo- and BAF containing complex,0.00902353,1,12,35,561,136,425,0,0,0.1,0,0,0,0,0,0.45985662315162346,0.095922157,1.0180810634761304,2.6856055711155262,ARID1A_mut x ARID1B_del,ARID1A,mut,ARID1B,del,ARID1A_mut,ARID1B_del,0.002062502,0.28050030463524583,0.024600844,0.001014256,0.23631575907984315,0.23631575907984315,0.6265073158064518,124
MK-1775,Spliceosomal complex,0.058560561,1,6,18,135,28,104,3,0,0.1,0,0,0,0,0,0.6436155679441458,0.10205326866929573,0.9911730806852512,1.8657825717165184,CDC73_amp x ZRSR2_del,CDC73,amp,ZRSR2,del,CDC73_amp,ZRSR2_del,0.013621264564810345,0.2366973649270623,0.036781063981250264,0.001505284,0.24335779451908982,0.24335779451908982,0.6137547391578153,124
MK-1775,PI3-K/Akt,-0.106257548,0.070870369,6,18,135,25,110,0,0,0.1,0,0,0,0,0,0.6037144586356719,0.1128776793865226,0.9473919276731594,1.9055330764538068,EGFR_amp x IGF1R_amp,EGFR,amp,IGF1R,amp,EGFR_amp,IGF1R_amp,0.012429879645987709,0.31074699114969273,0.040230629,0.001419437,0.24438351233837238,0.24438351233837238,0.6119280977011909,124
MK-1775,Mediator/CCR-NOT complex,-0.157872176,3.605118942795471e-05,9,27,324,66,257,1,0,0.1,0,0,0,0,0,0.532742499,0.10913031163052578,0.9620546046317361,2.141448186,ESR1_del x MED12_del,ESR1,del,MED12,del,ESR1_del,MED12_del,0.007220243,0.30095931812065685,0.030374949,0.001224456,0.24438351233837238,0.24438351233837238,0.6119280977011909,124
MK-1775,mTOR regulation of mRNA translation,-0.12257132,0.00863313,5,15,90,26,64,0,0,0.1,0,0,0,0,0,0.5002864361900825,0.10818264412331872,0.965842408,2.160682237311426,AKT1_del x RPS6KB1_amp,AKT1,del,RPS6KB1,amp,AKT1_del,RPS6KB1_amp,0.00690745,0.17959370527492832,0.026505139,0.00111393,0.24438351233837238,0.24438351233837238,0.6119280977011909,124
MK-1775,RBL-TP53 complex,0.1027073483261079,0.1088187052711726,5,15,90,30,58,2,0,0.1,0,0,0,0,0,0.4996764398773941,0.11430841706149676,0.9419217893004886,2.1230924433355183,RBL2_del x TP53_mut,RBL2,del,TP53,mut,RBL2_del,TP53_mut,0.007531952,0.22595856676615175,0.019678471740375812,0.001133887,0.24438351233837238,0.24438351233837238,0.6119280977011909,124
MK-1775,Histone acetyltransferase complex,-0.125483904,0.005763547,14,41,780,157,621,2,0,0.1,0,0,0,0,0,0.4122754164233551,0.10810192318260109,0.96616658,2.6907231529233107,MYC_amp x MYCN_amp,MYC,amp,MYCN,amp,MYC_amp,MYCN_amp,0.002038341,0.25954150352019373,0.023940011907229504,0.000836388,0.24438351233837238,0.24438351233837238,0.6119280977011909,124
MK-1775,NeST:163,-0.05461062,1,7,21,189,53,136,0,0,0.1,0,0,0,0,0,0.4089545629823505,0.11243122515366778,0.9491130568394982,2.319291963652059,GPS2_del x HDAC3_del,GPS2,del,HDAC3,del,GPS2_del,HDAC3_del,0.00479411,0.25408785441243303,0.023510205499662006,0.000872471,0.24438351233837238,0.24438351233837238,0.6119280977011909,124
MK-1775,Epithelial differentiation,-0.13099163,0.002622197,8,24,252,63,189,0,0,0.1,0,0,0,0,0,0.44031291287655516,0.11653726949347815,0.9335351617890941,2.3166097460911024,ALOX12B_del x ZNF750_amp,ALOX12B,del,ZNF750,amp,ALOX12B_del,ZNF750_amp,0.004823811,0.23866058221189435,0.022804899857100783,0.000935053,0.24492578673205576,0.24492578673205576,0.6109654882690033,124
MK-1775,RNA metabolism,0.032562191,1,22,66,2079,434,1638,7,0,0.1,0,0,0,0,0,0.45596030836898294,0.12191067780104987,0.9139582541274371,2.7192971038162645,PRCC_amp x PRKDC_amp,PRCC,amp,PRKDC,amp,PRCC_amp,PRKDC_amp,0.001908547,0.5848589708804993,0.025851376,0.000984755,0.2519487341221697,0.2519487341221697,0.5986878193488457,124
MK-1775,p53 regulation of cell cycle,0.066881625,1,5,15,90,35,53,2,0,0.1,0,0,0,0,0,0.5518646781430128,0.1290525715428113,0.8892333371431582,1.807837275734114,CDKN1A_amp x TP53_mut,CDKN1A,amp,TP53,mut,CDKN1A_amp,TP53_mut,0.015565487401079176,0.29517068395477697,0.032063645902468275,0.00125526,0.2581051430856226,0.2581051430856226,0.5882033414791771,124
MK-1775,Actin filaments,-0.004474117,1,8,24,252,41,211,0,0,0.1,0,0,0,0,0,0.46098794464952575,0.12761200213743737,0.8941084775197804,2.2251439674566083,CBL_del x MYH11_mut,CBL,del,MYH11,mut,CBL_del,MYH11_mut,0.005954647,0.24414053349862552,0.028556637918913236,0.000992187,0.2581051430856226,0.2581051430856226,0.5882033414791771,124
MK-1775,NeST:29,0.070986712,1,14,40,742,123,619,0,0,0.1,0,0,0,0,0,0.4043264790204134,0.13215850538435817,0.878904882,2.511882008387229,KDR_amp x TMEM127_amp,KDR,amp,TMEM127,amp,KDR_amp,TMEM127_amp,0.003076933,0.37846271716569757,0.022875144849058886,0.000859861,0.2601215026612764,0.2601215026612764,0.5848237458389216,124
MK-1775,TGF-beta/Smad signaling,-0.097984611,0.1861829371274417,7,21,189,31,156,2,0,0.1,0,0,0,0,0,0.510207143,0.13493279456485702,0.8698824849638345,1.635016347958005,PTEN_mut x SMAD2_del,PTEN,mut,SMAD2,del,PTEN_mut,SMAD2_del,0.023173074189329297,0.28555825055384493,0.030519221,0.001185405,0.2614322894694105,0.2614322894694105,0.5826407737854865,124
MK-1775,Histone modifications in DNA damage response,-0.017865532,1,6,14,79,9,70,0,0,0.1,0,0,0,0,0,0.5479082373853642,0.15535240746504472,0.8086820121825316,1.3867772390451507,CTCF_del x PARP1_amp,CTCF,del,PARP1,amp,CTCF_del,PARP1_amp,0.041041456,0.334657485,0.039976356,0.001262292,0.26266426579189117,0.26266426579189117,0.5805990068675387,124
MK-1775,ECM-cytoskeleton assembly,0.056937046,1,6,18,135,17,118,0,0,0.1,0,0,0,0,0,0.5403092813252739,0.1657255867828986,0.7806104346056575,1.6578555825315355,FGF10_amp x PALLD_amp,FGF10,amp,PALLD,amp,FGF10_amp,PALLD_amp,0.021985908563744633,0.37376044558365873,0.036109175,0.001168905,0.26266426579189117,0.26266426579189117,0.5805990068675387,124
MK-1775,Extracellular matrix,0.202293786,6.000240304615545e-09,8,24,252,27,225,0,0,0.1,0,0,0,0,0,0.5115707145142322,0.18779487933951386,0.726316254,1.6578555825315355,FGF10_amp x PALLD_amp,FGF10,amp,PALLD,amp,FGF10_amp,PALLD_amp,0.021985908563744633,0.5499561793614045,0.036109175,0.001087659,0.26266426579189117,0.26266426579189117,0.5805990068675387,124
MK-1775,Contractile fiber,0.06228015,1,5,15,90,11,79,0,0,0.1,0,0,0,0,0,0.505850341,0.17576787973396762,0.7550604860814449,1.5271128014016742,CBL_amp x MYOD1_amp,CBL,amp,MYOD1,amp,CBL_amp,MYOD1_amp,0.029708942868073067,0.32679837154880376,0.034918648704658516,0.001080558,0.26266426579189117,0.26266426579189117,0.5805990068675387,124
MK-1775,Neg Regulation EGFR,-0.125457713,0.005784747,6,18,135,35,100,0,0,0.1,0,0,0,0,0,0.4889394020661808,0.1479424079294744,0.8299073169442831,1.992744252294418,AKT1_del x NF2_del,AKT1,del,NF2,del,AKT1_del,NF2_del,0.010168473185115672,0.3558965614790485,0.028428636487776437,0.001054731,0.26266426579189117,0.26266426579189117,0.5805990068675387,124
MK-1775,RAS-RAF-MAPK,0.007994058,1,7,21,189,55,134,0,0,0.1,0,0,0,0,0,0.48615793117880796,0.1788940442428052,0.7474041177643244,1.6787979236650552,KRAS_amp x MAPK1_amp,KRAS,amp,MAPK1,amp,KRAS_amp,MAPK1_amp,0.020950871,0.554916274,0.026263316,0.001041591,0.26266426579189117,0.26266426579189117,0.5805990068675387,124
MK-1775,RNA processing 2,0.027295847,1,15,45,945,160,782,3,0,0.1,0,0,0,0,0,0.472907511,0.16806523256849173,0.7745221191918958,1.8657825717165184,CDC73_amp x ZRSR2_del,CDC73,amp,ZRSR2,del,CDC73_amp,ZRSR2_del,0.013621264564810345,0.5425023481881642,0.028696220966423863,0.001026948,0.26266426579189117,0.26266426579189117,0.5805990068675387,124
MK-1775,Actin filament-based process,0.028518401,1,11,33,495,84,411,0,0,0.1,0,0,0,0,0,0.4587690283048531,0.15287561245314923,0.8156617900734646,2.2251439674566083,CBL_del x MYH11_mut,CBL,del,MYH11,mut,CBL_del,MYH11_mut,0.005954647,0.5001903613142572,0.025367947929585008,0.000975487,0.26266426579189117,0.26266426579189117,0.5805990068675387,124
MK-1775,MDM2-p53 pathway,0.019914698,1,8,24,252,85,165,2,0,0.1,0,0,0,0,0,0.4528380740470809,0.16217996346487126,0.7900028017534096,1.807837275734114,CDKN1A_amp x TP53_mut,CDKN1A,amp,TP53,mut,CDKN1A_amp,TP53_mut,0.015565487401079176,0.5032196466931732,0.021327420363413695,0.001002354,0.26266426579189117,0.26266426579189117,0.5805990068675387,124
MK-1775,Cell projection morphogenesis,0.083953087,0.8249090277639615,8,24,252,79,173,0,0,0.1,0,0,0,0,0,0.44570103411231454,0.14193511635058867,0.8479101418891437,2.3630796657859676,EPHA5_del x EPHA7_del,EPHA5,del,EPHA7,del,EPHA5_del,EPHA7_del,0.004334314,0.342410777,0.025287211564587964,0.000960443,0.26266426579189117,0.26266426579189117,0.5805990068675387,124
MK-1775,EMT,-0.229838888,9.569900427663924e-12,14,42,819,193,624,2,0,0.1,0,0,0,0,0,0.44024069112599956,0.16886941381415968,0.7724490041568066,2.2037400719768625,APC_del x EGF_del,APC,del,EGF,del,APC_del,EGF_del,0.00625547,0.661244191,0.027858630459537508,0.000931641,0.26266426579189117,0.26266426579189117,0.5805990068675387,124
MK-1775,Regulation of adherens junction stability,-0.040635855,1,10,30,405,120,283,2,0,0.1,0,0,0,0,0,0.4395066022065391,0.1461274641859264,0.8352681521460878,2.2037400719768625,APC_del x EGF_del,APC,del,EGF,del,APC_del,EGF_del,0.00625547,0.4111362844537082,0.028177679290112896,0.000944148,0.26266426579189117,0.26266426579189117,0.5805990068675387,124
MK-1775,NeST:78,-0.043312281,1,10,30,405,145,260,0,0,0.1,0,0,0,0,0,0.4380796655446705,0.1885251585119219,0.7246306853848611,2.1068789133206116,ATRX_mut x NSD1_amp,ATRX,mut,NSD1,amp,ATRX_mut,NSD1_amp,0.007818458,0.6846241015157214,0.022317292927718318,0.000927504,0.26266426579189117,0.26266426579189117,0.5805990068675387,124
MK-1775,Metabolism,0.071114891,1,18,54,1377,314,1062,1,0,0.1,0,0,0,0,0,0.436941701,0.15675761940486752,0.804771341,2.471046735547709,APOB_amp x SPTA1_amp,APOB,amp,SPTA1,amp,APOB_amp,SPTA1_amp,0.003380285,0.8164436622683443,0.024452163069319726,0.000929942,0.26266426579189117,0.26266426579189117,0.5805990068675387,124
MK-1775,Regulation of E2F transcription via DREAM complex,0.06754447,1,11,33,495,143,348,4,0,0.1,0,0,0,0,0,0.4203102951170448,0.14835803391633112,0.8286889307016515,2.174211042284425,RBL2_del x TFDP1_amp,RBL2,del,TFDP1,amp,RBL2_del,TFDP1_amp,0.006695592,0.4792719282990357,0.018621683664230077,0.0009022,0.26266426579189117,0.26266426579189117,0.5805990068675387,124
MK-1775,Regulation of immune responses,0.069804064,1,57,168,13863,2100,11601,162,0,0.1,0,0,0,0,0,0.4170859557751172,0.1617097757180129,0.7912637252261848,2.7313394507580258,BIRC3_amp x MS4A1_amp,BIRC3,amp,MS4A1,amp,BIRC3_amp,MS4A1_amp,0.001856353,0.8310250510973709,0.023265727,0.000876348,0.26266426579189117,0.26266426579189117,0.5805990068675387,124
MK-1775,Histone methyltransferase subcomplex,0.1054826074123985,0.078285468,6,18,135,50,82,3,0,0.1,0,0,0,0,0,0.4052751126305887,0.15132196613015378,0.820098025,2.182639197354612,KMT2D_mut x MEN1_mut,KMT2D,mut,MEN1,mut,KMT2D_mut,MEN1_mut,0.006566906,0.328345302,0.021005269097267007,0.000850656,0.26266426579189117,0.26266426579189117,0.5805990068675387,124
MK-1775,Nucleolus,-0.054854874,1,34,101,4950,877,4065,8,0,0.1,0,0,0,0,0,0.4009109706757882,0.18834453123699776,0.7250469854319126,2.5543468236953393,CHEK2_del x PPP2CA_del,CHEK2,del,PPP2CA,del,CHEK2_del,PPP2CA_del,0.002790315,0.9960228351072402,0.021176020989396183,0.000823523,0.26266426579189117,0.26266426579189117,0.5805990068675387,124
MK-1775,Histone methyltransferase complex,-0.022386938,1,11,31,435,149,282,4,0,0.1,0,0,0,0,0,0.39479000474695763,0.17524712617817764,0.7563490951598364,2.275374046069076,KMT2D_amp x MAGI2_amp,KMT2D,amp,MAGI2,amp,KMT2D_amp,MAGI2_amp,0.005304274,0.4892345002567079,0.020482115461275454,0.000804384,0.26266426579189117,0.26266426579189117,0.5805990068675387,124
MK-1775,HDACs deacetylate histones,-0.07115801,1,16,48,1080,276,803,1,0,0.1,0,0,0,0,0,0.3880668720870087,0.18459383958719291,0.7337827966900159,2.319291963652059,GPS2_del x HDAC3_del,GPS2,del,HDAC3,del,GPS2_del,HDAC3_del,0.00479411,0.8266045836590732,0.021633013573043855,0.000793027,0.26266426579189117,0.26266426579189117,0.5805990068675387,124
MK-1775,Chromosome centrometric region,0.1266676717891973,0.004914115,7,21,189,36,151,2,0,0.1,0,0,0,0,0,0.38652808451198956,0.18092315756344082,0.7425058413306507,1.6753337655229188,BUB1B_del x MKI67_del,BUB1B,del,MKI67,del,BUB1B_del,MKI67_del,0.021118654,0.42842372,0.016540716074727242,0.000804014,0.26266426579189117,0.26266426579189117,0.5805990068675387,124
MK-1775,MHC class I including non-classical MHCs,-0.025859179,1,8,24,252,39,203,10,0,0.1,0,0,0,0,0,0.3855176958992274,0.18287584504375493,0.7378436540478122,1.8111416813888643,HLA-A_del x HLA-B_del,HLA-A,del,HLA-B,del,HLA-A_del,HLA-B_del,0.015447504080658002,0.5104087980640782,0.022495913139327483,0.000811308,0.26266426579189117,0.26266426579189117,0.5805990068675387,124
MK-1775,NeST:80,-0.032816083,1,7,21,189,26,163,0,0,0.1,0,0,0,0,0,0.38380046131310935,0.1797406046328799,0.7453538017113532,1.8740567577528595,NOTCH4_mut x VEGFA_amp,NOTCH4,mut,VEGFA,amp,NOTCH4_mut,VEGFA_amp,0.013364208488861742,0.34746942071040526,0.022883279518593567,0.00079722,0.26266426579189117,0.26266426579189117,0.5805990068675387,124
MK-1775,NeST:49,0.082061475,0.9926834624995357,8,23,231,30,201,0,0,0.1,0,0,0,0,0,0.38235132052494564,0.18623667020792306,0.7299348018672577,1.8740567577528595,NOTCH4_mut x VEGFA_amp,NOTCH4,mut,VEGFA,amp,NOTCH4_mut,VEGFA_amp,0.013364208488861742,0.40092625466585224,0.021072294,0.000795927,0.26266426579189117,0.26266426579189117,0.5805990068675387,124
MK-1775,Nuclear receptor signaling,-0.126245137,0.005178604,17,51,1224,291,932,1,0,0.1,0,0,0,0,0,0.37511964906479206,0.16132519845570167,0.7922977919690901,2.576328003275223,RARA_del x RUNX1T1_amp,RARA,del,RUNX1T1,amp,RARA_del,RUNX1T1_amp,0.002652601,0.6952390755676267,0.019019527110240186,0.000755458,0.26266426579189117,0.26266426579189117,0.5805990068675387,124
MK-1775,PIK3/AKT signaling,-0.124547031,0.006569634,11,33,495,98,397,0,0,0.1,0,0,0,0,0,0.4953265870255412,0.19164844069229234,0.7174947099420473,1.755577437227401,AKT3_amp x HSP90AA1_del,AKT3,amp,HSP90AA1,del,AKT3_amp,HSP90AA1_del,0.017555878,0.618300636,0.029555738,0.001067343,0.26290229646902025,0.26290229646902025,0.5802056202859256,124
MK-1775,Structural constituent of muscle,0.027175364,1,6,18,135,15,120,0,0,0.1,0,0,0,0,0,0.46638772205861306,0.19717672235176517,0.7051443568942255,1.5271128014016742,CBL_amp x MYOD1_amp,CBL,amp,MYOD1,amp,CBL_amp,MYOD1_amp,0.029708942868073067,0.445634143,0.033631766,0.000997531,0.26290229646902025,0.26290229646902025,0.5802056202859256,124
MK-1775,Wnt/beta-catenin,-0.033989681,1,8,24,252,48,204,0,0,0.1,0,0,0,0,0,0.42360595836442955,0.19307442236142566,0.7142752558065435,1.927352679706612,AKT1_del x AXIN2_amp,AKT1,del,AXIN2,amp,AKT1_del,AXIN2_amp,0.011820812,0.5673989890533725,0.026453877586567143,0.000868459,0.26290229646902025,0.26290229646902025,0.5802056202859256,124
MK-1775,Metabolic pathways,0.037470711,1,12,36,594,118,476,0,0,0.1,0,0,0,0,0,0.4122753342249624,0.19660710140348042,0.7064007996033432,1.938377277066291,APOB_mut x CYP1B1_mut,APOB,mut,CYP1B1,mut,APOB_mut,CYP1B1_mut,0.011524516736089783,0.7164043632466436,0.024984312795720394,0.000846171,0.26290229646902025,0.26290229646902025,0.5802056202859256,124
MK-1775,Type I interferon signaling pathway,0.1071104055533471,0.064304436,7,21,189,16,163,10,0,0.1,0,0,0,0,0,0.627250601,0.20892469870812597,0.6800102154596647,0.8244627864411548,IFIT1_amp x TNF_amp,IFIT1,amp,TNF,amp,IFIT1_amp,TNF_amp,0.14980876147567979,0.27037944209133397,0.065572661,0.001339777,0.27135862451927445,0.27135862451927445,0.5664563707986863,124
MK-1775,Transcription factor (TF) binding,-0.132209254,0.002194062,14,42,819,211,608,0,0,0.1,0,0,0,0,0,0.40198506177543825,0.2100699322723517,0.6776361045796875,2.2634199376092785,AR_del x EP300_del,AR,del,EP300,del,AR_del,EP300_del,0.005452304,0.8842989338778942,0.021756896551127856,0.000827695,0.27135862451927445,0.27135862451927445,0.5664563707986863,124
MK-1775,PcG protein complex,0.007920304,1,9,27,324,89,235,0,0,0.1,0,0,0,0,0,0.3977396317757724,0.21554066302924044,0.6664707855343155,1.8759233023130297,BCOR_del x TFDP1_del,BCOR,del,TFDP1,del,BCOR_del,TFDP1_del,0.013306894009027858,0.7865953205090533,0.017830286895630085,0.000833623,0.27135862451927445,0.27135862451927445,0.5664563707986863,124
MK-1775,Ubiquitin regulation of mitophagy,-0.087403539,0.5801840776416702,8,21,191,28,163,0,0,0.1,0,0,0,0,0,0.3914191874923961,0.2156850609259076,0.6661799345549736,1.6754410473027155,ELOC_amp x HSP90AA1_amp,ELOC,amp,HSP90AA1,amp,ELOC_amp,HSP90AA1_amp,0.021113438,0.5911762577746587,0.021297372013006577,0.000788873,0.27135862451927445,0.27135862451927445,0.5664563707986863,124
MK-1775,Ribosome biogenesis,0.092563894,0.3397767026065594,18,53,1326,283,1039,4,0,0.1,0,0,0,0,0,0.3858890664709762,0.2210259764229574,0.6555566821782788,2.2228287389836225,NSD2_del x RPL5_amp,NSD2,del,RPL5,amp,NSD2_del,RPL5_amp,0.005986476,0.966075655,0.019220324630182976,0.00078234,0.27135862451927445,0.27135862451927445,0.5664563707986863,124
MK-1775,Culin-RIng uniqutin ligase complex,-0.084639533,0.7667317171494543,8,23,231,26,205,0,0,0.1,0,0,0,0,0,0.3847050799857372,0.21891041482725226,0.6597335760546862,1.734423416731262,MDM2_amp x TET2_mut,MDM2,amp,TET2,mut,MDM2_amp,TET2_mut,0.018432174923522792,0.4792365480115926,0.019865615010277306,0.000757743,0.27135862451927445,0.27135862451927445,0.5664563707986863,124
MK-1775,Extended PRC1 complex,0.1685301962476779,5.4181080029191975e-06,8,24,252,68,184,0,0,0.1,0,0,0,0,0,0.3826694873759026,0.2195219003612085,0.6585221463486423,1.8759233023130297,BCOR_del x TFDP1_del,BCOR,del,TFDP1,del,BCOR_del,TFDP1_del,0.013306894009027858,0.8331342891528984,0.015759160264327044,0.000798038,0.27135862451927445,0.27135862451927445,0.5664563707986863,124
MK-1775,Regulation of mRNA processing,0.061997662,1,7,21,189,48,141,0,0,0.1,0,0,0,0,0,0.3618354839778198,0.21075094312586515,0.6762304731993412,1.7551288319836205,BCLAF1_del x RBM10_del,BCLAF1,del,RBM10,del,BCLAF1_del,RBM10_del,0.017574022092270835,0.5312306380281803,0.020939943117876794,0.000721382,0.27135862451927445,0.27135862451927445,0.5664563707986863,124
MK-1775,Regulation of beta catenin transcription,-0.023261401,1,7,21,189,51,138,0,0,0.1,0,0,0,0,0,0.43887925111036735,0.231514707,0.6354214158004445,1.5357316101535243,EGFR_amp x HDAC2_del,EGFR,amp,HDAC2,del,EGFR_amp,HDAC2_del,0.029125164694098975,0.7441241212941586,0.029041958635398567,0.000894597,0.27426535388855083,0.27426535388855083,0.5618290504536222,124
MK-1775,Actin cytoskeleton,0.024838075,1,5,15,90,16,74,0,0,0.1,0,0,0,0,0,0.4146513919968661,0.2344526412273096,0.6299448703510869,1.4169459860465876,PIK3CA_amp x PPP1CB_amp,PIK3CA,amp,PPP1CB,amp,PIK3CA_amp,PPP1CB_amp,0.038287235885106796,0.6125957741617087,0.026349007531883774,0.000848328,0.27426535388855083,0.27426535388855083,0.5618290504536222,124
MK-1775,Oncogene induced senescence,0.1425204299499509,0.000460165,7,21,189,57,130,2,0,0.1,0,0,0,0,0,0.39645275922554224,0.22963508829091167,0.638961751,1.7194492797116818,RB1_del x TP53_mut,RB1,del,TP53,mut,RB1_del,TP53_mut,0.019078785278768166,0.7994883793727311,0.019846334859671192,0.000811373,0.27426535388855083,0.27426535388855083,0.5618290504536222,124
MK-1775,Ubiquitin regulation of p53 activity,-0.090767545,0.4090909749817308,9,26,300,40,260,0,0,0.1,0,0,0,0,0,0.3842073417544693,0.2328189402924121,0.6329816918491084,1.6754410473027155,ELOC_amp x HSP90AA1_amp,ELOC,amp,HSP90AA1,amp,ELOC_amp,HSP90AA1_amp,0.021113438,0.8024709734178463,0.024883847721696262,0.000773475,0.27426535388855083,0.27426535388855083,0.5618290504536222,124
MK-1775,Cohesin,0.071152922,1,5,15,90,33,56,1,0,0.1,0,0,0,0,0,0.3677328594803957,0.2286355840671314,0.6408561765595684,1.441180942545936,RAD21_amp x STAG1_amp,RAD21,amp,STAG1,amp,RAD21_amp,STAG1_amp,0.036209211,0.4574070737666942,0.018437010127327208,0.000767409,0.27426535388855083,0.27426535388855083,0.5618290504536222,124
MK-1775,Regulation of androgen receptor signaling pathway,-0.088887892,0.4979699137195075,5,15,90,33,57,0,0,0.1,0,0,0,0,0,0.4116924088493751,0.23892668756362254,0.6217353378420444,1.413695379572709,NCOR1_del x NCOR2_mut,NCOR1,del,NCOR2,mut,NCOR1_del,NCOR2_mut,0.038574883260431715,0.6148900170122712,0.022382445483352165,0.000829164,0.2768870024101794,0.2768870024101794,0.55769743,124
MK-1775,Interferon signaling,-0.011943487,1,8,24,252,24,218,10,0,0.1,0,0,0,0,0,0.5377348355439973,0.2513738590787336,0.5996798875416353,0.8244627864411548,IFIT1_amp x TNF_amp,IFIT1,amp,TNF,amp,IFIT1_amp,TNF_amp,0.14980876147567979,0.4055691631370009,0.042964203,0.001083352,0.28366502001926125,0.28366502001926125,0.5471942156643017,124
MK-1775,MAPK and MAP2K activation,-0.098623449,0.1732208274383166,14,41,780,180,598,2,0,0.1,0,0,0,0,0,0.3902324119935713,0.24988634224317838,0.6022574799700494,1.6787979236650552,KRAS_amp x MAPK1_amp,KRAS,amp,MAPK1,amp,KRAS_amp,MAPK1_amp,0.020950871,0.9588576954747262,0.022021209,0.000777983,0.28366502001926125,0.28366502001926125,0.5471942156643017,124
MK-1775,Extended cohesin complex,0.1522237612413676,9.5162991332165e-05,6,18,135,49,85,1,0,0.1,0,0,0,0,0,0.37069483408599735,0.251638324,0.5992232156683117,1.441180942545936,RAD21_amp x STAG1_amp,RAD21,amp,STAG1,amp,RAD21_amp,STAG1_amp,0.036209211,0.6791802004414551,0.018437010127327208,0.000752787,0.28366502001926125,0.28366502001926125,0.5471942156643017,124
MK-1775,Beta-catenin,-0.124457547,0.006651982,5,14,78,25,53,0,0,0.1,0,0,0,0,0,0.3863376682892771,0.26691067758405174,0.5736340522032075,1.3351640354189815,AMER1_del x MYC_mut,AMER1,del,MYC,mut,AMER1_del,MYC_mut,0.046220641,0.6956168789149939,0.021080754,0.000775076,0.2981704866704722,0.2981704866704722,0.5255353458276298,124
MK-1775,Ribosome abundance control,0.025925487,1,12,36,594,98,494,2,0,0.1,0,0,0,0,0,0.38611230661181506,0.2710438858512215,0.5669603849929612,1.4584535274111525,CDC73_mut x DKC1_del,CDC73,mut,DKC1,del,CDC73_mut,DKC1_del,0.034797374,0.9482581813322837,0.018254043892617745,0.000764255,0.3000843021924238,0.3000843021924238,0.5227567225009078,124
MK-1775,MutS homologs,0.1555796326438456,5.395282085851605e-05,5,15,90,17,71,2,0,0.1,0,0,0,0,0,0.40691432698971797,0.27378845330038176,0.5625848716646684,1.1893987097913306,MSH6_mut x PMS2_amp,MSH6,mut,PMS2,amp,MSH6_mut,PMS2_amp,0.064654877,0.705370432,0.0295353,0.000808461,0.3004404266305074,0.3004404266305074,0.52224163,124
MK-1775,MutL alpha/beta complex,0.180732244,5.305722088344567e-07,5,15,90,21,69,0,0,0.1,0,0,0,0,0,0.382420599,0.31525263319853725,0.5013412772249253,1.0866704606874773,BRIP1_mut x PMS1_mut,BRIP1,mut,PMS1,mut,BRIP1_mut,PMS1_mut,0.081908607,0.874899667,0.025997892713949877,0.000731944,0.3429063729527949,0.3429063729527949,0.46482444339916273,124
MK-1775,Beta-catenin destruction complex,0.072136247,1,5,15,90,19,71,0,0,0.1,0,0,0,0,0,0.40293607373551127,0.32197103310667313,0.4921831988874453,1.0305086391892444,APC_del x CTNNB1_del,APC,del,CTNNB1,del,APC_del,CTNNB1_del,0.093216193,0.6923445974452596,0.030738019,0.000764002,0.3441759319416161,0.3441759319416161,0.46321950295212866,124
MK-1775,Extended mismatch repair complex,-0.112943669,0.030887279,10,30,405,61,341,3,0,0.1,0,0,0,0,0,0.35719186975901207,0.3194103066487292,0.495651074,1.2146443941637002,ERCC4_amp x MLH3_amp,ERCC4,amp,MLH3,amp,ERCC4_amp,MLH3_amp,0.061003619818039145,0.958334527,0.022965903685690597,0.000677423,0.3441759319416161,0.3441759319416161,0.46321950295212866,124
MK-1775,MAPK signaling,-0.029754567,1,6,18,135,28,107,0,0,0.1,0,0,0,0,0,0.33115086105497454,0.3368078612769349,0.47261778038690816,1.1173278187130706,FGFR2_mut x KRAS_mut,FGFR2,mut,KRAS,mut,FGFR2_mut,KRAS_mut,0.076325943,0.8629537715642499,0.019430826602826447,0.000613766,0.3569587589601703,0.3569587589601703,0.4473819569708347,124
MK-1775,PML body,-0.054533498,1,9,27,324,77,247,0,0,0.1,0,0,0,0,0,0.3306373081552377,0.3477503838441023,0.45873238196486343,1.3588310744184102,NPM1_del x TERT_amp,NPM1,del,TERT,amp,NPM1_del,TERT_amp,0.043769232,0.9716548123970743,0.021252544991984652,0.000606703,0.3654326067514295,0.3654326067514295,0.43719270410875377,124
MK-1775,Nuclear transport,-0.034138505,1,7,21,189,40,149,0,0,0.1,0,0,0,0,0,0.30021839865264194,0.36732571303864586,0.4349486696946245,1.3446963609039573,NUP98_del x XPO1_amp,NUP98,del,XPO1,amp,NUP98_del,XPO1_amp,0.045217197211602576,0.969076806,0.018204558290149445,0.000535773,0.3827595665276646,0.3827595665276646,0.4170739459249202,124
MK-1775,SMAD-TGFbeta signaling,-0.131671198,0.002374319,6,18,135,22,111,2,0,0.1,0,0,0,0,0,0.32421041066554934,0.3713406496468995,0.4302275071405488,1.1059436860279301,HDAC1_del x SMAD2_del,HDAC1,del,SMAD2,del,HDAC1_del,SMAD2_del,0.078353123,0.9032979043593837,0.021981646376224174,0.000572341,0.38371867130179615,0.38371867130179615,0.41598706802593854,124
MK-1775,Protein nuclear transport,0.1618846643309736,1.8005477154359184e-05,6,18,135,27,108,0,0,0.1,0,0,0,0,0,0.2590069708672595,0.3808086711103275,0.4192931711791268,1.3446963609039573,NUP98_del x XPO1_amp,NUP98,del,XPO1,amp,NUP98_del,XPO1_amp,0.045217197211602576,0.969076806,0.013501280499572608,0.000444304,0.3889752631903834,0.3889752631903834,0.4100780166730341,124
MK-1775,Nuclear pore,0.1046088193201806,0.086910282,5,15,90,21,69,0,0,0.1,0,0,0,0,0,0.24500483086976116,0.3827014686227966,0.417139871,1.3446963609039573,NUP98_del x XPO1_amp,NUP98,del,XPO1,amp,NUP98_del,XPO1_amp,0.045217197211602576,0.9495611414436541,0.012396319300801926,0.000409989,0.3889752631903834,0.3889752631903834,0.4100780166730341,124
MK-1775,Cell-extracellular matrix interactions,-0.039021017,1,5,15,90,10,80,0,0,0.1,0,0,0,0,0,0.24739707350094386,0.4990674598173252,0.3018407460675254,0.7227386243484382,PALLD_del x TPM1_del,PALLD,del,TPM1,del,PALLD_del,TPM1_del,0.18934828489034983,0.9015311055568197,0.022188301563547487,0.000388846,0.5031249188402303,0.5031249188402303,0.29832417234468833,124
MK-1775,Phosphatase 2A catalytic subunit,0.032731156,1,5,15,90,17,72,1,0,0.1,0,0,0,0,0,0.2210260522861338,0.5785782072450056,0.23763792853712323,0.5544815900896091,PPP2R1B_del x PPP2R2A_del,PPP2R1B,del,PPP2R2A,del,PPP2R1B_del,PPP2R2A_del,0.27894489,0.8032333283604294,0.016779108764749553,0.000278728,0.5785782072450056,0.5785782072450056,0.23763792853712323,124
Methotrexate,MHC class I including non-classical MHCs,0.043532909,1,8,24,252,27,210,15,0,0.1,7,7,0.027777777777777776,0.027777777777777776,0.25925925925925924,0.9036492196045803,0.020360695882434367,1.6912073828806287,2.5677310599276564,HLA-A_amp x HLA-B_amp,HLA-A,amp,HLA-B,amp,HLA-A_amp,HLA-B_amp,0.002705633,0.03652605,0.13794625678167932,0.003393235,0.2924575810434382,0.2924575810434382,0.533937116,124
Methotrexate,Actin cytoskeleton,0.0471773,1,5,15,90,11,79,0,0,0.1,1,1,0.011111111111111112,0.011111111111111112,0.090909091,0.4831841191072784,0.036921941190525207,1.4327154737845011,2.440069059,MYH11_amp x PIK3CA_amp,MYH11,amp,PIK3CA,amp,MYH11_amp,PIK3CA_amp,0.003630203,0.039932236,0.05052849,0.001620622,0.2924575810434382,0.2924575810434382,0.533937116,124
Methotrexate,Actin and actin-associated proteins,-0.003321947,1,5,15,90,12,78,0,0,0.1,1,1,0.011111111111111112,0.011111111111111112,0.083333333,0.4473902347404149,0.040188879,1.3958941039075639,2.440069059,MYH11_amp x PIK3CA_amp,MYH11,amp,PIK3CA,amp,MYH11_amp,PIK3CA_amp,0.003630203,0.043562439,0.042310177,0.001459164,0.2924575810434382,0.2924575810434382,0.533937116,124
Methotrexate,Fas,-0.087046748,1,7,21,189,34,154,1,0,0.1,1,1,0.005291005,0.005291005,0.029411764705882353,0.49272338222434087,0.040918064,1.3880849270547195,2.8275700763375897,FAS_del x MAP2K4_del,FAS,del,MAP2K4,del,FAS_del,MAP2K4_del,0.001487407,0.050571849951969707,0.05868905,0.001560454,0.2924575810434382,0.2924575810434382,0.533937116,124
Methotrexate,Extracellular matrix,-0.023433555,1,8,24,252,21,231,0,0,0.1,1,1,0.003968254,0.003968254,0.047619047619047616,0.6231125547525403,0.038354473,1.4161839751708825,2.6185227263590494,CD276_amp x FGF10_amp,CD276,amp,FGF10,amp,CD276_amp,FGF10_amp,0.002407007,0.050547138,0.056587274,0.002101904,0.2924575810434382,0.2924575810434382,0.533937116,124
Methotrexate,mTOR regulation of autophagy/ribosome biogenesis,0.014925571,1,8,24,252,44,208,0,0,0.1,1,1,0.003968254,0.003968254,0.022727272727272728,0.46211393624077923,0.014154960564365437,1.849091336238994,3.4718519429666204,MAPK1_del x MTOR_del,MAPK1,del,MTOR,del,MAPK1_del,MTOR_del,0.000337402,0.014845701824761595,0.051854958,0.001402485,0.2924575810434382,0.2924575810434382,0.533937116,124
Methotrexate,Actin filaments,0.083965475,1,8,24,252,25,227,0,0,0.1,1,1,0.003968254,0.003968254,0.04,0.39286778183251364,0.070682363,1.1506889416222525,2.440069059,MYH11_amp x PIK3CA_amp,MYH11,amp,PIK3CA,amp,MYH11_amp,PIK3CA_amp,0.003630203,0.090755081,0.040235125,0.00119487,0.2924575810434382,0.2924575810434382,0.533937116,124
Methotrexate,RNA metabolism,-0.066294189,1,22,66,2079,328,1743,8,0,0.1,1,1,0.000481,0.000481,0.00304878,0.3932264819133455,0.007286361,2.137489332626772,4.6414061683934325,EWSR1_del x SPEN_del,EWSR1,del,SPEN,del,EWSR1_del,SPEN_del,2.2834622254086144e-05,0.007489756,0.045451768375954354,0.001115714,0.2924575810434382,0.2924575810434382,0.533937116,124
Methotrexate,MutS homologs,0.1122259864617813,0.2644684690091636,5,15,90,16,72,2,0,0.1,0,0,0,0,0,0.6374405395845313,0.090122617,1.0451662062748257,1.8333950710278133,MSH2_mut x MSH3_mut,MSH2,mut,MSH3,mut,MSH2_mut,MSH3_mut,0.014675906255466454,0.23481450008746327,0.066414572,0.002264454,0.2924575810434382,0.2924575810434382,0.533937116,124
Methotrexate,Protein nuclear transport,0.014756438,1,6,18,135,20,115,0,0,0.1,0,0,0,0,0,0.6055508172902166,0.12503361842670888,0.9029732003182972,1.7287458692746047,NUP98_mut x TERT_amp,NUP98,mut,TERT,amp,NUP98_mut,TERT_amp,0.018674721367278612,0.3072486297017264,0.073190443,0.001941318,0.2924575810434382,0.2924575810434382,0.533937116,124
Methotrexate,Nuclear pore,0.086064167,1,5,15,90,16,74,0,0,0.1,0,0,0,0,0,0.5738637808619909,0.1188830302954145,0.924880133,1.7287458692746047,NUP98_mut x TERT_amp,NUP98,mut,TERT,amp,NUP98_mut,TERT_amp,0.018674721367278612,0.2457989037613811,0.058385912793164636,0.001844264,0.2924575810434382,0.2924575810434382,0.533937116,124
Methotrexate,Mediator complex,0.061226667,1,6,18,135,18,116,1,0,0.1,0,0,0,0,0,0.5545599356736047,0.14388148901062395,0.8419950763737425,1.5271862179787772,ESR1_amp x MED12_del,ESR1,amp,MED12,del,ESR1_amp,MED12_del,0.029703921057669426,0.2619934745302303,0.068803008,0.001778195,0.2924575810434382,0.2924575810434382,0.533937116,124
Methotrexate,ECM-cytoskeleton assembly,0.016039727,1,6,18,135,12,123,0,0,0.1,0,0,0,0,0,0.5454774108464433,0.12036408048578738,0.9195030975818249,1.7224070775259006,ACTA2_amp x FGF10_amp,ACTA2,amp,FGF10,amp,ACTA2_amp,FGF10_amp,0.018949289135827108,0.2273914696299253,0.045329465,0.001744875,0.2924575810434382,0.2924575810434382,0.533937116,124
Methotrexate,Beta-catenin destruction complex,0.028203859,1,5,15,90,9,81,0,0,0.1,0,0,0,0,0,0.5343732270216842,0.14367897783254827,0.8426067703431332,1.5821206199436404,CTNNB1_del x GSK3B_amp,CTNNB1,del,GSK3B,amp,CTNNB1_del,GSK3B_amp,0.026174559,0.23557103469947333,0.060615536,0.001665947,0.2924575810434382,0.2924575810434382,0.533937116,124
Methotrexate,PIK3/AKT signaling,-0.031785316,1,11,33,495,67,426,2,0,0.1,0,0,0,0,0,0.527061962,0.1039410963344192,0.9832127067023306,2.2213165923604303,AKT1_amp x AKT3_amp,AKT1,amp,AKT3,amp,AKT1_amp,AKT3_amp,0.006007357,0.32286692622082536,0.058874588824232174,0.001720343,0.2924575810434382,0.2924575810434382,0.533937116,124
Methotrexate,Regulation of TP53 Activity,0.045808689,1,11,33,495,91,400,4,0,0.1,0,0,0,0,0,0.5191276686600487,0.10986731490183445,0.9591314892783905,2.265912703367911,HDAC1_del x JUN_del,HDAC1,del,JUN,del,HDAC1_del,JUN_del,0.005421098,0.38566329060900917,0.058347832,0.001668497,0.2924575810434382,0.2924575810434382,0.533937116,124
Methotrexate,Resolution of D-loop structures,0.1157017950527628,0.1908978399704026,9,27,324,50,269,5,0,0.1,0,0,0,0,0,0.510388127,0.076782063,1.1147402206205026,2.6149603627629703,BRCA2_mut x RAD51C_amp,BRCA2,mut,RAD51C,amp,BRCA2_mut,RAD51C_amp,0.002426832,0.12134157886545888,0.063725102,0.00159447,0.2924575810434382,0.2924575810434382,0.533937116,124
Methotrexate,Epithelial differentiation,0.02505799,1,8,24,252,46,206,0,0,0.1,0,0,0,0,0,0.5027678024765562,0.20389041300087965,0.6906031944214723,1.5194262965727843,ALOX12B_amp x FLG_amp,ALOX12B,amp,FLG,amp,ALOX12B_amp,FLG_amp,0.030239437,0.5867870205498847,0.060481507,0.001491822,0.2924575810434382,0.2924575810434382,0.533937116,124
Methotrexate,Regulation of immune responses,0.1026562905112378,0.620966334,57,167,13698,1448,12042,208,0,0.1,0,0,0,0,0,0.4957901760317759,0.057138519,1.2430710168279613,3.724653022687136,HLA-B_amp x IRF4_amp,HLA-B,amp,IRF4,amp,HLA-B_amp,IRF4_amp,0.000188515,0.2072899784084919,0.051061782,0.001569179,0.2924575810434382,0.2924575810434382,0.533937116,124
Methotrexate,Extended PRC1 complex,-0.033157221,1,8,24,252,58,194,0,0,0.1,0,0,0,0,0,0.49259628071239564,0.1322487211934342,0.878608519,2.143817927351167,BCOR_del x TFDP1_del,BCOR,del,TFDP1,del,BCOR_del,TFDP1_del,0.007180953,0.41649526288483385,0.051911336,0.001543023,0.2924575810434382,0.2924575810434382,0.533937116,124
Methotrexate,Nuclear transport,0.017503277,1,7,21,189,28,161,0,0,0.1,0,0,0,0,0,0.4889217211924883,0.16077519784996172,0.7937809473020675,1.7287458692746047,NUP98_mut x TERT_amp,NUP98,mut,TERT,amp,NUP98_mut,TERT_amp,0.018674721367278612,0.43014808158241696,0.058385912793164636,0.001514733,0.2924575810434382,0.2924575810434382,0.533937116,124
Methotrexate,MutL alpha/beta complex,0.071018739,1,5,15,90,14,76,0,0,0.1,0,0,0,0,0,0.48241940081887963,0.1275882199840345,0.8941894214777024,1.8172559053182538,BRIP1_amp x PMS1_amp,BRIP1,amp,PMS1,amp,BRIP1_amp,PMS1_amp,0.015231549797352596,0.21324169716293634,0.06076035,0.001497031,0.2924575810434382,0.2924575810434382,0.533937116,124
Methotrexate,Mediator/CCR-NOT complex,-0.131716286,0.038067262,9,27,324,39,284,1,0,0.1,0,0,0,0,0,0.48204384418246893,0.19354645118354033,0.7132147873806006,1.5271862179787772,ESR1_amp x MED12_del,ESR1,amp,MED12,del,ESR1_amp,MED12_del,0.029703921057669426,0.5049422244275624,0.055436547,0.001443974,0.2924575810434382,0.2924575810434382,0.533937116,124
Methotrexate,TNFR/Traf signaling,-0.004924437,1,12,36,594,95,494,5,0,0.1,0,0,0,0,0,0.47515010600389124,0.1846902482578816,0.7335560349311581,1.7887171265864557,PARP1_mut x TP53_mut,PARP1,mut,TP53,mut,PARP1_mut,TP53_mut,0.016266079,0.657390935,0.062169897,0.001438554,0.2924575810434382,0.2924575810434382,0.533937116,124
Methotrexate,Homologous recombination,0.07017737,1,12,36,594,105,484,5,0,0.1,0,0,0,0,0,0.46799637452848314,0.11810704229282858,0.9277242062160187,2.6149603627629703,BRCA2_mut x RAD51C_amp,BRCA2,mut,RAD51C,amp,BRCA2_mut,RAD51C_amp,0.002426832,0.2548173156174636,0.054171425287098375,0.001422629,0.2924575810434382,0.2924575810434382,0.533937116,124
Methotrexate,EGFR/PI3K signaling,0.023952665,1,11,33,495,60,435,0,0,0.1,0,0,0,0,0,0.463721481,0.117983354,0.9281792637039417,2.3417500591608187,CBL_del x CRKL_del,CBL,del,CRKL,del,CBL_del,CRKL_del,0.0045525,0.2731499914287951,0.057818139,0.001387171,0.2924575810434382,0.2924575810434382,0.533937116,124
Methotrexate,Immune system,-0.046201615,1,99,288,41047,4491,36282,274,0,0.1,0,0,0,0,0,0.45998153323213453,0.088778126,1.0516940278597766,3.724653022687136,HLA-B_amp x IRF4_amp,HLA-B,amp,IRF4,amp,HLA-B_amp,IRF4_amp,0.000188515,0.47141004660477037,0.049118191159554826,0.001403048,0.2924575810434382,0.2924575810434382,0.533937116,124
Methotrexate,Lymphocyte activation,0.116206985,0.1819346557777503,39,114,6330,701,5477,152,0,0.1,0,0,0,0,0,0.4591623917046914,0.11037734367151152,0.9571200618261648,3.1147282490396164,FCGR2A_amp x LYN_amp,FCGR2A,amp,LYN,amp,FCGR2A_amp,LYN_amp,0.000767842,0.4741622408902119,0.050097001,0.001380862,0.2924575810434382,0.2924575810434382,0.533937116,124
Methotrexate,Regulation of beta catenin transcriptional activity,0.048475131,1,10,30,405,103,300,2,0,0.1,0,0,0,0,0,0.4581588824627977,0.10695316205502675,0.9708063710480471,2.3609794507321853,CHEK2_del x KMT2A_del,CHEK2,del,KMT2A,del,CHEK2_del,KMT2A_del,0.004355325,0.2838762379354333,0.049766687606995534,0.001418925,0.2924575810434382,0.2924575810434382,0.533937116,124
Methotrexate,Oncogene induced senescence,0.1049207143016526,0.5103564367116651,7,21,189,43,142,4,0,0.1,0,0,0,0,0,0.4577005141942462,0.10955867538928367,0.9603532271902777,2.3128753812717178,RB1_mut x TP53_del,RB1,mut,TP53,del,RB1_mut,TP53_del,0.004865468,0.20921512311581633,0.040653773,0.001420597,0.2924575810434382,0.2924575810434382,0.533937116,124
Methotrexate,Extracellular matrix organization,-0.006074006,1,13,39,702,99,603,0,0,0.1,0,0,0,0,0,0.4568972057988982,0.11732524932413972,0.9306085142091559,2.6185227263590494,CD276_amp x FGF10_amp,CD276,amp,FGF10,amp,CD276_amp,FGF10_amp,0.002407007,0.2382936493018245,0.054500771,0.001359582,0.2924575810434382,0.2924575810434382,0.533937116,124
Methotrexate,PcG protein complex,0.010212381,1,9,27,324,75,249,0,0,0.1,0,0,0,0,0,0.45478064,0.15368601143537128,0.81336566,2.143817927351167,BCOR_del x TFDP1_del,BCOR,del,TFDP1,del,BCOR_del,TFDP1_del,0.007180953,0.5385714606269403,0.04814746,0.001388745,0.2924575810434382,0.2924575810434382,0.533937116,124
Methotrexate,Mismatch and excision repair,0.045319784,1,32,95,4371,772,3583,16,0,0.1,0,0,0,0,0,0.45382398994357437,0.091162343,1.0401845229508353,3.479027596387039,AURKA_amp x MSH3_amp,AURKA,amp,MSH3,amp,AURKA_amp,MSH3_amp,0.000331873,0.25620624059267744,0.049019466958070815,0.001378561,0.2924575810434382,0.2924575810434382,0.533937116,124
Methotrexate,EMT,-0.037461366,1,14,42,819,119,698,2,0,0.1,0,0,0,0,0,0.44727150559809653,0.1258562177582718,0.9001253238470222,2.374878953767928,HDAC2_amp x SOX2_amp,HDAC2,amp,SOX2,amp,HDAC2_amp,SOX2_amp,0.004218141,0.4234475931368251,0.045218876,0.001363177,0.2924575810434382,0.2924575810434382,0.533937116,124
Methotrexate,Histone methyltransferase subcomplex,0.06720198,1,6,18,135,43,91,1,0,0.1,0,0,0,0,0,0.44123712146963023,0.11465792134493816,0.9405959358964746,2.258678187925754,EP300_del x KMT2A_del,EP300,del,KMT2A,del,EP300_del,KMT2A_del,0.00551216,0.23702287827618704,0.051815628,0.001332322,0.2924575810434382,0.2924575810434382,0.533937116,124
Methotrexate,Cell-extracellular matrix interactions,0.056240434,1,5,15,90,6,84,0,0,0.1,0,0,0,0,0,0.43889361043366976,0.20519201250628327,0.6878395489791386,1.2723566828001653,CASR_amp x MYH11_amp,CASR,amp,MYH11,amp,CASR_amp,MYH11_amp,0.053412551,0.32047530356206905,0.054029372379055834,0.001317805,0.2924575810434382,0.2924575810434382,0.533937116,124
Methotrexate,CDK holoenzyme complex II,0.1041359842949854,0.5464796393554225,17,48,1083,209,864,10,0,0.1,0,0,0,0,0,0.4386018608156914,0.1625264491643556,0.7890759528917606,2.2612047126655166,CDK5_amp x CDKN2C_del,CDK5,amp,CDKN2C,del,CDK5_amp,CDKN2C_del,0.005480186,0.7236659284373078,0.041575784,0.001337097,0.2924575810434382,0.2924575810434382,0.533937116,124
Methotrexate,Ribosome biogenesis,0.1308014309390723,0.041932825,18,52,1276,203,1068,5,0,0.1,0,0,0,0,0,0.43824688587021476,0.1613009429385785,0.7923630937900562,2.3723746674797304,DDX3X_del x DIS3_del,DDX3X,del,DIS3,del,DDX3X_del,DIS3_del,0.004242534,0.6541828585685034,0.0517457,0.001286552,0.2924575810434382,0.2924575810434382,0.533937116,124
Methotrexate,Extended mismatch repair complex,-0.026927652,1,10,30,405,47,355,3,0,0.1,0,0,0,0,0,0.4380699221214284,0.18358783568951134,0.7361560980146054,1.8333950710278133,MSH2_mut x MSH3_mut,MSH2,mut,MSH3,mut,MSH2_mut,MSH3_mut,0.014675906255466454,0.6897675940069233,0.057927213,0.001324425,0.2924575810434382,0.2924575810434382,0.533937116,124
Methotrexate,Regulation of nuclear protein ubiquitiation,-0.009160504,1,11,32,465,89,372,4,0,0.1,0,0,0,0,0,0.4361545494272628,0.1380794758181331,0.8598708703087933,2.3722892451847084,CBL_del x CHEK2_del,CBL,del,CHEK2,del,CBL_del,CHEK2_del,0.004243369,0.3776598023057821,0.045865576415412834,0.001304748,0.2924575810434382,0.2924575810434382,0.533937116,124
Methotrexate,NeST:163,-0.092636104,1,7,21,189,32,157,0,0,0.1,0,0,0,0,0,0.4361105618837343,0.18796315907173192,0.7259272644583441,1.6804760367287852,ANKRD11_amp x TBL1XR1_amp,ANKRD11,amp,TBL1XR1,amp,ANKRD11_amp,TBL1XR1_amp,0.020870072765210326,0.5236128806232793,0.058656577,0.001337786,0.2924575810434382,0.2924575810434382,0.533937116,124
Methotrexate,Apoptosis Regulation,-0.002429207,1,13,37,631,104,523,4,0,0.1,0,0,0,0,0,0.43593576761509184,0.16511453895497627,0.7822146837940405,1.8854331439645904,BCL2L2_del x PARP1_amp,BCL2L2,del,PARP1,amp,BCL2L2_del,PARP1_amp,0.013018677,0.5249005378738234,0.04277146,0.001332402,0.2924575810434382,0.2924575810434382,0.533937116,124
Methotrexate,CDK holoenzyme complex I,0.078173267,1,15,43,862,183,670,9,0,0.1,0,0,0,0,0,0.43471068811240865,0.1576128872949062,0.8024082750936569,2.3128753812717178,RB1_mut x TP53_del,RB1,mut,TP53,del,RB1_mut,TP53_del,0.004865468,0.6336405019331451,0.039685775,0.001318709,0.2924575810434382,0.2924575810434382,0.533937116,124
Methotrexate,H3 acetylation and H3K4 methylation crosstalk,-0.029642717,1,5,13,66,19,46,1,0,0.1,0,0,0,0,0,0.4336738611888239,0.1902960291089373,0.7205702740044642,1.3588374996328445,CTNNB1_del x TP53_del,CTNNB1,del,TP53,del,CTNNB1_del,TP53_del,0.043768584,0.303538371,0.044928625,0.001326623,0.2924575810434382,0.2924575810434382,0.533937116,124
Methotrexate,Cell Proliferation,0.1396083842068452,0.016068205,14,41,780,108,665,7,0,0.1,0,0,0,0,0,0.4332397102761477,0.1255156469464296,0.9013021310840209,2.3128753812717178,RB1_mut x TP53_del,RB1,mut,TP53,del,RB1_mut,TP53_del,0.004865468,0.30508891134188926,0.043664511,0.001336831,0.2924575810434382,0.2924575810434382,0.533937116,124
Methotrexate,RAS-RAF-MAPK,-0.033487188,1,7,21,189,39,149,1,0,0.1,0,0,0,0,0,0.4328232054355229,0.16136124874428426,0.7922007538591638,1.9400125943407407,ARAF_del x KRAS_del,ARAF,del,KRAS,del,ARAF_del,KRAS_del,0.011481203260513587,0.419401801,0.048844048,0.001282174,0.2924575810434382,0.2924575810434382,0.533937116,124
Methotrexate,Transcription factor (TF) binding,0.084195575,1,14,42,819,143,676,0,0,0.1,0,0,0,0,0,0.4299688800251299,0.1474633886709782,0.8313157903420668,2.1598741006448834,AR_mut x RBL1_amp,AR,mut,RBL1,amp,AR_mut,RBL1_amp,0.006920316,0.3962638988351837,0.051452116,0.001296076,0.2924575810434382,0.2924575810434382,0.533937116,124
Methotrexate,Nucleolus,-0.005261268,1,34,100,4852,610,4229,13,0,0.1,0,0,0,0,0,0.42837641299295637,0.099765173,1.001021038371783,3.3694877870092936,CDK8_del x NHP2_del,CDK8,del,NHP2,del,CDK8_del,NHP2_del,0.000427083,0.26052058697259334,0.046789366442241874,0.001263715,0.2924575810434382,0.2924575810434382,0.533937116,124
Methotrexate,Locomotion,0.027432723,1,33,99,4752,696,4055,1,0,0.1,0,0,0,0,0,0.42764764998143856,0.063988129,1.1939005878686995,3.594730357,LATS1_amp x RAC1_amp,LATS1,amp,RAC1,amp,LATS1_amp,RAC1_amp,0.000254255,0.17696153747497192,0.044629276120043485,0.00127607,0.2924575810434382,0.2924575810434382,0.533937116,124
Methotrexate,Transcription coactivator activity,0.003124131,1,5,13,66,20,44,2,0,0.1,0,0,0,0,0,0.4254955748697081,0.1320335674182238,0.8793156423455176,1.9846141864508295,MED1_del x TP53_mut,MED1,del,TP53,mut,MED1_del,TP53_mut,0.010360621629885653,0.20721243259771305,0.033065675,0.001297444,0.2924575810434382,0.2924575810434382,0.533937116,124
Methotrexate,Cell motility,-0.08835178,1,80,237,27732,3732,23962,38,0,0.1,0,0,0,0,0,0.42445127428395035,0.08936767,1.0488195652068728,3.594730357,LATS1_amp x RAC1_amp,LATS1,amp,RAC1,amp,LATS1_amp,RAC1_amp,0.000254255,0.4055280945636728,0.045237818261514316,0.001261791,0.2924575810434382,0.2924575810434382,0.533937116,124
Methotrexate,Ubiquitin/Proteasome System,-0.11054012,0.3089115831721614,21,59,1655,211,1434,10,0,0.1,0,0,0,0,0,0.4225985699414863,0.17054850535495683,0.7681520822896475,2.3659712706469134,AURKB_del x TET2_del,AURKB,del,TET2,del,AURKB_del,TET2_del,0.004305551,0.8116338027837469,0.044801174,0.001251401,0.2924575810434382,0.2924575810434382,0.533937116,124
Methotrexate,MDM2-p53 pathway,0.113749944,0.2294869618753967,8,23,231,66,161,4,0,0.1,0,0,0,0,0,0.42201403224746326,0.14567527892724264,0.8366141416850658,2.3128753812717178,RB1_mut x TP53_del,RB1,mut,TP53,del,RB1_mut,TP53_del,0.004865468,0.3211208866428809,0.038518801,0.001275036,0.2924575810434382,0.2924575810434382,0.533937116,124
Methotrexate,Histone methyltransferase complex,-0.053094277,1,11,31,435,126,308,1,0,0.1,0,0,0,0,0,0.42157262700399656,0.1626130820635328,0.7888445187698485,2.258678187925754,EP300_del x KMT2A_del,EP300,del,KMT2A,del,EP300_del,KMT2A_del,0.00551216,0.4921163803245403,0.046739583,0.001224655,0.2924575810434382,0.2924575810434382,0.533937116,124
Methotrexate,Cyclin D associated events in G1,-0.037551955,1,27,78,2928,535,2376,17,0,0.1,0,0,0,0,0,0.4210336124935187,0.14559802731278113,0.8368445091780468,2.6161228943605077,CDKN2A_del x RBL2_del,CDKN2A,del,RBL2,del,CDKN2A_del,RBL2_del,0.002420344,0.7329748580035088,0.038286833426272815,0.0012605,0.2924575810434382,0.2924575810434382,0.533937116,124
Methotrexate,Positive regulators of transcription,-0.001810803,1,15,43,862,201,656,5,0,0.1,0,0,0,0,0,0.41933630232790875,0.1971510854215459,0.7052008275621489,2.1125147953998042,AR_mut x CREBBP_mut,AR,mut,CREBBP,mut,AR_mut,CREBBP_mut,0.007717652,0.8889963390960782,0.042619365,0.001230242,0.2924575810434382,0.2924575810434382,0.533937116,124
Methotrexate,G1 to S cell cycle control,-0.047289247,1,13,38,666,130,527,9,0,0.1,0,0,0,0,0,0.418076408,0.1817057850008479,0.7406312457577233,2.1595781647465397,CDKN1B_amp x CDKN2C_amp,CDKN1B,amp,CDKN2C,amp,CDKN1B_amp,CDKN2C_amp,0.006925033,0.7661371255749806,0.037342361445427595,0.00124959,0.2924575810434382,0.2924575810434382,0.533937116,124
Methotrexate,Regulation of adherens junction stability,0.078739366,1,10,30,405,73,330,2,0,0.1,0,0,0,0,0,0.41683183363469406,0.1875661788610052,0.7268454690391858,1.9080929612705388,EGF_mut x EGFR_amp,EGF,mut,EGFR,amp,EGF_mut,EGFR_amp,0.012356829,0.6642992670079881,0.04201052,0.001234023,0.2924575810434382,0.2924575810434382,0.533937116,124
Methotrexate,MAPK and MAP2K activation,0.013353603,1,14,41,780,124,649,7,0,0.1,0,0,0,0,0,0.4164186121044933,0.1861517251339834,0.7301329346661213,1.9400125943407407,ARAF_del x KRAS_del,ARAF,del,KRAS,del,ARAF_del,KRAS_del,0.011481203260513587,0.7801680190423361,0.043771322,0.001221956,0.2924575810434382,0.2924575810434382,0.533937116,124
Methotrexate,Checkpoint-regulated DNA repair,0.007829331,1,41,119,6906,1257,5630,19,0,0.1,0,0,0,0,0,0.41555765394656224,0.12051058446604195,0.918974807,3.1732816713235095,E2F4_del x MYC_amp,E2F4,del,MYC,amp,E2F4_del,MYC_amp,0.000670994,0.5834632046981859,0.044863793,0.001220322,0.2924575810434382,0.2924575810434382,0.533937116,124
Methotrexate,Protein Transport,-0.070555,1,15,45,945,217,728,0,0,0.1,0,0,0,0,0,0.41488103484663896,0.10033351373808648,0.9985539782415829,3.043340858820361,EGFR_mut x PREX2_mut,EGFR,mut,PREX2,mut,EGFR_mut,PREX2_mut,0.000905022,0.19638977611081515,0.038326778,0.001215577,0.2924575810434382,0.2924575810434382,0.533937116,124
Methotrexate,Transmembrane tyrosine kinase signaling,-0.101955948,0.6595085784341606,53,159,12402,1647,10727,28,0,0.1,0,0,0,0,0,0.41280891078426085,0.13619384984687413,0.8658425035676658,2.960098404027316,RASA1_amp x SRC_amp,RASA1,amp,SRC,amp,RASA1_amp,SRC_amp,0.00109623,0.7497967264720427,0.045243839,0.001217412,0.2924575810434382,0.2924575810434382,0.533937116,124
Methotrexate,HDACs deacetylate histones,0.027281764,1,16,48,1080,211,869,0,0,0.1,0,0,0,0,0,0.4117120131555041,0.19441982989764975,0.7112594411797094,2.1125147953998042,AR_mut x CREBBP_mut,AR,mut,CREBBP,mut,AR_mut,CREBBP_mut,0.007717652,0.8861011126874022,0.040635524,0.001207265,0.2924575810434382,0.2924575810434382,0.533937116,124
Methotrexate,Mitosis,0.1179175523897992,0.1543882471914552,29,84,3405,716,2674,15,0,0.1,0,0,0,0,0,0.4112036320259525,0.12331641992148895,0.9089790920456853,3.1732816713235095,E2F4_del x MYC_amp,E2F4,del,MYC,amp,E2F4_del,MYC_amp,0.000670994,0.480431363,0.039562639136518474,0.001219589,0.2924575810434382,0.2924575810434382,0.533937116,124
Methotrexate,NeST:29,-0.110393125,0.3130860748963664,14,40,742,73,669,0,0,0.1,0,0,0,0,0,0.4100502670332308,0.15369259065809593,0.813347069,2.1827733616282585,ADGRA2_amp x SOX17_amp,ADGRA2,amp,SOX17,amp,ADGRA2_amp,SOX17_amp,0.006564878,0.47923607048250655,0.048629925703431554,0.001213665,0.2924575810434382,0.2924575810434382,0.533937116,124
Methotrexate,NeST:16,0.068731552,1,22,64,1954,273,1676,5,0,0.1,0,0,0,0,0,0.4096860190332093,0.1103373338831237,0.957277514,2.7781385212539464,FCGR2A_amp x SOX17_amp,FCGR2A,amp,SOX17,amp,FCGR2A_amp,SOX17_amp,0.001666716,0.35121604828334835,0.041989697,0.001210352,0.2924575810434382,0.2924575810434382,0.533937116,124
Methotrexate,Wnt/beta-catenin,-0.046182058,1,8,24,252,30,222,0,0,0.1,0,0,0,0,0,0.4095427563784701,0.17639303110718677,0.7535185768656453,1.5821206199436404,CTNNB1_del x GSK3B_amp,CTNNB1,del,GSK3B,amp,CTNNB1_del,GSK3B_amp,0.026174559,0.35084338499781104,0.035994666,0.001272916,0.2924575810434382,0.2924575810434382,0.533937116,124
Methotrexate,Homologous recombination (HR) and Fanconi Anemia repair,0.004299873,1,29,86,3570,637,2921,12,0,0.1,0,0,0,0,0,0.408928942,0.094310449,1.025440189670113,3.417018405009757,FANCA_mut x TP53_del,FANCA,mut,TP53,del,FANCA_mut,TP53_del,0.000382809,0.24384902717126175,0.044155455432930514,0.001206869,0.2924575810434382,0.2924575810434382,0.533937116,124
Methotrexate,Chromatin binding,-0.139835175,0.015670267,91,266,34984,6892,27960,132,0,0.1,0,0,0,0,0,0.40614584214918165,0.075424487,1.1224876335543181,4.6414061683934325,EWSR1_del x SPEN_del,EWSR1,del,SPEN,del,EWSR1_del,SPEN_del,2.2834622254086144e-05,0.1573762165751617,0.044076807501470625,0.001179526,0.2924575810434382,0.2924575810434382,0.533937116,124
Methotrexate,Epigenetic modification,-0.001983601,1,30,87,3656,686,2954,16,0,0.1,0,0,0,0,0,0.40510705427036076,0.1891344218386313,0.7232294238036212,2.3128753812717178,RB1_mut x TP53_del,RB1,mut,TP53,del,RB1_mut,TP53_del,0.004865468,0.9958604450543547,0.044872558,0.00117793,0.2924575810434382,0.2924575810434382,0.533937116,124
Methotrexate,Regulation of E2F transcription via DREAM complex,0.004156121,1,11,33,495,106,384,5,0,0.1,0,0,0,0,0,0.40474266587609486,0.15307873714538936,0.8150851292346504,2.3128753812717178,RB1_mut x TP53_del,RB1,mut,TP53,del,RB1_mut,TP53_del,0.004865468,0.5157396058203845,0.036116307776210846,0.001199859,0.2924575810434382,0.2924575810434382,0.533937116,124
Methotrexate,INSR-FOXO,-0.043986922,1,25,74,2628,342,2283,3,0,0.1,0,0,0,0,0,0.4032070678081577,0.2044570069530268,0.6893980011336651,2.068137025038198,BMPR1A_del x FOXO1_del,BMPR1A,del,FOXO1,del,BMPR1A_del,FOXO1_del,0.00854797,0.9706412848413482,0.046161284078254254,0.001160739,0.2924575810434382,0.2924575810434382,0.533937116,124
Methotrexate,Metabolism,0.020862687,1,18,53,1326,236,1087,3,0,0.1,0,0,0,0,0,0.3982975268543388,0.19120677699714392,0.7184967189620929,2.173158507930164,ATP7B_del x GATA1_del,ATP7B,del,GATA1,del,ATP7B_del,GATA1_del,0.006711838,0.8659468967100284,0.041403118633045764,0.001153991,0.2924575810434382,0.2924575810434382,0.533937116,124
Methotrexate,EGFR-MAPK signaling,-0.00875125,1,23,67,2146,331,1806,9,0,0.1,0,0,0,0,0,0.39615828886676524,0.12883950726729176,0.8899509447612676,2.7520512903150727,CBL_del x MAPK1_del,CBL,del,MAPK1,del,CBL_del,MAPK1_del,0.0017699,0.5858368735981189,0.038343144331725976,0.001177651,0.2924575810434382,0.2924575810434382,0.533937116,124
Methotrexate,RTK-JAK-STAT signaling,-0.047294036,1,21,63,1890,218,1669,3,0,0.1,0,0,0,0,0,0.39471871858395147,0.1746663810163029,0.7577906779829482,2.386304866158061,CSF3R_del x JAK1_del,CSF3R,del,JAK1,del,CSF3R_del,JAK1_del,0.004108612,0.8369545914751306,0.045357820754335566,0.00115118,0.2924575810434382,0.2924575810434382,0.533937116,124
Methotrexate,Polybromo- and BAF containing complex,-0.00949209,1,12,35,561,90,471,0,0,0.1,0,0,0,0,0,0.38582783170640556,0.11422662559694911,0.9422326526396357,2.447299173714149,ARID1A_del x SMARCB1_del,ARID1A,del,SMARCB1,del,ARID1A_del,SMARCB1_del,0.003570268,0.18981632463421247,0.039377494,0.00112914,0.2924575810434382,0.2924575810434382,0.533937116,124
Methotrexate,Regulation of beta catenin transcription,0.044213072,1,7,21,189,35,154,0,0,0.1,0,0,0,0,0,0.38495641970869465,0.14450421966664825,0.8401194708923192,2.1477172970354927,EGFR_amp x TCF7L2_mut,EGFR,amp,TCF7L2,mut,EGFR_amp,TCF7L2_mut,0.007116766,0.24908681949225006,0.048847318,0.001100796,0.2924575810434382,0.2924575810434382,0.533937116,124
Methotrexate,Lymphoid JAK/STAT signaling,-0.030179894,1,16,48,1080,88,985,7,0,0.1,0,0,0,0,0,0.38453860966920295,0.12761886417723092,0.8940851249679461,2.386304866158061,CSF3R_del x JAK1_del,CSF3R,del,JAK1,del,CSF3R_del,JAK1_del,0.004108612,0.30663349691999814,0.045967065,0.00110861,0.2924575810434382,0.2924575810434382,0.533937116,124
Methotrexate,G1/S phase,0.1056514170724021,0.4786847135216856,19,55,1432,307,1119,6,0,0.1,0,0,0,0,0,0.38324209059532477,0.1897619049870903,0.7217909684864221,2.3128753812717178,RB1_mut x TP53_del,RB1,mut,TP53,del,RB1_mut,TP53_del,0.004865468,0.9946377597347174,0.039685775,0.00110895,0.2924575810434382,0.2924575810434382,0.533937116,124
Methotrexate,Cell projection morphogenesis,-0.039978252,1,8,24,252,56,194,2,0,0.1,0,0,0,0,0,0.37913781511195227,0.13716663969394735,0.8627515005718913,2.1067920077641378,EPHB2_del x PTPRD_del,EPHB2,del,PTPRD,del,EPHB2_del,PTPRD_del,0.007820022,0.2774187298315397,0.040873018,0.00113027,0.2924575810434382,0.2924575810434382,0.533937116,124
Methotrexate,Histone deacetylase binding,0.153916812,0.003002232,16,48,1080,193,883,4,0,0.1,0,0,0,0,0,0.37787942847527617,0.17000887297691744,0.769528412,2.204151027254097,CHD4_amp x MTA1_amp,CHD4,amp,MTA1,amp,CHD4_amp,MTA1_amp,0.006249553,0.615606542,0.043583060911793224,0.001101602,0.2924575810434382,0.2924575810434382,0.533937116,124
Methotrexate,p53 regulation,0.1261583731473549,0.067993904,11,29,379,76,298,5,0,0.1,0,0,0,0,0,0.37557358407553565,0.18185196600234016,0.7402819994244886,2.204151027254097,CHD4_amp x MTA1_amp,CHD4,amp,MTA1,amp,CHD4_amp,MTA1_amp,0.006249553,0.4749660468697868,0.037672912,0.001084216,0.2924575810434382,0.2924575810434382,0.533937116,124
Methotrexate,BAF (SWI/SNF) complex,0.1225336325408455,0.09810805,8,24,252,36,216,0,0,0.1,0,0,0,0,0,0.3722704761963119,0.097360166,1.0116186961652542,2.447299173714149,ARID1A_del x SMARCB1_del,ARID1A,del,SMARCB1,del,ARID1A_del,SMARCB1_del,0.003570268,0.1285296506334886,0.039377494,0.0010636,0.2924575810434382,0.2924575810434382,0.533937116,124
Methotrexate,Beta-catenin,0.01549711,1,5,14,78,20,58,0,0,0.1,0,0,0,0,0,0.3626507962919129,0.20516665071107562,0.6878932312269435,1.6736995885437067,CTNNB1_amp x MYC_amp,CTNNB1,amp,MYC,amp,CTNNB1_amp,MYC_amp,0.021198269611573877,0.42396539223147756,0.041143953,0.00104407,0.2924575810434382,0.2924575810434382,0.533937116,124
Methotrexate,Foxo signaling,-0.062192388,1,10,30,405,73,332,0,0,0.1,0,0,0,0,0,0.359706965,0.12570817446970245,0.9006364803756646,2.3905304151928393,AKT1_amp x CDKN1B_amp,AKT1,amp,CDKN1B,amp,AKT1_amp,CDKN1B_amp,0.00406883,0.28169430635722514,0.033513128268585456,0.001058404,0.2924575810434382,0.2924575810434382,0.533937116,124
Methotrexate,Neg Regulation EGFR,-0.008935241,1,6,18,135,29,106,0,0,0.1,0,0,0,0,0,0.3538728972294802,0.18046425737396568,0.7436088013061015,1.9080929612705388,EGF_mut x EGFR_amp,EGF,mut,EGFR,amp,EGF_mut,EGFR_amp,0.012356829,0.35834804264757525,0.047199243,0.001025508,0.2924575810434382,0.2924575810434382,0.533937116,124
Methotrexate,Actin filament-based process,0.065033455,1,11,33,495,62,433,0,0,0.1,0,0,0,0,0,0.33459437133524594,0.137816165,0.8606998382913852,2.440069059,MYH11_amp x PIK3CA_amp,MYH11,amp,PIK3CA,amp,MYH11_amp,PIK3CA_amp,0.003630203,0.2250726011315089,0.038330132808051226,0.000914892,0.2924575810434382,0.2924575810434382,0.533937116,124
Methotrexate,Nuclear receptor signaling,0.000275771,1,17,51,1224,213,1011,0,0,0.1,0,0,0,0,0,0.3986957990955889,0.21292778199649462,0.6717676697941564,2.14445664,BCL6_amp x NRIP1_amp,BCL6,amp,NRIP1,amp,BCL6_amp,NRIP1_amp,0.0071704,0.8992691441555817,0.041294068818915765,0.001147415,0.3000346019041515,0.3000346019041515,0.5228286567820899,124
Methotrexate,Histone acetyltransferase complex,0.016399669,1,14,40,742,115,625,2,0,0.1,0,0,0,0,0,0.4165261893824182,0.22210949920518386,0.6534328670968496,1.658263310183592,MYCL_amp x UPF1_amp,MYCL,amp,UPF1,amp,MYCL_amp,UPF1_amp,0.021965277,0.7389128786779056,0.045531068,0.001215648,0.3094559314768854,0.3094559314768854,0.5094011885795273,124
Methotrexate,SMAD-TGFbeta signaling,0.015208728,1,6,18,135,16,117,2,0,0.1,0,0,0,0,0,0.4101927886295681,0.2344522632485493,0.6299455705104937,1.4378333401840715,CREBBP_amp x SMAD2_del,CREBBP,amp,SMAD2,del,CREBBP_amp,SMAD2_del,0.036489395,0.5838303160524017,0.053412104,0.001175998,0.3230231182535568,0.3230231182535568,0.49076639478758355,124
Methotrexate,p53 regulation of cell cycle,0.1198123401305386,0.1284052236415678,5,15,90,26,63,1,0,0.1,0,0,0,0,0,0.4232554148268544,0.23749935700528976,0.6243375618261991,1.3224449728439573,EP300_del x TP53_mut,EP300,del,TP53,mut,EP300_del,TP53_mut,0.047594309139956124,0.6230524449985331,0.054015871,0.001235171,0.3236254974577575,0.3236254974577575,0.48995726898505765,124
Methotrexate,Type I interferon signaling pathway,0.064303141,1,7,21,189,5,172,12,0,0.1,0,0,0,0,0,0.5836318913614914,0.25304204534094105,0.5968073106722643,0.6979972601477085,PML_amp x TNF_amp,PML,amp,TNF,amp,PML_amp,TNF_amp,0.2004484673104009,0.35384913142166796,0.10311056673643251,0.001648981,0.3303370487687254,0.3303370487687254,0.4810427155199142,124
Methotrexate,PML body,0.078455498,1,9,27,324,49,275,0,0,0.1,0,0,0,0,0,0.434320593,0.26373683732341785,0.5788292060845993,1.3108396549245143,RB1_del x TERT_amp,RB1,del,TERT,amp,RB1_del,TERT_amp,0.048883281,0.7892983887249375,0.057941290338086524,0.001229145,0.3303370487687254,0.3303370487687254,0.4810427155199142,124
Methotrexate,MAPK signaling,0.061519712,1,6,18,135,16,119,0,0,0.1,0,0,0,0,0,0.42105348417096716,0.26018879347585344,0.584711413,1.1013770951412782,ERBB2_mut x ERBB4_mut,ERBB2,mut,ERBB4,mut,ERBB2_mut,ERBB4_mut,0.079181351,0.4773080256512685,0.045686451,0.001232424,0.3303370487687254,0.3303370487687254,0.4810427155199142,124
Methotrexate,Chromosome centrometric region,0.074648974,1,7,21,189,26,161,2,0,0.1,0,0,0,0,0,0.41372172328059914,0.2614941633361052,0.5825380003309758,1.1904021281337054,AURKB_del x BUB1B_del,AURKB,del,BUB1B,del,AURKB_del,BUB1B_del,0.064505667,0.7766166797315084,0.055405201,0.00120431,0.3303370487687254,0.3303370487687254,0.4810427155199142,124
Methotrexate,RNA processing 1,-0.009839075,1,30,89,3828,571,3230,27,0,0.1,0,0,0,0,0,0.39352695829386225,0.25878524438181305,0.58706049,2.0238312009400197,EWSR1_del x TP53_mut,EWSR1,del,TP53,mut,EWSR1_del,TP53_mut,0.00946605,0.9593148384419573,0.049303444,0.001095282,0.3303370487687254,0.3303370487687254,0.4810427155199142,124
Methotrexate,RPA complex associated proteins,-0.01638657,1,6,18,135,26,109,0,0,0.1,0,0,0,0,0,0.3880306234843772,0.2537246135926991,0.5956374002241477,1.521667489328499,BLM_mut x BRCA1_mut,BLM,mut,BRCA1,mut,BLM_mut,BRCA1_mut,0.030083787384984514,0.7821784720095973,0.048524148,0.00107073,0.3303370487687254,0.3303370487687254,0.4810427155199142,124
Methotrexate,NeST:195,-0.051736271,1,6,18,135,31,104,0,0,0.1,0,0,0,0,0,0.36373525292241154,0.259790813,0.5853762107792531,1.5691459825117973,ERBB2_del x STAT3_del,ERBB2,del,STAT3,del,ERBB2_del,STAT3_del,0.026968327743750818,0.8360181600562754,0.029974591332959145,0.00101954,0.3303370487687254,0.3303370487687254,0.4810427155199142,124
Methotrexate,NeST:78,-0.007780125,1,10,30,405,112,292,1,0,0.1,0,0,0,0,0,0.3632732106825031,0.25044328204792526,0.6012906134400137,1.852242094587884,ATRX_del x RSF1_mut,ATRX,del,RSF1,mut,ATRX_del,RSF1_mut,0.014052639506519669,0.9826024861431625,0.039207854,0.000998068,0.3303370487687254,0.3303370487687254,0.4810427155199142,124
Methotrexate,Endoplasmic Reticulum protein processing,0.028706383,1,6,18,135,31,104,0,0,0.1,0,0,0,0,0,0.45704483860946366,0.28038481949833616,0.5522455034963016,1.0247345141879247,ARFRP1_amp x SEC23B_del,ARFRP1,amp,SEC23B,del,ARFRP1_amp,SEC23B_del,0.094463816,0.6354104353723117,0.050917524930248106,0.001280328,0.3442348278989474,0.3442348278989474,0.4631451921167091,124
Methotrexate,Integrator-PP2A complex,0.053414226,1,12,35,561,112,446,3,0,0.1,0,0,0,0,0,0.3846219338273876,0.27902946255669064,0.5543499374065495,1.4592831003251048,ARAF_del x MYC_amp,ARAF,del,MYC,amp,ARAF_del,MYC_amp,0.034730969,0.9665457240925055,0.039609454079598726,0.001063348,0.3442348278989474,0.3442348278989474,0.4631451921167091,124
Methotrexate,TGF-beta/Smad signaling,0.060925596,1,7,21,189,23,164,2,0,0.1,0,0,0,0,0,0.29040402590434494,0.28742655840847225,0.5414731052437255,1.4035610196767543,PTEN_amp x SMAD4_del,PTEN,amp,SMAD4,del,PTEN_amp,SMAD4_del,0.039485622,0.7220644931607629,0.028854317782264587,0.00083617,0.3494205219867702,0.3494205219867702,0.456651592,124
Methotrexate,Metabolic pathways,0.011229316,1,12,36,594,81,513,0,0,0.1,0,0,0,0,0,0.3532539648190038,0.29873360306644997,0.5247159230084562,1.4388593469851543,ATP7B_del x MST1_del,ATP7B,del,MST1,del,ATP7B_del,MST1_del,0.036403291475255645,0.9864811832046693,0.042067556,0.000970102,0.3596404541770854,0.3596404541770854,0.4441314625513933,124
Methotrexate,mTOR regulation of mRNA translation,-0.054027616,1,5,15,90,19,71,0,0,0.1,0,0,0,0,0,0.36116984721966156,0.31031768448544056,0.5081934739949674,1.2823184287134775,RPS6KB1_amp x RPTOR_amp,RPS6KB1,amp,RPTOR,amp,RPS6KB1_amp,RPTOR_amp,0.05220133,0.7859684725171665,0.04509192,0.000929764,0.36288117995631614,0.36288117995631614,0.44023555495476535,124
Methotrexate,Culin-RIng uniqutin ligase complex,-0.004123045,1,8,23,231,20,211,0,0,0.1,0,0,0,0,0,0.3465516940014889,0.31215083169888913,0.5056355035910709,1.2782941954887443,ELOC_amp x STK11_mut,ELOC,amp,STK11,mut,ELOC_amp,STK11_mut,0.052687283,0.8944144425010971,0.040377843,0.000917566,0.36288117995631614,0.36288117995631614,0.44023555495476535,124
Methotrexate,Ribosome abundance control,0.064069227,1,12,36,594,69,523,2,0,0.1,0,0,0,0,0,0.34235258565319066,0.3131313407687567,0.5042734624317907,1.478221183183311,CDC73_amp x XPC_del,CDC73,amp,XPC,del,CDC73_amp,XPC_del,0.033249018,0.9694614345112343,0.035736096,0.000903713,0.36288117995631614,0.36288117995631614,0.44023555495476535,124
Methotrexate,Ubiquitin regulation of mitophagy,-0.015014639,1,8,20,173,17,156,0,0,0.1,0,0,0,0,0,0.3181539127653324,0.31183609290034614,0.5060736196145053,1.2782941954887443,ELOC_amp x STK11_mut,ELOC,amp,STK11,mut,ELOC_amp,STK11_mut,0.052687283,0.8560495666662662,0.035954512,0.000833507,0.36288117995631614,0.36288117995631614,0.44023555495476535,124
Methotrexate,Cohesin,0.1630460217506764,0.000952779,5,15,90,23,67,0,0,0.1,0,0,0,0,0,0.40392507291404994,0.3210743052966876,0.4933944484489622,0.9672978702246041,STAG1_amp x STAG2_del,STAG1,amp,STAG2,del,STAG1_amp,STAG2_del,0.10782069571020714,0.7186002771458071,0.054710902,0.001084263,0.36864086904434507,0.36864086904434507,0.4333965187736768,124
Methotrexate,NeST:49,0.088154733,1,8,23,231,15,216,0,0,0.1,0,0,0,0,0,0.3799087598822204,0.32994463823083037,0.48155892475202944,0.9322119538380254,ERG_amp x FLT4_amp,ERG,amp,FLT4,amp,ERG_amp,FLT4_amp,0.11689287657487835,0.7074813543205433,0.064916362,0.001033704,0.37534986367544004,0.37534986367544004,0.425563738,124
Methotrexate,Extended cohesin complex,0.1239275673382616,0.085300207,6,18,135,39,96,0,0,0.1,0,0,0,0,0,0.3847264109859272,0.3494735577664144,0.4565856787182166,0.9672978702246041,STAG1_amp x STAG2_del,STAG1,amp,STAG2,del,STAG1_amp,STAG2_del,0.10782069571020714,0.8123307480778689,0.049159671079949084,0.000985256,0.390827458,0.390827458,0.408014932,124
Methotrexate,Ubiquitin regulation of p53 activity,-0.048385065,1,9,25,277,22,255,0,0,0.1,0,0,0,0,0,0.2939892114209491,0.3498536120031756,0.45611363793034565,1.2782941954887443,ELOC_amp x STK11_mut,ELOC,amp,STK11,mut,ELOC_amp,STK11_mut,0.052687283,0.9260170220496308,0.035816414,0.000726045,0.390827458,0.390827458,0.408014932,124
Methotrexate,Regulation of androgen receptor signaling pathway,-0.091015636,1,5,15,90,27,63,0,0,0.1,0,0,0,0,0,0.30269152909323854,0.35583617811795937,0.44874989897765477,1.3488406309824932,NCOA3_amp x NCOR2_amp,NCOA3,amp,NCOR2,amp,NCOA3_amp,NCOR2_amp,0.044787762752286894,0.9208958171044086,0.032948107,0.000767709,0.39396148291631217,0.39396148291631217,0.4045462364856013,124
Methotrexate,Transcription elongation,0.089119373,1,8,24,252,39,211,2,0,0.1,0,0,0,0,0,0.3167883379752011,0.36109031910975475,0.4423841549228623,1.2426213582734968,CHD2_amp x SETD2_del,CHD2,amp,SETD2,del,CHD2_amp,SETD2_del,0.05719771,0.9512071382107424,0.036076298,0.000810163,0.39624070415583706,0.39624070415583706,0.402040913,124
Methotrexate,NeST:80,0.019384859,1,7,21,189,14,175,0,0,0.1,0,0,0,0,0,0.34440851032567615,0.369099626,0.43285639438988005,0.9322119538380254,ERG_amp x FLT4_amp,ERG,amp,FLT4,amp,ERG_amp,FLT4_amp,0.11689287657487835,0.7546467779419128,0.052334854,0.000897039,0.39798568412193236,0.39798568412193236,0.40013254958125666,124
Methotrexate,PI3-K/Akt,-0.02435845,1,6,18,135,23,112,0,0,0.1,0,0,0,0,0,0.32433976490504746,0.3681053335213794,0.4340278899640277,1.0146429031494388,EGFR_amp x INSR_del,EGFR,amp,INSR,del,EGFR_amp,INSR_del,0.096684554,0.9738588001608857,0.042998052,0.000849844,0.39798568412193236,0.39798568412193236,0.40013254958125666,124
Methotrexate,RNA processing 2,-0.097380497,0.9674798047554428,15,45,945,121,821,3,0,0.1,0,0,0,0,0,0.31678718025695013,0.3727413961814097,0.42859237237949294,1.438059116408338,SF3B1_amp x SRSF2_amp,SF3B1,amp,SRSF2,amp,SF3B1_amp,SRSF2_amp,0.036470429979294915,0.9707152129474653,0.041558929076584004,0.000785511,0.39844769936633456,0.39844769936633456,0.3996286764441763,124
Methotrexate,RBL-TP53 complex,0.033821021,1,5,15,90,24,66,0,0,0.1,0,0,0,0,0,0.3602161748464113,0.3772659159050369,0.42335242936834083,0.7305534955261991,E2F1_amp x TP53_amp,E2F1,amp,TP53,amp,E2F1_amp,TP53_amp,0.1859715473078718,0.7798599770606565,0.055358813,0.000917821,0.3998373809591844,0.3998373809591844,0.3981166059522674,124
Methotrexate,Phosphatase 2A catalytic subunit,-0.029374212,1,5,15,90,16,73,1,0,0.1,0,0,0,0,0,0.34486389811804063,0.3860846929456659,0.41331741645678854,0.9268599642603251,PPP2CB_amp x PPP2R1A_amp,PPP2CB,amp,PPP2R1A,amp,PPP2CB_amp,PPP2R1A_amp,0.11834230821282321,0.840983782,0.049411294,0.000846166,0.40571611801069973,0.40571611801069973,0.3917777386006789,124
Methotrexate,Histone modifications in DNA damage response,-0.00611258,1,6,14,79,7,72,0,0,0.1,0,0,0,0,0,0.2977611317185063,0.401492956,0.3963220697661907,0.8506527575719379,CASP8_mut x CTCF_mut,CASP8,mut,CTCF,mut,CASP8_mut,CTCF_mut,0.14104160532544274,0.8524916456251642,0.046205113,0.000769784,0.41836240797053476,0.41836240797053476,0.37844734599648644,124
Methotrexate,Interferon signaling,-0.098793531,0.8608390433079387,8,24,252,12,228,12,0,0.1,0,0,0,0,0,0.31504105280273037,0.4128256125025909,0.38423336607203173,0.6979972601477085,PML_amp x TNF_amp,PML,amp,TNF,amp,PML_amp,TNF_amp,0.2004484673104009,0.8072990092494517,0.03146857,0.000763422,0.4265864662526773,0.4265864662526773,0.3699929269574215,124
Methotrexate,Contractile fiber,0.085343944,1,5,15,90,7,83,0,0,0.1,0,0,0,0,0,0.26126031688942847,0.4192772547268464,0.3774986968965839,0.896230473,C8orf34_amp x CBL_del,C8orf34,amp,CBL,del,C8orf34_amp,CBL_del,0.1269900011216878,0.8889300078518145,0.033912692,0.000639745,0.4296725585630492,0.4296725585630492,0.3668623820507989,124
Methotrexate,Regulation of mRNA processing,0.1116489658777821,0.278944587,7,21,189,35,154,0,0,0.1,0,0,0,0,0,0.28289722891769903,0.4275528291899133,0.36901021541969375,0.8728335440847965,SF1_amp x U2AF1_amp,SF1,amp,U2AF1,amp,SF1_amp,U2AF1_amp,0.13401902556587375,0.9791232905512071,0.038269418,0.000674415,0.4345618919635184,0.4345618919635184,0.36194836093220695,124
Methotrexate,Structural constituent of muscle,-0.050025703,1,6,18,135,9,126,0,0,0.1,0,0,0,0,0,0.26081081566766773,0.43427823638496116,0.36223193452160696,0.896230473,C8orf34_amp x CBL_del,C8orf34,amp,CBL,del,C8orf34_amp,CBL_del,0.1269900011216878,0.9835537667896165,0.033912692,0.000628867,0.43780895375394463,0.43780895375394463,0.3587153607987698,124
Methotrexate,Spliceosomal complex,0.096122378,1,6,18,135,22,113,0,0,0.1,0,0,0,0,0,0.2795145715400574,0.44866744221342697,0.3480754441287608,0.7990119036688735,RBM10_mut x SF1_mut,RBM10,mut,SF1,mut,RBM10_mut,SF1_mut,0.15885032083822614,0.9911606506255597,0.03383413,0.000658364,0.44866744221342697,0.44866744221342697,0.3480754441287608,124
Olaparib,Beta-catenin destruction complex,-0.007100861,1,5,15,90,8,82,0,0,0.1,1,1,0.011111111111111112,0.011111111111111112,0.125,0.6204296230620722,0.014382705631902725,1.8421594080785972,2.7235858405470115,APC_amp x HLA-A_amp,APC,amp,HLA-A,amp,APC_amp,HLA-A_amp,0.001889793,0.015118341335922362,0.017094686981904493,0.002391492,0.32511908558198493,0.32511908558198493,0.48795753521120616,124
Olaparib,MAPK signaling,-0.163794864,0.00105042,6,18,135,16,119,0,0,0.1,1,1,0.007407407,0.007407407,0.0625,0.4808844015021793,0.072782591,1.1379724894982148,2.236375021051912,FGFR4_amp x KRAS_mut,FGFR4,amp,KRAS,mut,FGFR4_amp,KRAS_mut,0.005802631,0.092842101,0.018844602044148055,0.001560412,0.32511908558198493,0.32511908558198493,0.48795753521120616,124
Olaparib,Wnt/beta-catenin,-0.081869728,1,8,23,231,28,203,0,0,0.1,1,1,0.004329004,0.004329004,0.035714286,0.4302692486721352,0.043430136,1.3622088138273822,2.7235858405470115,APC_amp x HLA-A_amp,APC,amp,HLA-A,amp,APC_amp,HLA-A_amp,0.001889793,0.052914195,0.014021561950159921,0.001439621,0.32511908558198493,0.32511908558198493,0.48795753521120616,124
Olaparib,Resolution of D-loop structures,0.1731392352959702,0.000311308,9,27,324,54,266,4,0,0.1,1,1,0.00308642,0.00308642,0.018518518518518517,0.4172712709378459,0.049333676,1.3068565244083616,2.948822841345572,BARD1_mut x TP53_mut,BARD1,mut,TP53,mut,BARD1_mut,TP53_mut,0.001125064,0.060753446260754955,0.018723892708430154,0.001313754,0.32511908558198493,0.32511908558198493,0.48795753521120616,124
Olaparib,PML body,0.022981135,1,9,27,324,53,270,1,0,0.1,1,1,0.00308642,0.00308642,0.018867924528301886,0.3578613932736176,0.077557674,1.1103752222217698,2.7312549024362465,CREBBP_mut x NPM1_amp,CREBBP,mut,NPM1,amp,CREBBP_mut,NPM1_amp,0.001856714,0.098405861,0.015759471801070502,0.001014701,0.32511908558198493,0.32511908558198493,0.48795753521120616,124
Olaparib,Regulation of nuclear protein ubiquitiation,-0.188404059,3.687954081099676e-05,11,32,465,86,378,1,0,0.1,1,1,0.002150538,0.002150538,0.011627906976744186,0.41570152438226127,0.068925651,1.1616191217461218,2.948822841345572,BARD1_mut x TP53_mut,BARD1,mut,TP53,mut,BARD1_mut,TP53_mut,0.001125064,0.096755488,0.019576434,0.001265672,0.32511908558198493,0.32511908558198493,0.48795753521120616,124
Olaparib,Metabolic pathways,0.043587738,1,12,36,594,81,513,0,0,0.1,1,1,0.001683502,0.001683502,0.012345679012345678,0.41184201393980296,0.056334579,1.2492249499026635,2.986594899894381,CYP3A5_amp x TPMT_amp,CYP3A5,amp,TPMT,amp,CYP3A5_amp,TPMT_amp,0.001031348,0.083539163,0.01793591,0.00125389,0.32511908558198493,0.32511908558198493,0.48795753521120616,124
Olaparib,Mismatch and excision repair,-0.052403216,1,32,95,4371,755,3600,16,0,0.1,1,1,0.000228781,0.000228781,0.001324503,0.4247407218368201,0.038633055,1.4130409497104324,4.157855604821894,CDKN1A_amp x POLD1_amp,CDKN1A,amp,POLD1,amp,CDKN1A_amp,POLD1_amp,6.952554392120457e-05,0.052491786,0.019599296,0.001269598,0.32511908558198493,0.32511908558198493,0.48795753521120616,124
Olaparib,Type I interferon signaling pathway,0.083737651,1,7,21,189,1,176,12,0,0.1,0,0,0,0,0,0.8017507335480701,0.15785170109757685,0.8017507335480701,0.8017507335480701,PML_amp x TNF_amp,PML,amp,TNF,amp,PML_amp,TNF_amp,0.15785170109757685,0.15785170109757685,0.049687268040402806,0.002609932,0.32511908558198493,0.32511908558198493,0.48795753521120616,124
Olaparib,Cell-extracellular matrix interactions,0.042642638,1,5,15,90,5,85,0,0,0.1,0,0,0,0,0,0.7021257680158233,0.14918179816259505,0.8262841623846113,1.1909754044701917,CASR_amp x MYH11_amp,CASR,amp,MYH11,amp,CASR_amp,MYH11_amp,0.064420575,0.250480575,0.052780035,0.002266019,0.32511908558198493,0.32511908558198493,0.48795753521120616,124
Olaparib,MHC class I including non-classical MHCs,-0.027448999,1,8,24,252,28,210,14,0,0.1,0,0,0,0,0,0.5836703235745302,0.12512903290536084,0.9026419119875976,1.623052777772693,HLA-B_del x HLA-F_del,HLA-B,del,HLA-F,del,HLA-B_del,HLA-F_del,0.023820299748311697,0.2559375397131362,0.037408186,0.001922561,0.32511908558198493,0.32511908558198493,0.48795753521120616,124
Olaparib,Transcription elongation,-0.074431455,1,8,24,252,29,222,1,0,0.1,0,0,0,0,0,0.5339225659271372,0.11620484463674023,0.9347757656191465,1.9178345100745622,CHD2_del x TERT_amp,CHD2,del,TERT,amp,CHD2_del,TERT_amp,0.012082741658673072,0.28990235810477727,0.024613208625146276,0.001755506,0.32511908558198493,0.32511908558198493,0.48795753521120616,124
Olaparib,TGF-beta/Smad signaling,0.061507312,1,7,21,189,20,167,2,0,0.1,0,0,0,0,0,0.5252091001337316,0.0831025,1.0803859130394735,2.1991647442615463,PTEN_mut x SMAD2_del,PTEN,mut,SMAD2,del,PTEN_mut,SMAD2_del,0.00632172,0.12643439984531357,0.029618576300447848,0.001682992,0.32511908558198493,0.32511908558198493,0.48795753521120616,124
Olaparib,Nuclear pore,-0.012221727,1,5,15,90,13,77,0,0,0.1,0,0,0,0,0,0.521588645,0.1438743782710491,0.8420165400887272,1.6777501147115998,NUP98_del x TERT_amp,NUP98,del,TERT,amp,NUP98_del,TERT_amp,0.021001479236545564,0.2730192300750923,0.02581527,0.001595402,0.32511908558198493,0.32511908558198493,0.48795753521120616,124
Olaparib,Nuclear transport,-0.110664026,0.334862709,7,21,189,21,168,0,0,0.1,0,0,0,0,0,0.5093257932526295,0.14585162630549822,0.8360887239535203,1.6777501147115998,NUP98_del x TERT_amp,NUP98,del,TERT,amp,NUP98_del,TERT_amp,0.021001479236545564,0.3441106950672388,0.023218242508040363,0.001601274,0.32511908558198493,0.32511908558198493,0.48795753521120616,124
Olaparib,Lymphocyte activation,-0.082500929,1,39,115,6442,728,5565,149,0,0.1,0,0,0,0,0,0.49572815901153544,0.047224128933241676,1.3258360440567467,3.3777682091131167,FCGR2A_amp x HLA-DQB1_amp,FCGR2A,amp,HLA-DQB1,amp,FCGR2A_amp,HLA-DQB1_amp,0.000419017,0.17057879979187673,0.024954550129687007,0.001586327,0.32511908558198493,0.32511908558198493,0.48795753521120616,124
Olaparib,RAS-RAF-MAPK,-0.053437369,1,7,21,189,33,155,1,0,0.1,0,0,0,0,0,0.49055812487100425,0.18142062610294146,0.7413133385909435,1.7722738300523981,KRAS_mut x MAP2K1_amp,KRAS,mut,MAP2K1,amp,KRAS_mut,MAP2K1_amp,0.016893754,0.557493887,0.023282958191787145,0.001464609,0.32511908558198493,0.32511908558198493,0.48795753521120616,124
Olaparib,Regulation of beta catenin transcriptional activity,-0.175211331,0.000234429,10,30,405,93,311,1,0,0.1,0,0,0,0,0,0.48990255142018774,0.12368334873083155,0.907688765,2.2836713365192534,HDAC2_amp x KAT6A_amp,HDAC2,amp,KAT6A,amp,HDAC2_amp,KAT6A_amp,0.005203897,0.35931673261606295,0.024333541,0.001524011,0.32511908558198493,0.32511908558198493,0.48795753521120616,124
Olaparib,p53 regulation of cell cycle,-0.089401522,1,5,15,90,26,61,3,0,0.1,0,0,0,0,0,0.4873756995251174,0.10493569967511801,0.9790767374088245,2.189623915330098,CDKN1A_amp x TP53_mut,CDKN1A,amp,TP53,mut,CDKN1A_amp,TP53_mut,0.006462136,0.16801553246885165,0.023959643130588775,0.001502928,0.32511908558198493,0.32511908558198493,0.48795753521120616,124
Olaparib,Fas,-0.237813296,1.1852365311426638e-08,7,21,189,29,157,3,0,0.1,0,0,0,0,0,0.4868816697546841,0.11292597970192014,0.9472061329800534,2.1668740814846807,DAXX_amp x TP53_mut,DAXX,amp,TP53,mut,DAXX_amp,TP53_mut,0.006809668,0.19748036280193143,0.021442782906583597,0.001485054,0.32511908558198493,0.32511908558198493,0.48795753521120616,124
Olaparib,G1 to S cell cycle control,-0.013067034,1,13,38,666,129,529,8,0,0.1,0,0,0,0,0,0.4818959860983112,0.083105969,1.080367781681601,2.7495113188908613,CCND3_amp x TP53_mut,CCND3,amp,TP53,mut,CCND3_amp,TP53_mut,0.001780282,0.22965631469834744,0.020117247112129984,0.00153526,0.32511908558198493,0.32511908558198493,0.48795753521120616,124
Olaparib,Immune system,0.04942366,1,99,288,41047,4522,36261,264,0,0.1,0,0,0,0,0,0.48136224543338596,0.061068073,1.2141857820995374,3.921983066448492,LYN_amp x PRDM1_del,LYN,amp,PRDM1,del,LYN_amp,PRDM1_del,0.000119679,0.2874111853390723,0.021723861632830285,0.001522075,0.32511908558198493,0.32511908558198493,0.48795753521120616,124
Olaparib,Cohesin,-0.001282716,1,5,15,90,23,66,1,0,0.1,0,0,0,0,0,0.4791730631681806,0.1146550389209244,0.9406068539086297,2.074160137515369,SMC1A_del x STAG1_amp,SMC1A,del,STAG1,amp,SMC1A_del,STAG1_amp,0.008430239,0.1938954859708295,0.027176415,0.001503699,0.32511908558198493,0.32511908558198493,0.48795753521120616,124
Olaparib,Regulation of immune responses,-0.033330233,1,57,168,13863,1465,12194,204,0,0.1,0,0,0,0,0,0.4788462389224545,0.12869580174431508,0.8904356202208374,2.7361894732711405,CD40_amp x MS4A1_amp,CD40,amp,MS4A1,amp,CD40_amp,MS4A1_amp,0.001835737,0.6433583773563252,0.023606866840029894,0.001487393,0.32511908558198493,0.32511908558198493,0.48795753521120616,124
Olaparib,G1/S phase,0.034743369,1,19,54,1380,332,1038,10,0,0.1,0,0,0,0,0,0.4749103789773111,0.11821239125767477,0.9273369974583612,2.830242708526917,CDKN1A_amp x MYC_amp,CDKN1A,amp,MYC,amp,CDKN1A_amp,MYC_amp,0.001478282,0.4907896269793223,0.022244705,0.001460898,0.32511908558198493,0.32511908558198493,0.48795753521120616,124
Olaparib,Histone deacetylase binding,-0.101051268,0.7697798545819403,16,47,1035,186,844,5,0,0.1,0,0,0,0,0,0.4748951733181585,0.1318897864091593,0.8797888350668979,2.3600384451995264,CHD4_amp x IRF2_del,CHD4,amp,IRF2,del,CHD4_amp,IRF2_del,0.004364772,0.4948589428663033,0.021930926,0.001474797,0.32511908558198493,0.32511908558198493,0.48795753521120616,124
Olaparib,CDK holoenzyme complex II,0.009101637,1,17,48,1083,210,864,9,0,0.1,0,0,0,0,0,0.4746285530423532,0.093453027,1.0294066252264908,2.7495113188908613,CCND3_amp x TP53_mut,CCND3,amp,TP53,mut,CCND3_amp,TP53_mut,0.001780282,0.33926213286979656,0.020021340252099576,0.001494926,0.32511908558198493,0.32511908558198493,0.48795753521120616,124
Olaparib,Cyclin D associated events in G1,-0.126427115,0.07446879,27,77,2853,551,2287,15,0,0.1,0,0,0,0,0,0.472041532,0.1062483302454683,0.9736778864153207,2.7495113188908613,CCND3_amp x TP53_mut,CCND3,amp,TP53,mut,CCND3_amp,TP53_mut,0.001780282,0.413358586,0.020030506,0.001459189,0.32511908558198493,0.32511908558198493,0.48795753521120616,124
Olaparib,Protein nuclear transport,0.1796506897051905,0.000128175,6,18,135,17,118,0,0,0.1,0,0,0,0,0,0.46941338326312637,0.16533413635023372,0.781637469,1.6777501147115998,NUP98_del x TERT_amp,NUP98,del,TERT,amp,NUP98_del,TERT_amp,0.021001479236545564,0.3570251470212746,0.023218242508040363,0.001428786,0.32511908558198493,0.32511908558198493,0.48795753521120616,124
Olaparib,NeST:195,0.1201027521110994,0.1394266507702217,6,18,135,30,105,0,0,0.1,0,0,0,0,0,0.46936778602705437,0.1270923609888562,0.8958805523577791,1.9355412546723818,EGFR_amp x FRS2_amp,EGFR,amp,FRS2,amp,EGFR_amp,FRS2_amp,0.011600020195457498,0.27459777563120896,0.015677744351952454,0.001505405,0.32511908558198493,0.32511908558198493,0.48795753521120616,124
Olaparib,Extended PRC1 complex,0.059990023,1,8,24,252,56,196,0,0,0.1,0,0,0,0,0,0.46884018646429426,0.13718333504753327,0.8626986432683572,2.2407869331991295,BCOR_del x EZH2_amp,BCOR,del,EZH2,amp,BCOR_del,EZH2_amp,0.005743982,0.32166298942209615,0.022854386235388074,0.001427613,0.32511908558198493,0.32511908558198493,0.48795753521120616,124
Olaparib,p53 regulation,-0.117904373,0.1715122938394992,11,29,379,74,300,5,0,0.1,0,0,0,0,0,0.46527700318923076,0.14258530252713497,0.845925239,2.231105486,BRCA1_mut x SMARCA4_mut,BRCA1,mut,SMARCA4,mut,BRCA1_mut,SMARCA4_mut,0.005873467,0.43463653886294273,0.022275131555099668,0.001423012,0.32511908558198493,0.32511908558198493,0.48795753521120616,124
Olaparib,CDK holoenzyme complex I,0.031797571,1,15,43,862,189,665,8,0,0.1,0,0,0,0,0,0.46395732842994053,0.1034298279912934,0.985354198,2.7495113188908613,CCND3_amp x TP53_mut,CCND3,amp,TP53,mut,CCND3_amp,TP53_mut,0.001780282,0.33647320525571833,0.018344396,0.001439224,0.32511908558198493,0.32511908558198493,0.48795753521120616,124
Olaparib,Apoptosis Regulation,-0.231899911,3.4066954812672634e-08,13,37,631,99,527,5,0,0.1,0,0,0,0,0,0.4627129796269341,0.18877882388631384,0.7240467239421727,1.7747761825075599,BCL2_del x BCL2L1_amp,BCL2,del,BCL2L1,amp,BCL2_del,BCL2L1_amp,0.016796694275621516,0.6142473669199702,0.023080821762731657,0.001382551,0.32511908558198493,0.32511908558198493,0.48795753521120616,124
Olaparib,NeST:16,0.1512828478353824,0.004904091,22,64,1954,270,1681,3,0,0.1,0,0,0,0,0,0.46196805207414915,0.16884249098804488,0.7725182491829807,2.1064896957617556,EPCAM_amp x RET_amp,EPCAM,amp,RET,amp,EPCAM_amp,RET_amp,0.007825468,0.7499844271308231,0.021631673,0.001405114,0.32511908558198493,0.32511908558198493,0.48795753521120616,124
Olaparib,Checkpoint-regulated DNA repair,-0.105655112,0.5208064092961591,41,118,6790,1296,5474,20,0,0.1,0,0,0,0,0,0.46160408019318155,0.10564603908174114,0.9761467810270957,2.948822841345572,BARD1_mut x TP53_mut,BARD1,mut,TP53,mut,BARD1_mut,TP53_mut,0.001125064,0.5521341725695391,0.020654332,0.001414418,0.32511908558198493,0.32511908558198493,0.48795753521120616,124
Olaparib,Beta-catenin,-0.188537295,3.61739985348386e-05,5,14,78,20,58,0,0,0.1,0,0,0,0,0,0.4597406570207282,0.08408173,1.0752983601727677,2.246485850105315,DAXX_amp x MYC_amp,DAXX,amp,MYC,amp,DAXX_amp,MYC_amp,0.0056691,0.11338200838183461,0.022260517901891794,0.001451746,0.32511908558198493,0.32511908558198493,0.48795753521120616,124
Olaparib,RNA metabolism,0.011218897,1,22,65,2016,315,1693,8,0,0.1,0,0,0,0,0,0.4591486625926194,0.170290593,0.7688093418220452,1.9102414002348171,SRSF2_amp x TNF_amp,SRSF2,amp,TNF,amp,SRSF2_amp,TNF_amp,0.012295851226002344,0.5938951995096438,0.022645932056734503,0.001409832,0.32511908558198493,0.32511908558198493,0.48795753521120616,124
Olaparib,TNFR/Traf signaling,-0.252249538,8.090783598646566e-10,12,36,594,88,503,3,0,0.1,0,0,0,0,0,0.4583840958195888,0.14343718216372905,0.8433382551160064,2.2662887197215786,MAP3K7_del x TP53_del,MAP3K7,del,TP53,del,MAP3K7_del,TP53_del,0.005416407,0.47664380457659034,0.024980709859416292,0.001410334,0.32511908558198493,0.32511908558198493,0.48795753521120616,124
Olaparib,EGFR/PI3K signaling,-0.182721206,8.306846326822104e-05,11,33,495,57,438,0,0,0.1,0,0,0,0,0,0.4506416051231719,0.18833757532954726,0.7250630250163265,1.7463233976679038,MET_amp x PIK3R2_amp,MET,amp,PIK3R2,amp,MET_amp,PIK3R2_amp,0.017933977,0.6652850519242947,0.023556778,0.001363599,0.32511908558198493,0.32511908558198493,0.48795753521120616,124
Olaparib,ECM-cytoskeleton assembly,0.2500374317685109,1.2407128657798694e-09,6,18,135,8,127,0,0,0.1,0,0,0,0,0,0.4506228879688432,0.18701137485438862,0.7281319769594743,1.4500765282098098,PDGFRB_amp x TNF_amp,PDGFRB,amp,TNF,amp,PDGFRB_amp,TNF_amp,0.035475087,0.2838006976889776,0.023452391316002588,0.001280248,0.32511908558198493,0.32511908558198493,0.48795753521120616,124
Olaparib,Mitosis,-0.042998787,1,29,83,3324,737,2573,14,0,0.1,0,0,0,0,0,0.45035531401507367,0.12270370856740719,0.9111423110625547,2.830242708526917,CDKN1A_amp x MYC_amp,CDKN1A,amp,MYC,amp,CDKN1A_amp,MYC_amp,0.001478282,0.6330254695707144,0.020642145966493823,0.001353276,0.32511908558198493,0.32511908558198493,0.48795753521120616,124
Olaparib,Epigenetic modification,0.111934333,0.2994667302012348,30,84,3407,693,2699,15,0,0.1,0,0,0,0,0,0.4417093391680533,0.11036348765169587,0.9571745836191554,2.969636534833368,PRDM1_del x TP53_del,PRDM1,del,TP53,del,PRDM1_del,TP53_del,0.001072416,0.38983461350651094,0.020012676,0.001333087,0.32511908558198493,0.32511908558198493,0.48795753521120616,124
Olaparib,Regulation of TP53 Activity,-0.071838473,1,11,33,495,93,400,2,0,0.1,0,0,0,0,0,0.4408637991326791,0.15990548353817166,0.7961366430108906,2.231105486,BRCA1_mut x SMARCA4_mut,BRCA1,mut,SMARCA4,mut,BRCA1_mut,SMARCA4_mut,0.005873467,0.5462324069493739,0.022927619030496307,0.001303386,0.32511908558198493,0.32511908558198493,0.48795753521120616,124
Olaparib,RNA processing 2,-0.03153306,1,15,45,945,111,829,5,0,0.1,0,0,0,0,0,0.4360519044401315,0.159201612,0.7980525398058534,1.9102414002348171,SRSF2_amp x TNF_amp,SRSF2,amp,TNF,amp,SRSF2_amp,TNF_amp,0.012295851226002344,0.4304359249847269,0.021113675,0.001331968,0.32511908558198493,0.32511908558198493,0.48795753521120616,124
Olaparib,PI3-K/Akt,-0.266439185,4.985656332223698e-11,6,18,135,21,114,0,0,0.1,0,0,0,0,0,0.4358656939514392,0.17700427493161558,0.7520162446167735,1.7509402582567037,EGFR_mut x IRS1_mut,EGFR,mut,IRS1,mut,EGFR_mut,IRS1_mut,0.017744335559763385,0.37263104675503106,0.025199084604759284,0.001328132,0.32511908558198493,0.32511908558198493,0.48795753521120616,124
Olaparib,PcG protein complex,-0.041458302,1,9,27,324,73,251,0,0,0.1,0,0,0,0,0,0.4351954497237438,0.067360641,1.171593790967753,2.8136277760185453,CHD2_amp x EZH2_amp,CHD2,amp,EZH2,amp,CHD2_amp,EZH2_amp,0.001535933,0.11212309674555054,0.021072954712354066,0.00133547,0.32511908558198493,0.32511908558198493,0.48795753521120616,124
Olaparib,Extended cohesin complex,0.016385264,1,6,18,135,38,96,1,0,0.1,0,0,0,0,0,0.4336420174357984,0.15055344997296752,0.8223092880618472,2.074160137515369,SMC1A_del x STAG1_amp,SMC1A,del,STAG1,amp,SMC1A_del,STAG1_amp,0.008430239,0.32034906377789224,0.021998084,0.001292981,0.32511908558198493,0.32511908558198493,0.48795753521120616,124
Olaparib,INSR-FOXO,-0.19996661,6.578001110701948e-06,25,75,2700,313,2385,2,0,0.1,0,0,0,0,0,0.43165373123291007,0.18082603729086616,0.7427390349359081,2.4477740314434673,AKT2_amp x IRS2_amp,AKT2,amp,IRS2,amp,AKT2_amp,IRS2_amp,0.003566366,0.9117276631309545,0.022313368,0.001271339,0.32511908558198493,0.32511908558198493,0.48795753521120616,124
Olaparib,Mediator/CCR-NOT complex,-0.120681622,0.1314146379295651,9,27,324,44,279,1,0,0.1,0,0,0,0,0,0.42929701343682897,0.10617993880014978,0.9739575293128586,2.3770950183720085,CDK8_del x DICER1_amp,CDK8,del,DICER1,amp,CDK8_del,DICER1_amp,0.004196672,0.1846535485764996,0.021154131229492855,0.001334504,0.32511908558198493,0.32511908558198493,0.48795753521120616,124
Olaparib,PIK3/AKT signaling,-0.235366817,1.8401173251803016e-08,11,33,495,57,436,2,0,0.1,0,0,0,0,0,0.4284942941437806,0.16581803256576108,0.7803682420730925,2.0825840081634546,FOXO3_del x PRKDC_amp,FOXO3,del,PRKDC,amp,FOXO3_del,PRKDC_amp,0.008268296,0.47129284608887195,0.021810536763062036,0.0012659,0.32511908558198493,0.32511908558198493,0.48795753521120616,124
Olaparib,NeST:78,0.057782457,1,10,30,405,98,307,0,0,0.1,0,0,0,0,0,0.4263587805904701,0.15784266528465493,0.801775594,1.9967031537594278,ATRX_del x NF1_del,ATRX,del,NF1,del,ATRX_del,NF1_del,0.010076201557393935,0.6225260346698098,0.017125595580392283,0.001327689,0.32511908558198493,0.32511908558198493,0.48795753521120616,124
Olaparib,Homologous recombination (HR) and Fanconi Anemia repair,-0.140873356,0.016119875,29,86,3570,614,2947,9,0,0.1,0,0,0,0,0,0.42164010898710486,0.10098940291189751,0.9957241955078749,3.011193682907258,FANCA_mut x NBN_amp,FANCA,mut,NBN,amp,FANCA_mut,NBN_amp,0.000974555,0.34539459263058836,0.019669247144695326,0.00127186,0.32511908558198493,0.32511908558198493,0.48795753521120616,124
Olaparib,RNA processing 1,0.04650081,1,30,87,3657,557,3077,23,0,0.1,0,0,0,0,0,0.4209412292608827,0.17200553883995362,0.764457568,2.7312549024362465,CREBBP_mut x NPM1_amp,CREBBP,mut,NPM1,amp,CREBBP_mut,NPM1_amp,0.001856714,0.916169712,0.021205382054819363,0.001248627,0.32511908558198493,0.32511908558198493,0.48795753521120616,124
Olaparib,Cell projection morphogenesis,0.051402838,1,8,24,252,44,206,2,0,0.1,0,0,0,0,0,0.4204640147373922,0.1253657407143654,0.9018211289877183,2.297001080297647,EPHA5_del x SLIT2_del,EPHA5,del,SLIT2,del,EPHA5_del,SLIT2_del,0.0050466,0.22205041858189903,0.019316653,0.001240397,0.32511908558198493,0.32511908558198493,0.48795753521120616,124
Olaparib,Positive regulators of transcription,0.02730952,1,15,43,862,199,659,4,0,0.1,0,0,0,0,0,0.42012451452811883,0.1599706863055449,0.7959595919821688,2.2836713365192534,HDAC2_amp x KAT6A_amp,HDAC2,amp,KAT6A,amp,HDAC2_amp,KAT6A_amp,0.005203897,0.7346151646911461,0.01770912,0.001261204,0.32511908558198493,0.32511908558198493,0.48795753521120616,124
Olaparib,Protein Transport,-0.13691169,0.024886623,15,45,945,208,736,1,0,0.1,0,0,0,0,0,0.41283320444019483,0.17467101230909524,0.7577791627833599,2.245367210329445,RINT1_amp x SEC23B_del,RINT1,amp,SEC23B,del,RINT1_amp,SEC23B_del,0.005683722,0.8188422951792478,0.018598645,0.001223816,0.32511908558198493,0.32511908558198493,0.48795753521120616,124
Olaparib,Chromatin binding,0.077398527,1,91,262,33938,6691,27120,127,0,0.1,0,0,0,0,0,0.40971862078462834,0.10975913237515558,0.9595593346381579,3.9721010948984516,CDC73_amp x MTA1_amp,CDC73,amp,MTA1,amp,CDC73_amp,MTA1_amp,0.000106635,0.4000701487203422,0.019334533962859893,0.001202828,0.32511908558198493,0.32511908558198493,0.48795753521120616,124
Olaparib,Cell motility,-0.047723366,1,80,236,27498,3481,23985,32,0,0.1,0,0,0,0,0,0.40821752831769725,0.15581238780725748,0.8073980168658715,3.0727573389762424,ESR1_amp x GNAS_amp,ESR1,amp,GNAS,amp,ESR1_amp,GNAS_amp,0.000845751,0.9948160749850226,0.019360238037219125,0.001195774,0.32511908558198493,0.32511908558198493,0.48795753521120616,124
Olaparib,Histone acetyltransferase complex,-0.033426387,1,14,39,705,107,597,1,0,0.1,0,0,0,0,0,0.4061282003678224,0.18683253450178766,0.7285474946782722,2.2836713365192534,HDAC2_amp x KAT6A_amp,HDAC2,amp,KAT6A,amp,HDAC2_amp,KAT6A_amp,0.005203897,0.5568169423770702,0.020024653,0.001166507,0.32511908558198493,0.32511908558198493,0.48795753521120616,124
Olaparib,Homologous recombination,0.098896491,0.9221755257903664,12,36,594,104,486,4,0,0.1,0,0,0,0,0,0.4060593016985212,0.080820056,1.0924808542281959,2.948822841345572,BARD1_mut x TP53_mut,BARD1,mut,TP53,mut,BARD1_mut,TP53_mut,0.001125064,0.11700663724293547,0.018210863436697936,0.001216706,0.32511908558198493,0.32511908558198493,0.48795753521120616,124
Olaparib,Transmembrane tyrosine kinase signaling,-0.199784833,6.763760091788029e-06,53,159,12402,1566,10795,41,0,0.1,0,0,0,0,0,0.40448871760736604,0.091401095,1.0390485998636443,3.600605476732809,HLA-A_amp x RASA1_amp,HLA-A,amp,RASA1,amp,HLA-A_amp,RASA1_amp,0.000250839,0.21415450820151666,0.020161727695188324,0.00118675,0.32511908558198493,0.32511908558198493,0.48795753521120616,124
Olaparib,mTOR regulation of autophagy/ribosome biogenesis,-0.241903181,5.626170640482542e-09,8,23,231,39,192,0,0,0.1,0,0,0,0,0,0.402403635,0.13734002595985673,0.8622028748519528,2.1836363181987997,RPTOR_amp x SQSTM1_amp,RPTOR,amp,SQSTM1,amp,RPTOR_amp,SQSTM1_amp,0.006551846,0.2555219945560526,0.014858580525846665,0.00120649,0.32511908558198493,0.32511908558198493,0.48795753521120616,124
Olaparib,Metabolism,0.075795213,1,18,53,1326,235,1089,2,0,0.1,0,0,0,0,0,0.4005602780595328,0.059365839383891374,1.2264633872527295,3.2961141249914854,GATA1_del x TPMT_amp,GATA1,del,TPMT,amp,GATA1_del,TPMT_amp,0.000505692,0.11883756303483026,0.017072904,0.001170904,0.32511908558198493,0.32511908558198493,0.48795753521120616,124
Olaparib,Locomotion,0.025582743,1,33,99,4752,621,4127,4,0,0.1,0,0,0,0,0,0.3975862648118069,0.14020862135480272,0.8532252810077315,3.0727573389762424,ESR1_amp x GNAS_amp,ESR1,amp,GNAS,amp,ESR1_amp,GNAS_amp,0.000845751,0.525211542,0.017614305342478223,0.001163576,0.32511908558198493,0.32511908558198493,0.48795753521120616,124
Olaparib,MDM2-p53 pathway,-0.047158348,1,8,23,231,66,162,3,0,0.1,0,0,0,0,0,0.3965323226639531,0.17195650543606986,0.7645813893590127,2.189623915330098,CDKN1A_amp x TP53_mut,CDKN1A,amp,TP53,mut,CDKN1A_amp,TP53_mut,0.006462136,0.4265009670363157,0.017868673710984766,0.001119136,0.32511908558198493,0.32511908558198493,0.48795753521120616,124
Olaparib,Polybromo- and BAF containing complex,0.017081336,1,12,35,561,98,463,0,0,0.1,0,0,0,0,0,0.39625443978933605,0.1714201722338614,0.7659380728774237,2.3035644007617826,PBRM1_del x SOX2_amp,PBRM1,del,SOX2,amp,PBRM1_del,SOX2_amp,0.004970907,0.48714884245284734,0.019016434562361746,0.001150287,0.32511908558198493,0.32511908558198493,0.48795753521120616,124
Olaparib,MutL alpha/beta complex,0.071757859,1,5,15,90,13,77,0,0,0.1,0,0,0,0,0,0.3953403573962747,0.093777926,1.0278993761148363,2.0487481768617806,BRIP1_mut x PMS2_amp,BRIP1,mut,PMS2,amp,BRIP1_mut,PMS2_amp,0.008938236,0.11619706955257211,0.011301671558823874,0.001245719,0.32511908558198493,0.32511908558198493,0.48795753521120616,124
Olaparib,Ubiquitin/Proteasome System,-0.161862826,0.001341503,21,59,1655,210,1435,10,0,0.1,0,0,0,0,0,0.3865039930739498,0.090447134,1.0436051884638182,2.9960609144272854,NF2_amp x PRAME_amp,NF2,amp,PRAME,amp,NF2_amp,PRAME_amp,0.001009111,0.21191338088249914,0.017922980762108028,0.001133248,0.32511908558198493,0.32511908558198493,0.48795753521120616,124
Olaparib,BAF (SWI/SNF) complex,0.030600513,1,8,24,252,45,207,0,0,0.1,0,0,0,0,0,0.3851961629711375,0.12030284755807205,0.9197240928253969,2.3035644007617826,PBRM1_del x SOX2_amp,PBRM1,del,SOX2,amp,PBRM1_del,SOX2_amp,0.004970907,0.22369079500385847,0.019064653883135513,0.001139929,0.32511908558198493,0.32511908558198493,0.48795753521120616,124
Olaparib,HDACs deacetylate histones,-0.062424663,1,16,47,1035,201,832,2,0,0.1,0,0,0,0,0,0.3644962993154978,0.15966279751940973,0.7967962655409866,2.6207826674193866,HDAC2_del x RUNX1T1_amp,HDAC2,del,RUNX1T1,amp,HDAC2_del,RUNX1T1_amp,0.002394514,0.4812972608116233,0.017968575,0.001017123,0.32511908558198493,0.32511908558198493,0.48795753521120616,124
Olaparib,Phosphatase 2A catalytic subunit,0.063927308,1,5,15,90,14,75,1,0,0.1,0,0,0,0,0,0.33365892179344253,0.129898599,0.8863955330146249,1.9283841545393439,PPP2CB_amp x PPP2R1A_amp,PPP2CB,amp,PPP2R1A,amp,PPP2CB_amp,PPP2R1A_amp,0.011792770464061181,0.16509878649685653,0.014361309137117709,0.00095774,0.32511908558198493,0.32511908558198493,0.48795753521120616,124
Olaparib,H3 acetylation and H3K4 methylation crosstalk,-0.029405643,1,5,13,66,22,43,1,0,0.1,0,0,0,0,0,0.4995798627555301,0.19613989379061314,0.7074340642055761,1.301481042426705,EP300_del x TP53_mut,EP300,del,TP53,mut,EP300_del,TP53_mut,0.049948098,0.41654300912580783,0.024029790797709227,0.001520803,0.32773678586044613,0.32773678586044613,0.48447480976322593,124
Olaparib,Histone methyltransferase complex,0.03341621,1,11,31,435,125,308,2,0,0.1,0,0,0,0,0,0.45923585656428134,0.2061570104606032,0.6858018922349807,1.794482964476503,MEN1_amp x TNF_amp,MEN1,amp,TNF,amp,MEN1_amp,TNF_amp,0.016051552202672847,0.6992363634326412,0.022007158745451085,0.001359551,0.32773678586044613,0.32773678586044613,0.48447480976322593,124
Olaparib,Foxo signaling,-0.073892926,1,10,30,405,73,331,1,0,0.1,0,0,0,0,0,0.43761550378263075,0.19548529486249402,0.7088859063001933,2.064590213369596,AR_del x FOXO3_amp,AR,del,FOXO3,amp,AR_del,FOXO3_amp,0.008618065,0.6291187758378235,0.023349076,0.001280555,0.32773678586044613,0.32773678586044613,0.48447480976322593,124
Olaparib,Integrator-PP2A complex,-0.050418061,1,12,35,561,104,454,3,0,0.1,0,0,0,0,0,0.391491375,0.20378051428881436,0.6908373460480881,2.026079299823248,MYC_amp x PPP2R1A_amp,MYC,amp,PPP2R1A,amp,MYC_amp,PPP2R1A_amp,0.009417176,0.6132240641311815,0.016980233112842004,0.001129897,0.32773678586044613,0.32773678586044613,0.48447480976322593,124
Olaparib,Ubiquitin regulation of p53 activity,-0.106461195,0.4856408601350599,9,25,277,23,253,1,0,0.1,0,0,0,0,0,0.38574036156565167,0.20086239509440112,0.6971013630609972,1.797603403804571,SKP1_amp x TNF_amp,SKP1,amp,TNF,amp,SKP1_amp,TNF_amp,0.015936634,0.36654258,0.023596709299955672,0.001053075,0.32773678586044613,0.32773678586044613,0.48447480976322593,124
Olaparib,Ribosome biogenesis,0.1204332665170305,0.1350480462999184,18,50,1179,197,978,4,0,0.1,0,0,0,0,0,0.36855191540586657,0.20349249810467407,0.6914515967178666,2.4300513798515992,DDX3X_del x FOXL2_amp,DDX3X,del,FOXL2,amp,DDX3X_del,FOXL2_amp,0.003714913,0.7318378150435703,0.018627152040981323,0.001040797,0.32773678586044613,0.32773678586044613,0.48447480976322593,124
Olaparib,NeST:29,0.057440911,1,14,40,742,75,667,0,0,0.1,0,0,0,0,0,0.4574675092293962,0.21419029406500872,0.6692002129136528,1.6748282766686966,ADGRA2_amp x VEGFA_amp,ADGRA2,amp,VEGFA,amp,ADGRA2_amp,VEGFA_amp,0.021143248946698962,0.7728034387271371,0.024633265417519076,0.001335551,0.3284383797402389,0.3284383797402389,0.4835460990084834,124
Olaparib,Extracellular matrix,-0.073343377,1,8,23,231,14,217,0,0,0.1,0,0,0,0,0,0.4320784454017324,0.21610400097746119,0.6653371924580432,1.4500765282098098,PDGFRB_amp x TNF_amp,PDGFRB,amp,TNF,amp,PDGFRB_amp,TNF_amp,0.035475087,0.4966512209557108,0.023452391316002588,0.001241092,0.3284383797402389,0.3284383797402389,0.4835460990084834,124
Olaparib,Regulation of E2F transcription via DREAM complex,-0.043901175,1,11,32,465,112,350,3,0,0.1,0,0,0,0,0,0.4131410547816789,0.21187392242765574,0.6739224932311931,2.1305973416557302,E2F3_amp x MDM2_amp,E2F3,amp,MDM2,amp,E2F3_amp,MDM2_amp,0.007402913,0.8291262804703686,0.019953197,0.001175255,0.3284383797402389,0.3284383797402389,0.4835460990084834,124
Olaparib,Endoplasmic Reticulum protein processing,-0.024425953,1,6,18,135,31,104,0,0,0.1,0,0,0,0,0,0.4088596081453862,0.217193122,0.6631539317870018,1.5540133448354299,ARFRP1_amp x TUSC3_del,ARFRP1,amp,TUSC3,del,ARFRP1_amp,TUSC3_del,0.02792458,0.6280374679951113,0.018473180332030083,0.001175354,0.3284383797402389,0.3284383797402389,0.4835460990084834,124
Olaparib,Mediator complex,-0.073191282,1,6,18,135,23,111,1,0,0.1,0,0,0,0,0,0.4198381106240495,0.22151031327965645,0.6546060486906868,1.5506112853165857,FBXW7_amp x MED12_del,FBXW7,amp,MED12,del,FBXW7_amp,MED12_del,0.028144187450601786,0.647316311,0.025603802,0.001229981,0.33093107044189635,0.33093107044189635,0.48026245590452565,124
Olaparib,Epithelial differentiation,-0.212150558,9.634209285902529e-07,8,23,231,50,181,0,0,0.1,0,0,0,0,0,0.4172905039383136,0.23410289374897703,0.630593218,1.7285141812199536,CDH2_del x EPCAM_amp,CDH2,del,EPCAM,amp,CDH2_del,EPCAM_amp,0.018684687,0.7347327714388164,0.019974548400707233,0.00119863,0.332737453,0.332737453,0.4778983116586237,124
Olaparib,MAPK and MAP2K activation,0.009128148,1,14,41,780,128,646,6,0,0.1,0,0,0,0,0,0.413302312,0.2373122714733409,0.6246798037322553,1.7722738300523981,KRAS_mut x MAP2K1_amp,KRAS,mut,MAP2K1,amp,KRAS_mut,MAP2K1_amp,0.016893754,0.8691984359697682,0.022052293,0.001199474,0.332737453,0.332737453,0.4778983116586237,124
Olaparib,EGFR-MAPK signaling,-0.166029838,0.000788923,23,67,2146,335,1803,8,0,0.1,0,0,0,0,0,0.39752466641053963,0.23881962376609409,0.62192999,2.019317107067164,BRAF_mut x EGFR_amp,BRAF,mut,EGFR,amp,BRAF_mut,EGFR_amp,0.009564954,0.9522650016165883,0.020390164891858582,0.001145082,0.332737453,0.332737453,0.4778983116586237,124
Olaparib,Cell Proliferation,-0.104302405,0.5850461846890826,14,41,780,110,664,6,0,0.1,0,0,0,0,0,0.3947526282095011,0.23144482229702182,0.6355525304697843,1.9355412546723818,EGFR_amp x FRS2_amp,EGFR,amp,FRS2,amp,EGFR_amp,FRS2_amp,0.011600020195457498,0.9538748438700655,0.019313179,0.001128055,0.332737453,0.332737453,0.4778983116586237,124
Olaparib,Nucleolus,-0.077981481,1,34,98,4659,599,4052,8,0,0.1,0,0,0,0,0,0.38054513170427196,0.22765434079105779,0.6427240643822331,2.4300513798515992,DDX3X_del x FOXL2_amp,DDX3X,del,FOXL2,amp,DDX3X_del,FOXL2_amp,0.003714913,0.9959710370123561,0.018949842121911125,0.001071771,0.332737453,0.332737453,0.4778983116586237,124
Olaparib,RTK-JAK-STAT signaling,0.1266584276385712,0.072996901,21,63,1890,189,1698,3,0,0.1,0,0,0,0,0,0.353240341,0.23558494237464345,0.6278524713237548,1.9355412546723818,EGFR_amp x FRS2_amp,EGFR,amp,FRS2,amp,EGFR_amp,FRS2_amp,0.011600020195457498,0.8333098242005559,0.019631551,0.000983473,0.332737453,0.332737453,0.4778983116586237,124
Olaparib,Spliceosomal complex,0.038781004,1,6,18,135,20,115,0,0,0.1,0,0,0,0,0,0.405398479,0.2439666688309363,0.6126695037087796,1.3484179047762055,CDC73_amp x RBM10_del,CDC73,amp,RBM10,del,CDC73_amp,RBM10_del,0.044831378729782594,0.5098969669993552,0.022159320107655357,0.001147737,0.3361318548337345,0.3361318548337345,0.4734903279858693,124
Olaparib,Extracellular matrix organization,0.080967437,1,13,38,666,85,580,1,0,0.1,0,0,0,0,0,0.40907260595612516,0.2642928388528791,0.577914604,1.5315782719448188,DMD_del x PALLD_amp,DMD,del,PALLD,amp,DMD_del,PALLD_amp,0.029405036854382803,0.8827881793581119,0.022103821321011286,0.001148222,0.3449717054500737,0.3449717054500737,0.46221652426244864,124
Olaparib,Actin filament-based process,0.09133381,1,11,33,495,47,448,0,0,0.1,0,0,0,0,0,0.40225183197247527,0.25434086722872334,0.5945838522271595,1.5018179899055115,ACTA2_amp x RAC1_amp,ACTA2,amp,RAC1,amp,ACTA2_amp,RAC1_amp,0.031490677921576324,0.8627800373921602,0.02050405,0.001153768,0.3449717054500737,0.3449717054500737,0.46221652426244864,124
Olaparib,mTOR regulation of mRNA translation,-0.192353621,2.06895416878794e-05,5,14,78,19,59,0,0,0.1,0,0,0,0,0,0.3850827843600441,0.26232085085882184,0.5811671876672521,1.2817073685949625,MTOR_amp x RICTOR_amp,MTOR,amp,RICTOR,amp,MTOR_amp,RICTOR_amp,0.05227483,0.6791033302462289,0.015111636475620327,0.001104481,0.3449717054500737,0.3449717054500737,0.46221652426244864,124
Olaparib,Transcription coactivator activity,0.023260188,1,5,12,56,21,31,4,0,0.1,0,0,0,0,0,0.3754254024404322,0.260877203,0.583563871,1.2196081828191274,TAF1_del x TP53_amp,TAF1,del,TP53,amp,TAF1_del,TP53_amp,0.060310345605416524,0.6216706284599496,0.010953522746660128,0.001117721,0.3449717054500737,0.3449717054500737,0.46221652426244864,124
Olaparib,Regulation of mRNA processing,0.05697893,1,7,21,189,33,155,1,0,0.1,0,0,0,0,0,0.3597266582963468,0.26100356848911704,0.583353555,1.5282844816788028,RBM10_del x SRSF2_amp,RBM10,del,SRSF2,amp,RBM10_del,SRSF2_amp,0.029628899,0.9385300533652098,0.017940270039839022,0.001033263,0.3449717054500737,0.3449717054500737,0.46221652426244864,124
Olaparib,Histone methyltransferase subcomplex,0.1026128976733627,0.6772405637969783,6,18,135,41,92,2,0,0.1,0,0,0,0,0,0.4031674293044374,0.2752551862072501,0.5602644895406905,1.2292375238492983,EP300_mut x KMT2A_del,EP300,mut,KMT2A,del,EP300_mut,KMT2A_del,0.058987838,0.7536468377171169,0.018315887166218996,0.001140804,0.3484295077864057,0.3484295077864057,0.4578850725904571,124
Olaparib,Extended mismatch repair complex,-0.044933167,1,10,30,405,44,358,3,0,0.1,0,0,0,0,0,0.40069913231399784,0.2781816231520497,0.5556715631551422,1.4121435981818977,ERCC4_amp x SLX4_amp,ERCC4,amp,SLX4,amp,ERCC4_amp,SLX4_amp,0.038712962,0.8147015703242569,0.020818498794009002,0.001119095,0.3484295077864057,0.3484295077864057,0.4578850725904571,124
Olaparib,Transcription factor (TF) binding,-0.034382166,1,14,42,819,147,671,1,0,0.1,0,0,0,0,0,0.397264452,0.27316321645794434,0.5635777821678939,1.5381292106699491,CHD4_mut x CREBBP_mut,CHD4,mut,CREBBP,mut,CHD4_mut,CREBBP_mut,0.028964817,0.9239709911717066,0.020831263139984797,0.001101311,0.3484295077864057,0.3484295077864057,0.4578850725904571,124
Olaparib,RBL-TP53 complex,0.036138161,1,5,14,78,26,51,1,0,0.1,0,0,0,0,0,0.3504162838541322,0.27770338407929934,0.5564188279270517,1.5143559410433896,E2F1_amp x RBL1_amp,E2F1,amp,RBL1,amp,E2F1_amp,RBL1_amp,0.030594549239052058,0.7954582802153535,0.016007585280929045,0.000949778,0.3484295077864057,0.3484295077864057,0.4578850725904571,124
Olaparib,Lymphoid JAK/STAT signaling,0.05815948,1,16,47,1035,80,949,6,0,0.1,0,0,0,0,0,0.38107147418383536,0.2812101799484974,0.5509689616912088,1.429218105512101,IL6R_amp x JAK1_amp,IL6R,amp,JAK1,amp,IL6R_amp,JAK1_amp,0.037220474,0.9532973049992802,0.021495293088874212,0.001060863,0.3487006231361368,0.3487006231361368,0.45754727652897365,124
Olaparib,Oncogene induced senescence,0.1180754941273356,0.1692857164676322,7,20,171,46,123,2,0,0.1,0,0,0,0,0,0.42189579216813533,0.2871008431335401,0.5419655321022181,1.2288461321470316,TFDP1_del x TP53_del,TFDP1,del,TP53,del,TFDP1_del,TP53_del,0.059041022,0.7936387326348984,0.022040755245720932,0.001161079,0.35233525000215976,0.35233525000215976,0.4530439048868884,124
Olaparib,Culin-RIng uniqutin ligase complex,-0.037135581,1,8,23,231,18,213,0,0,0.1,0,0,0,0,0,0.34979666871441295,0.2898241572598411,0.5378654182872059,1.2824757322604416,ELOC_amp x NF2_del,ELOC,amp,NF2,del,ELOC_amp,NF2_del,0.052182426,0.7671026586978044,0.016986034097113592,0.000969058,0.35233525000215976,0.35233525000215976,0.4530439048868884,124
Olaparib,SMAD-TGFbeta signaling,-0.092638176,1,6,18,135,14,118,3,0,0.1,0,0,0,0,0,0.4110252235780497,0.29566303338377437,0.5292029717235835,1.1592371572108682,SMAD4_del x TGFBR1_amp,SMAD4,del,TGFBR1,amp,SMAD4_del,TGFBR1_amp,0.069304725,0.6998281016442124,0.030617902627870015,0.001105417,0.3551451351592661,0.3551451351592661,0.44959412999363413,124
Olaparib,MutS homologs,0.091544398,1,5,15,90,16,72,2,0,0.1,0,0,0,0,0,0.3979733584990623,0.3090881330341313,0.5099176686886452,0.928178981,MSH2_amp x PMS2_amp,MSH2,amp,PMS2,amp,MSH2_amp,PMS2_amp,0.1179834302794791,0.592510233,0.021316375414713054,0.00110627,0.3551451351592661,0.3551451351592661,0.44959412999363413,124
Olaparib,EMT,-0.218710784,3.275628568388811e-07,14,42,819,109,707,3,0,0.1,0,0,0,0,0,0.37081104109706103,0.3052147188137741,0.5153945265970157,1.2502903765639095,APC_del x TCF7L2_del,APC,del,TCF7L2,del,APC_del,TCF7L2_del,0.056196546,0.961241822,0.021916790438094007,0.001031052,0.3551451351592661,0.3551451351592661,0.44959412999363413,124
Olaparib,Regulation of beta catenin transcription,0.01861133,1,7,21,189,37,151,1,0,0.1,0,0,0,0,0,0.3702920298253009,0.2995121236761194,0.5235855935114843,1.2502903765639095,APC_del x TCF7L2_del,APC,del,TCF7L2,del,APC_del,TCF7L2_del,0.056196546,0.915868764,0.024711933,0.001029192,0.3551451351592661,0.3551451351592661,0.44959412999363413,124
Olaparib,Ribosome abundance control,0.059753663,1,12,35,561,69,490,2,0,0.1,0,0,0,0,0,0.3622433733309729,0.3093199564290382,0.5095920596689195,1.397170179590198,DKC1_del x RPL5_del,DKC1,del,RPL5,del,DKC1_del,RPL5_del,0.040070967,0.9703066222106628,0.018957957518744715,0.000985998,0.3551451351592661,0.3551451351592661,0.44959412999363413,124
Olaparib,Nuclear receptor signaling,-0.177615799,0.000168912,17,50,1176,219,956,1,0,0.1,0,0,0,0,0,0.328391287,0.3045481692638379,0.5163440068373351,1.9252278264198983,HDAC5_mut x NCOR2_mut,HDAC5,mut,NCOR2,mut,HDAC5_mut,NCOR2_mut,0.011878789,0.9832067542981988,0.015993572229450928,0.000870606,0.3551451351592661,0.3551451351592661,0.44959412999363413,124
Olaparib,Regulation of androgen receptor signaling pathway,-0.184216985,6.723462488955612e-05,5,14,78,29,49,0,0,0.1,0,0,0,0,0,0.35696457825788735,0.32381122,0.489708107,1.231321668521532,NCOA3_amp x NCOR2_mut,NCOA3,amp,NCOR2,mut,NCOA3_amp,NCOR2_mut,0.058705437840061526,0.9449420736856613,0.020581249,0.000946823,0.36837239753492185,0.36837239753492185,0.43371291932041056,124
Olaparib,Chromosome centrometric region,0.07695244,1,7,21,189,28,159,2,0,0.1,0,0,0,0,0,0.3790609457788821,0.3335276158186621,0.47686820102442584,0.9981042442990632,BUB1B_del x MKI67_del,BUB1B,del,MKI67,del,BUB1B_del,MKI67_del,0.1004374679913066,0.7634081509272121,0.02695563,0.001008523,0.37597658510467363,0.37597658510467363,0.4248392010204158,124
Olaparib,Neg Regulation EGFR,-0.167129111,0.000684409,6,18,135,24,111,0,0,0.1,0,0,0,0,0,0.31935005896644136,0.33771819473116826,0.47144554090890683,1.2718674684265947,NF2_del x PTEN_del,NF2,del,PTEN,del,NF2_del,PTEN_del,0.053472751,0.9477435814784718,0.016355307,0.000840852,0.37727077609607984,0.37727077609607984,0.4233468345333292,124
Olaparib,Contractile fiber,0.042537673,1,5,15,90,7,83,0,0,0.1,0,0,0,0,0,0.33773239954375117,0.342751731,0.465020343,0.9937560325397219,C8orf34_amp x GALNT12_amp,C8orf34,amp,GALNT12,amp,C8orf34_amp,GALNT12_amp,0.10144811163858092,0.7101367814700664,0.015242610961486977,0.000863984,0.37947513102152014,0.37947513102152014,0.42081668041150955,124
Olaparib,RPA complex associated proteins,-0.094158884,1,6,18,135,23,112,0,0,0.1,0,0,0,0,0,0.348419202,0.3574566258044406,0.4467766484548008,0.9638004650899437,ATM_del x ATR_mut,ATM,del,ATR,mut,ATM_del,ATR_mut,0.10869248923277697,0.8713133123694861,0.019653213,0.000893441,0.39117573453326454,0.39117573453326454,0.40762809326366856,124
Olaparib,Structural constituent of muscle,0.068437464,1,6,18,135,9,126,0,0,0.1,0,0,0,0,0,0.3402460051227042,0.359629304,0.44414492708943104,0.9937560325397219,C8orf34_amp x GALNT12_amp,C8orf34,amp,GALNT12,amp,C8orf34_amp,GALNT12_amp,0.10144811163858092,0.7656879317052375,0.018449715832398197,0.000844371,0.39117573453326454,0.39117573453326454,0.40762809326366856,124
Olaparib,Actin cytoskeleton,0.038850433,1,5,15,90,9,81,0,0,0.1,0,0,0,0,0,0.32914862493235225,0.37456790943716833,0.42646943291739525,0.8230746988960456,MYH11_amp x TPM1_amp,MYH11,amp,TPM1,amp,MYH11_amp,TPM1_amp,0.1502883447056682,0.6992695939972023,0.018037811,0.000880138,0.39697795530093055,0.39697795530093055,0.4012336095013218,124
Olaparib,NeST:163,-0.07341589,1,7,21,189,37,152,0,0,0.1,0,0,0,0,0,0.3204460620462208,0.3719376964811984,0.42952980296904264,1.040517416261627,ANKRD11_mut x NCOR1_del,ANKRD11,mut,NCOR1,del,ANKRD11_mut,NCOR1_del,0.091092492,0.9535738176488989,0.019761462314619317,0.000817685,0.39697795530093055,0.39697795530093055,0.4012336095013218,124
Olaparib,Regulation of adherens junction stability,0.028952508,1,10,30,405,61,341,3,0,0.1,0,0,0,0,0,0.3133816475671977,0.3734052252566333,0.4278196090322417,1.0763480993762722,CTNNB1_del x FYN_del,CTNNB1,del,FYN,del,CTNNB1_del,FYN_del,0.083878741,0.9914468572908669,0.017067693,0.000820045,0.39697795530093055,0.39697795530093055,0.4012336095013218,124
Olaparib,Histone modifications in DNA damage response,-0.032311754,1,6,14,79,6,73,0,0,0.1,0,0,0,0,0,0.3421833815477193,0.4043904722280096,0.3931990852955409,0.6045323229998517,CTCF_amp x PARP1_amp,CTCF,amp,PARP1,amp,CTCF_amp,PARP1_amp,0.2485808547418734,0.6537655538463358,0.028064653,0.000856354,0.4249526996294338,0.4249526996294338,0.3716594074394312,124
Olaparib,Ubiquitin regulation of mitophagy,-0.069465681,1,8,20,173,17,155,1,0,0.1,0,0,0,0,0,0.3244738510545453,0.4188855407404994,0.37790463053157775,0.7975081092028966,ELOC_amp x HSP90AA1_amp,ELOC,amp,HSP90AA1,amp,ELOC_amp,HSP90AA1_amp,0.1594013116814671,0.8045810917469208,0.023596709299955672,0.000768874,0.43648577354472207,0.43648577354472207,0.3600299067618734,124
Olaparib,Actin filaments,-0.003361139,1,8,24,252,18,234,0,0,0.1,0,0,0,0,0,0.30615083374971996,0.42738609605841543,0.3691796106308358,0.8230746988960456,MYH11_amp x TPM1_amp,MYH11,amp,TPM1,amp,MYH11_amp,TPM1_amp,0.1502883447056682,0.8843922100910406,0.017204416002305177,0.000729424,0.4416322992603626,0.4416322992603626,0.35493917151622556,124
Olaparib,Actin and actin-associated proteins,0.037052193,1,5,15,90,10,80,0,0,0.1,0,0,0,0,0,0.2838592702789881,0.4317964945755538,0.3647208876911656,0.8230746988960456,MYH11_amp x TPM1_amp,MYH11,amp,TPM1,amp,MYH11_amp,TPM1_amp,0.1502883447056682,0.8734737877442377,0.012894938445889483,0.000676069,0.4425021927881708,0.4425021927881708,0.35408457284538064,124
Olaparib,NeST:49,0.046383407,1,8,23,231,18,213,0,0,0.1,0,0,0,0,0,0.30445770658672355,0.44187288003139774,0.354702652,0.7545796098276281,FLT4_amp x NOTCH4_amp,FLT4,amp,NOTCH4,amp,FLT4_amp,NOTCH4_amp,0.17596260799907515,0.88209912,0.020473674657653186,0.000705187,0.4491166977368305,0.4491166977368305,0.3476407979763461,124
Olaparib,NeST:80,0.051642713,1,7,21,189,17,172,0,0,0.1,0,0,0,0,0,0.29641920280392103,0.4476699389687658,0.34904206750690225,0.7545796098276281,FLT4_amp x NOTCH4_amp,FLT4,amp,NOTCH4,amp,FLT4_amp,NOTCH4_amp,0.17596260799907515,0.8928971129408797,0.020347160882933705,0.000682934,0.4498792372900591,0.4498792372900591,0.34690404981827766,124
Olaparib,Interferon signaling,0.041864411,1,8,24,252,6,234,12,0,0.1,0,0,0,0,0,0.25164128733846985,0.4498792372900591,0.34690404981827766,0.8017507335480701,PML_amp x TNF_amp,PML,amp,TNF,amp,PML_amp,TNF_amp,0.15785170109757685,0.8923604357969352,0.013905623494591459,0.0005912,0.4498792372900591,0.4498792372900591,0.34690404981827766,124